step,airplane,wing,panel_id,vertex_name,x,y,z
0,Example Airplane,Main Wing,0,Flpp_GP1_CgP1,0.0,0.5,0.0
0,Example Airplane,Main Wing,0,Frpp_GP1_CgP1,0.11931243486821823,25.83233457913572,3.0262622805456095e-17
0,Example Airplane,Main Wing,0,Brpp_GP1_CgP1,26.053338580148385,25.594435775926097,2.337677265293584
0,Example Airplane,Main Wing,0,Blpp_GP1_CgP1,26.077839919979876,0.5,-0.06513667538450327
0,Example Airplane,Main Wing,1,Flpp_GP1_CgP1,0.11931243486821823,25.83233457913572,3.0262622805456095e-17
0,Example Airplane,Main Wing,1,Frpp_GP1_CgP1,2.746298976824197,62.30105576969441,0.12652353632237237
0,Example Airplane,Main Wing,1,Brpp_GP1_CgP1,27.901668197032347,62.752953893666785,5.445953857761876
0,Example Airplane,Main Wing,1,Blpp_GP1_CgP1,26.053338580148385,25.594435775926097,2.337677265293584
0,Example Airplane,Main Wing,2,Flpp_GP1_CgP1,2.746298976824197,62.30105576969441,0.12652353632237237
0,Example Airplane,Main Wing,2,Frpp_GP1_CgP1,3.865307968644479,96.16163974153501,0.13633911813171443
0,Example Airplane,Main Wing,2,Brpp_GP1_CgP1,28.410832587779794,96.88403909845829,6.740256245683369
0,Example Airplane,Main Wing,2,Blpp_GP1_CgP1,27.901668197032347,62.752953893666785,5.445953857761876
0,Example Airplane,Main Wing,3,Flpp_GP1_CgP1,3.865307968644479,96.16163974153501,0.13633911813171443
0,Example Airplane,Main Wing,3,Frpp_GP1_CgP1,3.4297522396849622,134.3057784583883,-0.18486476920791198
0,Example Airplane,Main Wing,3,Brpp_GP1_CgP1,27.413861368963254,135.67902892954046,8.08600566895548
0,Example Airplane,Main Wing,3,Blpp_GP1_CgP1,28.410832587779794,96.88403909845829,6.740256245683369
0,Example Airplane,Main Wing,4,Flpp_GP1_CgP1,3.4297522396849622,134.3057784583883,-0.18486476920791198
0,Example Airplane,Main Wing,4,Frpp_GP1_CgP1,2.8106617365585245,171.62920168844948,-0.49034152241948825
0,Example Airplane,Main Wing,4,Brpp_GP1_CgP1,25.03585809840568,173.351989227448,11.274654808222763
0,Example Airplane,Main Wing,4,Blpp_GP1_CgP1,27.413861368963254,135.67902892954046,8.08600566895548
0,Example Airplane,Main Wing,5,Flpp_GP1_CgP1,2.8106617365585245,171.62920168844948,-0.4903415224194883
0,Example Airplane,Main Wing,5,Frpp_GP1_CgP1,2.2156055860029413,214.81595638408382,-0.7537290710850402
0,Example Airplane,Main Wing,5,Brpp_GP1_CgP1,22.653863791361417,216.40219983873465,10.474010789592846
0,Example Airplane,Main Wing,5,Blpp_GP1_CgP1,25.03585809840568,173.351989227448,11.274654808222763
0,Example Airplane,Main Wing,6,Flpp_GP1_CgP1,2.2156055860029413,214.81595638408382,-0.7537290710850402
0,Example Airplane,Main Wing,6,Frpp_GP1_CgP1,0.32547788943620626,252.5591601839066,-1.5747436005704747
0,Example Airplane,Main Wing,6,Brpp_GP1_CgP1,16.064465147868816,254.5982520736364,10.909409474426106
0,Example Airplane,Main Wing,6,Blpp_GP1_CgP1,22.653863791361417,216.40219983873465,10.474010789592846
0,Example Airplane,Main Wing,7,Flpp_GP1_CgP1,0.32547788943620615,252.5591601839066,-1.5747436005704747
0,Example Airplane,Main Wing,7,Frpp_GP1_CgP1,-3.2257482705438307,289.5336636654483,-3.1729843441533387
0,Example Airplane,Main Wing,7,Brpp_GP1_CgP1,7.980377432819468,291.0398981529688,4.8845346526855735
0,Example Airplane,Main Wing,7,Blpp_GP1_CgP1,16.064465147868816,254.5982520736364,10.909409474426106
0,Example Airplane,Main Wing,8,Flpp_GP1_CgP1,-3.2257482705438307,289.5336636654483,-3.1729843441533387
0,Example Airplane,Main Wing,8,Frpp_GP1_CgP1,-1.556437475038806,310.1547725750382,-1.4583399685452256
0,Example Airplane,Main Wing,8,Brpp_GP1_CgP1,2.3278883137536823,310.3215514315189,1.5372385308194882
0,Example Airplane,Main Wing,8,Blpp_GP1_CgP1,7.980377432819468,291.0398981529688,4.8845346526855735
0,Example Airplane,Main Wing,9,Flpp_GP1_CgP1,26.077839919979876,0.5,-0.06513667538450327
0,Example Airplane,Main Wing,9,Frpp_GP1_CgP1,26.053338580148385,25.594435775926097,2.337677265293584
0,Example Airplane,Main Wing,9,Brpp_GP1_CgP1,52.014448471742305,25.356197354718407,4.352899699224891
0,Example Airplane,Main Wing,9,Blpp_GP1_CgP1,52.155731800214504,0.5,-0.10428251886614996
0,Example Airplane,Main Wing,10,Flpp_GP1_CgP1,26.053338580148385,25.594435775926097,2.337677265293584
0,Example Airplane,Main Wing,10,Frpp_GP1_CgP1,27.901668197032347,62.752953893666785,5.445953857761876
0,Example Airplane,Main Wing,10,Brpp_GP1_CgP1,53.2445174397006,63.20207719722639,9.787910527269364
0,Example Airplane,Main Wing,10,Blpp_GP1_CgP1,52.014448471742305,25.356197354718407,4.352899699224891
0,Example Airplane,Main Wing,11,Flpp_GP1_CgP1,27.901668197032347,62.752953893666785,5.445953857761876
0,Example Airplane,Main Wing,11,Frpp_GP1_CgP1,28.410832587779794,96.88403909845829,6.740256245683369
0,Example Airplane,Main Wing,11,Brpp_GP1_CgP1,52.99369280456153,97.6057881832644,13.204020934464067
0,Example Airplane,Main Wing,11,Blpp_GP1_CgP1,53.2445174397006,63.202077197226394,9.787910527269364
0,Example Airplane,Main Wing,12,Flpp_GP1_CgP1,28.410832587779794,96.88403909845829,6.740256245683369
0,Example Airplane,Main Wing,12,Frpp_GP1_CgP1,27.413861368963254,135.67902892954046,8.08600566895548
0,Example Airplane,Main Wing,12,Brpp_GP1_CgP1,51.50393035660687,137.05203920236912,16.043280281651775
0,Example Airplane,Main Wing,12,Blpp_GP1_CgP1,52.99369280456153,97.6057881832644,13.204020934464067
0,Example Airplane,Main Wing,13,Flpp_GP1_CgP1,27.413861368963254,135.67902892954046,8.08600566895548
0,Example Airplane,Main Wing,13,Frpp_GP1_CgP1,25.03585809840568,173.351989227448,11.274654808222763
0,Example Airplane,Main Wing,13,Brpp_GP1_CgP1,48.72866112719589,175.08765800001706,19.68522854968417
0,Example Airplane,Main Wing,13,Blpp_GP1_CgP1,51.50393035660687,137.05203920236912,16.043280281651775
0,Example Airplane,Main Wing,14,Flpp_GP1_CgP1,25.03585809840568,173.351989227448,11.274654808222763
0,Example Airplane,Main Wing,14,Frpp_GP1_CgP1,22.653863791361417,216.40219983873465,10.474010789592846
0,Example Airplane,Main Wing,14,Brpp_GP1_CgP1,43.54767776440799,217.9933020288084,20.829605918079615
0,Example Airplane,Main Wing,14,Blpp_GP1_CgP1,48.72866112719589,175.08765800001706,19.68522854968417
0,Example Airplane,Main Wing,15,Flpp_GP1_CgP1,22.653863791361417,216.40219983873465,10.474010789592846
0,Example Airplane,Main Wing,15,Frpp_GP1_CgP1,16.064465147868816,254.5982520736364,10.909409474426106
0,Example Airplane,Main Wing,15,Brpp_GP1_CgP1,33.12333997940892,256.6816185688858,21.488072167421063
0,Example Airplane,Main Wing,15,Blpp_GP1_CgP1,43.54767776440799,217.9933020288084,20.829605918079615
0,Example Airplane,Main Wing,16,Flpp_GP1_CgP1,16.064465147868816,254.5982520736364,10.909409474426106
0,Example Airplane,Main Wing,16,Frpp_GP1_CgP1,7.980377432819468,291.0398981529688,4.8845346526855735
0,Example Airplane,Main Wing,16,Brpp_GP1_CgP1,19.147060050509925,292.54466871019673,12.996926811854365
0,Example Airplane,Main Wing,16,Blpp_GP1_CgP1,33.12333997940892,256.6816185688858,21.488072167421063
0,Example Airplane,Main Wing,17,Flpp_GP1_CgP1,7.980377432819468,291.0398981529688,4.8845346526855735
0,Example Airplane,Main Wing,17,Frpp_GP1_CgP1,2.3278883137536823,310.3215514315189,1.5372385308194882
0,Example Airplane,Main Wing,17,Brpp_GP1_CgP1,6.2092268146646425,310.48826710656334,4.536690127101663
0,Example Airplane,Main Wing,17,Blpp_GP1_CgP1,19.147060050509925,292.54466871019673,12.996926811854365
0,Example Airplane,Main Wing,18,Flpp_GP1_CgP1,52.155731800214504,0.5,-0.10428251886614996
0,Example Airplane,Main Wing,18,Frpp_GP1_CgP1,52.014448471742305,25.356197354718407,4.352899699224891
0,Example Airplane,Main Wing,18,Brpp_GP1_CgP1,77.99610903756245,25.11769005794382,6.083611062049604
0,Example Airplane,Main Wing,18,Blpp_GP1_CgP1,78.23364978023987,0.5,-0.11734866902772598
0,Example Airplane,Main Wing,19,Flpp_GP1_CgP1,52.014448471742305,25.356197354718407,4.352899699224891
0,Example Airplane,Main Wing,19,Frpp_GP1_CgP1,53.2445174397006,63.20207719722639,9.787910527269364
0,Example Airplane,Main Wing,19,Brpp_GP1_CgP1,78.69848183160917,63.648720416993655,13.412196919999223
0,Example Airplane,Main Wing,19,Blpp_GP1_CgP1,77.99610903756245,25.11769005794382,6.083611062049604
0,Example Airplane,Main Wing,20,Flpp_GP1_CgP1,53.2445174397006,63.202077197226394,9.787910527269364
0,Example Airplane,Main Wing,20,Frpp_GP1_CgP1,52.99369280456153,97.6057881832644,13.204020934464067
0,Example Airplane,Main Wing,20,Brpp_GP1_CgP1,77.63637280978061,98.32639502394441,19.43461219813591
0,Example Airplane,Main Wing,20,Blpp_GP1_CgP1,78.69848183160917,63.648720416993655,13.412196919999223
0,Example Airplane,Main Wing,21,Flpp_GP1_CgP1,52.99369280456153,97.6057881832644,13.204020934464067
0,Example Airplane,Main Wing,21,Frpp_GP1_CgP1,51.50393035660687,137.05203920236912,16.043280281651775
0,Example Airplane,Main Wing,21,Brpp_GP1_CgP1,75.70126897857837,138.42451191352004,23.666739547228165
0,Example Airplane,Main Wing,21,Blpp_GP1_CgP1,77.63637280978061,98.32639502394441,19.43461219813591
0,Example Airplane,Main Wing,22,Flpp_GP1_CgP1,51.50393035660687,137.05203920236912,16.043280281651775
0,Example Airplane,Main Wing,22,Frpp_GP1_CgP1,48.72866112719589,175.08765800001706,19.68522854968417
0,Example Airplane,Main Wing,22,Brpp_GP1_CgP1,72.61568708869038,176.82288870363342,27.564126475851246
0,Example Airplane,Main Wing,22,Blpp_GP1_CgP1,75.70126897857837,138.42451191352004,23.666739547228165
0,Example Airplane,Main Wing,23,Flpp_GP1_CgP1,48.72866112719589,175.08765800001706,19.68522854968417
0,Example Airplane,Main Wing,23,Frpp_GP1_CgP1,43.54767776440799,217.9933020288084,20.829605918079615
0,Example Airplane,Main Wing,23,Brpp_GP1_CgP1,64.73535134182282,219.5860137033713,30.566504918105316
0,Example Airplane,Main Wing,23,Blpp_GP1_CgP1,72.61568708869038,176.82288870363342,27.564126475851246
0,Example Airplane,Main Wing,24,Flpp_GP1_CgP1,43.54767776440799,217.9933020288084,20.829605918079615
0,Example Airplane,Main Wing,24,Frpp_GP1_CgP1,33.12333997940892,256.6816185688858,21.488072167421063
0,Example Airplane,Main Wing,24,Brpp_GP1_CgP1,50.64100926917127,258.7766405046488,31.31737957787912
0,Example Airplane,Main Wing,24,Blpp_GP1_CgP1,64.73535134182282,219.5860137033713,30.566504918105316
0,Example Airplane,Main Wing,25,Flpp_GP1_CgP1,33.12333997940892,256.6816185688858,21.488072167421063
0,Example Airplane,Main Wing,25,Frpp_GP1_CgP1,19.147060050509925,292.54466871019673,12.996926811854365
0,Example Airplane,Main Wing,25,Brpp_GP1_CgP1,30.243793279904523,294.0467529348506,21.204676998827853
0,Example Airplane,Main Wing,25,Blpp_GP1_CgP1,50.64100926917127,258.7766405046488,31.31737957787912
0,Example Airplane,Main Wing,26,Flpp_GP1_CgP1,19.147060050509925,292.54466871019673,12.996926811854365
0,Example Airplane,Main Wing,26,Frpp_GP1_CgP1,6.2092268146646425,310.48826710656334,4.536690127101663
0,Example Airplane,Main Wing,26,Brpp_GP1_CgP1,10.087563943384968,310.6549192177912,7.540025061543442
0,Example Airplane,Main Wing,26,Blpp_GP1_CgP1,30.243793279904523,294.0467529348506,21.204676998827853
0,Example Airplane,Main Wing,27,Flpp_GP1_CgP1,78.23364978023987,0.5,-0.11734866902772598
0,Example Airplane,Main Wing,27,Frpp_GP1_CgP1,77.99610903756245,25.11769005794382,6.083611062049604
0,Example Airplane,Main Wing,27,Brpp_GP1_CgP1,103.99595173393391,24.878931024060492,7.513245742789972
0,Example Airplane,Main Wing,27,Blpp_GP1_CgP1,104.31156785410995,0.5,-0.10442739555391906
0,Example Airplane,Main Wing,28,Flpp_GP1_CgP1,77.99610903756245,25.11769005794382,6.083611062049604
0,Example Airplane,Main Wing,28,Frpp_GP1_CgP1,78.69848183160917,63.648720416993655,13.412196919999223
0,Example Airplane,Main Wing,28,Brpp_GP1_CgP1,104.31267259221647,64.08965261438215,15.648136955279035
0,Example Airplane,Main Wing,28,Blpp_GP1_CgP1,103.99595173393391,24.878931024060492,7.513245742789972
0,Example Airplane,Main Wing,29,Flpp_GP1_CgP1,78.69848183160917,63.648720416993655,13.412196919999223
0,Example Airplane,Main Wing,29,Frpp_GP1_CgP1,77.63637280978061,98.32639502394441,19.43461219813591
0,Example Airplane,Main Wing,29,Brpp_GP1_CgP1,102.34864677887839,99.0455517949161,25.383524196752404
0,Example Airplane,Main Wing,29,Blpp_GP1_CgP1,104.31267259221647,64.08965261438215,15.648136955279034
0,Example Airplane,Main Wing,30,Flpp_GP1_CgP1,77.63637280978061,98.32639502394441,19.43461219813591
0,Example Airplane,Main Wing,30,Frpp_GP1_CgP1,75.70126897857837,138.42451191352004,23.666739547228165
0,Example Airplane,Main Wing,30,Brpp_GP1_CgP1,100.00105577508589,139.79624146385927,30.958632437451918
0,Example Airplane,Main Wing,30,Blpp_GP1_CgP1,102.34864677887839,99.0455517949161,25.383524196752404
0,Example Airplane,Main Wing,31,Flpp_GP1_CgP1,75.70126897857837,138.42451191352004,23.666739547228165
0,Example Airplane,Main Wing,31,Frpp_GP1_CgP1,72.61568708869038,176.82288870363342,27.564126475851246
0,Example Airplane,Main Wing,31,Brpp_GP1_CgP1,95.73223558597314,178.55830346637256,37.48853897403689
0,Example Airplane,Main Wing,31,Blpp_GP1_CgP1,100.00105577508589,139.79624146385927,30.958632437451918
0,Example Airplane,Main Wing,32,Flpp_GP1_CgP1,72.61568708869038,176.82288870363342,27.564126475851246
0,Example Airplane,Main Wing,32,Frpp_GP1_CgP1,64.73535134182282,219.5860137033713,30.566504918105316
0,Example Airplane,Main Wing,32,Brpp_GP1_CgP1,86.4888647486823,221.1777253278105,38.961214530589785
0,Example Airplane,Main Wing,32,Blpp_GP1_CgP1,95.73223558597314,178.55830346637256,37.48853897403689
0,Example Airplane,Main Wing,33,Flpp_GP1_CgP1,64.73535134182282,219.5860137033713,30.566504918105316
0,Example Airplane,Main Wing,33,Frpp_GP1_CgP1,50.64100926917127,258.7766405046488,31.31737957787912
0,Example Airplane,Main Wing,33,Brpp_GP1_CgP1,68.29427002425028,260.87392526837806,40.897690204150834
0,Example Airplane,Main Wing,33,Blpp_GP1_CgP1,86.4888647486823,221.1777253278105,38.961214530589785
0,Example Airplane,Main Wing,34,Flpp_GP1_CgP1,50.64100926917127,258.7766405046488,31.31737957787912
0,Example Airplane,Main Wing,34,Frpp_GP1_CgP1,30.243793279904523,294.0467529348506,21.204676998827853
0,Example Airplane,Main Wing,34,Brpp_GP1_CgP1,41.25289172254614,295.54541055117716,29.530569830417786
0,Example Airplane,Main Wing,34,Blpp_GP1_CgP1,68.29427002425028,260.87392526837806,40.897690204150834
0,Example Airplane,Main Wing,35,Flpp_GP1_CgP1,30.243793279904523,294.0467529348506,21.204676998827853
0,Example Airplane,Main Wing,35,Frpp_GP1_CgP1,10.087563943384968,310.6549192177912,7.540025061543442
0,Example Airplane,Main Wing,35,Brpp_GP1_CgP1,13.962906466334175,310.8215078245203,10.547226608591426
0,Example Airplane,Main Wing,35,Blpp_GP1_CgP1,41.25289172254614,295.54541055117716,29.530569830417786
0,Example Airplane,Main Wing,36,Flpp_GP1_CgP1,104.31156785410995,0.5,-0.10442739555391906
0,Example Airplane,Main Wing,36,Frpp_GP1_CgP1,103.99595173393391,24.878931024060492,7.513245742789972
0,Example Airplane,Main Wing,36,Brpp_GP1_CgP1,130.01358620362726,24.639904152356497,8.571632756806686
0,Example Airplane,Main Wing,36,Blpp_GP1_CgP1,130.3894602141573,0.5,-0.06559806074022838
0,Example Airplane,Main Wing,37,Flpp_GP1_CgP1,103.99595173393391,24.878931024060492,7.513245742789972
0,Example Airplane,Main Wing,37,Frpp_GP1_CgP1,104.31267259221647,64.08965261438215,15.648136955279035
0,Example Airplane,Main Wing,37,Brpp_GP1_CgP1,129.94333743899873,64.52977594259903,17.70462552958028
0,Example Airplane,Main Wing,37,Blpp_GP1_CgP1,130.01358620362726,24.639904152356497,8.571632756806686
0,Example Airplane,Main Wing,38,Flpp_GP1_CgP1,104.31267259221647,64.08965261438215,15.648136955279034
0,Example Airplane,Main Wing,38,Frpp_GP1_CgP1,102.34864677887839,99.0455517949161,25.383524196752404
0,Example Airplane,Main Wing,38,Brpp_GP1_CgP1,127.33266814609557,99.75633231916106,29.999485549066307
0,Example Airplane,Main Wing,38,Blpp_GP1_CgP1,129.94333743899873,64.52977594259903,17.70462552958028
0,Example Airplane,Main Wing,39,Flpp_GP1_CgP1,102.34864677887839,99.0455517949161,25.383524196752404
0,Example Airplane,Main Wing,39,Frpp_GP1_CgP1,100.00105577508589,139.79624146385927,30.958632437451918
0,Example Airplane,Main Wing,39,Brpp_GP1_CgP1,124.57349622919013,141.16356683281901,37.23340335983591
0,Example Airplane,Main Wing,39,Blpp_GP1_CgP1,127.33266814609557,99.75633231916106,29.999485549066307
0,Example Airplane,Main Wing,40,Flpp_GP1_CgP1,100.00105577508589,139.79624146385927,30.958632437451918
0,Example Airplane,Main Wing,40,Frpp_GP1_CgP1,95.73223558597314,178.55830346637256,37.48853897403689
0,Example Airplane,Main Wing,40,Brpp_GP1_CgP1,119.5851824037854,180.29258597704646,45.418748177812695
0,Example Airplane,Main Wing,40,Blpp_GP1_CgP1,124.57349622919013,141.16356683281901,37.23340335983591
0,Example Airplane,Main Wing,41,Flpp_GP1_CgP1,95.73223558597314,178.55830346637256,37.48853897403689
0,Example Airplane,Main Wing,41,Frpp_GP1_CgP1,86.4888647486823,221.1777253278105,38.961214530589785
0,Example Airplane,Main Wing,41,Brpp_GP1_CgP1,108.42579107829337,222.76781816597386,46.87321691645942
0,Example Airplane,Main Wing,41,Blpp_GP1_CgP1,119.5851824037854,180.29258597704646,45.418748177812695
0,Example Airplane,Main Wing,42,Flpp_GP1_CgP1,86.4888647486823,221.1777253278105,38.961214530589785
0,Example Airplane,Main Wing,42,Frpp_GP1_CgP1,68.29427002425028,260.87392526837806,40.897690204150834
0,Example Airplane,Main Wing,42,Brpp_GP1_CgP1,86.30954951532033,262.9757529517474,49.77828333865027
0,Example Airplane,Main Wing,42,Blpp_GP1_CgP1,108.42579107829337,222.76781816597386,46.87321691645942
0,Example Airplane,Main Wing,43,Flpp_GP1_CgP1,68.29427002425028,260.87392526837806,40.897690204150834
0,Example Airplane,Main Wing,43,Frpp_GP1_CgP1,41.25289172254614,295.54541055117716,29.530569830417786
0,Example Airplane,Main Wing,43,Brpp_GP1_CgP1,52.55689748783333,297.0550482043554,37.44693737886471
0,Example Airplane,Main Wing,43,Blpp_GP1_CgP1,86.30954951532033,262.9757529517474,49.77828333865027
0,Example Airplane,Main Wing,44,Flpp_GP1_CgP1,41.25289172254614,295.54541055117716,29.530569830417786
0,Example Airplane,Main Wing,44,Frpp_GP1_CgP1,13.962906466334175,310.8215078245203,10.547226608591426
0,Example Airplane,Main Wing,44,Brpp_GP1_CgP1,17.835259692045945,310.9880329557938,13.55827998599947
0,Example Airplane,Main Wing,44,Blpp_GP1_CgP1,52.55689748783333,297.0550482043554,37.44693737886471
0,Example Airplane,Main Wing,45,Flpp_GP1_CgP1,130.3894602141573,0.5,-0.06559806074022838
0,Example Airplane,Main Wing,45,Frpp_GP1_CgP1,130.01358620362726,24.639904152356497,8.571632756806686
0,Example Airplane,Main Wing,45,Brpp_GP1_CgP1,156.04244112368713,24.40068305958936,9.30570477997353
0,Example Airplane,Main Wing,45,Blpp_GP1_CgP1,156.4673009013703,0.5,-0.0007723323427882725
0,Example Airplane,Main Wing,46,Flpp_GP1_CgP1,130.01358620362726,24.639904152356497,8.571632756806686
0,Example Airplane,Main Wing,46,Frpp_GP1_CgP1,129.94333743899873,64.52977594259903,17.70462552958028
0,Example Airplane,Main Wing,46,Brpp_GP1_CgP1,155.58890619665007,64.96896909490947,19.565915168893703
0,Example Airplane,Main Wing,46,Blpp_GP1_CgP1,156.04244112368713,24.40068305958936,9.30570477997353
0,Example Airplane,Main Wing,47,Flpp_GP1_CgP1,129.94333743899873,64.52977594259903,17.70462552958028
0,Example Airplane,Main Wing,47,Frpp_GP1_CgP1,127.33266814609557,99.75633231916106,29.999485549066307
0,Example Airplane,Main Wing,47,Brpp_GP1_CgP1,152.63854979788456,100.44920343110962,32.35070235576158
0,Example Airplane,Main Wing,47,Blpp_GP1_CgP1,155.58890619665007,64.96896909490947,19.565915168893703
0,Example Airplane,Main Wing,48,Flpp_GP1_CgP1,127.33266814609557,99.75633231916106,29.999485549066307
0,Example Airplane,Main Wing,48,Frpp_GP1_CgP1,124.57349622919013,141.16356683281901,37.23340335983591
0,Example Airplane,Main Wing,48,Brpp_GP1_CgP1,149.58453558426385,142.51665378471196,41.47486621402801
0,Example Airplane,Main Wing,48,Blpp_GP1_CgP1,152.63854979788456,100.44920343110962,32.35070235576158
0,Example Airplane,Main Wing,49,Flpp_GP1_CgP1,124.57349622919013,141.16356683281901,37.23340335983591
0,Example Airplane,Main Wing,49,Frpp_GP1_CgP1,119.5851824037854,180.29258597704646,45.418748177812695
0,Example Airplane,Main Wing,49,Brpp_GP1_CgP1,144.2213019344508,182.00745113509694,50.48221103535031
0,Example Airplane,Main Wing,49,Blpp_GP1_CgP1,149.58453558426385,142.51665378471196,41.47486621402801
0,Example Airplane,Main Wing,50,Flpp_GP1_CgP1,119.5851824037854,180.29258597704646,45.418748177812695
0,Example Airplane,Main Wing,50,Frpp_GP1_CgP1,108.42579107829337,222.76781816597386,46.87321691645942
0,Example Airplane,Main Wing,50,Brpp_GP1_CgP1,130.50119383739997,224.35584953610078,54.389887919012246
0,Example Airplane,Main Wing,50,Blpp_GP1_CgP1,144.2213019344508,182.00745113509694,50.48221103535031
0,Example Airplane,Main Wing,51,Flpp_GP1_CgP1,108.42579107829337,222.76781816597386,46.87321691645942
0,Example Airplane,Main Wing,51,Frpp_GP1_CgP1,86.30954951532033,262.9757529517474,49.77828333865027
0,Example Airplane,Main Wing,51,Brpp_GP1_CgP1,104.75719581788736,265.0785397821071,57.719127926830964
0,Example Airplane,Main Wing,51,Blpp_GP1_CgP1,130.50119383739997,224.35584953610078,54.389887919012246
0,Example Airplane,Main Wing,52,Flpp_GP1_CgP1,86.30954951532033,262.9757529517474,49.77828333865027
0,Example Airplane,Main Wing,52,Frpp_GP1_CgP1,52.55689748783333,297.0550482043554,37.44693737886471
0,Example Airplane,Main Wing,52,Brpp_GP1_CgP1,64.1848578209249,298.57515230846786,44.87884801105041
0,Example Airplane,Main Wing,52,Blpp_GP1_CgP1,104.75719581788736,265.0785397821071,57.719127926830964
0,Example Airplane,Main Wing,53,Flpp_GP1_CgP1,52.55689748783333,297.0550482043554,37.44693737886471
0,Example Airplane,Main Wing,53,Frpp_GP1_CgP1,17.835259692045945,310.9880329557938,13.55827998599947
0,Example Airplane,Main Wing,53,Brpp_GP1_CgP1,21.7046095825392,311.15449422989485,16.573195344918524
0,Example Airplane,Main Wing,53,Blpp_GP1_CgP1,64.1848578209249,298.57515230846786,44.87884801105041
0,Example Airplane,Reflected Main Wing,0,Flpp_GP1_CgP1,-1.556437475038806,-310.1547725750382,-1.4583399685452256
0,Example Airplane,Reflected Main Wing,0,Frpp_GP1_CgP1,-3.2257482705438307,-289.5336636654483,-3.1729843441533387
0,Example Airplane,Reflected Main Wing,0,Brpp_GP1_CgP1,7.980377432819468,-291.0398981529688,4.8845346526855735
0,Example Airplane,Reflected Main Wing,0,Blpp_GP1_CgP1,2.3278883137536823,-310.3215514315189,1.5372385308194882
0,Example Airplane,Reflected Main Wing,1,Flpp_GP1_CgP1,-3.2257482705438307,-289.5336636654483,-3.1729843441533387
0,Example Airplane,Reflected Main Wing,1,Frpp_GP1_CgP1,0.32547788943620615,-252.5591601839066,-1.5747436005704747
0,Example Airplane,Reflected Main Wing,1,Brpp_GP1_CgP1,16.064465147868816,-254.5982520736364,10.909409474426106
0,Example Airplane,Reflected Main Wing,1,Blpp_GP1_CgP1,7.980377432819468,-291.0398981529688,4.8845346526855735
0,Example Airplane,Reflected Main Wing,2,Flpp_GP1_CgP1,0.32547788943620626,-252.5591601839066,-1.5747436005704747
0,Example Airplane,Reflected Main Wing,2,Frpp_GP1_CgP1,2.2156055860029413,-214.81595638408382,-0.7537290710850402
0,Example Airplane,Reflected Main Wing,2,Brpp_GP1_CgP1,22.653863791361417,-216.40219983873465,10.474010789592846
0,Example Airplane,Reflected Main Wing,2,Blpp_GP1_CgP1,16.064465147868816,-254.5982520736364,10.909409474426106
0,Example Airplane,Reflected Main Wing,3,Flpp_GP1_CgP1,2.2156055860029413,-214.81595638408382,-0.7537290710850402
0,Example Airplane,Reflected Main Wing,3,Frpp_GP1_CgP1,2.8106617365585245,-171.62920168844948,-0.4903415224194883
0,Example Airplane,Reflected Main Wing,3,Brpp_GP1_CgP1,25.03585809840568,-173.351989227448,11.274654808222763
0,Example Airplane,Reflected Main Wing,3,Blpp_GP1_CgP1,22.653863791361417,-216.40219983873465,10.474010789592846
0,Example Airplane,Reflected Main Wing,4,Flpp_GP1_CgP1,2.8106617365585245,-171.62920168844948,-0.49034152241948825
0,Example Airplane,Reflected Main Wing,4,Frpp_GP1_CgP1,3.4297522396849622,-134.3057784583883,-0.18486476920791198
0,Example Airplane,Reflected Main Wing,4,Brpp_GP1_CgP1,27.413861368963254,-135.67902892954046,8.08600566895548
0,Example Airplane,Reflected Main Wing,4,Blpp_GP1_CgP1,25.03585809840568,-173.351989227448,11.274654808222763
0,Example Airplane,Reflected Main Wing,5,Flpp_GP1_CgP1,3.4297522396849622,-134.3057784583883,-0.18486476920791198
0,Example Airplane,Reflected Main Wing,5,Frpp_GP1_CgP1,3.865307968644479,-96.16163974153501,0.13633911813171443
0,Example Airplane,Reflected Main Wing,5,Brpp_GP1_CgP1,28.410832587779794,-96.88403909845829,6.740256245683369
0,Example Airplane,Reflected Main Wing,5,Blpp_GP1_CgP1,27.413861368963254,-135.67902892954046,8.08600566895548
0,Example Airplane,Reflected Main Wing,6,Flpp_GP1_CgP1,3.865307968644479,-96.16163974153501,0.13633911813171443
0,Example Airplane,Reflected Main Wing,6,Frpp_GP1_CgP1,2.746298976824197,-62.30105576969441,0.12652353632237237
0,Example Airplane,Reflected Main Wing,6,Brpp_GP1_CgP1,27.901668197032347,-62.752953893666785,5.445953857761876
0,Example Airplane,Reflected Main Wing,6,Blpp_GP1_CgP1,28.410832587779794,-96.88403909845829,6.740256245683369
0,Example Airplane,Reflected Main Wing,7,Flpp_GP1_CgP1,2.746298976824197,-62.30105576969441,0.12652353632237237
0,Example Airplane,Reflected Main Wing,7,Frpp_GP1_CgP1,0.11931243486821823,-25.83233457913572,3.0262622805456095e-17
0,Example Airplane,Reflected Main Wing,7,Brpp_GP1_CgP1,26.053338580148385,-25.594435775926097,2.337677265293584
0,Example Airplane,Reflected Main Wing,7,Blpp_GP1_CgP1,27.901668197032347,-62.752953893666785,5.445953857761876
0,Example Airplane,Reflected Main Wing,8,Flpp_GP1_CgP1,0.11931243486821823,-25.83233457913572,3.0262622805456095e-17
0,Example Airplane,Reflected Main Wing,8,Frpp_GP1_CgP1,0.0,-0.5,0.0
0,Example Airplane,Reflected Main Wing,8,Brpp_GP1_CgP1,26.077839919979876,-0.5,-0.06513667538450327
0,Example Airplane,Reflected Main Wing,8,Blpp_GP1_CgP1,26.053338580148385,-25.594435775926097,2.337677265293584
0,Example Airplane,Reflected Main Wing,9,Flpp_GP1_CgP1,2.3278883137536823,-310.3215514315189,1.5372385308194882
0,Example Airplane,Reflected Main Wing,9,Frpp_GP1_CgP1,7.980377432819468,-291.0398981529688,4.8845346526855735
0,Example Airplane,Reflected Main Wing,9,Brpp_GP1_CgP1,19.147060050509925,-292.54466871019673,12.996926811854365
0,Example Airplane,Reflected Main Wing,9,Blpp_GP1_CgP1,6.2092268146646425,-310.48826710656334,4.536690127101663
0,Example Airplane,Reflected Main Wing,10,Flpp_GP1_CgP1,7.980377432819468,-291.0398981529688,4.8845346526855735
0,Example Airplane,Reflected Main Wing,10,Frpp_GP1_CgP1,16.064465147868816,-254.5982520736364,10.909409474426106
0,Example Airplane,Reflected Main Wing,10,Brpp_GP1_CgP1,33.12333997940892,-256.6816185688858,21.488072167421063
0,Example Airplane,Reflected Main Wing,10,Blpp_GP1_CgP1,19.147060050509925,-292.54466871019673,12.996926811854365
0,Example Airplane,Reflected Main Wing,11,Flpp_GP1_CgP1,16.064465147868816,-254.5982520736364,10.909409474426106
0,Example Airplane,Reflected Main Wing,11,Frpp_GP1_CgP1,22.653863791361417,-216.40219983873465,10.474010789592846
0,Example Airplane,Reflected Main Wing,11,Brpp_GP1_CgP1,43.54767776440799,-217.9933020288084,20.829605918079615
0,Example Airplane,Reflected Main Wing,11,Blpp_GP1_CgP1,33.12333997940892,-256.6816185688858,21.488072167421063
0,Example Airplane,Reflected Main Wing,12,Flpp_GP1_CgP1,22.653863791361417,-216.40219983873465,10.474010789592846
0,Example Airplane,Reflected Main Wing,12,Frpp_GP1_CgP1,25.03585809840568,-173.351989227448,11.274654808222763
0,Example Airplane,Reflected Main Wing,12,Brpp_GP1_CgP1,48.72866112719589,-175.08765800001706,19.68522854968417
0,Example Airplane,Reflected Main Wing,12,Blpp_GP1_CgP1,43.54767776440799,-217.9933020288084,20.829605918079615
0,Example Airplane,Reflected Main Wing,13,Flpp_GP1_CgP1,25.03585809840568,-173.351989227448,11.274654808222763
0,Example Airplane,Reflected Main Wing,13,Frpp_GP1_CgP1,27.413861368963254,-135.67902892954046,8.08600566895548
0,Example Airplane,Reflected Main Wing,13,Brpp_GP1_CgP1,51.50393035660687,-137.05203920236912,16.043280281651775
0,Example Airplane,Reflected Main Wing,13,Blpp_GP1_CgP1,48.72866112719589,-175.08765800001706,19.68522854968417
0,Example Airplane,Reflected Main Wing,14,Flpp_GP1_CgP1,27.413861368963254,-135.67902892954046,8.08600566895548
0,Example Airplane,Reflected Main Wing,14,Frpp_GP1_CgP1,28.410832587779794,-96.88403909845829,6.740256245683369
0,Example Airplane,Reflected Main Wing,14,Brpp_GP1_CgP1,52.99369280456153,-97.6057881832644,13.204020934464067
0,Example Airplane,Reflected Main Wing,14,Blpp_GP1_CgP1,51.50393035660687,-137.05203920236912,16.043280281651775
0,Example Airplane,Reflected Main Wing,15,Flpp_GP1_CgP1,28.410832587779794,-96.88403909845829,6.740256245683369
0,Example Airplane,Reflected Main Wing,15,Frpp_GP1_CgP1,27.901668197032347,-62.752953893666785,5.445953857761876
0,Example Airplane,Reflected Main Wing,15,Brpp_GP1_CgP1,53.2445174397006,-63.202077197226394,9.787910527269364
0,Example Airplane,Reflected Main Wing,15,Blpp_GP1_CgP1,52.99369280456153,-97.6057881832644,13.204020934464067
0,Example Airplane,Reflected Main Wing,16,Flpp_GP1_CgP1,27.901668197032347,-62.752953893666785,5.445953857761876
0,Example Airplane,Reflected Main Wing,16,Frpp_GP1_CgP1,26.053338580148385,-25.594435775926097,2.337677265293584
0,Example Airplane,Reflected Main Wing,16,Brpp_GP1_CgP1,52.014448471742305,-25.356197354718407,4.352899699224891
0,Example Airplane,Reflected Main Wing,16,Blpp_GP1_CgP1,53.2445174397006,-63.20207719722639,9.787910527269364
0,Example Airplane,Reflected Main Wing,17,Flpp_GP1_CgP1,26.053338580148385,-25.594435775926097,2.337677265293584
0,Example Airplane,Reflected Main Wing,17,Frpp_GP1_CgP1,26.077839919979876,-0.5,-0.06513667538450327
0,Example Airplane,Reflected Main Wing,17,Brpp_GP1_CgP1,52.155731800214504,-0.5,-0.10428251886614996
0,Example Airplane,Reflected Main Wing,17,Blpp_GP1_CgP1,52.014448471742305,-25.356197354718407,4.352899699224891
0,Example Airplane,Reflected Main Wing,18,Flpp_GP1_CgP1,6.2092268146646425,-310.48826710656334,4.536690127101663
0,Example Airplane,Reflected Main Wing,18,Frpp_GP1_CgP1,19.147060050509925,-292.54466871019673,12.996926811854365
0,Example Airplane,Reflected Main Wing,18,Brpp_GP1_CgP1,30.243793279904523,-294.0467529348506,21.204676998827853
0,Example Airplane,Reflected Main Wing,18,Blpp_GP1_CgP1,10.087563943384968,-310.6549192177912,7.540025061543442
0,Example Airplane,Reflected Main Wing,19,Flpp_GP1_CgP1,19.147060050509925,-292.54466871019673,12.996926811854365
0,Example Airplane,Reflected Main Wing,19,Frpp_GP1_CgP1,33.12333997940892,-256.6816185688858,21.488072167421063
0,Example Airplane,Reflected Main Wing,19,Brpp_GP1_CgP1,50.64100926917127,-258.7766405046488,31.31737957787912
0,Example Airplane,Reflected Main Wing,19,Blpp_GP1_CgP1,30.243793279904523,-294.0467529348506,21.204676998827853
0,Example Airplane,Reflected Main Wing,20,Flpp_GP1_CgP1,33.12333997940892,-256.6816185688858,21.488072167421063
0,Example Airplane,Reflected Main Wing,20,Frpp_GP1_CgP1,43.54767776440799,-217.9933020288084,20.829605918079615
0,Example Airplane,Reflected Main Wing,20,Brpp_GP1_CgP1,64.73535134182282,-219.5860137033713,30.566504918105316
0,Example Airplane,Reflected Main Wing,20,Blpp_GP1_CgP1,50.64100926917127,-258.7766405046488,31.31737957787912
0,Example Airplane,Reflected Main Wing,21,Flpp_GP1_CgP1,43.54767776440799,-217.9933020288084,20.829605918079615
0,Example Airplane,Reflected Main Wing,21,Frpp_GP1_CgP1,48.72866112719589,-175.08765800001706,19.68522854968417
0,Example Airplane,Reflected Main Wing,21,Brpp_GP1_CgP1,72.61568708869038,-176.82288870363342,27.564126475851246
0,Example Airplane,Reflected Main Wing,21,Blpp_GP1_CgP1,64.73535134182282,-219.5860137033713,30.566504918105316
0,Example Airplane,Reflected Main Wing,22,Flpp_GP1_CgP1,48.72866112719589,-175.08765800001706,19.68522854968417
0,Example Airplane,Reflected Main Wing,22,Frpp_GP1_CgP1,51.50393035660687,-137.05203920236912,16.043280281651775
0,Example Airplane,Reflected Main Wing,22,Brpp_GP1_CgP1,75.70126897857837,-138.42451191352004,23.666739547228165
0,Example Airplane,Reflected Main Wing,22,Blpp_GP1_CgP1,72.61568708869038,-176.82288870363342,27.564126475851246
0,Example Airplane,Reflected Main Wing,23,Flpp_GP1_CgP1,51.50393035660687,-137.05203920236912,16.043280281651775
0,Example Airplane,Reflected Main Wing,23,Frpp_GP1_CgP1,52.99369280456153,-97.6057881832644,13.204020934464067
0,Example Airplane,Reflected Main Wing,23,Brpp_GP1_CgP1,77.63637280978061,-98.32639502394441,19.43461219813591
0,Example Airplane,Reflected Main Wing,23,Blpp_GP1_CgP1,75.70126897857837,-138.42451191352004,23.666739547228165
0,Example Airplane,Reflected Main Wing,24,Flpp_GP1_CgP1,52.99369280456153,-97.6057881832644,13.204020934464067
0,Example Airplane,Reflected Main Wing,24,Frpp_GP1_CgP1,53.2445174397006,-63.202077197226394,9.787910527269364
0,Example Airplane,Reflected Main Wing,24,Brpp_GP1_CgP1,78.69848183160917,-63.648720416993655,13.412196919999223
0,Example Airplane,Reflected Main Wing,24,Blpp_GP1_CgP1,77.63637280978061,-98.32639502394441,19.43461219813591
0,Example Airplane,Reflected Main Wing,25,Flpp_GP1_CgP1,53.2445174397006,-63.20207719722639,9.787910527269364
0,Example Airplane,Reflected Main Wing,25,Frpp_GP1_CgP1,52.014448471742305,-25.356197354718407,4.352899699224891
0,Example Airplane,Reflected Main Wing,25,Brpp_GP1_CgP1,77.99610903756245,-25.11769005794382,6.083611062049604
0,Example Airplane,Reflected Main Wing,25,Blpp_GP1_CgP1,78.69848183160917,-63.648720416993655,13.412196919999223
0,Example Airplane,Reflected Main Wing,26,Flpp_GP1_CgP1,52.014448471742305,-25.356197354718407,4.352899699224891
0,Example Airplane,Reflected Main Wing,26,Frpp_GP1_CgP1,52.155731800214504,-0.5,-0.10428251886614996
0,Example Airplane,Reflected Main Wing,26,Brpp_GP1_CgP1,78.23364978023987,-0.5,-0.11734866902772598
0,Example Airplane,Reflected Main Wing,26,Blpp_GP1_CgP1,77.99610903756245,-25.11769005794382,6.083611062049604
0,Example Airplane,Reflected Main Wing,27,Flpp_GP1_CgP1,10.087563943384968,-310.6549192177912,7.540025061543442
0,Example Airplane,Reflected Main Wing,27,Frpp_GP1_CgP1,30.243793279904523,-294.0467529348506,21.204676998827853
0,Example Airplane,Reflected Main Wing,27,Brpp_GP1_CgP1,41.25289172254614,-295.54541055117716,29.530569830417786
0,Example Airplane,Reflected Main Wing,27,Blpp_GP1_CgP1,13.962906466334175,-310.8215078245203,10.547226608591426
0,Example Airplane,Reflected Main Wing,28,Flpp_GP1_CgP1,30.243793279904523,-294.0467529348506,21.204676998827853
0,Example Airplane,Reflected Main Wing,28,Frpp_GP1_CgP1,50.64100926917127,-258.7766405046488,31.31737957787912
0,Example Airplane,Reflected Main Wing,28,Brpp_GP1_CgP1,68.29427002425028,-260.87392526837806,40.897690204150834
0,Example Airplane,Reflected Main Wing,28,Blpp_GP1_CgP1,41.25289172254614,-295.54541055117716,29.530569830417786
0,Example Airplane,Reflected Main Wing,29,Flpp_GP1_CgP1,50.64100926917127,-258.7766405046488,31.31737957787912
0,Example Airplane,Reflected Main Wing,29,Frpp_GP1_CgP1,64.73535134182282,-219.5860137033713,30.566504918105316
0,Example Airplane,Reflected Main Wing,29,Brpp_GP1_CgP1,86.4888647486823,-221.1777253278105,38.961214530589785
0,Example Airplane,Reflected Main Wing,29,Blpp_GP1_CgP1,68.29427002425028,-260.87392526837806,40.897690204150834
0,Example Airplane,Reflected Main Wing,30,Flpp_GP1_CgP1,64.73535134182282,-219.5860137033713,30.566504918105316
0,Example Airplane,Reflected Main Wing,30,Frpp_GP1_CgP1,72.61568708869038,-176.82288870363342,27.564126475851246
0,Example Airplane,Reflected Main Wing,30,Brpp_GP1_CgP1,95.73223558597314,-178.55830346637256,37.48853897403689
0,Example Airplane,Reflected Main Wing,30,Blpp_GP1_CgP1,86.4888647486823,-221.1777253278105,38.961214530589785
0,Example Airplane,Reflected Main Wing,31,Flpp_GP1_CgP1,72.61568708869038,-176.82288870363342,27.564126475851246
0,Example Airplane,Reflected Main Wing,31,Frpp_GP1_CgP1,75.70126897857837,-138.42451191352004,23.666739547228165
0,Example Airplane,Reflected Main Wing,31,Brpp_GP1_CgP1,100.00105577508589,-139.79624146385927,30.958632437451918
0,Example Airplane,Reflected Main Wing,31,Blpp_GP1_CgP1,95.73223558597314,-178.55830346637256,37.48853897403689
0,Example Airplane,Reflected Main Wing,32,Flpp_GP1_CgP1,75.70126897857837,-138.42451191352004,23.666739547228165
0,Example Airplane,Reflected Main Wing,32,Frpp_GP1_CgP1,77.63637280978061,-98.32639502394441,19.43461219813591
0,Example Airplane,Reflected Main Wing,32,Brpp_GP1_CgP1,102.34864677887839,-99.0455517949161,25.383524196752404
0,Example Airplane,Reflected Main Wing,32,Blpp_GP1_CgP1,100.00105577508589,-139.79624146385927,30.958632437451918
0,Example Airplane,Reflected Main Wing,33,Flpp_GP1_CgP1,77.63637280978061,-98.32639502394441,19.43461219813591
0,Example Airplane,Reflected Main Wing,33,Frpp_GP1_CgP1,78.69848183160917,-63.648720416993655,13.412196919999223
0,Example Airplane,Reflected Main Wing,33,Brpp_GP1_CgP1,104.31267259221647,-64.08965261438215,15.648136955279034
0,Example Airplane,Reflected Main Wing,33,Blpp_GP1_CgP1,102.34864677887839,-99.0455517949161,25.383524196752404
0,Example Airplane,Reflected Main Wing,34,Flpp_GP1_CgP1,78.69848183160917,-63.648720416993655,13.412196919999223
0,Example Airplane,Reflected Main Wing,34,Frpp_GP1_CgP1,77.99610903756245,-25.11769005794382,6.083611062049604
0,Example Airplane,Reflected Main Wing,34,Brpp_GP1_CgP1,103.99595173393391,-24.878931024060492,7.513245742789972
0,Example Airplane,Reflected Main Wing,34,Blpp_GP1_CgP1,104.31267259221647,-64.08965261438215,15.648136955279035
0,Example Airplane,Reflected Main Wing,35,Flpp_GP1_CgP1,77.99610903756245,-25.11769005794382,6.083611062049604
0,Example Airplane,Reflected Main Wing,35,Frpp_GP1_CgP1,78.23364978023987,-0.5,-0.11734866902772598
0,Example Airplane,Reflected Main Wing,35,Brpp_GP1_CgP1,104.31156785410995,-0.5,-0.10442739555391906
0,Example Airplane,Reflected Main Wing,35,Blpp_GP1_CgP1,103.99595173393391,-24.878931024060492,7.513245742789972
0,Example Airplane,Reflected Main Wing,36,Flpp_GP1_CgP1,13.962906466334175,-310.8215078245203,10.547226608591426
0,Example Airplane,Reflected Main Wing,36,Frpp_GP1_CgP1,41.25289172254614,-295.54541055117716,29.530569830417786
0,Example Airplane,Reflected Main Wing,36,Brpp_GP1_CgP1,52.55689748783333,-297.0550482043554,37.44693737886471
0,Example Airplane,Reflected Main Wing,36,Blpp_GP1_CgP1,17.835259692045945,-310.9880329557938,13.55827998599947
0,Example Airplane,Reflected Main Wing,37,Flpp_GP1_CgP1,41.25289172254614,-295.54541055117716,29.530569830417786
0,Example Airplane,Reflected Main Wing,37,Frpp_GP1_CgP1,68.29427002425028,-260.87392526837806,40.897690204150834
0,Example Airplane,Reflected Main Wing,37,Brpp_GP1_CgP1,86.30954951532033,-262.9757529517474,49.77828333865027
0,Example Airplane,Reflected Main Wing,37,Blpp_GP1_CgP1,52.55689748783333,-297.0550482043554,37.44693737886471
0,Example Airplane,Reflected Main Wing,38,Flpp_GP1_CgP1,68.29427002425028,-260.87392526837806,40.897690204150834
0,Example Airplane,Reflected Main Wing,38,Frpp_GP1_CgP1,86.4888647486823,-221.1777253278105,38.961214530589785
0,Example Airplane,Reflected Main Wing,38,Brpp_GP1_CgP1,108.42579107829337,-222.76781816597386,46.87321691645942
0,Example Airplane,Reflected Main Wing,38,Blpp_GP1_CgP1,86.30954951532033,-262.9757529517474,49.77828333865027
0,Example Airplane,Reflected Main Wing,39,Flpp_GP1_CgP1,86.4888647486823,-221.1777253278105,38.961214530589785
0,Example Airplane,Reflected Main Wing,39,Frpp_GP1_CgP1,95.73223558597314,-178.55830346637256,37.48853897403689
0,Example Airplane,Reflected Main Wing,39,Brpp_GP1_CgP1,119.5851824037854,-180.29258597704646,45.418748177812695
0,Example Airplane,Reflected Main Wing,39,Blpp_GP1_CgP1,108.42579107829337,-222.76781816597386,46.87321691645942
0,Example Airplane,Reflected Main Wing,40,Flpp_GP1_CgP1,95.73223558597314,-178.55830346637256,37.48853897403689
0,Example Airplane,Reflected Main Wing,40,Frpp_GP1_CgP1,100.00105577508589,-139.79624146385927,30.958632437451918
0,Example Airplane,Reflected Main Wing,40,Brpp_GP1_CgP1,124.57349622919013,-141.16356683281901,37.23340335983591
0,Example Airplane,Reflected Main Wing,40,Blpp_GP1_CgP1,119.5851824037854,-180.29258597704646,45.418748177812695
0,Example Airplane,Reflected Main Wing,41,Flpp_GP1_CgP1,100.00105577508589,-139.79624146385927,30.958632437451918
0,Example Airplane,Reflected Main Wing,41,Frpp_GP1_CgP1,102.34864677887839,-99.0455517949161,25.383524196752404
0,Example Airplane,Reflected Main Wing,41,Brpp_GP1_CgP1,127.33266814609557,-99.75633231916106,29.999485549066307
0,Example Airplane,Reflected Main Wing,41,Blpp_GP1_CgP1,124.57349622919013,-141.16356683281901,37.23340335983591
0,Example Airplane,Reflected Main Wing,42,Flpp_GP1_CgP1,102.34864677887839,-99.0455517949161,25.383524196752404
0,Example Airplane,Reflected Main Wing,42,Frpp_GP1_CgP1,104.31267259221647,-64.08965261438215,15.648136955279034
0,Example Airplane,Reflected Main Wing,42,Brpp_GP1_CgP1,129.94333743899873,-64.52977594259903,17.70462552958028
0,Example Airplane,Reflected Main Wing,42,Blpp_GP1_CgP1,127.33266814609557,-99.75633231916106,29.999485549066307
0,Example Airplane,Reflected Main Wing,43,Flpp_GP1_CgP1,104.31267259221647,-64.08965261438215,15.648136955279035
0,Example Airplane,Reflected Main Wing,43,Frpp_GP1_CgP1,103.99595173393391,-24.878931024060492,7.513245742789972
0,Example Airplane,Reflected Main Wing,43,Brpp_GP1_CgP1,130.01358620362726,-24.639904152356497,8.571632756806686
0,Example Airplane,Reflected Main Wing,43,Blpp_GP1_CgP1,129.94333743899873,-64.52977594259903,17.70462552958028
0,Example Airplane,Reflected Main Wing,44,Flpp_GP1_CgP1,103.99595173393391,-24.878931024060492,7.513245742789972
0,Example Airplane,Reflected Main Wing,44,Frpp_GP1_CgP1,104.31156785410995,-0.5,-0.10442739555391906
0,Example Airplane,Reflected Main Wing,44,Brpp_GP1_CgP1,130.3894602141573,-0.5,-0.06559806074022838
0,Example Airplane,Reflected Main Wing,44,Blpp_GP1_CgP1,130.01358620362726,-24.639904152356497,8.571632756806686
0,Example Airplane,Reflected Main Wing,45,Flpp_GP1_CgP1,17.835259692045945,-310.9880329557938,13.55827998599947
0,Example Airplane,Reflected Main Wing,45,Frpp_GP1_CgP1,52.55689748783333,-297.0550482043554,37.44693737886471
0,Example Airplane,Reflected Main Wing,45,Brpp_GP1_CgP1,64.1848578209249,-298.57515230846786,44.87884801105041
0,Example Airplane,Reflected Main Wing,45,Blpp_GP1_CgP1,21.7046095825392,-311.15449422989485,16.573195344918524
0,Example Airplane,Reflected Main Wing,46,Flpp_GP1_CgP1,52.55689748783333,-297.0550482043554,37.44693737886471
0,Example Airplane,Reflected Main Wing,46,Frpp_GP1_CgP1,86.30954951532033,-262.9757529517474,49.77828333865027
0,Example Airplane,Reflected Main Wing,46,Brpp_GP1_CgP1,104.75719581788736,-265.0785397821071,57.719127926830964
0,Example Airplane,Reflected Main Wing,46,Blpp_GP1_CgP1,64.1848578209249,-298.57515230846786,44.87884801105041
0,Example Airplane,Reflected Main Wing,47,Flpp_GP1_CgP1,86.30954951532033,-262.9757529517474,49.77828333865027
0,Example Airplane,Reflected Main Wing,47,Frpp_GP1_CgP1,108.42579107829337,-222.76781816597386,46.87321691645942
0,Example Airplane,Reflected Main Wing,47,Brpp_GP1_CgP1,130.50119383739997,-224.35584953610078,54.389887919012246
0,Example Airplane,Reflected Main Wing,47,Blpp_GP1_CgP1,104.75719581788736,-265.0785397821071,57.719127926830964
0,Example Airplane,Reflected Main Wing,48,Flpp_GP1_CgP1,108.42579107829337,-222.76781816597386,46.87321691645942
0,Example Airplane,Reflected Main Wing,48,Frpp_GP1_CgP1,119.5851824037854,-180.29258597704646,45.418748177812695
0,Example Airplane,Reflected Main Wing,48,Brpp_GP1_CgP1,144.2213019344508,-182.00745113509694,50.48221103535031
0,Example Airplane,Reflected Main Wing,48,Blpp_GP1_CgP1,130.50119383739997,-224.35584953610078,54.389887919012246
0,Example Airplane,Reflected Main Wing,49,Flpp_GP1_CgP1,119.5851824037854,-180.29258597704646,45.418748177812695
0,Example Airplane,Reflected Main Wing,49,Frpp_GP1_CgP1,124.57349622919013,-141.16356683281901,37.23340335983591
0,Example Airplane,Reflected Main Wing,49,Brpp_GP1_CgP1,149.58453558426385,-142.51665378471196,41.47486621402801
0,Example Airplane,Reflected Main Wing,49,Blpp_GP1_CgP1,144.2213019344508,-182.00745113509694,50.48221103535031
0,Example Airplane,Reflected Main Wing,50,Flpp_GP1_CgP1,124.57349622919013,-141.16356683281901,37.23340335983591
0,Example Airplane,Reflected Main Wing,50,Frpp_GP1_CgP1,127.33266814609557,-99.75633231916106,29.999485549066307
0,Example Airplane,Reflected Main Wing,50,Brpp_GP1_CgP1,152.63854979788456,-100.44920343110962,32.35070235576158
0,Example Airplane,Reflected Main Wing,50,Blpp_GP1_CgP1,149.58453558426385,-142.51665378471196,41.47486621402801
0,Example Airplane,Reflected Main Wing,51,Flpp_GP1_CgP1,127.33266814609557,-99.75633231916106,29.999485549066307
0,Example Airplane,Reflected Main Wing,51,Frpp_GP1_CgP1,129.94333743899873,-64.52977594259903,17.70462552958028
0,Example Airplane,Reflected Main Wing,51,Brpp_GP1_CgP1,155.58890619665007,-64.96896909490947,19.565915168893703
0,Example Airplane,Reflected Main Wing,51,Blpp_GP1_CgP1,152.63854979788456,-100.44920343110962,32.35070235576158
0,Example Airplane,Reflected Main Wing,52,Flpp_GP1_CgP1,129.94333743899873,-64.52977594259903,17.70462552958028
0,Example Airplane,Reflected Main Wing,52,Frpp_GP1_CgP1,130.01358620362726,-24.639904152356497,8.571632756806686
0,Example Airplane,Reflected Main Wing,52,Brpp_GP1_CgP1,156.04244112368713,-24.40068305958936,9.30570477997353
0,Example Airplane,Reflected Main Wing,52,Blpp_GP1_CgP1,155.58890619665007,-64.96896909490947,19.565915168893703
0,Example Airplane,Reflected Main Wing,53,Flpp_GP1_CgP1,130.01358620362726,-24.639904152356497,8.571632756806686
0,Example Airplane,Reflected Main Wing,53,Frpp_GP1_CgP1,130.3894602141573,-0.5,-0.06559806074022838
0,Example Airplane,Reflected Main Wing,53,Brpp_GP1_CgP1,156.4673009013703,-0.5,-0.0007723323427882725
0,Example Airplane,Reflected Main Wing,53,Blpp_GP1_CgP1,156.04244112368713,-24.40068305958936,9.30570477997353
1,Example Airplane,Main Wing,0,Flpp_GP1_CgP1,0.0,0.5,3.492210075350052e-20
1,Example Airplane,Main Wing,0,Frpp_GP1_CgP1,0.17266755715981355,25.831482656431692,0.11574109240509525
1,Example Airplane,Main Wing,0,Brpp_GP1_CgP1,26.106348163634912,25.582408618274005,2.4595274401878706
1,Example Airplane,Main Wing,0,Blpp_GP1_CgP1,26.077839919979876,0.5002976103442084,-0.06513599548812603
1,Example Airplane,Main Wing,1,Flpp_GP1_CgP1,0.17266755715981355,25.831482656431692,0.11574109240509525
1,Example Airplane,Main Wing,1,Frpp_GP1_CgP1,2.8049803647945177,62.30983081708401,0.4040171324054779
1,Example Airplane,Main Wing,1,Brpp_GP1_CgP1,27.957507258159456,62.7754076466097,5.743999134188109
1,Example Airplane,Main Wing,1,Blpp_GP1_CgP1,26.106348163634912,25.582408618274005,2.4595274401878706
1,Example Airplane,Main Wing,2,Flpp_GP1_CgP1,2.8049803647945177,62.30983081708401,0.4040171324054779
1,Example Airplane,Main Wing,2,Frpp_GP1_CgP1,3.798909329710082,96.1551271255515,0.5508939054901931
1,Example Airplane,Main Wing,2,Brpp_GP1_CgP1,28.347764084794957,96.8986522462479,7.179836229116925
1,Example Airplane,Main Wing,2,Blpp_GP1_CgP1,27.957507258159456,62.7754076466097,5.743999134188109
1,Example Airplane,Main Wing,3,Flpp_GP1_CgP1,3.798909329710082,96.1551271255515,0.5508939054901931
1,Example Airplane,Main Wing,3,Frpp_GP1_CgP1,3.1772232234944364,134.25038917141305,0.3753770483919882
1,Example Airplane,Main Wing,3,Brpp_GP1_CgP1,27.18726996986476,135.6506897955368,8.633676555744277
1,Example Airplane,Main Wing,3,Blpp_GP1_CgP1,28.347764084794957,96.8986522462479,7.179836229116925
1,Example Airplane,Main Wing,4,Flpp_GP1_CgP1,3.1772232234944364,134.25038917141305,0.37537704839198827
1,Example Airplane,Main Wing,4,Frpp_GP1_CgP1,2.3704115246063346,171.46276700381404,0.21076884145812946
1,Example Airplane,Main Wing,4,Brpp_GP1_CgP1,24.63367008694959,173.20336142578913,11.949166535423316
1,Example Airplane,Main Wing,4,Blpp_GP1_CgP1,27.18726996986476,135.6506897955368,8.633676555744277
1,Example Airplane,Main Wing,5,Flpp_GP1_CgP1,2.3704115246063346,171.46276700381404,0.21076884145812946
1,Example Airplane,Main Wing,5,Frpp_GP1_CgP1,1.039393324434485,214.11761940350257,-0.0768370400378715
1,Example Airplane,Main Wing,5,Brpp_GP1_CgP1,21.313631516807412,215.6831510012005,11.708863933422082
1,Example Airplane,Main Wing,5,Blpp_GP1_CgP1,24.63367008694959,173.20336142578913,11.949166535423316
1,Example Airplane,Main Wing,6,Flpp_GP1_CgP1,1.039393324434485,214.11761940350257,-0.0768370400378715
1,Example Airplane,Main Wing,6,Frpp_GP1_CgP1,-0.45378514818466176,252.1415577300979,-0.4719075430277042
1,Example Airplane,Main Wing,6,Brpp_GP1_CgP1,15.290316274532763,254.16351708143625,12.040329556393948
1,Example Airplane,Main Wing,6,Blpp_GP1_CgP1,21.313631516807412,215.6831510012005,11.708863933422082
1,Example Airplane,Main Wing,7,Flpp_GP1_CgP1,-0.45378514818466176,252.1415577300979,-0.4719075430277042
1,Example Airplane,Main Wing,7,Frpp_GP1_CgP1,-4.259930026084565,289.0315015592745,-2.0226739620384286
1,Example Airplane,Main Wing,7,Brpp_GP1_CgP1,6.935485339765812,290.53695966015306,6.068496638844927
1,Example Airplane,Main Wing,7,Blpp_GP1_CgP1,15.290316274532763,254.16351708143625,12.040329556393948
1,Example Airplane,Main Wing,8,Flpp_GP1_CgP1,-4.259930026084565,289.0315015592745,-2.0226739620384286
1,Example Airplane,Main Wing,8,Frpp_GP1_CgP1,-2.4803763514686916,309.3394747790051,-0.10265390051092016
1,Example Airplane,Main Wing,8,Brpp_GP1_CgP1,1.350375263312503,309.46344835414754,2.9209589898313237
1,Example Airplane,Main Wing,8,Blpp_GP1_CgP1,6.935485339765813,290.53695966015306,6.068496638844927
1,Example Airplane,Main Wing,9,Flpp_GP1_CgP1,26.077839919979876,0.5002976103442084,-0.06513599548812603
1,Example Airplane,Main Wing,9,Frpp_GP1_CgP1,26.106348163634912,25.582408618274005,2.4595274401878706
1,Example Airplane,Main Wing,9,Brpp_GP1_CgP1,52.067668569394776,25.3344473940729,4.474883321281167
1,Example Airplane,Main Wing,9,Blpp_GP1_CgP1,52.155731800214504,0.500476468228559,-0.10428143036560295
1,Example Airplane,Main Wing,10,Flpp_GP1_CgP1,26.106348163634912,25.582408618274005,2.4595274401878706
1,Example Airplane,Main Wing,10,Frpp_GP1_CgP1,27.957507258159456,62.7754076466097,5.743999134188109
1,Example Airplane,Main Wing,10,Brpp_GP1_CgP1,53.307478561040426,63.24278018430632,10.052366135472859
1,Example Airplane,Main Wing,10,Blpp_GP1_CgP1,52.067668569394776,25.3344473940729,4.474883321281167
1,Example Airplane,Main Wing,11,Flpp_GP1_CgP1,27.957507258159456,62.7754076466097,5.743999134188109
1,Example Airplane,Main Wing,11,Frpp_GP1_CgP1,28.347764084794957,96.8986522462479,7.179836229116925
1,Example Airplane,Main Wing,11,Brpp_GP1_CgP1,52.94177072645523,97.64223440365538,13.63939611559061
1,Example Airplane,Main Wing,11,Blpp_GP1_CgP1,53.307478561040426,63.24278018430632,10.052366135472859
1,Example Airplane,Main Wing,12,Flpp_GP1_CgP1,28.347764084794957,96.8986522462479,7.179836229116925
1,Example Airplane,Main Wing,12,Frpp_GP1_CgP1,27.18726996986476,135.6506897955368,8.633676555744277
1,Example Airplane,Main Wing,12,Brpp_GP1_CgP1,51.30458857344207,137.0524410858801,16.573238878898017
1,Example Airplane,Main Wing,12,Blpp_GP1_CgP1,52.94177072645523,97.64223440365538,13.63939611559061
1,Example Airplane,Main Wing,13,Flpp_GP1_CgP1,27.18726996986476,135.6506897955368,8.633676555744277
1,Example Airplane,Main Wing,13,Frpp_GP1_CgP1,24.63367008694959,173.20336142578913,11.949166535423316
1,Example Airplane,Main Wing,13,Brpp_GP1_CgP1,48.346707432141905,174.97614780094653,20.36303863693918
1,Example Airplane,Main Wing,13,Blpp_GP1_CgP1,51.30458857344207,137.0524410858801,16.573238878898017
1,Example Airplane,Main Wing,14,Flpp_GP1_CgP1,24.63367008694959,173.20336142578913,11.949166535423316
1,Example Airplane,Main Wing,14,Frpp_GP1_CgP1,21.313631516807412,215.6831510012005,11.708863933422082
1,Example Airplane,Main Wing,14,Brpp_GP1_CgP1,42.30035964604211,217.26644337781835,22.17082986922426
1,Example Airplane,Main Wing,14,Blpp_GP1_CgP1,48.346707432141905,174.97614780094653,20.36303863693918
1,Example Airplane,Main Wing,15,Flpp_GP1_CgP1,21.313631516807412,215.6831510012005,11.708863933422082
1,Example Airplane,Main Wing,15,Frpp_GP1_CgP1,15.290316274532763,254.16351708143625,12.040329556393948
1,Example Airplane,Main Wing,15,Brpp_GP1_CgP1,32.36745811158907,256.2407222149552,22.627798061597225
1,Example Airplane,Main Wing,15,Blpp_GP1_CgP1,42.30035964604211,217.26644337781835,22.17082986922426
1,Example Airplane,Main Wing,16,Flpp_GP1_CgP1,15.290316274532763,254.16351708143625,12.040329556393948
1,Example Airplane,Main Wing,16,Frpp_GP1_CgP1,6.935485339765812,290.53695966015306,6.068496638844927
1,Example Airplane,Main Wing,16,Brpp_GP1_CgP1,18.095777800554597,292.04079570227884,14.208364838188116
1,Example Airplane,Main Wing,16,Blpp_GP1_CgP1,32.36745811158907,256.2407222149552,22.627798061597225
1,Example Airplane,Main Wing,17,Flpp_GP1_CgP1,6.935485339765813,290.53695966015306,6.068496638844927
1,Example Airplane,Main Wing,17,Frpp_GP1_CgP1,1.350375263312503,309.46344835414754,2.9209589898313237
1,Example Airplane,Main Wing,17,Brpp_GP1_CgP1,5.1781122998412314,309.5873480707681,5.948390296858253
1,Example Airplane,Main Wing,17,Blpp_GP1_CgP1,18.095777800554597,292.04079570227884,14.208364838188116
1,Example Airplane,Main Wing,18,Flpp_GP1_CgP1,52.155731800214504,0.500476468228559,-0.10428143036560295
1,Example Airplane,Main Wing,18,Frpp_GP1_CgP1,52.067668569394776,25.3344473940729,4.474883321281167
1,Example Airplane,Main Wing,18,Brpp_GP1_CgP1,78.04990623418574,25.087500131517526,6.200438270187905
1,Example Airplane,Main Wing,18,Blpp_GP1_CgP1,78.23364978023987,0.5005361676440435,-0.1173474441427518
1,Example Airplane,Main Wing,19,Flpp_GP1_CgP1,52.067668569394776,25.3344473940729,4.474883321281167
1,Example Airplane,Main Wing,19,Frpp_GP1_CgP1,53.307478561040426,63.24278018430632,10.052366135472859
1,Example Airplane,Main Wing,19,Brpp_GP1_CgP1,78.76617187937165,63.71090207125826,13.654401733720896
1,Example Airplane,Main Wing,19,Blpp_GP1_CgP1,78.04990623418574,25.087500131517526,6.200438270187905
1,Example Airplane,Main Wing,20,Flpp_GP1_CgP1,53.307478561040426,63.24278018430632,10.052366135472859
1,Example Airplane,Main Wing,20,Frpp_GP1_CgP1,52.94177072645523,97.64223440365538,13.63939611559061
1,Example Airplane,Main Wing,20,Brpp_GP1_CgP1,77.59620935150089,98.38582766714958,19.863213710592596
1,Example Airplane,Main Wing,20,Blpp_GP1_CgP1,78.76617187937165,63.71090207125826,13.654401733720896
1,Example Airplane,Main Wing,21,Flpp_GP1_CgP1,52.94177072645523,97.64223440365538,13.63939611559061
1,Example Airplane,Main Wing,21,Frpp_GP1_CgP1,51.30458857344207,137.0524410858801,16.573238878898017
1,Example Airplane,Main Wing,21,Brpp_GP1_CgP1,75.52690869418437,138.45539770751697,24.184926171293
1,Example Airplane,Main Wing,21,Blpp_GP1_CgP1,77.59620935150089,98.38582766714958,19.863213710592596
1,Example Airplane,Main Wing,22,Flpp_GP1_CgP1,51.30458857344207,137.0524410858801,16.573238878898017
1,Example Airplane,Main Wing,22,Frpp_GP1_CgP1,48.346707432141905,174.97614780094653,20.36303863693918
1,Example Airplane,Main Wing,22,Brpp_GP1_CgP1,72.25099625589527,176.75147817482625,28.252558574581375
1,Example Airplane,Main Wing,22,Blpp_GP1_CgP1,75.52690869418437,138.45539770751697,24.184926171293
1,Example Airplane,Main Wing,23,Flpp_GP1_CgP1,48.346707432141905,174.97614780094653,20.36303863693918
1,Example Airplane,Main Wing,23,Frpp_GP1_CgP1,42.30035964604211,217.26644337781835,22.17082986922426
1,Example Airplane,Main Wing,23,Brpp_GP1_CgP1,63.613624449326345,218.8562802650146,31.951705271314392
1,Example Airplane,Main Wing,23,Blpp_GP1_CgP1,72.25099625589527,176.75147817482625,28.252558574581375
1,Example Airplane,Main Wing,24,Flpp_GP1_CgP1,42.30035964604211,217.26644337781835,22.17082986922426
1,Example Airplane,Main Wing,24,Frpp_GP1_CgP1,32.36745811158907,256.2407222149552,22.627798061597225
1,Example Airplane,Main Wing,24,Brpp_GP1_CgP1,49.908525394291956,258.3336930937519,32.45633633045792
1,Example Airplane,Main Wing,24,Blpp_GP1_CgP1,63.613624449326345,218.8562802650146,31.951705271314392
1,Example Airplane,Main Wing,25,Flpp_GP1_CgP1,32.36745811158907,256.2407222149552,22.627798061597225
1,Example Airplane,Main Wing,25,Frpp_GP1_CgP1,18.095777800554597,292.04079570227884,14.208364838188116
1,Example Airplane,Main Wing,25,Brpp_GP1_CgP1,29.199053219022655,293.5419439043119,22.425980877368488
1,Example Airplane,Main Wing,25,Blpp_GP1_CgP1,49.908525394291956,258.3336930937519,32.45633633045792
1,Example Airplane,Main Wing,26,Flpp_GP1_CgP1,18.095777800554597,292.04079570227884,14.208364838188116
1,Example Airplane,Main Wing,26,Frpp_GP1_CgP1,5.1781122998412314,309.5873480707681,5.948390296858253
1,Example Airplane,Main Wing,26,Brpp_GP1_CgP1,9.002820634064488,309.7111735527486,8.979650047008182
1,Example Airplane,Main Wing,26,Blpp_GP1_CgP1,29.199053219022655,293.5419439043119,22.425980877368488
1,Example Airplane,Main Wing,27,Flpp_GP1_CgP1,78.23364978023987,0.5005361676440435,-0.1173474441427518
1,Example Airplane,Main Wing,27,Frpp_GP1_CgP1,78.04990623418574,25.087500131517526,6.200438270187905
1,Example Airplane,Main Wing,27,Brpp_GP1_CgP1,104.0505806587595,24.841660023659628,7.619312206772346
1,Example Airplane,Main Wing,27,Blpp_GP1_CgP1,104.31156785410995,0.5004771301720901,-0.1044263055411497
1,Example Airplane,Main Wing,28,Flpp_GP1_CgP1,78.04990623418574,25.087500131517526,6.200438270187905
1,Example Airplane,Main Wing,28,Frpp_GP1_CgP1,78.76617187937165,63.71090207125826,13.654401733720896
1,Example Airplane,Main Wing,28,Brpp_GP1_CgP1,104.39393818530449,64.1794687121304,15.741923712063324
1,Example Airplane,Main Wing,28,Blpp_GP1_CgP1,104.0505806587595,24.841660023659628,7.619312206772346
1,Example Airplane,Main Wing,29,Flpp_GP1_CgP1,78.76617187937165,63.71090207125826,13.654401733720896
1,Example Airplane,Main Wing,29,Frpp_GP1_CgP1,77.59620935150089,98.38582766714958,19.863213710592596
1,Example Airplane,Main Wing,29,Brpp_GP1_CgP1,102.31474724773527,99.12936322444195,25.82735554058267
1,Example Airplane,Main Wing,29,Blpp_GP1_CgP1,104.39393818530449,64.1794687121304,15.741923712063324
1,Example Airplane,Main Wing,30,Flpp_GP1_CgP1,77.59620935150089,98.38582766714958,19.863213710592596
1,Example Airplane,Main Wing,30,Frpp_GP1_CgP1,75.52690869418437,138.45539770751697,24.184926171293
1,Example Airplane,Main Wing,30,Brpp_GP1_CgP1,99.84708390603696,139.85931423600348,31.47896217586973
1,Example Airplane,Main Wing,30,Blpp_GP1_CgP1,102.31474724773527,99.12936322444195,25.82735554058267
1,Example Airplane,Main Wing,31,Flpp_GP1_CgP1,75.52690869418437,138.45539770751697,24.184926171293
1,Example Airplane,Main Wing,31,Frpp_GP1_CgP1,72.25099625589527,176.75147817482625,28.252558574581375
1,Example Airplane,Main Wing,31,Brpp_GP1_CgP1,95.37723938403929,178.51507053216372,38.20527649430432
1,Example Airplane,Main Wing,31,Blpp_GP1_CgP1,99.84708390603696,139.85931423600348,31.47896217586973
1,Example Airplane,Main Wing,32,Flpp_GP1_CgP1,72.25099625589527,176.75147817482625,28.252558574581375
1,Example Airplane,Main Wing,32,Frpp_GP1_CgP1,63.613624449326345,218.8562802650146,31.951705271314392
1,Example Airplane,Main Wing,32,Brpp_GP1_CgP1,85.49924237728482,220.4538743351843,40.36551470290086
1,Example Airplane,Main Wing,32,Blpp_GP1_CgP1,95.37723938403929,178.51507053216372,38.20527649430432
1,Example Airplane,Main Wing,33,Flpp_GP1_CgP1,63.613624449326345,218.8562802650146,31.951705271314392
1,Example Airplane,Main Wing,33,Frpp_GP1_CgP1,49.908525394291956,258.3336930937519,32.45633633045792
1,Example Airplane,Main Wing,33,Brpp_GP1_CgP1,67.58332672693551,260.4301492718325,42.03883476472199
1,Example Airplane,Main Wing,33,Blpp_GP1_CgP1,85.49924237728482,220.4538743351843,40.36551470290086
1,Example Airplane,Main Wing,34,Flpp_GP1_CgP1,49.908525394291956,258.3336930937519,32.45633633045792
1,Example Airplane,Main Wing,34,Frpp_GP1_CgP1,29.199053219022655,293.5419439043119,22.425980877368488
1,Example Airplane,Main Wing,34,Brpp_GP1_CgP1,40.2366180358422,295.03996122701494,30.73240566794705
1,Example Airplane,Main Wing,34,Blpp_GP1_CgP1,67.58332672693551,260.4301492718325,42.03883476472199
1,Example Airplane,Main Wing,35,Flpp_GP1_CgP1,29.199053219022655,293.5419439043119,22.425980877368488
1,Example Airplane,Main Wing,35,Frpp_GP1_CgP1,9.002820634064488,309.7111735527486,8.979650047008182
1,Example Airplane,Main Wing,35,Brpp_GP1_CgP1,12.824507182399927,309.8349249397224,12.014721681224255
1,Example Airplane,Main Wing,35,Blpp_GP1_CgP1,40.2366180358422,295.03996122701494,30.73240566794705
1,Example Airplane,Main Wing,36,Flpp_GP1_CgP1,104.31156785410995,0.5004771301720901,-0.1044263055411497
1,Example Airplane,Main Wing,36,Frpp_GP1_CgP1,104.0505806587595,24.841660023659628,7.619312206772346
1,Example Airplane,Main Wing,36,Brpp_GP1_CgP1,130.06918669018717,24.597229369946167,8.66004120752862
1,Example Airplane,Main Wing,36,Blpp_GP1_CgP1,130.3894602141573,0.5002997184200922,-0.06559737602791249
1,Example Airplane,Main Wing,37,Flpp_GP1_CgP1,104.0505806587595,24.841660023659628,7.619312206772346
1,Example Airplane,Main Wing,37,Frpp_GP1_CgP1,104.39393818530449,64.1794687121304,15.741923712063324
1,Example Airplane,Main Wing,37,Brpp_GP1_CgP1,130.02305075999266,64.64806574198194,17.832889918478564
1,Example Airplane,Main Wing,37,Blpp_GP1_CgP1,130.06918669018717,24.597229369946167,8.66004120752862
1,Example Airplane,Main Wing,38,Flpp_GP1_CgP1,104.39393818530449,64.1794687121304,15.741923712063324
1,Example Airplane,Main Wing,38,Frpp_GP1_CgP1,102.31474724773527,99.12936322444195,25.82735554058267
1,Example Airplane,Main Wing,38,Brpp_GP1_CgP1,127.30396422249588,99.87101949341417,30.468317014536233
1,Example Airplane,Main Wing,38,Blpp_GP1_CgP1,130.02305075999266,64.64806574198194,17.832889918478564
1,Example Airplane,Main Wing,39,Flpp_GP1_CgP1,102.31474724773527,99.12936322444195,25.82735554058267
1,Example Airplane,Main Wing,39,Frpp_GP1_CgP1,99.84708390603696,139.85931423600348,31.47896217586973
1,Example Airplane,Main Wing,39,Brpp_GP1_CgP1,124.44324545272129,141.2640945097027,37.74067859063401
1,Example Airplane,Main Wing,39,Blpp_GP1_CgP1,127.30396422249588,99.87101949341417,30.468317014536233
1,Example Airplane,Main Wing,40,Flpp_GP1_CgP1,99.84708390603696,139.85931423600348,31.47896217586973
1,Example Airplane,Main Wing,40,Frpp_GP1_CgP1,95.37723938403929,178.51507053216372,38.20527649430432
1,Example Airplane,Main Wing,40,Brpp_GP1_CgP1,119.25872075636065,180.28910447135,46.10729332801629
1,Example Airplane,Main Wing,40,Blpp_GP1_CgP1,124.44324545272129,141.2640945097027,37.74067859063401
1,Example Airplane,Main Wing,41,Flpp_GP1_CgP1,95.37723938403929,178.51507053216372,38.20527649430432
1,Example Airplane,Main Wing,41,Frpp_GP1_CgP1,85.49924237728482,220.4538743351843,40.36551470290086
1,Example Airplane,Main Wing,41,Brpp_GP1_CgP1,107.5828580450953,222.05308595871557,48.2566826854716
1,Example Airplane,Main Wing,41,Blpp_GP1_CgP1,119.25872075636065,180.28910447135,46.10729332801629
1,Example Airplane,Main Wing,42,Flpp_GP1_CgP1,85.49924237728482,220.4538743351843,40.36551470290086
1,Example Airplane,Main Wing,42,Frpp_GP1_CgP1,67.58332672693551,260.4301492718325,42.03883476472199
1,Example Airplane,Main Wing,42,Brpp_GP1_CgP1,85.6177363507547,262.5346134261457,50.924634421816215
1,Example Airplane,Main Wing,42,Blpp_GP1_CgP1,107.5828580450953,222.05308595871557,48.2566826854716
1,Example Airplane,Main Wing,43,Flpp_GP1_CgP1,67.58332672693551,260.4301492718325,42.03883476472199
1,Example Airplane,Main Wing,43,Frpp_GP1_CgP1,40.2366180358422,295.03996122701494,30.73240566794705
1,Example Airplane,Main Wing,43,Brpp_GP1_CgP1,51.53282835528405,296.5498824997974,38.679243398227314
1,Example Airplane,Main Wing,43,Blpp_GP1_CgP1,85.6177363507547,262.5346134261457,50.924634421816215
1,Example Airplane,Main Wing,44,Flpp_GP1_CgP1,40.2366180358422,295.03996122701494,30.73240566794705
1,Example Airplane,Main Wing,44,Frpp_GP1_CgP1,12.824507182399927,309.8349249397224,12.014721681224255
1,Example Airplane,Main Wing,44,Brpp_GP1_CgP1,16.643177389471816,309.9586023354621,15.053590556786471
1,Example Airplane,Main Wing,44,Blpp_GP1_CgP1,51.53282835528405,296.5498824997974,38.679243398227314
1,Example Airplane,Main Wing,45,Flpp_GP1_CgP1,130.3894602141573,0.5002997184200922,-0.06559737602791249
1,Example Airplane,Main Wing,45,Frpp_GP1_CgP1,130.06918669018717,24.597229369946167,8.66004120752862
1,Example Airplane,Main Wing,45,Brpp_GP1_CgP1,156.09897350665483,24.35407135602825,9.370432287821199
1,Example Airplane,Main Wing,45,Blpp_GP1_CgP1,156.4673009013703,0.5000035287968417,-0.0007723242811861292
1,Example Airplane,Main Wing,46,Flpp_GP1_CgP1,130.06918669018717,24.597229369946167,8.66004120752862
1,Example Airplane,Main Wing,46,Frpp_GP1_CgP1,130.02305075999266,64.64806574198194,17.832889918478564
1,Example Airplane,Main Wing,46,Brpp_GP1_CgP1,155.65119124544105,65.11666844821677,19.93731849357218
1,Example Airplane,Main Wing,46,Blpp_GP1_CgP1,156.09897350665483,24.35407135602825,9.370432287821199
1,Example Airplane,Main Wing,47,Flpp_GP1_CgP1,130.02305075999266,64.64806574198194,17.832889918478564
1,Example Airplane,Main Wing,47,Frpp_GP1_CgP1,127.30396422249588,99.87101949341417,30.468317014536233
1,Example Airplane,Main Wing,47,Brpp_GP1_CgP1,152.61517698635262,100.60557871686537,32.86166930959217
1,Example Airplane,Main Wing,47,Blpp_GP1_CgP1,155.65119124544105,65.11666844821677,19.93731849357218
1,Example Airplane,Main Wing,48,Flpp_GP1_CgP1,127.30396422249588,99.87101949341417,30.468317014536233
1,Example Airplane,Main Wing,48,Frpp_GP1_CgP1,124.44324545272129,141.2640945097027,37.74067859063401
1,Example Airplane,Main Wing,48,Brpp_GP1_CgP1,149.47858557123976,142.66476640158757,41.95390398292386
1,Example Airplane,Main Wing,48,Blpp_GP1_CgP1,152.61517698635262,100.60557871686537,32.86166930959217
1,Example Airplane,Main Wing,49,Flpp_GP1_CgP1,124.44324545272129,141.2640945097027,37.74067859063401
1,Example Airplane,Main Wing,49,Frpp_GP1_CgP1,119.25872075636065,180.28910447135,46.10729332801629
1,Example Airplane,Main Wing,49,Brpp_GP1_CgP1,143.9345939621425,182.0584969237513,51.06507518482005
1,Example Airplane,Main Wing,49,Blpp_GP1_CgP1,149.47858557123976,142.66476640158757,41.95390398292386
1,Example Airplane,Main Wing,50,Flpp_GP1_CgP1,119.25872075636065,180.28910447135,46.10729332801629
1,Example Airplane,Main Wing,50,Frpp_GP1_CgP1,107.5828580450953,222.05308595871557,48.2566826854716
1,Example Airplane,Main Wing,50,Brpp_GP1_CgP1,129.7899798788342,223.65267654119322,55.79245008725409
1,Example Airplane,Main Wing,50,Blpp_GP1_CgP1,143.9345939621425,182.0584969237513,51.06507518482005
1,Example Airplane,Main Wing,51,Flpp_GP1_CgP1,107.5828580450953,222.05308595871557,48.2566826854716
1,Example Airplane,Main Wing,51,Frpp_GP1_CgP1,85.6177363507547,262.5346134261457,50.924634421816215
1,Example Airplane,Main Wing,51,Brpp_GP1_CgP1,104.09909088448646,264.6447718405932,58.83493086337987
1,Example Airplane,Main Wing,51,Blpp_GP1_CgP1,129.7899798788342,223.65267654119322,55.79245008725409
1,Example Airplane,Main Wing,52,Flpp_GP1_CgP1,85.6177363507547,262.5346134261457,50.924634421816215
1,Example Airplane,Main Wing,52,Frpp_GP1_CgP1,51.53282835528405,296.5498824997974,38.679243398227314
1,Example Airplane,Main Wing,52,Brpp_GP1_CgP1,63.128401054516424,298.07238886503825,46.18139019123564
1,Example Airplane,Main Wing,52,Blpp_GP1_CgP1,104.09909088448646,264.6447718405932,58.83493086337987
1,Example Airplane,Main Wing,53,Flpp_GP1_CgP1,51.53282835528405,296.5498824997974,38.679243398227314
1,Example Airplane,Main Wing,53,Frpp_GP1_CgP1,16.643177389471816,309.9586023354621,15.053590556786471
1,Example Airplane,Main Wing,53,Brpp_GP1_CgP1,20.458817178311357,310.08220536489057,18.096266611050932
1,Example Airplane,Main Wing,53,Blpp_GP1_CgP1,63.128401054516424,298.07238886503825,46.18139019123564
1,Example Airplane,Reflected Main Wing,0,Flpp_GP1_CgP1,-2.4803763514686916,-309.3394747790051,-0.10265390051092016
1,Example Airplane,Reflected Main Wing,0,Frpp_GP1_CgP1,-4.259930026084565,-289.0315015592745,-2.0226739620384286
1,Example Airplane,Reflected Main Wing,0,Brpp_GP1_CgP1,6.935485339765813,-290.53695966015306,6.068496638844927
1,Example Airplane,Reflected Main Wing,0,Blpp_GP1_CgP1,1.350375263312503,-309.46344835414754,2.9209589898313237
1,Example Airplane,Reflected Main Wing,1,Flpp_GP1_CgP1,-4.259930026084565,-289.0315015592745,-2.0226739620384286
1,Example Airplane,Reflected Main Wing,1,Frpp_GP1_CgP1,-0.45378514818466176,-252.1415577300979,-0.4719075430277042
1,Example Airplane,Reflected Main Wing,1,Brpp_GP1_CgP1,15.290316274532763,-254.16351708143625,12.040329556393948
1,Example Airplane,Reflected Main Wing,1,Blpp_GP1_CgP1,6.935485339765812,-290.53695966015306,6.068496638844927
1,Example Airplane,Reflected Main Wing,2,Flpp_GP1_CgP1,-0.45378514818466176,-252.1415577300979,-0.4719075430277042
1,Example Airplane,Reflected Main Wing,2,Frpp_GP1_CgP1,1.039393324434485,-214.11761940350257,-0.0768370400378715
1,Example Airplane,Reflected Main Wing,2,Brpp_GP1_CgP1,21.313631516807412,-215.6831510012005,11.708863933422082
1,Example Airplane,Reflected Main Wing,2,Blpp_GP1_CgP1,15.290316274532763,-254.16351708143625,12.040329556393948
1,Example Airplane,Reflected Main Wing,3,Flpp_GP1_CgP1,1.039393324434485,-214.11761940350257,-0.0768370400378715
1,Example Airplane,Reflected Main Wing,3,Frpp_GP1_CgP1,2.3704115246063346,-171.46276700381404,0.21076884145812946
1,Example Airplane,Reflected Main Wing,3,Brpp_GP1_CgP1,24.63367008694959,-173.20336142578913,11.949166535423316
1,Example Airplane,Reflected Main Wing,3,Blpp_GP1_CgP1,21.313631516807412,-215.6831510012005,11.708863933422082
1,Example Airplane,Reflected Main Wing,4,Flpp_GP1_CgP1,2.3704115246063346,-171.46276700381404,0.21076884145812946
1,Example Airplane,Reflected Main Wing,4,Frpp_GP1_CgP1,3.1772232234944364,-134.25038917141305,0.37537704839198827
1,Example Airplane,Reflected Main Wing,4,Brpp_GP1_CgP1,27.18726996986476,-135.6506897955368,8.633676555744277
1,Example Airplane,Reflected Main Wing,4,Blpp_GP1_CgP1,24.63367008694959,-173.20336142578913,11.949166535423316
1,Example Airplane,Reflected Main Wing,5,Flpp_GP1_CgP1,3.1772232234944364,-134.25038917141305,0.3753770483919882
1,Example Airplane,Reflected Main Wing,5,Frpp_GP1_CgP1,3.798909329710082,-96.1551271255515,0.5508939054901931
1,Example Airplane,Reflected Main Wing,5,Brpp_GP1_CgP1,28.347764084794957,-96.8986522462479,7.179836229116925
1,Example Airplane,Reflected Main Wing,5,Blpp_GP1_CgP1,27.18726996986476,-135.6506897955368,8.633676555744277
1,Example Airplane,Reflected Main Wing,6,Flpp_GP1_CgP1,3.798909329710082,-96.1551271255515,0.5508939054901931
1,Example Airplane,Reflected Main Wing,6,Frpp_GP1_CgP1,2.8049803647945177,-62.30983081708401,0.4040171324054779
1,Example Airplane,Reflected Main Wing,6,Brpp_GP1_CgP1,27.957507258159456,-62.7754076466097,5.743999134188109
1,Example Airplane,Reflected Main Wing,6,Blpp_GP1_CgP1,28.347764084794957,-96.8986522462479,7.179836229116925
1,Example Airplane,Reflected Main Wing,7,Flpp_GP1_CgP1,2.8049803647945177,-62.30983081708401,0.4040171324054779
1,Example Airplane,Reflected Main Wing,7,Frpp_GP1_CgP1,0.17266755715981355,-25.831482656431692,0.11574109240509525
1,Example Airplane,Reflected Main Wing,7,Brpp_GP1_CgP1,26.106348163634912,-25.582408618274005,2.4595274401878706
1,Example Airplane,Reflected Main Wing,7,Blpp_GP1_CgP1,27.957507258159456,-62.7754076466097,5.743999134188109
1,Example Airplane,Reflected Main Wing,8,Flpp_GP1_CgP1,0.17266755715981355,-25.831482656431692,0.11574109240509525
1,Example Airplane,Reflected Main Wing,8,Frpp_GP1_CgP1,0.0,-0.5,3.492210075350052e-20
1,Example Airplane,Reflected Main Wing,8,Brpp_GP1_CgP1,26.077839919979876,-0.5002976103442084,-0.06513599548812603
1,Example Airplane,Reflected Main Wing,8,Blpp_GP1_CgP1,26.106348163634912,-25.582408618274005,2.4595274401878706
1,Example Airplane,Reflected Main Wing,9,Flpp_GP1_CgP1,1.350375263312503,-309.46344835414754,2.9209589898313237
1,Example Airplane,Reflected Main Wing,9,Frpp_GP1_CgP1,6.935485339765813,-290.53695966015306,6.068496638844927
1,Example Airplane,Reflected Main Wing,9,Brpp_GP1_CgP1,18.095777800554597,-292.04079570227884,14.208364838188116
1,Example Airplane,Reflected Main Wing,9,Blpp_GP1_CgP1,5.1781122998412314,-309.5873480707681,5.948390296858253
1,Example Airplane,Reflected Main Wing,10,Flpp_GP1_CgP1,6.935485339765812,-290.53695966015306,6.068496638844927
1,Example Airplane,Reflected Main Wing,10,Frpp_GP1_CgP1,15.290316274532763,-254.16351708143625,12.040329556393948
1,Example Airplane,Reflected Main Wing,10,Brpp_GP1_CgP1,32.36745811158907,-256.2407222149552,22.627798061597225
1,Example Airplane,Reflected Main Wing,10,Blpp_GP1_CgP1,18.095777800554597,-292.04079570227884,14.208364838188116
1,Example Airplane,Reflected Main Wing,11,Flpp_GP1_CgP1,15.290316274532763,-254.16351708143625,12.040329556393948
1,Example Airplane,Reflected Main Wing,11,Frpp_GP1_CgP1,21.313631516807412,-215.6831510012005,11.708863933422082
1,Example Airplane,Reflected Main Wing,11,Brpp_GP1_CgP1,42.30035964604211,-217.26644337781835,22.17082986922426
1,Example Airplane,Reflected Main Wing,11,Blpp_GP1_CgP1,32.36745811158907,-256.2407222149552,22.627798061597225
1,Example Airplane,Reflected Main Wing,12,Flpp_GP1_CgP1,21.313631516807412,-215.6831510012005,11.708863933422082
1,Example Airplane,Reflected Main Wing,12,Frpp_GP1_CgP1,24.63367008694959,-173.20336142578913,11.949166535423316
1,Example Airplane,Reflected Main Wing,12,Brpp_GP1_CgP1,48.346707432141905,-174.97614780094653,20.36303863693918
1,Example Airplane,Reflected Main Wing,12,Blpp_GP1_CgP1,42.30035964604211,-217.26644337781835,22.17082986922426
1,Example Airplane,Reflected Main Wing,13,Flpp_GP1_CgP1,24.63367008694959,-173.20336142578913,11.949166535423316
1,Example Airplane,Reflected Main Wing,13,Frpp_GP1_CgP1,27.18726996986476,-135.6506897955368,8.633676555744277
1,Example Airplane,Reflected Main Wing,13,Brpp_GP1_CgP1,51.30458857344207,-137.0524410858801,16.573238878898017
1,Example Airplane,Reflected Main Wing,13,Blpp_GP1_CgP1,48.346707432141905,-174.97614780094653,20.36303863693918
1,Example Airplane,Reflected Main Wing,14,Flpp_GP1_CgP1,27.18726996986476,-135.6506897955368,8.633676555744277
1,Example Airplane,Reflected Main Wing,14,Frpp_GP1_CgP1,28.347764084794957,-96.8986522462479,7.179836229116925
1,Example Airplane,Reflected Main Wing,14,Brpp_GP1_CgP1,52.94177072645523,-97.64223440365538,13.63939611559061
1,Example Airplane,Reflected Main Wing,14,Blpp_GP1_CgP1,51.30458857344207,-137.0524410858801,16.573238878898017
1,Example Airplane,Reflected Main Wing,15,Flpp_GP1_CgP1,28.347764084794957,-96.8986522462479,7.179836229116925
1,Example Airplane,Reflected Main Wing,15,Frpp_GP1_CgP1,27.957507258159456,-62.7754076466097,5.743999134188109
1,Example Airplane,Reflected Main Wing,15,Brpp_GP1_CgP1,53.307478561040426,-63.24278018430632,10.052366135472859
1,Example Airplane,Reflected Main Wing,15,Blpp_GP1_CgP1,52.94177072645523,-97.64223440365538,13.63939611559061
1,Example Airplane,Reflected Main Wing,16,Flpp_GP1_CgP1,27.957507258159456,-62.7754076466097,5.743999134188109
1,Example Airplane,Reflected Main Wing,16,Frpp_GP1_CgP1,26.106348163634912,-25.582408618274005,2.4595274401878706
1,Example Airplane,Reflected Main Wing,16,Brpp_GP1_CgP1,52.067668569394776,-25.3344473940729,4.474883321281167
1,Example Airplane,Reflected Main Wing,16,Blpp_GP1_CgP1,53.307478561040426,-63.24278018430632,10.052366135472859
1,Example Airplane,Reflected Main Wing,17,Flpp_GP1_CgP1,26.106348163634912,-25.582408618274005,2.4595274401878706
1,Example Airplane,Reflected Main Wing,17,Frpp_GP1_CgP1,26.077839919979876,-0.5002976103442084,-0.06513599548812603
1,Example Airplane,Reflected Main Wing,17,Brpp_GP1_CgP1,52.155731800214504,-0.500476468228559,-0.10428143036560295
1,Example Airplane,Reflected Main Wing,17,Blpp_GP1_CgP1,52.067668569394776,-25.3344473940729,4.474883321281167
1,Example Airplane,Reflected Main Wing,18,Flpp_GP1_CgP1,5.1781122998412314,-309.5873480707681,5.948390296858253
1,Example Airplane,Reflected Main Wing,18,Frpp_GP1_CgP1,18.095777800554597,-292.04079570227884,14.208364838188116
1,Example Airplane,Reflected Main Wing,18,Brpp_GP1_CgP1,29.199053219022655,-293.5419439043119,22.425980877368488
1,Example Airplane,Reflected Main Wing,18,Blpp_GP1_CgP1,9.002820634064488,-309.7111735527486,8.979650047008182
1,Example Airplane,Reflected Main Wing,19,Flpp_GP1_CgP1,18.095777800554597,-292.04079570227884,14.208364838188116
1,Example Airplane,Reflected Main Wing,19,Frpp_GP1_CgP1,32.36745811158907,-256.2407222149552,22.627798061597225
1,Example Airplane,Reflected Main Wing,19,Brpp_GP1_CgP1,49.908525394291956,-258.3336930937519,32.45633633045792
1,Example Airplane,Reflected Main Wing,19,Blpp_GP1_CgP1,29.199053219022655,-293.5419439043119,22.425980877368488
1,Example Airplane,Reflected Main Wing,20,Flpp_GP1_CgP1,32.36745811158907,-256.2407222149552,22.627798061597225
1,Example Airplane,Reflected Main Wing,20,Frpp_GP1_CgP1,42.30035964604211,-217.26644337781835,22.17082986922426
1,Example Airplane,Reflected Main Wing,20,Brpp_GP1_CgP1,63.613624449326345,-218.8562802650146,31.951705271314392
1,Example Airplane,Reflected Main Wing,20,Blpp_GP1_CgP1,49.908525394291956,-258.3336930937519,32.45633633045792
1,Example Airplane,Reflected Main Wing,21,Flpp_GP1_CgP1,42.30035964604211,-217.26644337781835,22.17082986922426
1,Example Airplane,Reflected Main Wing,21,Frpp_GP1_CgP1,48.346707432141905,-174.97614780094653,20.36303863693918
1,Example Airplane,Reflected Main Wing,21,Brpp_GP1_CgP1,72.25099625589527,-176.75147817482625,28.252558574581375
1,Example Airplane,Reflected Main Wing,21,Blpp_GP1_CgP1,63.613624449326345,-218.8562802650146,31.951705271314392
1,Example Airplane,Reflected Main Wing,22,Flpp_GP1_CgP1,48.346707432141905,-174.97614780094653,20.36303863693918
1,Example Airplane,Reflected Main Wing,22,Frpp_GP1_CgP1,51.30458857344207,-137.0524410858801,16.573238878898017
1,Example Airplane,Reflected Main Wing,22,Brpp_GP1_CgP1,75.52690869418437,-138.45539770751697,24.184926171293
1,Example Airplane,Reflected Main Wing,22,Blpp_GP1_CgP1,72.25099625589527,-176.75147817482625,28.252558574581375
1,Example Airplane,Reflected Main Wing,23,Flpp_GP1_CgP1,51.30458857344207,-137.0524410858801,16.573238878898017
1,Example Airplane,Reflected Main Wing,23,Frpp_GP1_CgP1,52.94177072645523,-97.64223440365538,13.63939611559061
1,Example Airplane,Reflected Main Wing,23,Brpp_GP1_CgP1,77.59620935150089,-98.38582766714958,19.863213710592596
1,Example Airplane,Reflected Main Wing,23,Blpp_GP1_CgP1,75.52690869418437,-138.45539770751697,24.184926171293
1,Example Airplane,Reflected Main Wing,24,Flpp_GP1_CgP1,52.94177072645523,-97.64223440365538,13.63939611559061
1,Example Airplane,Reflected Main Wing,24,Frpp_GP1_CgP1,53.307478561040426,-63.24278018430632,10.052366135472859
1,Example Airplane,Reflected Main Wing,24,Brpp_GP1_CgP1,78.76617187937165,-63.71090207125826,13.654401733720896
1,Example Airplane,Reflected Main Wing,24,Blpp_GP1_CgP1,77.59620935150089,-98.38582766714958,19.863213710592596
1,Example Airplane,Reflected Main Wing,25,Flpp_GP1_CgP1,53.307478561040426,-63.24278018430632,10.052366135472859
1,Example Airplane,Reflected Main Wing,25,Frpp_GP1_CgP1,52.067668569394776,-25.3344473940729,4.474883321281167
1,Example Airplane,Reflected Main Wing,25,Brpp_GP1_CgP1,78.04990623418574,-25.087500131517526,6.200438270187905
1,Example Airplane,Reflected Main Wing,25,Blpp_GP1_CgP1,78.76617187937165,-63.71090207125826,13.654401733720896
1,Example Airplane,Reflected Main Wing,26,Flpp_GP1_CgP1,52.067668569394776,-25.3344473940729,4.474883321281167
1,Example Airplane,Reflected Main Wing,26,Frpp_GP1_CgP1,52.155731800214504,-0.500476468228559,-0.10428143036560295
1,Example Airplane,Reflected Main Wing,26,Brpp_GP1_CgP1,78.23364978023987,-0.5005361676440435,-0.1173474441427518
1,Example Airplane,Reflected Main Wing,26,Blpp_GP1_CgP1,78.04990623418574,-25.087500131517526,6.200438270187905
1,Example Airplane,Reflected Main Wing,27,Flpp_GP1_CgP1,9.002820634064488,-309.7111735527486,8.979650047008182
1,Example Airplane,Reflected Main Wing,27,Frpp_GP1_CgP1,29.199053219022655,-293.5419439043119,22.425980877368488
1,Example Airplane,Reflected Main Wing,27,Brpp_GP1_CgP1,40.2366180358422,-295.03996122701494,30.73240566794705
1,Example Airplane,Reflected Main Wing,27,Blpp_GP1_CgP1,12.824507182399927,-309.8349249397224,12.014721681224255
1,Example Airplane,Reflected Main Wing,28,Flpp_GP1_CgP1,29.199053219022655,-293.5419439043119,22.425980877368488
1,Example Airplane,Reflected Main Wing,28,Frpp_GP1_CgP1,49.908525394291956,-258.3336930937519,32.45633633045792
1,Example Airplane,Reflected Main Wing,28,Brpp_GP1_CgP1,67.58332672693551,-260.4301492718325,42.03883476472199
1,Example Airplane,Reflected Main Wing,28,Blpp_GP1_CgP1,40.2366180358422,-295.03996122701494,30.73240566794705
1,Example Airplane,Reflected Main Wing,29,Flpp_GP1_CgP1,49.908525394291956,-258.3336930937519,32.45633633045792
1,Example Airplane,Reflected Main Wing,29,Frpp_GP1_CgP1,63.613624449326345,-218.8562802650146,31.951705271314392
1,Example Airplane,Reflected Main Wing,29,Brpp_GP1_CgP1,85.49924237728482,-220.4538743351843,40.36551470290086
1,Example Airplane,Reflected Main Wing,29,Blpp_GP1_CgP1,67.58332672693551,-260.4301492718325,42.03883476472199
1,Example Airplane,Reflected Main Wing,30,Flpp_GP1_CgP1,63.613624449326345,-218.8562802650146,31.951705271314392
1,Example Airplane,Reflected Main Wing,30,Frpp_GP1_CgP1,72.25099625589527,-176.75147817482625,28.252558574581375
1,Example Airplane,Reflected Main Wing,30,Brpp_GP1_CgP1,95.37723938403929,-178.51507053216372,38.20527649430432
1,Example Airplane,Reflected Main Wing,30,Blpp_GP1_CgP1,85.49924237728482,-220.4538743351843,40.36551470290086
1,Example Airplane,Reflected Main Wing,31,Flpp_GP1_CgP1,72.25099625589527,-176.75147817482625,28.252558574581375
1,Example Airplane,Reflected Main Wing,31,Frpp_GP1_CgP1,75.52690869418437,-138.45539770751697,24.184926171293
1,Example Airplane,Reflected Main Wing,31,Brpp_GP1_CgP1,99.84708390603696,-139.85931423600348,31.47896217586973
1,Example Airplane,Reflected Main Wing,31,Blpp_GP1_CgP1,95.37723938403929,-178.51507053216372,38.20527649430432
1,Example Airplane,Reflected Main Wing,32,Flpp_GP1_CgP1,75.52690869418437,-138.45539770751697,24.184926171293
1,Example Airplane,Reflected Main Wing,32,Frpp_GP1_CgP1,77.59620935150089,-98.38582766714958,19.863213710592596
1,Example Airplane,Reflected Main Wing,32,Brpp_GP1_CgP1,102.31474724773527,-99.12936322444195,25.82735554058267
1,Example Airplane,Reflected Main Wing,32,Blpp_GP1_CgP1,99.84708390603696,-139.85931423600348,31.47896217586973
1,Example Airplane,Reflected Main Wing,33,Flpp_GP1_CgP1,77.59620935150089,-98.38582766714958,19.863213710592596
1,Example Airplane,Reflected Main Wing,33,Frpp_GP1_CgP1,78.76617187937165,-63.71090207125826,13.654401733720896
1,Example Airplane,Reflected Main Wing,33,Brpp_GP1_CgP1,104.39393818530449,-64.1794687121304,15.741923712063324
1,Example Airplane,Reflected Main Wing,33,Blpp_GP1_CgP1,102.31474724773527,-99.12936322444195,25.82735554058267
1,Example Airplane,Reflected Main Wing,34,Flpp_GP1_CgP1,78.76617187937165,-63.71090207125826,13.654401733720896
1,Example Airplane,Reflected Main Wing,34,Frpp_GP1_CgP1,78.04990623418574,-25.087500131517526,6.200438270187905
1,Example Airplane,Reflected Main Wing,34,Brpp_GP1_CgP1,104.0505806587595,-24.841660023659628,7.619312206772346
1,Example Airplane,Reflected Main Wing,34,Blpp_GP1_CgP1,104.39393818530449,-64.1794687121304,15.741923712063324
1,Example Airplane,Reflected Main Wing,35,Flpp_GP1_CgP1,78.04990623418574,-25.087500131517526,6.200438270187905
1,Example Airplane,Reflected Main Wing,35,Frpp_GP1_CgP1,78.23364978023987,-0.5005361676440435,-0.1173474441427518
1,Example Airplane,Reflected Main Wing,35,Brpp_GP1_CgP1,104.31156785410995,-0.5004771301720901,-0.1044263055411497
1,Example Airplane,Reflected Main Wing,35,Blpp_GP1_CgP1,104.0505806587595,-24.841660023659628,7.619312206772346
1,Example Airplane,Reflected Main Wing,36,Flpp_GP1_CgP1,12.824507182399927,-309.8349249397224,12.014721681224255
1,Example Airplane,Reflected Main Wing,36,Frpp_GP1_CgP1,40.2366180358422,-295.03996122701494,30.73240566794705
1,Example Airplane,Reflected Main Wing,36,Brpp_GP1_CgP1,51.53282835528405,-296.5498824997974,38.679243398227314
1,Example Airplane,Reflected Main Wing,36,Blpp_GP1_CgP1,16.643177389471816,-309.9586023354621,15.053590556786471
1,Example Airplane,Reflected Main Wing,37,Flpp_GP1_CgP1,40.2366180358422,-295.03996122701494,30.73240566794705
1,Example Airplane,Reflected Main Wing,37,Frpp_GP1_CgP1,67.58332672693551,-260.4301492718325,42.03883476472199
1,Example Airplane,Reflected Main Wing,37,Brpp_GP1_CgP1,85.6177363507547,-262.5346134261457,50.924634421816215
1,Example Airplane,Reflected Main Wing,37,Blpp_GP1_CgP1,51.53282835528405,-296.5498824997974,38.679243398227314
1,Example Airplane,Reflected Main Wing,38,Flpp_GP1_CgP1,67.58332672693551,-260.4301492718325,42.03883476472199
1,Example Airplane,Reflected Main Wing,38,Frpp_GP1_CgP1,85.49924237728482,-220.4538743351843,40.36551470290086
1,Example Airplane,Reflected Main Wing,38,Brpp_GP1_CgP1,107.5828580450953,-222.05308595871557,48.2566826854716
1,Example Airplane,Reflected Main Wing,38,Blpp_GP1_CgP1,85.6177363507547,-262.5346134261457,50.924634421816215
1,Example Airplane,Reflected Main Wing,39,Flpp_GP1_CgP1,85.49924237728482,-220.4538743351843,40.36551470290086
1,Example Airplane,Reflected Main Wing,39,Frpp_GP1_CgP1,95.37723938403929,-178.51507053216372,38.20527649430432
1,Example Airplane,Reflected Main Wing,39,Brpp_GP1_CgP1,119.25872075636065,-180.28910447135,46.10729332801629
1,Example Airplane,Reflected Main Wing,39,Blpp_GP1_CgP1,107.5828580450953,-222.05308595871557,48.2566826854716
1,Example Airplane,Reflected Main Wing,40,Flpp_GP1_CgP1,95.37723938403929,-178.51507053216372,38.20527649430432
1,Example Airplane,Reflected Main Wing,40,Frpp_GP1_CgP1,99.84708390603696,-139.85931423600348,31.47896217586973
1,Example Airplane,Reflected Main Wing,40,Brpp_GP1_CgP1,124.44324545272129,-141.2640945097027,37.74067859063401
1,Example Airplane,Reflected Main Wing,40,Blpp_GP1_CgP1,119.25872075636065,-180.28910447135,46.10729332801629
1,Example Airplane,Reflected Main Wing,41,Flpp_GP1_CgP1,99.84708390603696,-139.85931423600348,31.47896217586973
1,Example Airplane,Reflected Main Wing,41,Frpp_GP1_CgP1,102.31474724773527,-99.12936322444195,25.82735554058267
1,Example Airplane,Reflected Main Wing,41,Brpp_GP1_CgP1,127.30396422249588,-99.87101949341417,30.468317014536233
1,Example Airplane,Reflected Main Wing,41,Blpp_GP1_CgP1,124.44324545272129,-141.2640945097027,37.74067859063401
1,Example Airplane,Reflected Main Wing,42,Flpp_GP1_CgP1,102.31474724773527,-99.12936322444195,25.82735554058267
1,Example Airplane,Reflected Main Wing,42,Frpp_GP1_CgP1,104.39393818530449,-64.1794687121304,15.741923712063324
1,Example Airplane,Reflected Main Wing,42,Brpp_GP1_CgP1,130.02305075999266,-64.64806574198194,17.832889918478564
1,Example Airplane,Reflected Main Wing,42,Blpp_GP1_CgP1,127.30396422249588,-99.87101949341417,30.468317014536233
1,Example Airplane,Reflected Main Wing,43,Flpp_GP1_CgP1,104.39393818530449,-64.1794687121304,15.741923712063324
1,Example Airplane,Reflected Main Wing,43,Frpp_GP1_CgP1,104.0505806587595,-24.841660023659628,7.619312206772346
1,Example Airplane,Reflected Main Wing,43,Brpp_GP1_CgP1,130.06918669018717,-24.597229369946167,8.66004120752862
1,Example Airplane,Reflected Main Wing,43,Blpp_GP1_CgP1,130.02305075999266,-64.64806574198194,17.832889918478564
1,Example Airplane,Reflected Main Wing,44,Flpp_GP1_CgP1,104.0505806587595,-24.841660023659628,7.619312206772346
1,Example Airplane,Reflected Main Wing,44,Frpp_GP1_CgP1,104.31156785410995,-0.5004771301720901,-0.1044263055411497
1,Example Airplane,Reflected Main Wing,44,Brpp_GP1_CgP1,130.3894602141573,-0.5002997184200922,-0.06559737602791249
1,Example Airplane,Reflected Main Wing,44,Blpp_GP1_CgP1,130.06918669018717,-24.597229369946167,8.66004120752862
1,Example Airplane,Reflected Main Wing,45,Flpp_GP1_CgP1,16.643177389471816,-309.9586023354621,15.053590556786471
1,Example Airplane,Reflected Main Wing,45,Frpp_GP1_CgP1,51.53282835528405,-296.5498824997974,38.679243398227314
1,Example Airplane,Reflected Main Wing,45,Brpp_GP1_CgP1,63.128401054516424,-298.07238886503825,46.18139019123564
1,Example Airplane,Reflected Main Wing,45,Blpp_GP1_CgP1,20.458817178311357,-310.08220536489057,18.096266611050932
1,Example Airplane,Reflected Main Wing,46,Flpp_GP1_CgP1,51.53282835528405,-296.5498824997974,38.679243398227314
1,Example Airplane,Reflected Main Wing,46,Frpp_GP1_CgP1,85.6177363507547,-262.5346134261457,50.924634421816215
1,Example Airplane,Reflected Main Wing,46,Brpp_GP1_CgP1,104.09909088448646,-264.6447718405932,58.83493086337987
1,Example Airplane,Reflected Main Wing,46,Blpp_GP1_CgP1,63.128401054516424,-298.07238886503825,46.18139019123564
1,Example Airplane,Reflected Main Wing,47,Flpp_GP1_CgP1,85.6177363507547,-262.5346134261457,50.924634421816215
1,Example Airplane,Reflected Main Wing,47,Frpp_GP1_CgP1,107.5828580450953,-222.05308595871557,48.2566826854716
1,Example Airplane,Reflected Main Wing,47,Brpp_GP1_CgP1,129.7899798788342,-223.65267654119322,55.79245008725409
1,Example Airplane,Reflected Main Wing,47,Blpp_GP1_CgP1,104.09909088448646,-264.6447718405932,58.83493086337987
1,Example Airplane,Reflected Main Wing,48,Flpp_GP1_CgP1,107.5828580450953,-222.05308595871557,48.2566826854716
1,Example Airplane,Reflected Main Wing,48,Frpp_GP1_CgP1,119.25872075636065,-180.28910447135,46.10729332801629
1,Example Airplane,Reflected Main Wing,48,Brpp_GP1_CgP1,143.9345939621425,-182.0584969237513,51.06507518482005
1,Example Airplane,Reflected Main Wing,48,Blpp_GP1_CgP1,129.7899798788342,-223.65267654119322,55.79245008725409
1,Example Airplane,Reflected Main Wing,49,Flpp_GP1_CgP1,119.25872075636065,-180.28910447135,46.10729332801629
1,Example Airplane,Reflected Main Wing,49,Frpp_GP1_CgP1,124.44324545272129,-141.2640945097027,37.74067859063401
1,Example Airplane,Reflected Main Wing,49,Brpp_GP1_CgP1,149.47858557123976,-142.66476640158757,41.95390398292386
1,Example Airplane,Reflected Main Wing,49,Blpp_GP1_CgP1,143.9345939621425,-182.0584969237513,51.06507518482005
1,Example Airplane,Reflected Main Wing,50,Flpp_GP1_CgP1,124.44324545272129,-141.2640945097027,37.74067859063401
1,Example Airplane,Reflected Main Wing,50,Frpp_GP1_CgP1,127.30396422249588,-99.87101949341417,30.468317014536233
1,Example Airplane,Reflected Main Wing,50,Brpp_GP1_CgP1,152.61517698635262,-100.60557871686537,32.86166930959217
1,Example Airplane,Reflected Main Wing,50,Blpp_GP1_CgP1,149.47858557123976,-142.66476640158757,41.95390398292386
1,Example Airplane,Reflected Main Wing,51,Flpp_GP1_CgP1,127.30396422249588,-99.87101949341417,30.468317014536233
1,Example Airplane,Reflected Main Wing,51,Frpp_GP1_CgP1,130.02305075999266,-64.64806574198194,17.832889918478564
1,Example Airplane,Reflected Main Wing,51,Brpp_GP1_CgP1,155.65119124544105,-65.11666844821677,19.93731849357218
1,Example Airplane,Reflected Main Wing,51,Blpp_GP1_CgP1,152.61517698635262,-100.60557871686537,32.86166930959217
1,Example Airplane,Reflected Main Wing,52,Flpp_GP1_CgP1,130.02305075999266,-64.64806574198194,17.832889918478564
1,Example Airplane,Reflected Main Wing,52,Frpp_GP1_CgP1,130.06918669018717,-24.597229369946167,8.66004120752862
1,Example Airplane,Reflected Main Wing,52,Brpp_GP1_CgP1,156.09897350665483,-24.35407135602825,9.370432287821199
1,Example Airplane,Reflected Main Wing,52,Blpp_GP1_CgP1,155.65119124544105,-65.11666844821677,19.93731849357218
1,Example Airplane,Reflected Main Wing,53,Flpp_GP1_CgP1,130.06918669018717,-24.597229369946167,8.66004120752862
1,Example Airplane,Reflected Main Wing,53,Frpp_GP1_CgP1,130.3894602141573,-0.5002997184200922,-0.06559737602791249
1,Example Airplane,Reflected Main Wing,53,Brpp_GP1_CgP1,156.4673009013703,-0.5000035287968417,-0.0007723242811861292
1,Example Airplane,Reflected Main Wing,53,Blpp_GP1_CgP1,156.09897350665483,-24.35407135602825,9.370432287821199
2,Example Airplane,Main Wing,0,Flpp_GP1_CgP1,0.0,0.49999999999999994,-3.2485415766507114e-19
2,Example Airplane,Main Wing,0,Frpp_GP1_CgP1,0.21933496501433286,25.83312133924567,0.2314667313664046
2,Example Airplane,Main Wing,0,Brpp_GP1_CgP1,26.154565949862686,25.575567480384667,2.5685657260418844
2,Example Airplane,Main Wing,0,Blpp_GP1_CgP1,26.077839919979876,0.5005951238239805,-0.06513395664152673
2,Example Airplane,Main Wing,1,Flpp_GP1_CgP1,0.21933496501433286,25.83312133924567,0.2314667313664046
2,Example Airplane,Main Wing,1,Frpp_GP1_CgP1,2.85356273110788,62.33095068455662,0.6811707726130043
2,Example Airplane,Main Wing,1,Brpp_GP1_CgP1,28.00859586128182,62.80763443975741,6.019832627545069
2,Example Airplane,Main Wing,1,Blpp_GP1_CgP1,26.154565949862686,25.575567480384667,2.5685657260418844
2,Example Airplane,Main Wing,2,Flpp_GP1_CgP1,2.85356273110788,62.33095068455662,0.6811707726130043
2,Example Airplane,Main Wing,2,Frpp_GP1_CgP1,3.7201282805901723,96.17257386722308,0.9653404297663739
2,Example Airplane,Main Wing,2,Brpp_GP1_CgP1,28.2834820452887,96.93417944700975,7.572006145955137
2,Example Airplane,Main Wing,2,Blpp_GP1_CgP1,28.00859586128182,62.8076344397574,6.019832627545069
2,Example Airplane,Main Wing,3,Flpp_GP1_CgP1,3.7201282805901723,96.17257386722308,0.9653404297663739
2,Example Airplane,Main Wing,3,Frpp_GP1_CgP1,2.9080063457215264,134.21998083564785,0.9371634716271264
2,Example Airplane,Main Wing,3,Brpp_GP1_CgP1,26.958846827577524,135.64231500825508,9.129634156516465
2,Example Airplane,Main Wing,3,Blpp_GP1_CgP1,28.2834820452887,96.93417944700975,7.572006145955137
2,Example Airplane,Main Wing,4,Flpp_GP1_CgP1,2.9080063457215264,134.21998083564785,0.9371634716271264
2,Example Airplane,Main Wing,4,Frpp_GP1_CgP1,1.9144312529606926,171.33089469052248,0.9154410674548435
2,Example Airplane,Main Wing,4,Brpp_GP1_CgP1,24.250457731864632,173.0839549051466,12.548050850263934
2,Example Airplane,Main Wing,4,Blpp_GP1_CgP1,26.958846827577524,135.64231500825508,9.129634156516465
2,Example Airplane,Main Wing,5,Flpp_GP1_CgP1,1.9144312529606926,171.33089469052248,0.9154410674548435
2,Example Airplane,Main Wing,5,Frpp_GP1_CgP1,-0.15771259609191524,213.52447639335116,0.6033589356613349
2,Example Airplane,Main Wing,5,Brpp_GP1_CgP1,19.950395129318245,215.06975345368673,12.91849168747856
2,Example Airplane,Main Wing,5,Blpp_GP1_CgP1,24.250457731864632,173.0839549051466,12.548050850263934
2,Example Airplane,Main Wing,6,Flpp_GP1_CgP1,-0.1577125960919152,213.52447639335116,0.6033589356613349
2,Example Airplane,Main Wing,6,Frpp_GP1_CgP1,-1.2737772176793287,251.78803874340102,0.6436219822061069
2,Example Airplane,Main Wing,6,Brpp_GP1_CgP1,14.512587522069126,253.78954235375318,13.118869852791086
2,Example Airplane,Main Wing,6,Blpp_GP1_CgP1,19.950395129318245,215.06975345368673,12.91849168747856
2,Example Airplane,Main Wing,7,Flpp_GP1_CgP1,-1.2737772176793287,251.78803874340102,0.6436219822061069
2,Example Airplane,Main Wing,7,Frpp_GP1_CgP1,-5.346113040014007,288.60704238507907,-0.8400501447171402
2,Example Airplane,Main Wing,7,Brpp_GP1_CgP1,5.844299681109357,290.1101502839062,7.258856623550752
2,Example Airplane,Main Wing,7,Blpp_GP1_CgP1,14.512587522069126,253.78954235375318,13.118869852791086
2,Example Airplane,Main Wing,8,Flpp_GP1_CgP1,-5.346113040014007,288.60704238507907,-0.8400501447171402
2,Example Airplane,Main Wing,8,Frpp_GP1_CgP1,-3.4980109610289825,308.62318751052595,1.2473252601495417
2,Example Airplane,Main Wing,8,Brpp_GP1_CgP1,0.28909444838542875,308.7104530973739,4.291827203367454
2,Example Airplane,Main Wing,8,Blpp_GP1_CgP1,5.844299681109357,290.1101502839062,7.258856623550752
2,Example Airplane,Main Wing,9,Flpp_GP1_CgP1,26.077839919979876,0.5005951238239805,-0.06513395664152673
2,Example Airplane,Main Wing,9,Frpp_GP1_CgP1,26.154565949862686,25.575567480384667,2.5685657260418844
2,Example Airplane,Main Wing,9,Brpp_GP1_CgP1,52.1178703945996,25.320647438538558,4.570722951645144
2,Example Airplane,Main Wing,9,Blpp_GP1_CgP1,52.155731800214504,0.5009527813790863,-0.10427816621283953
2,Example Airplane,Main Wing,10,Flpp_GP1_CgP1,26.154565949862686,25.575567480384667,2.5685657260418844
2,Example Airplane,Main Wing,10,Frpp_GP1_CgP1,28.00859586128182,62.80763443975741,6.019832627545069
2,Example Airplane,Main Wing,10,Brpp_GP1_CgP1,53.37226376995754,63.29130422646678,10.259217722266103
2,Example Airplane,Main Wing,10,Blpp_GP1_CgP1,52.1178703945996,25.320647438538558,4.570722951645144
2,Example Airplane,Main Wing,11,Flpp_GP1_CgP1,28.00859586128182,62.8076344397574,6.019832627545069
2,Example Airplane,Main Wing,11,Frpp_GP1_CgP1,28.2834820452887,96.93417944700975,7.572006145955137
2,Example Airplane,Main Wing,11,Brpp_GP1_CgP1,52.89814475800393,97.69682074966171,13.984896820742962
2,Example Airplane,Main Wing,11,Blpp_GP1_CgP1,53.37226376995754,63.29130422646678,10.259217722266103
2,Example Airplane,Main Wing,12,Flpp_GP1_CgP1,28.2834820452887,96.93417944700975,7.572006145955137
2,Example Airplane,Main Wing,12,Frpp_GP1_CgP1,26.958846827577524,135.64231500825508,9.129634156516465
2,Example Airplane,Main Wing,12,Brpp_GP1_CgP1,51.11620781755316,137.06780099298172,17.00212247059611
2,Example Airplane,Main Wing,12,Blpp_GP1_CgP1,52.89814475800393,97.69682074966171,13.984896820742962
2,Example Airplane,Main Wing,13,Flpp_GP1_CgP1,26.958846827577524,135.64231500825508,9.129634156516465
2,Example Airplane,Main Wing,13,Frpp_GP1_CgP1,24.250457731864632,173.0839549051466,12.548050850263934
2,Example Airplane,Main Wing,13,Brpp_GP1_CgP1,47.99773646886221,174.88750953308775,20.90816754836963
2,Example Airplane,Main Wing,13,Blpp_GP1_CgP1,51.11620781755316,137.06780099298172,17.00212247059611
2,Example Airplane,Main Wing,14,Flpp_GP1_CgP1,24.250457731864632,173.0839549051466,12.548050850263934
2,Example Airplane,Main Wing,14,Frpp_GP1_CgP1,19.950395129318245,215.06975345368673,12.91849168747856
2,Example Airplane,Main Wing,14,Brpp_GP1_CgP1,41.05544187481393,216.6540765339978,23.425878680221143
2,Example Airplane,Main Wing,14,Blpp_GP1_CgP1,47.99773646886221,174.88750953308775,20.90816754836963
2,Example Airplane,Main Wing,15,Flpp_GP1_CgP1,19.950395129318245,215.06975345368673,12.91849168747856
2,Example Airplane,Main Wing,15,Frpp_GP1_CgP1,14.512587522069126,253.78954235375318,13.118869852791086
2,Example Airplane,Main Wing,15,Brpp_GP1_CgP1,31.63131218141817,255.85764515466025,23.65614998211622
2,Example Airplane,Main Wing,15,Blpp_GP1_CgP1,41.05544187481393,216.6540765339978,23.425878680221143
2,Example Airplane,Main Wing,16,Flpp_GP1_CgP1,14.512587522069126,253.78954235375318,13.118869852791086
2,Example Airplane,Main Wing,16,Frpp_GP1_CgP1,5.844299681109357,290.1101502839062,7.258856623550752
2,Example Airplane,Main Wing,16,Brpp_GP1_CgP1,17.013426379774454,291.61206538614493,15.387320175450732
2,Example Airplane,Main Wing,16,Blpp_GP1_CgP1,31.63131218141817,255.85764515466025,23.65614998211622
2,Example Airplane,Main Wing,17,Flpp_GP1_CgP1,5.844299681109357,290.1101502839062,7.258856623550752
2,Example Airplane,Main Wing,17,Frpp_GP1_CgP1,0.28909444838542875,308.7104530973739,4.291827203367454
2,Example Airplane,Main Wing,17,Brpp_GP1_CgP1,4.073164762603469,308.7976352844448,7.340103086154341
2,Example Airplane,Main Wing,17,Blpp_GP1_CgP1,17.013426379774454,291.61206538614493,15.387320175450732
2,Example Airplane,Main Wing,18,Flpp_GP1_CgP1,52.155731800214504,0.5009527813790863,-0.10427816621283953
2,Example Airplane,Main Wing,18,Frpp_GP1_CgP1,52.1178703945996,25.320647438538558,4.570722951645144
2,Example Airplane,Main Wing,18,Brpp_GP1_CgP1,78.10233753259406,25.068084647512215,6.277311942395553
2,Example Airplane,Main Wing,18,Blpp_GP1_CgP1,78.23364978023987,0.5010721607794465,-0.11734377100571547
2,Example Airplane,Main Wing,19,Flpp_GP1_CgP1,52.1178703945996,25.320647438538558,4.570722951645144
2,Example Airplane,Main Wing,19,Frpp_GP1_CgP1,53.37226376995754,63.29130422646678,10.259217722266103
2,Example Airplane,Main Wing,19,Brpp_GP1_CgP1,78.84080188605557,63.77885292936078,13.807506225062397
2,Example Airplane,Main Wing,19,Blpp_GP1_CgP1,78.10233753259406,25.068084647512215,6.277311942395553
2,Example Airplane,Main Wing,20,Flpp_GP1_CgP1,53.37226376995754,63.29130422646678,10.259217722266103
2,Example Airplane,Main Wing,20,Frpp_GP1_CgP1,52.89814475800393,97.69682074966171,13.984896820742962
2,Example Airplane,Main Wing,20,Brpp_GP1_CgP1,77.57219328032045,98.460636388313,20.16437585863678
2,Example Airplane,Main Wing,20,Blpp_GP1_CgP1,78.84080188605557,63.77885292936078,13.807506225062397
2,Example Airplane,Main Wing,21,Flpp_GP1_CgP1,52.89814475800393,97.69682074966171,13.984896820742962
2,Example Airplane,Main Wing,21,Frpp_GP1_CgP1,51.11620781755316,137.06780099298172,17.00212247059611
2,Example Airplane,Main Wing,21,Brpp_GP1_CgP1,75.37535791225095,138.49616264127792,24.553431032115625
2,Example Airplane,Main Wing,21,Blpp_GP1_CgP1,77.57219328032045,98.460636388313,20.16437585863678
2,Example Airplane,Main Wing,22,Flpp_GP1_CgP1,51.11620781755316,137.06780099298172,17.00212247059611
2,Example Airplane,Main Wing,22,Frpp_GP1_CgP1,47.99773646886221,174.88750953308775,20.90816754836963
2,Example Airplane,Main Wing,22,Brpp_GP1_CgP1,71.93040132207521,176.69644837146376,28.755358072957325
2,Example Airplane,Main Wing,22,Blpp_GP1_CgP1,75.37535791225095,138.49616264127792,24.553431032115625
2,Example Airplane,Main Wing,23,Flpp_GP1_CgP1,47.99773646886221,174.88750953308775,20.90816754836963
2,Example Airplane,Main Wing,23,Frpp_GP1_CgP1,41.05544187481393,216.6540765339978,23.425878680221143
2,Example Airplane,Main Wing,23,Brpp_GP1_CgP1,62.51376969500975,218.2507950771993,33.19989369692683
2,Example Airplane,Main Wing,23,Blpp_GP1_CgP1,71.93040132207521,176.69644837146376,28.755358072957325
2,Example Airplane,Main Wing,24,Flpp_GP1_CgP1,41.05544187481393,216.6540765339978,23.425878680221143
2,Example Airplane,Main Wing,24,Frpp_GP1_CgP1,31.63131218141817,255.85764515466025,23.65614998211622
2,Example Airplane,Main Wing,24,Brpp_GP1_CgP1,49.216514511371784,257.9459314106475,33.423322564177816
2,Example Airplane,Main Wing,24,Blpp_GP1_CgP1,62.51376969500975,218.2507950771993,33.19989369692683
2,Example Airplane,Main Wing,25,Flpp_GP1_CgP1,31.63131218141817,255.85764515466025,23.65614998211622
2,Example Airplane,Main Wing,25,Frpp_GP1_CgP1,17.013426379774454,291.61206538614493,15.387320175450732
2,Example Airplane,Main Wing,25,Brpp_GP1_CgP1,28.14709227988404,293.1119751475786,23.564530851327394
2,Example Airplane,Main Wing,25,Blpp_GP1_CgP1,49.216514511371784,257.9459314106475,33.423322564177816
2,Example Airplane,Main Wing,26,Flpp_GP1_CgP1,17.013426379774454,291.61206538614493,15.387320175450732
2,Example Airplane,Main Wing,26,Frpp_GP1_CgP1,4.073164762603469,308.7976352844448,7.340103086154341
2,Example Airplane,Main Wing,26,Brpp_GP1_CgP1,7.8541858310565225,308.8847336996752,10.392162762137541
2,Example Airplane,Main Wing,26,Blpp_GP1_CgP1,28.14709227988404,293.1119751475786,23.564530851327394
2,Example Airplane,Main Wing,27,Flpp_GP1_CgP1,78.23364978023987,0.5010721607794465,-0.11734377100571547
2,Example Airplane,Main Wing,27,Frpp_GP1_CgP1,78.10233753259406,25.068084647512215,6.277311942395553
2,Example Airplane,Main Wing,27,Brpp_GP1_CgP1,104.10535332617445,24.81805167082715,7.67111068942342
2,Example Airplane,Main Wing,27,Blpp_GP1_CgP1,104.31156785410995,0.5009541050507033,-0.10442303685359325
2,Example Airplane,Main Wing,28,Flpp_GP1_CgP1,78.10233753259406,25.068084647512215,6.277311942395553
2,Example Airplane,Main Wing,28,Frpp_GP1_CgP1,78.84080188605557,63.77885292936078,13.807506225062397
2,Example Airplane,Main Wing,28,Brpp_GP1_CgP1,104.48457805920705,64.2741810311411,15.711587851692695
2,Example Airplane,Main Wing,28,Blpp_GP1_CgP1,104.10535332617445,24.81805167082715,7.67111068942342
2,Example Airplane,Main Wing,29,Flpp_GP1_CgP1,78.84080188605557,63.77885292936078,13.807506225062397
2,Example Airplane,Main Wing,29,Frpp_GP1_CgP1,77.57219328032045,98.460636388313,20.16437585863678
2,Example Airplane,Main Wing,29,Brpp_GP1_CgP1,102.30351621135826,99.22556161317654,26.110143016526745
2,Example Airplane,Main Wing,29,Blpp_GP1_CgP1,104.48457805920705,64.27418103114108,15.711587851692695
2,Example Airplane,Main Wing,30,Flpp_GP1_CgP1,77.57219328032045,98.460636388313,20.16437585863678
2,Example Airplane,Main Wing,30,Frpp_GP1_CgP1,75.37535791225095,138.49616264127792,24.553431032115625
2,Example Airplane,Main Wing,30,Brpp_GP1_CgP1,99.72754683177087,139.92705111434088,31.799666733205637
2,Example Airplane,Main Wing,30,Blpp_GP1_CgP1,102.30351621135826,99.22556161317654,26.110143016526745
2,Example Airplane,Main Wing,31,Flpp_GP1_CgP1,75.37535791225095,138.49616264127792,24.553431032115625
2,Example Airplane,Main Wing,31,Frpp_GP1_CgP1,71.93040132207521,176.69644837146376,28.755358072957325
2,Example Airplane,Main Wing,31,Brpp_GP1_CgP1,95.08426966700677,178.48159862638832,38.679536836650485
2,Example Airplane,Main Wing,31,Blpp_GP1_CgP1,99.72754683177087,139.92705111434088,31.799666733205637
2,Example Airplane,Main Wing,32,Flpp_GP1_CgP1,71.93040132207521,176.69644837146376,28.755358072957325
2,Example Airplane,Main Wing,32,Frpp_GP1_CgP1,62.51376969500975,218.2507950771993,33.19989369692683
2,Example Airplane,Main Wing,32,Brpp_GP1_CgP1,84.54606116616287,219.86457451327695,41.58431037305457
2,Example Airplane,Main Wing,32,Blpp_GP1_CgP1,95.08426966700677,178.48159862638832,38.679536836650485
2,Example Airplane,Main Wing,33,Flpp_GP1_CgP1,62.51376969500975,218.2507950771993,33.19989369692683
2,Example Airplane,Main Wing,33,Frpp_GP1_CgP1,49.216514511371784,257.9459314106475,33.423322564177816
2,Example Airplane,Main Wing,33,Brpp_GP1_CgP1,66.93138905749436,260.03891941518975,42.94985400344647
2,Example Airplane,Main Wing,33,Blpp_GP1_CgP1,84.54606116616287,219.86457451327695,41.58431037305457
2,Example Airplane,Main Wing,34,Flpp_GP1_CgP1,49.216514511371784,257.9459314106475,33.423322564177816
2,Example Airplane,Main Wing,34,Frpp_GP1_CgP1,28.14709227988404,293.1119751475786,23.564530851327394
2,Example Airplane,Main Wing,34,Brpp_GP1_CgP1,39.25154015787916,294.6102249854102,31.781701314866023
2,Example Airplane,Main Wing,34,Blpp_GP1_CgP1,66.93138905749436,260.03891941518975,42.94985400344647
2,Example Airplane,Main Wing,35,Flpp_GP1_CgP1,28.14709227988404,293.1119751475786,23.564530851327394
2,Example Airplane,Main Wing,35,Frpp_GP1_CgP1,7.8541858310565225,308.8847336996752,10.392162762137541
2,Example Airplane,Main Wing,35,Brpp_GP1_CgP1,11.63216468626699,308.9717485529412,13.447989809584557
2,Example Airplane,Main Wing,35,Blpp_GP1_CgP1,39.25154015787916,294.6102249854102,31.781701314866023
2,Example Airplane,Main Wing,36,Flpp_GP1_CgP1,104.31156785410995,0.5009541050507033,-0.10442303685359325
2,Example Airplane,Main Wing,36,Frpp_GP1_CgP1,104.10535332617445,24.81805167082715,7.67111068942342
2,Example Airplane,Main Wing,36,Brpp_GP1_CgP1,130.12624496769328,24.571183473602254,8.679261915943973
2,Example Airplane,Main Wing,36,Blpp_GP1_CgP1,130.3894602141573,0.5005993392896242,-0.06559532273946522
2,Example Airplane,Main Wing,37,Flpp_GP1_CgP1,104.10535332617445,24.81805167082715,7.67111068942342
2,Example Airplane,Main Wing,37,Frpp_GP1_CgP1,104.48457805920705,64.2741810311411,15.711587851692695
2,Example Airplane,Main Wing,37,Brpp_GP1_CgP1,130.11283756021214,64.76862757866725,17.83393315989394
2,Example Airplane,Main Wing,37,Blpp_GP1_CgP1,130.12624496769328,24.571183473602254,8.679261915943973
2,Example Airplane,Main Wing,38,Flpp_GP1_CgP1,104.48457805920705,64.27418103114108,15.711587851692695
2,Example Airplane,Main Wing,38,Frpp_GP1_CgP1,102.30351621135826,99.22556161317654,26.110143016526745
2,Example Airplane,Main Wing,38,Brpp_GP1_CgP1,127.30095431969103,99.99506059988434,30.752496634256254
2,Example Airplane,Main Wing,38,Blpp_GP1_CgP1,130.11283756021214,64.76862757866725,17.83393315989394
2,Example Airplane,Main Wing,39,Flpp_GP1_CgP1,102.30351621135826,99.22556161317654,26.110143016526745
2,Example Airplane,Main Wing,39,Frpp_GP1_CgP1,99.72754683177087,139.92705111434088,31.799666733205637
2,Example Airplane,Main Wing,39,Brpp_GP1_CgP1,124.35451015690481,141.36419184237047,38.00793510713147
2,Example Airplane,Main Wing,39,Blpp_GP1_CgP1,127.30095431969103,99.99506059988434,30.752496634256254
2,Example Airplane,Main Wing,40,Flpp_GP1_CgP1,99.72754683177087,139.92705111434088,31.799666733205637
2,Example Airplane,Main Wing,40,Frpp_GP1_CgP1,95.08426966700677,178.48159862638832,38.679536836650485
2,Example Airplane,Main Wing,40,Brpp_GP1_CgP1,119.00409351341568,180.289302481746,46.50493601808904
2,Example Airplane,Main Wing,40,Blpp_GP1_CgP1,124.35451015690481,141.36419184237047,38.00793510713147
2,Example Airplane,Main Wing,41,Flpp_GP1_CgP1,95.08426966700677,178.48159862638832,38.679536836650485
2,Example Airplane,Main Wing,41,Frpp_GP1_CgP1,84.54606116616287,219.86457451327695,41.58431037305457
2,Example Airplane,Main Wing,41,Brpp_GP1_CgP1,106.79001418516563,221.4838502626564,49.40508910136877
2,Example Airplane,Main Wing,41,Blpp_GP1_CgP1,119.00409351341568,180.289302481746,46.50493601808904
2,Example Airplane,Main Wing,42,Flpp_GP1_CgP1,84.54606116616287,219.86457451327695,41.58431037305457
2,Example Airplane,Main Wing,42,Frpp_GP1_CgP1,66.93138905749436,260.03891941518975,42.94985400344647
2,Example Airplane,Main Wing,42,Brpp_GP1_CgP1,84.99381739987474,262.143331313826,51.79697703616609
2,Example Airplane,Main Wing,42,Blpp_GP1_CgP1,106.79001418516563,221.4838502626564,49.40508910136877
2,Example Airplane,Main Wing,43,Flpp_GP1_CgP1,66.93138905749436,260.03891941518975,42.94985400344647
2,Example Airplane,Main Wing,43,Frpp_GP1_CgP1,39.25154015787916,294.6102249854102,31.781701314866023
2,Example Airplane,Main Wing,43,Brpp_GP1_CgP1,50.5613311596298,296.11984847231486,39.71015093576273
2,Example Airplane,Main Wing,43,Blpp_GP1_CgP1,84.99381739987474,262.143331313826,51.79697703616609
2,Example Airplane,Main Wing,44,Flpp_GP1_CgP1,39.25154015787916,294.6102249854102,31.781701314866023
2,Example Airplane,Main Wing,44,Frpp_GP1_CgP1,11.63216468626699,308.9717485529412,13.447989809584557
2,Example Airplane,Main Wing,44,Brpp_GP1_CgP1,15.407106878485905,309.0586800132772,16.507569701149222
2,Example Airplane,Main Wing,44,Blpp_GP1_CgP1,50.5613311596298,296.11984847231486,39.71015093576273
2,Example Airplane,Main Wing,45,Flpp_GP1_CgP1,130.3894602141573,0.5005993392896242,-0.06559532273946522
2,Example Airplane,Main Wing,45,Frpp_GP1_CgP1,130.12624496769328,24.571183473602254,8.679261915943973
2,Example Airplane,Main Wing,45,Brpp_GP1_CgP1,156.15808958201563,24.327122626057058,9.350521328452327
2,Example Airplane,Main Wing,45,Blpp_GP1_CgP1,156.4673009013703,0.5000070564451518,-0.0007723001063696944
2,Example Airplane,Main Wing,46,Flpp_GP1_CgP1,130.12624496769328,24.571183473602254,8.679261915943973
2,Example Airplane,Main Wing,46,Frpp_GP1_CgP1,130.11283756021214,64.76862757866725,17.83393315989394
2,Example Airplane,Main Wing,46,Brpp_GP1_CgP1,155.72370667254796,65.2621913974492,20.161197577111643
2,Example Airplane,Main Wing,46,Blpp_GP1_CgP1,156.15808958201563,24.327122626057058,9.350521328452327
2,Example Airplane,Main Wing,47,Flpp_GP1_CgP1,130.11283756021214,64.76862757866725,17.83393315989394
2,Example Airplane,Main Wing,47,Frpp_GP1_CgP1,127.30095431969103,99.99506059988434,30.752496634256254
2,Example Airplane,Main Wing,47,Brpp_GP1_CgP1,152.61615542062535,100.76827476484578,33.185527307886055
2,Example Airplane,Main Wing,47,Blpp_GP1_CgP1,155.72370667254796,65.2621913974492,20.161197577111643
2,Example Airplane,Main Wing,48,Flpp_GP1_CgP1,127.30095431969103,99.99506059988434,30.752496634256254
2,Example Airplane,Main Wing,48,Frpp_GP1_CgP1,124.35451015690481,141.36419184237047,38.00793510713147
2,Example Airplane,Main Wing,48,Brpp_GP1_CgP1,149.4150799770841,142.80757292943483,42.16783932273168
2,Example Airplane,Main Wing,48,Blpp_GP1_CgP1,152.61615542062535,100.76827476484578,33.185527307886055
2,Example Airplane,Main Wing,49,Flpp_GP1_CgP1,124.35451015690481,141.36419184237047,38.00793510713147
2,Example Airplane,Main Wing,49,Frpp_GP1_CgP1,119.00409351341568,180.289302481746,46.50493601808904
2,Example Airplane,Main Wing,49,Brpp_GP1_CgP1,143.71855902732386,182.1080119949273,51.328927395627
2,Example Airplane,Main Wing,49,Blpp_GP1_CgP1,149.4150799770841,142.80757292943483,42.16783932273168
2,Example Airplane,Main Wing,50,Flpp_GP1_CgP1,119.00409351341568,180.289302481746,46.50493601808904
2,Example Airplane,Main Wing,50,Frpp_GP1_CgP1,106.79001418516563,221.4838502626564,49.40508910136877
2,Example Airplane,Main Wing,50,Brpp_GP1_CgP1,129.13752444856783,223.10540567952594,56.92374543430173
2,Example Airplane,Main Wing,50,Blpp_GP1_CgP1,143.71855902732386,182.1080119949273,51.328927395627
2,Example Airplane,Main Wing,51,Flpp_GP1_CgP1,106.79001418516563,221.4838502626564,49.40508910136877
2,Example Airplane,Main Wing,51,Frpp_GP1_CgP1,84.99381739987474,262.143331313826,51.79697703616609
2,Example Airplane,Main Wing,51,Brpp_GP1_CgP1,103.51144363862599,264.25884031153316,59.64129704028944
2,Example Airplane,Main Wing,51,Blpp_GP1_CgP1,129.13752444856783,223.10540567952594,56.92374543430173
2,Example Airplane,Main Wing,52,Flpp_GP1_CgP1,84.99381739987474,262.143331313826,51.79697703616609
2,Example Airplane,Main Wing,52,Frpp_GP1_CgP1,50.5613311596298,296.11984847231486,39.71015093576273
2,Example Airplane,Main Wing,52,Brpp_GP1_CgP1,62.136426968039814,297.6433778268713,47.24428296134899
2,Example Airplane,Main Wing,52,Blpp_GP1_CgP1,103.51144363862599,264.25884031153316,59.64129704028944
2,Example Airplane,Main Wing,53,Flpp_GP1_CgP1,50.5613311596298,296.11984847231486,39.71015093576273
2,Example Airplane,Main Wing,53,Frpp_GP1_CgP1,15.407106878485905,309.0586800132772,16.507569701149222
2,Example Airplane,Main Wing,53,Brpp_GP1_CgP1,19.178998304809923,309.1455277099922,19.570912202204553
2,Example Airplane,Main Wing,53,Blpp_GP1_CgP1,62.136426968039814,297.6433778268713,47.24428296134899
2,Example Airplane,Reflected Main Wing,0,Flpp_GP1_CgP1,-3.4980109610289825,-308.62318751052595,1.2473252601495417
2,Example Airplane,Reflected Main Wing,0,Frpp_GP1_CgP1,-5.346113040014007,-288.60704238507907,-0.8400501447171402
2,Example Airplane,Reflected Main Wing,0,Brpp_GP1_CgP1,5.844299681109357,-290.1101502839062,7.258856623550752
2,Example Airplane,Reflected Main Wing,0,Blpp_GP1_CgP1,0.28909444838542875,-308.7104530973739,4.291827203367454
2,Example Airplane,Reflected Main Wing,1,Flpp_GP1_CgP1,-5.346113040014007,-288.60704238507907,-0.8400501447171402
2,Example Airplane,Reflected Main Wing,1,Frpp_GP1_CgP1,-1.2737772176793287,-251.78803874340102,0.6436219822061069
2,Example Airplane,Reflected Main Wing,1,Brpp_GP1_CgP1,14.512587522069126,-253.78954235375318,13.118869852791086
2,Example Airplane,Reflected Main Wing,1,Blpp_GP1_CgP1,5.844299681109357,-290.1101502839062,7.258856623550752
2,Example Airplane,Reflected Main Wing,2,Flpp_GP1_CgP1,-1.2737772176793287,-251.78803874340102,0.6436219822061069
2,Example Airplane,Reflected Main Wing,2,Frpp_GP1_CgP1,-0.1577125960919152,-213.52447639335116,0.6033589356613349
2,Example Airplane,Reflected Main Wing,2,Brpp_GP1_CgP1,19.950395129318245,-215.06975345368673,12.91849168747856
2,Example Airplane,Reflected Main Wing,2,Blpp_GP1_CgP1,14.512587522069126,-253.78954235375318,13.118869852791086
2,Example Airplane,Reflected Main Wing,3,Flpp_GP1_CgP1,-0.15771259609191524,-213.52447639335116,0.6033589356613349
2,Example Airplane,Reflected Main Wing,3,Frpp_GP1_CgP1,1.9144312529606926,-171.33089469052248,0.9154410674548435
2,Example Airplane,Reflected Main Wing,3,Brpp_GP1_CgP1,24.250457731864632,-173.0839549051466,12.548050850263934
2,Example Airplane,Reflected Main Wing,3,Blpp_GP1_CgP1,19.950395129318245,-215.06975345368673,12.91849168747856
2,Example Airplane,Reflected Main Wing,4,Flpp_GP1_CgP1,1.9144312529606926,-171.33089469052248,0.9154410674548435
2,Example Airplane,Reflected Main Wing,4,Frpp_GP1_CgP1,2.9080063457215264,-134.21998083564785,0.9371634716271264
2,Example Airplane,Reflected Main Wing,4,Brpp_GP1_CgP1,26.958846827577524,-135.64231500825508,9.129634156516465
2,Example Airplane,Reflected Main Wing,4,Blpp_GP1_CgP1,24.250457731864632,-173.0839549051466,12.548050850263934
2,Example Airplane,Reflected Main Wing,5,Flpp_GP1_CgP1,2.9080063457215264,-134.21998083564785,0.9371634716271264
2,Example Airplane,Reflected Main Wing,5,Frpp_GP1_CgP1,3.7201282805901723,-96.17257386722308,0.9653404297663739
2,Example Airplane,Reflected Main Wing,5,Brpp_GP1_CgP1,28.2834820452887,-96.93417944700975,7.572006145955137
2,Example Airplane,Reflected Main Wing,5,Blpp_GP1_CgP1,26.958846827577524,-135.64231500825508,9.129634156516465
2,Example Airplane,Reflected Main Wing,6,Flpp_GP1_CgP1,3.7201282805901723,-96.17257386722308,0.9653404297663739
2,Example Airplane,Reflected Main Wing,6,Frpp_GP1_CgP1,2.85356273110788,-62.33095068455662,0.6811707726130043
2,Example Airplane,Reflected Main Wing,6,Brpp_GP1_CgP1,28.00859586128182,-62.8076344397574,6.019832627545069
2,Example Airplane,Reflected Main Wing,6,Blpp_GP1_CgP1,28.2834820452887,-96.93417944700975,7.572006145955137
2,Example Airplane,Reflected Main Wing,7,Flpp_GP1_CgP1,2.85356273110788,-62.33095068455662,0.6811707726130043
2,Example Airplane,Reflected Main Wing,7,Frpp_GP1_CgP1,0.21933496501433286,-25.83312133924567,0.2314667313664046
2,Example Airplane,Reflected Main Wing,7,Brpp_GP1_CgP1,26.154565949862686,-25.575567480384667,2.5685657260418844
2,Example Airplane,Reflected Main Wing,7,Blpp_GP1_CgP1,28.00859586128182,-62.80763443975741,6.019832627545069
2,Example Airplane,Reflected Main Wing,8,Flpp_GP1_CgP1,0.21933496501433286,-25.83312133924567,0.2314667313664046
2,Example Airplane,Reflected Main Wing,8,Frpp_GP1_CgP1,0.0,-0.49999999999999994,-3.2485415766507114e-19
2,Example Airplane,Reflected Main Wing,8,Brpp_GP1_CgP1,26.077839919979876,-0.5005951238239805,-0.06513395664152673
2,Example Airplane,Reflected Main Wing,8,Blpp_GP1_CgP1,26.154565949862686,-25.575567480384667,2.5685657260418844
2,Example Airplane,Reflected Main Wing,9,Flpp_GP1_CgP1,0.28909444838542875,-308.7104530973739,4.291827203367454
2,Example Airplane,Reflected Main Wing,9,Frpp_GP1_CgP1,5.844299681109357,-290.1101502839062,7.258856623550752
2,Example Airplane,Reflected Main Wing,9,Brpp_GP1_CgP1,17.013426379774454,-291.61206538614493,15.387320175450732
2,Example Airplane,Reflected Main Wing,9,Blpp_GP1_CgP1,4.073164762603469,-308.7976352844448,7.340103086154341
2,Example Airplane,Reflected Main Wing,10,Flpp_GP1_CgP1,5.844299681109357,-290.1101502839062,7.258856623550752
2,Example Airplane,Reflected Main Wing,10,Frpp_GP1_CgP1,14.512587522069126,-253.78954235375318,13.118869852791086
2,Example Airplane,Reflected Main Wing,10,Brpp_GP1_CgP1,31.63131218141817,-255.85764515466025,23.65614998211622
2,Example Airplane,Reflected Main Wing,10,Blpp_GP1_CgP1,17.013426379774454,-291.61206538614493,15.387320175450732
2,Example Airplane,Reflected Main Wing,11,Flpp_GP1_CgP1,14.512587522069126,-253.78954235375318,13.118869852791086
2,Example Airplane,Reflected Main Wing,11,Frpp_GP1_CgP1,19.950395129318245,-215.06975345368673,12.91849168747856
2,Example Airplane,Reflected Main Wing,11,Brpp_GP1_CgP1,41.05544187481393,-216.6540765339978,23.425878680221143
2,Example Airplane,Reflected Main Wing,11,Blpp_GP1_CgP1,31.63131218141817,-255.85764515466025,23.65614998211622
2,Example Airplane,Reflected Main Wing,12,Flpp_GP1_CgP1,19.950395129318245,-215.06975345368673,12.91849168747856
2,Example Airplane,Reflected Main Wing,12,Frpp_GP1_CgP1,24.250457731864632,-173.0839549051466,12.548050850263934
2,Example Airplane,Reflected Main Wing,12,Brpp_GP1_CgP1,47.99773646886221,-174.88750953308775,20.90816754836963
2,Example Airplane,Reflected Main Wing,12,Blpp_GP1_CgP1,41.05544187481393,-216.6540765339978,23.425878680221143
2,Example Airplane,Reflected Main Wing,13,Flpp_GP1_CgP1,24.250457731864632,-173.0839549051466,12.548050850263934
2,Example Airplane,Reflected Main Wing,13,Frpp_GP1_CgP1,26.958846827577524,-135.64231500825508,9.129634156516465
2,Example Airplane,Reflected Main Wing,13,Brpp_GP1_CgP1,51.11620781755316,-137.06780099298172,17.00212247059611
2,Example Airplane,Reflected Main Wing,13,Blpp_GP1_CgP1,47.99773646886221,-174.88750953308775,20.90816754836963
2,Example Airplane,Reflected Main Wing,14,Flpp_GP1_CgP1,26.958846827577524,-135.64231500825508,9.129634156516465
2,Example Airplane,Reflected Main Wing,14,Frpp_GP1_CgP1,28.2834820452887,-96.93417944700975,7.572006145955137
2,Example Airplane,Reflected Main Wing,14,Brpp_GP1_CgP1,52.89814475800393,-97.69682074966171,13.984896820742962
2,Example Airplane,Reflected Main Wing,14,Blpp_GP1_CgP1,51.11620781755316,-137.06780099298172,17.00212247059611
2,Example Airplane,Reflected Main Wing,15,Flpp_GP1_CgP1,28.2834820452887,-96.93417944700975,7.572006145955137
2,Example Airplane,Reflected Main Wing,15,Frpp_GP1_CgP1,28.00859586128182,-62.8076344397574,6.019832627545069
2,Example Airplane,Reflected Main Wing,15,Brpp_GP1_CgP1,53.37226376995754,-63.29130422646678,10.259217722266103
2,Example Airplane,Reflected Main Wing,15,Blpp_GP1_CgP1,52.89814475800393,-97.69682074966171,13.984896820742962
2,Example Airplane,Reflected Main Wing,16,Flpp_GP1_CgP1,28.00859586128182,-62.80763443975741,6.019832627545069
2,Example Airplane,Reflected Main Wing,16,Frpp_GP1_CgP1,26.154565949862686,-25.575567480384667,2.5685657260418844
2,Example Airplane,Reflected Main Wing,16,Brpp_GP1_CgP1,52.1178703945996,-25.320647438538558,4.570722951645144
2,Example Airplane,Reflected Main Wing,16,Blpp_GP1_CgP1,53.37226376995754,-63.29130422646678,10.259217722266103
2,Example Airplane,Reflected Main Wing,17,Flpp_GP1_CgP1,26.154565949862686,-25.575567480384667,2.5685657260418844
2,Example Airplane,Reflected Main Wing,17,Frpp_GP1_CgP1,26.077839919979876,-0.5005951238239805,-0.06513395664152673
2,Example Airplane,Reflected Main Wing,17,Brpp_GP1_CgP1,52.155731800214504,-0.5009527813790863,-0.10427816621283953
2,Example Airplane,Reflected Main Wing,17,Blpp_GP1_CgP1,52.1178703945996,-25.320647438538558,4.570722951645144
2,Example Airplane,Reflected Main Wing,18,Flpp_GP1_CgP1,4.073164762603469,-308.7976352844448,7.340103086154341
2,Example Airplane,Reflected Main Wing,18,Frpp_GP1_CgP1,17.013426379774454,-291.61206538614493,15.387320175450732
2,Example Airplane,Reflected Main Wing,18,Brpp_GP1_CgP1,28.14709227988404,-293.1119751475786,23.564530851327394
2,Example Airplane,Reflected Main Wing,18,Blpp_GP1_CgP1,7.8541858310565225,-308.8847336996752,10.392162762137541
2,Example Airplane,Reflected Main Wing,19,Flpp_GP1_CgP1,17.013426379774454,-291.61206538614493,15.387320175450732
2,Example Airplane,Reflected Main Wing,19,Frpp_GP1_CgP1,31.63131218141817,-255.85764515466025,23.65614998211622
2,Example Airplane,Reflected Main Wing,19,Brpp_GP1_CgP1,49.216514511371784,-257.9459314106475,33.423322564177816
2,Example Airplane,Reflected Main Wing,19,Blpp_GP1_CgP1,28.14709227988404,-293.1119751475786,23.564530851327394
2,Example Airplane,Reflected Main Wing,20,Flpp_GP1_CgP1,31.63131218141817,-255.85764515466025,23.65614998211622
2,Example Airplane,Reflected Main Wing,20,Frpp_GP1_CgP1,41.05544187481393,-216.6540765339978,23.425878680221143
2,Example Airplane,Reflected Main Wing,20,Brpp_GP1_CgP1,62.51376969500975,-218.2507950771993,33.19989369692683
2,Example Airplane,Reflected Main Wing,20,Blpp_GP1_CgP1,49.216514511371784,-257.9459314106475,33.423322564177816
2,Example Airplane,Reflected Main Wing,21,Flpp_GP1_CgP1,41.05544187481393,-216.6540765339978,23.425878680221143
2,Example Airplane,Reflected Main Wing,21,Frpp_GP1_CgP1,47.99773646886221,-174.88750953308775,20.90816754836963
2,Example Airplane,Reflected Main Wing,21,Brpp_GP1_CgP1,71.93040132207521,-176.69644837146376,28.755358072957325
2,Example Airplane,Reflected Main Wing,21,Blpp_GP1_CgP1,62.51376969500975,-218.2507950771993,33.19989369692683
2,Example Airplane,Reflected Main Wing,22,Flpp_GP1_CgP1,47.99773646886221,-174.88750953308775,20.90816754836963
2,Example Airplane,Reflected Main Wing,22,Frpp_GP1_CgP1,51.11620781755316,-137.06780099298172,17.00212247059611
2,Example Airplane,Reflected Main Wing,22,Brpp_GP1_CgP1,75.37535791225095,-138.49616264127792,24.553431032115625
2,Example Airplane,Reflected Main Wing,22,Blpp_GP1_CgP1,71.93040132207521,-176.69644837146376,28.755358072957325
2,Example Airplane,Reflected Main Wing,23,Flpp_GP1_CgP1,51.11620781755316,-137.06780099298172,17.00212247059611
2,Example Airplane,Reflected Main Wing,23,Frpp_GP1_CgP1,52.89814475800393,-97.69682074966171,13.984896820742962
2,Example Airplane,Reflected Main Wing,23,Brpp_GP1_CgP1,77.57219328032045,-98.460636388313,20.16437585863678
2,Example Airplane,Reflected Main Wing,23,Blpp_GP1_CgP1,75.37535791225095,-138.49616264127792,24.553431032115625
2,Example Airplane,Reflected Main Wing,24,Flpp_GP1_CgP1,52.89814475800393,-97.69682074966171,13.984896820742962
2,Example Airplane,Reflected Main Wing,24,Frpp_GP1_CgP1,53.37226376995754,-63.29130422646678,10.259217722266103
2,Example Airplane,Reflected Main Wing,24,Brpp_GP1_CgP1,78.84080188605557,-63.77885292936078,13.807506225062397
2,Example Airplane,Reflected Main Wing,24,Blpp_GP1_CgP1,77.57219328032045,-98.460636388313,20.16437585863678
2,Example Airplane,Reflected Main Wing,25,Flpp_GP1_CgP1,53.37226376995754,-63.29130422646678,10.259217722266103
2,Example Airplane,Reflected Main Wing,25,Frpp_GP1_CgP1,52.1178703945996,-25.320647438538558,4.570722951645144
2,Example Airplane,Reflected Main Wing,25,Brpp_GP1_CgP1,78.10233753259406,-25.068084647512215,6.277311942395553
2,Example Airplane,Reflected Main Wing,25,Blpp_GP1_CgP1,78.84080188605557,-63.77885292936078,13.807506225062397
2,Example Airplane,Reflected Main Wing,26,Flpp_GP1_CgP1,52.1178703945996,-25.320647438538558,4.570722951645144
2,Example Airplane,Reflected Main Wing,26,Frpp_GP1_CgP1,52.155731800214504,-0.5009527813790863,-0.10427816621283953
2,Example Airplane,Reflected Main Wing,26,Brpp_GP1_CgP1,78.23364978023987,-0.5010721607794465,-0.11734377100571547
2,Example Airplane,Reflected Main Wing,26,Blpp_GP1_CgP1,78.10233753259406,-25.068084647512215,6.277311942395553
2,Example Airplane,Reflected Main Wing,27,Flpp_GP1_CgP1,7.8541858310565225,-308.8847336996752,10.392162762137541
2,Example Airplane,Reflected Main Wing,27,Frpp_GP1_CgP1,28.14709227988404,-293.1119751475786,23.564530851327394
2,Example Airplane,Reflected Main Wing,27,Brpp_GP1_CgP1,39.25154015787916,-294.6102249854102,31.781701314866023
2,Example Airplane,Reflected Main Wing,27,Blpp_GP1_CgP1,11.63216468626699,-308.9717485529412,13.447989809584557
2,Example Airplane,Reflected Main Wing,28,Flpp_GP1_CgP1,28.14709227988404,-293.1119751475786,23.564530851327394
2,Example Airplane,Reflected Main Wing,28,Frpp_GP1_CgP1,49.216514511371784,-257.9459314106475,33.423322564177816
2,Example Airplane,Reflected Main Wing,28,Brpp_GP1_CgP1,66.93138905749436,-260.03891941518975,42.94985400344647
2,Example Airplane,Reflected Main Wing,28,Blpp_GP1_CgP1,39.25154015787916,-294.6102249854102,31.781701314866023
2,Example Airplane,Reflected Main Wing,29,Flpp_GP1_CgP1,49.216514511371784,-257.9459314106475,33.423322564177816
2,Example Airplane,Reflected Main Wing,29,Frpp_GP1_CgP1,62.51376969500975,-218.2507950771993,33.19989369692683
2,Example Airplane,Reflected Main Wing,29,Brpp_GP1_CgP1,84.54606116616287,-219.86457451327695,41.58431037305457
2,Example Airplane,Reflected Main Wing,29,Blpp_GP1_CgP1,66.93138905749436,-260.03891941518975,42.94985400344647
2,Example Airplane,Reflected Main Wing,30,Flpp_GP1_CgP1,62.51376969500975,-218.2507950771993,33.19989369692683
2,Example Airplane,Reflected Main Wing,30,Frpp_GP1_CgP1,71.93040132207521,-176.69644837146376,28.755358072957325
2,Example Airplane,Reflected Main Wing,30,Brpp_GP1_CgP1,95.08426966700677,-178.48159862638832,38.679536836650485
2,Example Airplane,Reflected Main Wing,30,Blpp_GP1_CgP1,84.54606116616287,-219.86457451327695,41.58431037305457
2,Example Airplane,Reflected Main Wing,31,Flpp_GP1_CgP1,71.93040132207521,-176.69644837146376,28.755358072957325
2,Example Airplane,Reflected Main Wing,31,Frpp_GP1_CgP1,75.37535791225095,-138.49616264127792,24.553431032115625
2,Example Airplane,Reflected Main Wing,31,Brpp_GP1_CgP1,99.72754683177087,-139.92705111434088,31.799666733205637
2,Example Airplane,Reflected Main Wing,31,Blpp_GP1_CgP1,95.08426966700677,-178.48159862638832,38.679536836650485
2,Example Airplane,Reflected Main Wing,32,Flpp_GP1_CgP1,75.37535791225095,-138.49616264127792,24.553431032115625
2,Example Airplane,Reflected Main Wing,32,Frpp_GP1_CgP1,77.57219328032045,-98.460636388313,20.16437585863678
2,Example Airplane,Reflected Main Wing,32,Brpp_GP1_CgP1,102.30351621135826,-99.22556161317654,26.110143016526745
2,Example Airplane,Reflected Main Wing,32,Blpp_GP1_CgP1,99.72754683177087,-139.92705111434088,31.799666733205637
2,Example Airplane,Reflected Main Wing,33,Flpp_GP1_CgP1,77.57219328032045,-98.460636388313,20.16437585863678
2,Example Airplane,Reflected Main Wing,33,Frpp_GP1_CgP1,78.84080188605557,-63.77885292936078,13.807506225062397
2,Example Airplane,Reflected Main Wing,33,Brpp_GP1_CgP1,104.48457805920705,-64.27418103114108,15.711587851692695
2,Example Airplane,Reflected Main Wing,33,Blpp_GP1_CgP1,102.30351621135826,-99.22556161317654,26.110143016526745
2,Example Airplane,Reflected Main Wing,34,Flpp_GP1_CgP1,78.84080188605557,-63.77885292936078,13.807506225062397
2,Example Airplane,Reflected Main Wing,34,Frpp_GP1_CgP1,78.10233753259406,-25.068084647512215,6.277311942395553
2,Example Airplane,Reflected Main Wing,34,Brpp_GP1_CgP1,104.10535332617445,-24.81805167082715,7.67111068942342
2,Example Airplane,Reflected Main Wing,34,Blpp_GP1_CgP1,104.48457805920705,-64.2741810311411,15.711587851692695
2,Example Airplane,Reflected Main Wing,35,Flpp_GP1_CgP1,78.10233753259406,-25.068084647512215,6.277311942395553
2,Example Airplane,Reflected Main Wing,35,Frpp_GP1_CgP1,78.23364978023987,-0.5010721607794465,-0.11734377100571547
2,Example Airplane,Reflected Main Wing,35,Brpp_GP1_CgP1,104.31156785410995,-0.5009541050507033,-0.10442303685359325
2,Example Airplane,Reflected Main Wing,35,Blpp_GP1_CgP1,104.10535332617445,-24.81805167082715,7.67111068942342
2,Example Airplane,Reflected Main Wing,36,Flpp_GP1_CgP1,11.63216468626699,-308.9717485529412,13.447989809584557
2,Example Airplane,Reflected Main Wing,36,Frpp_GP1_CgP1,39.25154015787916,-294.6102249854102,31.781701314866023
2,Example Airplane,Reflected Main Wing,36,Brpp_GP1_CgP1,50.5613311596298,-296.11984847231486,39.71015093576273
2,Example Airplane,Reflected Main Wing,36,Blpp_GP1_CgP1,15.407106878485905,-309.0586800132772,16.507569701149222
2,Example Airplane,Reflected Main Wing,37,Flpp_GP1_CgP1,39.25154015787916,-294.6102249854102,31.781701314866023
2,Example Airplane,Reflected Main Wing,37,Frpp_GP1_CgP1,66.93138905749436,-260.03891941518975,42.94985400344647
2,Example Airplane,Reflected Main Wing,37,Brpp_GP1_CgP1,84.99381739987474,-262.143331313826,51.79697703616609
2,Example Airplane,Reflected Main Wing,37,Blpp_GP1_CgP1,50.5613311596298,-296.11984847231486,39.71015093576273
2,Example Airplane,Reflected Main Wing,38,Flpp_GP1_CgP1,66.93138905749436,-260.03891941518975,42.94985400344647
2,Example Airplane,Reflected Main Wing,38,Frpp_GP1_CgP1,84.54606116616287,-219.86457451327695,41.58431037305457
2,Example Airplane,Reflected Main Wing,38,Brpp_GP1_CgP1,106.79001418516563,-221.4838502626564,49.40508910136877
2,Example Airplane,Reflected Main Wing,38,Blpp_GP1_CgP1,84.99381739987474,-262.143331313826,51.79697703616609
2,Example Airplane,Reflected Main Wing,39,Flpp_GP1_CgP1,84.54606116616287,-219.86457451327695,41.58431037305457
2,Example Airplane,Reflected Main Wing,39,Frpp_GP1_CgP1,95.08426966700677,-178.48159862638832,38.679536836650485
2,Example Airplane,Reflected Main Wing,39,Brpp_GP1_CgP1,119.00409351341568,-180.289302481746,46.50493601808904
2,Example Airplane,Reflected Main Wing,39,Blpp_GP1_CgP1,106.79001418516563,-221.4838502626564,49.40508910136877
2,Example Airplane,Reflected Main Wing,40,Flpp_GP1_CgP1,95.08426966700677,-178.48159862638832,38.679536836650485
2,Example Airplane,Reflected Main Wing,40,Frpp_GP1_CgP1,99.72754683177087,-139.92705111434088,31.799666733205637
2,Example Airplane,Reflected Main Wing,40,Brpp_GP1_CgP1,124.35451015690481,-141.36419184237047,38.00793510713147
2,Example Airplane,Reflected Main Wing,40,Blpp_GP1_CgP1,119.00409351341568,-180.289302481746,46.50493601808904
2,Example Airplane,Reflected Main Wing,41,Flpp_GP1_CgP1,99.72754683177087,-139.92705111434088,31.799666733205637
2,Example Airplane,Reflected Main Wing,41,Frpp_GP1_CgP1,102.30351621135826,-99.22556161317654,26.110143016526745
2,Example Airplane,Reflected Main Wing,41,Brpp_GP1_CgP1,127.30095431969103,-99.99506059988434,30.752496634256254
2,Example Airplane,Reflected Main Wing,41,Blpp_GP1_CgP1,124.35451015690481,-141.36419184237047,38.00793510713147
2,Example Airplane,Reflected Main Wing,42,Flpp_GP1_CgP1,102.30351621135826,-99.22556161317654,26.110143016526745
2,Example Airplane,Reflected Main Wing,42,Frpp_GP1_CgP1,104.48457805920705,-64.27418103114108,15.711587851692695
2,Example Airplane,Reflected Main Wing,42,Brpp_GP1_CgP1,130.11283756021214,-64.76862757866725,17.83393315989394
2,Example Airplane,Reflected Main Wing,42,Blpp_GP1_CgP1,127.30095431969103,-99.99506059988434,30.752496634256254
2,Example Airplane,Reflected Main Wing,43,Flpp_GP1_CgP1,104.48457805920705,-64.2741810311411,15.711587851692695
2,Example Airplane,Reflected Main Wing,43,Frpp_GP1_CgP1,104.10535332617445,-24.81805167082715,7.67111068942342
2,Example Airplane,Reflected Main Wing,43,Brpp_GP1_CgP1,130.12624496769328,-24.571183473602254,8.679261915943973
2,Example Airplane,Reflected Main Wing,43,Blpp_GP1_CgP1,130.11283756021214,-64.76862757866725,17.83393315989394
2,Example Airplane,Reflected Main Wing,44,Flpp_GP1_CgP1,104.10535332617445,-24.81805167082715,7.67111068942342
2,Example Airplane,Reflected Main Wing,44,Frpp_GP1_CgP1,104.31156785410995,-0.5009541050507033,-0.10442303685359325
2,Example Airplane,Reflected Main Wing,44,Brpp_GP1_CgP1,130.3894602141573,-0.5005993392896242,-0.06559532273946522
2,Example Airplane,Reflected Main Wing,44,Blpp_GP1_CgP1,130.12624496769328,-24.571183473602254,8.679261915943973
2,Example Airplane,Reflected Main Wing,45,Flpp_GP1_CgP1,15.407106878485905,-309.0586800132772,16.507569701149222
2,Example Airplane,Reflected Main Wing,45,Frpp_GP1_CgP1,50.5613311596298,-296.11984847231486,39.71015093576273
2,Example Airplane,Reflected Main Wing,45,Brpp_GP1_CgP1,62.136426968039814,-297.6433778268713,47.24428296134899
2,Example Airplane,Reflected Main Wing,45,Blpp_GP1_CgP1,19.178998304809923,-309.1455277099922,19.570912202204553
2,Example Airplane,Reflected Main Wing,46,Flpp_GP1_CgP1,50.5613311596298,-296.11984847231486,39.71015093576273
2,Example Airplane,Reflected Main Wing,46,Frpp_GP1_CgP1,84.99381739987474,-262.143331313826,51.79697703616609
2,Example Airplane,Reflected Main Wing,46,Brpp_GP1_CgP1,103.51144363862599,-264.25884031153316,59.64129704028944
2,Example Airplane,Reflected Main Wing,46,Blpp_GP1_CgP1,62.136426968039814,-297.6433778268713,47.24428296134899
2,Example Airplane,Reflected Main Wing,47,Flpp_GP1_CgP1,84.99381739987474,-262.143331313826,51.79697703616609
2,Example Airplane,Reflected Main Wing,47,Frpp_GP1_CgP1,106.79001418516563,-221.4838502626564,49.40508910136877
2,Example Airplane,Reflected Main Wing,47,Brpp_GP1_CgP1,129.13752444856783,-223.10540567952594,56.92374543430173
2,Example Airplane,Reflected Main Wing,47,Blpp_GP1_CgP1,103.51144363862599,-264.25884031153316,59.64129704028944
2,Example Airplane,Reflected Main Wing,48,Flpp_GP1_CgP1,106.79001418516563,-221.4838502626564,49.40508910136877
2,Example Airplane,Reflected Main Wing,48,Frpp_GP1_CgP1,119.00409351341568,-180.289302481746,46.50493601808904
2,Example Airplane,Reflected Main Wing,48,Brpp_GP1_CgP1,143.71855902732386,-182.1080119949273,51.328927395627
2,Example Airplane,Reflected Main Wing,48,Blpp_GP1_CgP1,129.13752444856783,-223.10540567952594,56.92374543430173
2,Example Airplane,Reflected Main Wing,49,Flpp_GP1_CgP1,119.00409351341568,-180.289302481746,46.50493601808904
2,Example Airplane,Reflected Main Wing,49,Frpp_GP1_CgP1,124.35451015690481,-141.36419184237047,38.00793510713147
2,Example Airplane,Reflected Main Wing,49,Brpp_GP1_CgP1,149.4150799770841,-142.80757292943483,42.16783932273168
2,Example Airplane,Reflected Main Wing,49,Blpp_GP1_CgP1,143.71855902732386,-182.1080119949273,51.328927395627
2,Example Airplane,Reflected Main Wing,50,Flpp_GP1_CgP1,124.35451015690481,-141.36419184237047,38.00793510713147
2,Example Airplane,Reflected Main Wing,50,Frpp_GP1_CgP1,127.30095431969103,-99.99506059988434,30.752496634256254
2,Example Airplane,Reflected Main Wing,50,Brpp_GP1_CgP1,152.61615542062535,-100.76827476484578,33.185527307886055
2,Example Airplane,Reflected Main Wing,50,Blpp_GP1_CgP1,149.4150799770841,-142.80757292943483,42.16783932273168
2,Example Airplane,Reflected Main Wing,51,Flpp_GP1_CgP1,127.30095431969103,-99.99506059988434,30.752496634256254
2,Example Airplane,Reflected Main Wing,51,Frpp_GP1_CgP1,130.11283756021214,-64.76862757866725,17.83393315989394
2,Example Airplane,Reflected Main Wing,51,Brpp_GP1_CgP1,155.72370667254796,-65.2621913974492,20.161197577111643
2,Example Airplane,Reflected Main Wing,51,Blpp_GP1_CgP1,152.61615542062535,-100.76827476484578,33.185527307886055
2,Example Airplane,Reflected Main Wing,52,Flpp_GP1_CgP1,130.11283756021214,-64.76862757866725,17.83393315989394
2,Example Airplane,Reflected Main Wing,52,Frpp_GP1_CgP1,130.12624496769328,-24.571183473602254,8.679261915943973
2,Example Airplane,Reflected Main Wing,52,Brpp_GP1_CgP1,156.15808958201563,-24.327122626057058,9.350521328452327
2,Example Airplane,Reflected Main Wing,52,Blpp_GP1_CgP1,155.72370667254796,-65.2621913974492,20.161197577111643
2,Example Airplane,Reflected Main Wing,53,Flpp_GP1_CgP1,130.12624496769328,-24.571183473602254,8.679261915943973
2,Example Airplane,Reflected Main Wing,53,Frpp_GP1_CgP1,130.3894602141573,-0.5005993392896242,-0.06559532273946522
2,Example Airplane,Reflected Main Wing,53,Brpp_GP1_CgP1,156.4673009013703,-0.5000070564451518,-0.0007723001063696944
2,Example Airplane,Reflected Main Wing,53,Blpp_GP1_CgP1,156.15808958201563,-24.327122626057058,9.350521328452327
3,Example Airplane,Main Wing,0,Flpp_GP1_CgP1,0.0,0.5,-2.625580911426942e-19
3,Example Airplane,Main Wing,0,Frpp_GP1_CgP1,0.2591247316216161,25.83889141020959,0.347203087762921
3,Example Airplane,Main Wing,0,Brpp_GP1_CgP1,26.197588684785224,25.577341159687457,2.667139617601483
3,Example Airplane,Main Wing,0,Blpp_GP1_CgP1,26.077839919979876,0.5008924436215352,-0.06513056137120679
3,Example Airplane,Main Wing,1,Flpp_GP1_CgP1,0.2591247316216161,25.83889141020959,0.347203087762921
3,Example Airplane,Main Wing,1,Frpp_GP1_CgP1,2.8884412653905094,62.36576613426081,0.958346808451009
3,Example Airplane,Main Wing,1,Brpp_GP1_CgP1,28.05039834957483,62.85084476718488,6.277869241209689
3,Example Airplane,Main Wing,1,Blpp_GP1_CgP1,26.197588684785224,25.577341159687457,2.667139617601483
3,Example Airplane,Main Wing,2,Flpp_GP1_CgP1,2.8884412653905094,62.36576613426081,0.958346808451009
3,Example Airplane,Main Wing,2,Frpp_GP1_CgP1,3.6289347743684184,96.21610042152314,1.3811981233001795
3,Example Airplane,Main Wing,2,Brpp_GP1_CgP1,28.216703653444792,96.99316174133642,7.9221892048841625
3,Example Airplane,Main Wing,2,Blpp_GP1_CgP1,28.05039834957483,62.850844767184874,6.277869241209688
3,Example Airplane,Main Wing,3,Flpp_GP1_CgP1,3.6289347743684184,96.21610042152314,1.3811981233001795
3,Example Airplane,Main Wing,3,Frpp_GP1_CgP1,2.6262058697790174,134.21712151799542,1.5031043820444523
3,Example Airplane,Main Wing,3,Brpp_GP1_CgP1,26.730121493826307,135.6566775589099,9.581785254959184
3,Example Airplane,Main Wing,3,Blpp_GP1_CgP1,28.216703653444792,96.99316174133642,7.9221892048841625
3,Example Airplane,Main Wing,4,Flpp_GP1_CgP1,2.6262058697790174,134.21712151799542,1.5031043820444523
3,Example Airplane,Main Wing,4,Frpp_GP1_CgP1,1.4502520823883203,171.23898033094815,1.6272893195735993
3,Example Airplane,Main Wing,4,Brpp_GP1_CgP1,23.88913178628663,172.9997330076918,13.080765173608938
3,Example Airplane,Main Wing,4,Blpp_GP1_CgP1,26.730121493826307,135.6566775589099,9.581785254959184
3,Example Airplane,Main Wing,5,Flpp_GP1_CgP1,1.4502520823883203,171.23898033094815,1.6272893195735993
3,Example Airplane,Main Wing,5,Frpp_GP1_CgP1,-1.3511970906339215,213.06351989999064,1.3011426900624588
3,Example Airplane,Main Wing,5,Brpp_GP1_CgP1,18.59134948686322,214.59059197641494,14.111106408673681
3,Example Airplane,Main Wing,5,Blpp_GP1_CgP1,23.88913178628663,172.9997330076918,13.080765173608938
3,Example Airplane,Main Wing,6,Flpp_GP1_CgP1,-1.3511970906339215,213.06351989999064,1.3011426900624588
3,Example Airplane,Main Wing,6,Frpp_GP1_CgP1,-2.125238971064108,251.5199041073973,1.7733629005671487
3,Example Airplane,Main Wing,6,Brpp_GP1_CgP1,13.737612906585204,253.50016743848727,14.149156378873812
3,Example Airplane,Main Wing,6,Blpp_GP1_CgP1,18.59134948686322,214.59059197641494,14.111106408673681
3,Example Airplane,Main Wing,7,Flpp_GP1_CgP1,-2.125238971064108,251.5199041073973,1.7733629005671487
3,Example Airplane,Main Wing,7,Frpp_GP1_CgP1,-6.473915049206285,288.28221694380915,0.3797828002444761
3,Example Airplane,Main Wing,7,Brpp_GP1_CgP1,4.7145862553568705,289.78235312874926,8.464389198391297
3,Example Airplane,Main Wing,7,Blpp_GP1_CgP1,13.737612906585204,253.50016743848727,14.149156378873812
3,Example Airplane,Main Wing,8,Flpp_GP1_CgP1,-6.473915049206285,288.28221694380915,0.3797828002444761
3,Example Airplane,Main Wing,8,Frpp_GP1_CgP1,-4.610809001951866,308.04515502171824,2.588640317232281
3,Example Airplane,Main Wing,8,Brpp_GP1_CgP1,-0.8550960946162149,308.1053005846222,5.647538172397675
3,Example Airplane,Main Wing,8,Blpp_GP1_CgP1,4.7145862553568705,289.78235312874926,8.464389198391297
3,Example Airplane,Main Wing,9,Flpp_GP1_CgP1,26.077839919979876,0.5008924436215352,-0.06513056137120679
3,Example Airplane,Main Wing,9,Frpp_GP1_CgP1,26.197588684785224,25.577341159687457,2.667139617601483
3,Example Airplane,Main Wing,9,Brpp_GP1_CgP1,52.16443688037103,25.320020496930283,4.645350925208661
3,Example Airplane,Main Wing,9,Blpp_GP1_CgP1,52.155731800214504,0.5014287844482445,-0.1042727304527381
3,Example Airplane,Main Wing,10,Flpp_GP1_CgP1,26.197588684785224,25.577341159687457,2.667139617601483
3,Example Airplane,Main Wing,10,Frpp_GP1_CgP1,28.05039834957483,62.85084476718488,6.277869241209689
3,Example Airplane,Main Wing,10,Brpp_GP1_CgP1,53.4334505475064,63.34892670050107,10.416033144108141
3,Example Airplane,Main Wing,10,Blpp_GP1_CgP1,52.16443688037103,25.320020496930283,4.645350925208661
3,Example Airplane,Main Wing,11,Flpp_GP1_CgP1,28.05039834957483,62.850844767184874,6.277869241209688
3,Example Airplane,Main Wing,11,Frpp_GP1_CgP1,28.216703653444792,96.99316174133642,7.9221892048841625
3,Example Airplane,Main Wing,11,Brpp_GP1_CgP1,52.86010025696624,97.77243148476944,14.25024456674181
3,Example Airplane,Main Wing,11,Blpp_GP1_CgP1,53.4334505475064,63.348926700501075,10.416033144108141
3,Example Airplane,Main Wing,12,Flpp_GP1_CgP1,28.216703653444792,96.99316174133642,7.9221892048841625
3,Example Airplane,Main Wing,12,Frpp_GP1_CgP1,26.730121493826307,135.6566775589099,9.581785254959184
3,Example Airplane,Main Wing,12,Brpp_GP1_CgP1,50.93812717091225,137.10103864711,17.3423143833635
3,Example Airplane,Main Wing,12,Blpp_GP1_CgP1,52.86010025696624,97.77243148476944,14.25024456674181
3,Example Airplane,Main Wing,13,Flpp_GP1_CgP1,26.730121493826307,135.6566775589099,9.581785254959184
3,Example Airplane,Main Wing,13,Frpp_GP1_CgP1,23.88913178628663,172.9997330076918,13.080765173608938
3,Example Airplane,Main Wing,13,Brpp_GP1_CgP1,47.682522765610955,174.8277899620098,21.334570899380545
3,Example Airplane,Main Wing,13,Blpp_GP1_CgP1,50.93812717091225,137.10103864711,17.3423143833635
3,Example Airplane,Main Wing,14,Flpp_GP1_CgP1,23.88913178628663,172.9997330076918,13.080765173608938
3,Example Airplane,Main Wing,14,Frpp_GP1_CgP1,18.59134948686322,214.59059197641494,14.111106408673681
3,Example Airplane,Main Wing,14,Brpp_GP1_CgP1,39.83472903919917,216.18723992772053,24.606222720138526
3,Example Airplane,Main Wing,14,Blpp_GP1_CgP1,47.682522765610955,174.8277899620098,21.334570899380545
3,Example Airplane,Main Wing,15,Flpp_GP1_CgP1,18.59134948686322,214.59059197641494,14.111106408673681
3,Example Airplane,Main Wing,15,Frpp_GP1_CgP1,13.737612906585204,253.50016743848727,14.149156378873812
3,Example Airplane,Main Wing,15,Brpp_GP1_CgP1,30.91863440564829,255.55870692359508,24.580203956466587
3,Example Airplane,Main Wing,15,Blpp_GP1_CgP1,39.83472903919917,216.18723992772053,24.606222720138526
3,Example Airplane,Main Wing,16,Flpp_GP1_CgP1,13.737612906585204,253.50016743848727,14.149156378873812
3,Example Airplane,Main Wing,16,Frpp_GP1_CgP1,4.7145862553568705,289.78235312874926,8.464389198391297
3,Example Airplane,Main Wing,16,Brpp_GP1_CgP1,15.909440604266939,291.28291352441704,16.54011723606082
3,Example Airplane,Main Wing,16,Blpp_GP1_CgP1,30.91863440564829,255.55870692359508,24.580203956466587
3,Example Airplane,Main Wing,17,Flpp_GP1_CgP1,4.7145862553568705,289.78235312874926,8.464389198391297
3,Example Airplane,Main Wing,17,Frpp_GP1_CgP1,-0.8550960946162149,308.1053005846222,5.647538172397675
3,Example Airplane,Main Wing,17,Brpp_GP1_CgP1,2.8975674936830895,308.1653526923406,8.710178004999701
3,Example Airplane,Main Wing,17,Blpp_GP1_CgP1,15.909440604266939,291.28291352441704,16.54011723606082
3,Example Airplane,Main Wing,18,Flpp_GP1_CgP1,52.155731800214504,0.5014287844482445,-0.1042727304527381
3,Example Airplane,Main Wing,18,Frpp_GP1_CgP1,52.16443688037103,25.320020496930283,4.645350925208661
3,Example Airplane,Main Wing,18,Brpp_GP1_CgP1,78.15257657911275,25.066466015355516,6.321982955600996
3,Example Airplane,Main Wing,18,Blpp_GP1_CgP1,78.23364978023987,0.5016078049816212,-0.11733765416830118
3,Example Airplane,Main Wing,19,Flpp_GP1_CgP1,52.16443688037103,25.320020496930283,4.645350925208661
3,Example Airplane,Main Wing,19,Frpp_GP1_CgP1,53.4334505475064,63.34892670050107,10.416033144108141
3,Example Airplane,Main Wing,19,Brpp_GP1_CgP1,78.91617402127176,63.85385934508694,13.88271628164617
3,Example Airplane,Main Wing,19,Blpp_GP1_CgP1,78.15257657911275,25.066466015355516,6.321982955600996
3,Example Airplane,Main Wing,20,Flpp_GP1_CgP1,53.4334505475064,63.348926700501075,10.416033144108141
3,Example Airplane,Main Wing,20,Frpp_GP1_CgP1,52.86010025696624,97.77243148476944,14.25024456674181
3,Example Airplane,Main Wing,20,Brpp_GP1_CgP1,77.56032976638774,98.553975116681,20.35184203120928
3,Example Airplane,Main Wing,20,Blpp_GP1_CgP1,78.91617402127176,63.85385934508694,13.88271628164617
3,Example Airplane,Main Wing,21,Flpp_GP1_CgP1,52.86010025696624,97.77243148476944,14.25024456674181
3,Example Airplane,Main Wing,21,Frpp_GP1_CgP1,50.93812717091225,137.10103864711,17.3423143833635
3,Example Airplane,Main Wing,21,Brpp_GP1_CgP1,75.24401513419429,138.54985840931988,24.78870709430894
3,Example Airplane,Main Wing,21,Blpp_GP1_CgP1,77.56032976638774,98.553975116681,20.35184203120928
3,Example Airplane,Main Wing,22,Flpp_GP1_CgP1,50.93812717091225,137.10103864711,17.3423143833635
3,Example Airplane,Main Wing,22,Frpp_GP1_CgP1,47.682522765610955,174.8277899620098,21.334570899380545
3,Example Airplane,Main Wing,22,Brpp_GP1_CgP1,71.65288930084732,176.66384334021066,29.09073573465556
3,Example Airplane,Main Wing,22,Blpp_GP1_CgP1,75.24401513419429,138.54985840931988,24.78870709430894
3,Example Airplane,Main Wing,23,Flpp_GP1_CgP1,47.682522765610955,174.8277899620098,21.334570899380545
3,Example Airplane,Main Wing,23,Frpp_GP1_CgP1,39.83472903919917,216.18723992772053,24.606222720138526
3,Example Airplane,Main Wing,23,Brpp_GP1_CgP1,61.453302598244505,217.80290706326784,34.32371295534677
3,Example Airplane,Main Wing,23,Blpp_GP1_CgP1,71.65288930084732,176.66384334021066,29.09073573465556
3,Example Airplane,Main Wing,24,Flpp_GP1_CgP1,39.83472903919917,216.18723992772053,24.606222720138526
3,Example Airplane,Main Wing,24,Frpp_GP1_CgP1,30.91863440564829,255.55870692359508,24.580203956466587
3,Example Airplane,Main Wing,24,Brpp_GP1_CgP1,48.56641332579211,257.64221566572047,34.22793372234005
3,Example Airplane,Main Wing,24,Blpp_GP1_CgP1,61.453302598244505,217.80290706326784,34.32371295534677
3,Example Airplane,Main Wing,25,Flpp_GP1_CgP1,30.91863440564829,255.55870692359508,24.580203956466587
3,Example Airplane,Main Wing,25,Frpp_GP1_CgP1,15.909440604266939,291.28291352441704,16.54011723606082
3,Example Airplane,Main Wing,25,Brpp_GP1_CgP1,27.102423908157554,292.78334873776845,24.618452262132156
3,Example Airplane,Main Wing,25,Blpp_GP1_CgP1,48.56641332579211,257.64221566572047,34.22793372234005
3,Example Airplane,Main Wing,26,Flpp_GP1_CgP1,15.909440604266939,291.28291352441704,16.54011723606082
3,Example Airplane,Main Wing,26,Frpp_GP1_CgP1,2.8975674936830895,308.1653526923406,8.710178004999701
3,Example Airplane,Main Wing,26,Brpp_GP1_CgP1,6.647167595126916,308.225310965535,11.776569545094759
3,Example Airplane,Main Wing,26,Blpp_GP1_CgP1,27.102423908157554,292.78334873776845,24.618452262132156
3,Example Airplane,Main Wing,27,Flpp_GP1_CgP1,78.23364978023987,0.5016078049816212,-0.11733765416830118
3,Example Airplane,Main Wing,27,Frpp_GP1_CgP1,78.15257657911275,25.066466015355516,6.321982955600996
3,Example Airplane,Main Wing,27,Brpp_GP1_CgP1,104.15924428722941,24.81693290827945,7.679458122737634
3,Example Airplane,Main Wing,27,Blpp_GP1_CgP1,104.31156785410995,0.5014307694171601,-0.10441759354174751
3,Example Airplane,Main Wing,28,Flpp_GP1_CgP1,78.15257657911275,25.066466015355516,6.321982955600996
3,Example Airplane,Main Wing,28,Frpp_GP1_CgP1,78.91617402127176,63.85385934508694,13.88271628164617
3,Example Airplane,Main Wing,28,Brpp_GP1_CgP1,104.57690115161297,64.37509438460103,15.578693655804154
3,Example Airplane,Main Wing,28,Blpp_GP1_CgP1,104.15924428722941,24.81693290827945,7.679458122737634
3,Example Airplane,Main Wing,29,Flpp_GP1_CgP1,78.91617402127176,63.85385934508694,13.88271628164617
3,Example Airplane,Main Wing,29,Frpp_GP1_CgP1,77.56032976638774,98.553975116681,20.35184203120928
3,Example Airplane,Main Wing,29,Brpp_GP1_CgP1,102.3099568910256,99.33750974588119,26.24922850003035
3,Example Airplane,Main Wing,29,Blpp_GP1_CgP1,104.57690115161297,64.37509438460103,15.578693655804154
3,Example Airplane,Main Wing,30,Flpp_GP1_CgP1,77.56032976638774,98.553975116681,20.35184203120928
3,Example Airplane,Main Wing,30,Frpp_GP1_CgP1,75.24401513419429,138.54985840931988,24.78870709430894
3,Example Airplane,Main Wing,30,Brpp_GP1_CgP1,99.6381323863003,140.0026531170345,31.940932764226954
3,Example Airplane,Main Wing,30,Blpp_GP1_CgP1,102.3099568910256,99.33750974588119,26.24922850003035
3,Example Airplane,Main Wing,31,Flpp_GP1_CgP1,75.24401513419429,138.54985840931988,24.78870709430894
3,Example Airplane,Main Wing,31,Frpp_GP1_CgP1,71.65288930084732,176.66384334021066,29.09073573465556
3,Example Airplane,Main Wing,31,Brpp_GP1_CgP1,94.85030417868374,178.46410020892446,38.9333755951959
3,Example Airplane,Main Wing,31,Blpp_GP1_CgP1,99.6381323863003,140.0026531170345,31.940932764226954
3,Example Airplane,Main Wing,32,Flpp_GP1_CgP1,71.65288930084732,176.66384334021066,29.09073573465556
3,Example Airplane,Main Wing,32,Frpp_GP1_CgP1,61.453302598244505,217.80290706326784,34.32371295534677
3,Example Airplane,Main Wing,32,Brpp_GP1_CgP1,83.64117653412713,219.44528006676424,42.63544234210064
3,Example Airplane,Main Wing,32,Blpp_GP1_CgP1,94.85030417868374,178.46410020892446,38.9333755951959
3,Example Airplane,Main Wing,33,Flpp_GP1_CgP1,61.453302598244505,217.80290706326784,34.32371295534677
3,Example Airplane,Main Wing,33,Frpp_GP1_CgP1,48.56641332579211,257.64221566572047,34.22793372234005
3,Example Airplane,Main Wing,33,Brpp_GP1_CgP1,66.33726369561192,259.73157264662893,43.64377904989606
3,Example Airplane,Main Wing,33,Blpp_GP1_CgP1,83.64117653412713,219.44528006676424,42.63544234210064
3,Example Airplane,Main Wing,34,Flpp_GP1_CgP1,48.56641332579211,257.64221566572047,34.22793372234005
3,Example Airplane,Main Wing,34,Frpp_GP1_CgP1,27.102423908157554,292.78334873776845,24.618452262132156
3,Example Airplane,Main Wing,34,Brpp_GP1_CgP1,38.3015797541904,294.2841945271184,32.68811134437831
3,Example Airplane,Main Wing,34,Blpp_GP1_CgP1,66.33726369561192,259.73157264662893,43.64377904989606
3,Example Airplane,Main Wing,35,Flpp_GP1_CgP1,27.102423908157554,292.78334873776845,24.618452262132156
3,Example Airplane,Main Wing,35,Frpp_GP1_CgP1,6.647167595126916,308.225310965535,11.776569545094759
3,Example Airplane,Main Wing,35,Brpp_GP1_CgP1,10.393711323852553,308.28517567665705,14.846696470243653
3,Example Airplane,Main Wing,35,Blpp_GP1_CgP1,38.3015797541904,294.2841945271184,32.68811134437831
3,Example Airplane,Main Wing,36,Flpp_GP1_CgP1,104.31156785410995,0.5014307694171601,-0.10441759354174751
3,Example Airplane,Main Wing,36,Frpp_GP1_CgP1,104.15924428722941,24.81693290827945,7.679458122737634
3,Example Airplane,Main Wing,36,Brpp_GP1_CgP1,130.18355631362024,24.572403612237807,8.643480237673304
3,Example Airplane,Main Wing,36,Blpp_GP1_CgP1,130.3894602141573,0.5008987651050214,-0.06559190341928406
3,Example Airplane,Main Wing,37,Flpp_GP1_CgP1,104.15924428722941,24.81693290827945,7.679458122737634
3,Example Airplane,Main Wing,37,Frpp_GP1_CgP1,104.57690115161297,64.37509438460103,15.578693655804154
3,Example Airplane,Main Wing,37,Brpp_GP1_CgP1,130.20480161474578,64.89239193931814,17.732031275772787
3,Example Airplane,Main Wing,37,Blpp_GP1_CgP1,130.18355631362024,24.572403612237807,8.643480237673304
3,Example Airplane,Main Wing,38,Flpp_GP1_CgP1,104.57690115161297,64.37509438460103,15.578693655804154
3,Example Airplane,Main Wing,38,Frpp_GP1_CgP1,102.3099568910256,99.33750974588119,26.24922850003035
3,Example Airplane,Main Wing,38,Brpp_GP1_CgP1,127.31806345783983,100.13186991298325,30.872064246840626
3,Example Airplane,Main Wing,38,Blpp_GP1_CgP1,130.20480161474578,64.89239193931814,17.732031275772787
3,Example Airplane,Main Wing,39,Flpp_GP1_CgP1,102.3099568910256,99.33750974588119,26.24922850003035
3,Example Airplane,Main Wing,39,Frpp_GP1_CgP1,99.6381323863003,140.0026531170345,31.940932764226954
3,Example Airplane,Main Wing,39,Brpp_GP1_CgP1,124.30141711810647,141.46702954984733,38.05942767015448
3,Example Airplane,Main Wing,39,Blpp_GP1_CgP1,127.31806345783983,100.13186991298325,30.872064246840626
3,Example Airplane,Main Wing,40,Flpp_GP1_CgP1,99.6381323863003,140.0026531170345,31.940932764226954
3,Example Airplane,Main Wing,40,Frpp_GP1_CgP1,94.85030417868374,178.46410020892446,38.9333755951959
3,Example Airplane,Main Wing,40,Brpp_GP1_CgP1,118.81628844052335,180.29931739776785,46.63816290431348
3,Example Airplane,Main Wing,40,Blpp_GP1_CgP1,124.30141711810647,141.46702954984733,38.05942767015448
3,Example Airplane,Main Wing,41,Flpp_GP1_CgP1,94.85030417868374,178.46410020892446,38.9333755951959
3,Example Airplane,Main Wing,41,Frpp_GP1_CgP1,83.64117653412713,219.44528006676424,42.63544234210064
3,Example Airplane,Main Wing,41,Brpp_GP1_CgP1,106.05337989026584,221.09768199642272,50.34138297863434
3,Example Airplane,Main Wing,41,Blpp_GP1_CgP1,118.81628844052335,180.29931739776785,46.63816290431348
3,Example Airplane,Main Wing,42,Flpp_GP1_CgP1,83.64117653412713,219.44528006676424,42.63544234210064
3,Example Airplane,Main Wing,42,Frpp_GP1_CgP1,66.33726369561192,259.73157264662893,43.64377904989606
3,Example Airplane,Main Wing,42,Brpp_GP1_CgP1,84.43434445854427,261.83547953156256,52.41214484114098
3,Example Airplane,Main Wing,42,Blpp_GP1_CgP1,106.05337989026584,221.09768199642272,50.34138297863434
3,Example Airplane,Main Wing,43,Flpp_GP1_CgP1,66.33726369561192,259.73157264662893,43.64377904989606
3,Example Airplane,Main Wing,43,Frpp_GP1_CgP1,38.3015797541904,294.2841945271184,32.68811134437831
3,Example Airplane,Main Wing,43,Brpp_GP1_CgP1,49.64349593798024,295.79440396118997,40.552944101984366
3,Example Airplane,Main Wing,43,Blpp_GP1_CgP1,84.43434445854427,261.83547953156256,52.41214484114098
3,Example Airplane,Main Wing,44,Flpp_GP1_CgP1,38.3015797541904,294.2841945271184,32.68811134437831
3,Example Airplane,Main Wing,44,Frpp_GP1_CgP1,10.393711323852553,308.28517567665705,14.846696470243653
3,Example Airplane,Main Wing,44,Brpp_GP1_CgP1,14.137204304454329,308.3449470521439,17.92054433661539
3,Example Airplane,Main Wing,44,Blpp_GP1_CgP1,49.64349593798024,295.79440396118997,40.552944101984366
3,Example Airplane,Main Wing,45,Flpp_GP1_CgP1,130.3894602141573,0.5008987651050214,-0.06559190341928406
3,Example Airplane,Main Wing,45,Frpp_GP1_CgP1,130.18355631362024,24.572403612237807,8.643480237673304
3,Example Airplane,Main Wing,45,Brpp_GP1_CgP1,156.21842917834877,24.33228877492389,9.263790480922182
3,Example Airplane,Main Wing,45,Blpp_GP1_CgP1,156.4673009013703,0.5000105817969517,-0.0007722598482959574
3,Example Airplane,Main Wing,46,Flpp_GP1_CgP1,130.18355631362024,24.572403612237807,8.643480237673304
3,Example Airplane,Main Wing,46,Frpp_GP1_CgP1,130.20480161474578,64.89239193931814,17.732031275772787
3,Example Airplane,Main Wing,46,Brpp_GP1_CgP1,155.80002001179633,65.4064033824804,20.2516338880126
3,Example Airplane,Main Wing,46,Blpp_GP1_CgP1,156.21842917834877,24.33228877492389,9.263790480922182
3,Example Airplane,Main Wing,47,Flpp_GP1_CgP1,130.20480161474578,64.89239193931814,17.732031275772787
3,Example Airplane,Main Wing,47,Frpp_GP1_CgP1,127.31806345783983,100.13186991298325,30.872064246840626
3,Example Airplane,Main Wing,47,Brpp_GP1_CgP1,152.63576249484083,100.9404320219658,33.343491282816395
3,Example Airplane,Main Wing,47,Blpp_GP1_CgP1,155.80002001179633,65.4064033824804,20.2516338880126
3,Example Airplane,Main Wing,48,Flpp_GP1_CgP1,127.31806345783983,100.13186991298325,30.872064246840626
3,Example Airplane,Main Wing,48,Frpp_GP1_CgP1,124.30141711810647,141.46702954984733,38.05942767015448
3,Example Airplane,Main Wing,48,Brpp_GP1_CgP1,149.38707681995237,142.94793768688308,42.145059743914246
3,Example Airplane,Main Wing,48,Blpp_GP1_CgP1,152.63576249484083,100.9404320219658,33.343491282816395
3,Example Airplane,Main Wing,49,Flpp_GP1_CgP1,124.30141711810647,141.46702954984733,38.05942767015448
3,Example Airplane,Main Wing,49,Frpp_GP1_CgP1,118.81628844052335,180.29931739776785,46.63816290431348
3,Example Airplane,Main Wing,49,Brpp_GP1_CgP1,143.56679300522563,182.1616482893496,51.30509569107009
3,Example Airplane,Main Wing,49,Blpp_GP1_CgP1,149.38707681995237,142.94793768688308,42.145059743914246
3,Example Airplane,Main Wing,50,Flpp_GP1_CgP1,118.81628844052335,180.29931739776785,46.63816290431348
3,Example Airplane,Main Wing,50,Frpp_GP1_CgP1,106.05337989026584,221.09768199642272,50.34138297863434
3,Example Airplane,Main Wing,50,Brpp_GP1_CgP1,128.54595320121499,222.75346866929712,57.808439565908806
3,Example Airplane,Main Wing,50,Blpp_GP1_CgP1,143.56679300522563,182.1616482893496,51.30509569107009
3,Example Airplane,Main Wing,51,Flpp_GP1_CgP1,106.05337989026584,221.09768199642272,50.34138297863434
3,Example Airplane,Main Wing,51,Frpp_GP1_CgP1,84.43434445854427,261.83547953156256,52.41214484114098
3,Example Airplane,Main Wing,51,Brpp_GP1_CgP1,102.98864188356671,263.956471782776,60.15911708657968
3,Example Airplane,Main Wing,51,Blpp_GP1_CgP1,128.54595320121499,222.75346866929712,57.808439565908806
3,Example Airplane,Main Wing,52,Flpp_GP1_CgP1,84.43434445854427,261.83547953156256,52.41214484114098
3,Example Airplane,Main Wing,52,Frpp_GP1_CgP1,49.64349593798024,295.79440396118997,40.552944101984366
3,Example Airplane,Main Wing,52,Brpp_GP1_CgP1,61.20954345315889,297.3188705376034,48.0822291677554
3,Example Airplane,Main Wing,52,Blpp_GP1_CgP1,102.98864188356671,263.956471782776,60.15911708657968
3,Example Airplane,Main Wing,53,Flpp_GP1_CgP1,49.64349593798024,295.79440396118997,40.552944101984366
3,Example Airplane,Main Wing,53,Frpp_GP1_CgP1,14.137204304454329,308.3449470521439,17.92054433661539
3,Example Airplane,Main Wing,53,Brpp_GP1_CgP1,17.877632417185467,308.40462471433557,20.998122786609283
3,Example Airplane,Main Wing,53,Blpp_GP1_CgP1,61.20954345315889,297.3188705376034,48.0822291677554
3,Example Airplane,Reflected Main Wing,0,Flpp_GP1_CgP1,-4.610809001951866,-308.04515502171824,2.588640317232281
3,Example Airplane,Reflected Main Wing,0,Frpp_GP1_CgP1,-6.473915049206285,-288.28221694380915,0.3797828002444761
3,Example Airplane,Reflected Main Wing,0,Brpp_GP1_CgP1,4.7145862553568705,-289.78235312874926,8.464389198391297
3,Example Airplane,Reflected Main Wing,0,Blpp_GP1_CgP1,-0.8550960946162149,-308.1053005846222,5.647538172397675
3,Example Airplane,Reflected Main Wing,1,Flpp_GP1_CgP1,-6.473915049206285,-288.28221694380915,0.3797828002444761
3,Example Airplane,Reflected Main Wing,1,Frpp_GP1_CgP1,-2.125238971064108,-251.5199041073973,1.7733629005671487
3,Example Airplane,Reflected Main Wing,1,Brpp_GP1_CgP1,13.737612906585204,-253.50016743848727,14.149156378873812
3,Example Airplane,Reflected Main Wing,1,Blpp_GP1_CgP1,4.7145862553568705,-289.78235312874926,8.464389198391297
3,Example Airplane,Reflected Main Wing,2,Flpp_GP1_CgP1,-2.125238971064108,-251.5199041073973,1.7733629005671487
3,Example Airplane,Reflected Main Wing,2,Frpp_GP1_CgP1,-1.3511970906339215,-213.06351989999064,1.3011426900624588
3,Example Airplane,Reflected Main Wing,2,Brpp_GP1_CgP1,18.59134948686322,-214.59059197641494,14.111106408673681
3,Example Airplane,Reflected Main Wing,2,Blpp_GP1_CgP1,13.737612906585204,-253.50016743848727,14.149156378873812
3,Example Airplane,Reflected Main Wing,3,Flpp_GP1_CgP1,-1.3511970906339215,-213.06351989999064,1.3011426900624588
3,Example Airplane,Reflected Main Wing,3,Frpp_GP1_CgP1,1.4502520823883203,-171.23898033094815,1.6272893195735993
3,Example Airplane,Reflected Main Wing,3,Brpp_GP1_CgP1,23.88913178628663,-172.9997330076918,13.080765173608938
3,Example Airplane,Reflected Main Wing,3,Blpp_GP1_CgP1,18.59134948686322,-214.59059197641494,14.111106408673681
3,Example Airplane,Reflected Main Wing,4,Flpp_GP1_CgP1,1.4502520823883203,-171.23898033094815,1.6272893195735993
3,Example Airplane,Reflected Main Wing,4,Frpp_GP1_CgP1,2.6262058697790174,-134.21712151799542,1.5031043820444523
3,Example Airplane,Reflected Main Wing,4,Brpp_GP1_CgP1,26.730121493826307,-135.6566775589099,9.581785254959184
3,Example Airplane,Reflected Main Wing,4,Blpp_GP1_CgP1,23.88913178628663,-172.9997330076918,13.080765173608938
3,Example Airplane,Reflected Main Wing,5,Flpp_GP1_CgP1,2.6262058697790174,-134.21712151799542,1.5031043820444523
3,Example Airplane,Reflected Main Wing,5,Frpp_GP1_CgP1,3.6289347743684184,-96.21610042152314,1.3811981233001795
3,Example Airplane,Reflected Main Wing,5,Brpp_GP1_CgP1,28.216703653444792,-96.99316174133642,7.9221892048841625
3,Example Airplane,Reflected Main Wing,5,Blpp_GP1_CgP1,26.730121493826307,-135.6566775589099,9.581785254959184
3,Example Airplane,Reflected Main Wing,6,Flpp_GP1_CgP1,3.6289347743684184,-96.21610042152314,1.3811981233001795
3,Example Airplane,Reflected Main Wing,6,Frpp_GP1_CgP1,2.8884412653905094,-62.36576613426081,0.958346808451009
3,Example Airplane,Reflected Main Wing,6,Brpp_GP1_CgP1,28.05039834957483,-62.850844767184874,6.277869241209688
3,Example Airplane,Reflected Main Wing,6,Blpp_GP1_CgP1,28.216703653444792,-96.99316174133642,7.9221892048841625
3,Example Airplane,Reflected Main Wing,7,Flpp_GP1_CgP1,2.8884412653905094,-62.36576613426081,0.958346808451009
3,Example Airplane,Reflected Main Wing,7,Frpp_GP1_CgP1,0.2591247316216161,-25.83889141020959,0.347203087762921
3,Example Airplane,Reflected Main Wing,7,Brpp_GP1_CgP1,26.197588684785224,-25.577341159687457,2.667139617601483
3,Example Airplane,Reflected Main Wing,7,Blpp_GP1_CgP1,28.05039834957483,-62.85084476718488,6.277869241209689
3,Example Airplane,Reflected Main Wing,8,Flpp_GP1_CgP1,0.2591247316216161,-25.83889141020959,0.347203087762921
3,Example Airplane,Reflected Main Wing,8,Frpp_GP1_CgP1,0.0,-0.5,-2.625580911426942e-19
3,Example Airplane,Reflected Main Wing,8,Brpp_GP1_CgP1,26.077839919979876,-0.5008924436215352,-0.06513056137120679
3,Example Airplane,Reflected Main Wing,8,Blpp_GP1_CgP1,26.197588684785224,-25.577341159687457,2.667139617601483
3,Example Airplane,Reflected Main Wing,9,Flpp_GP1_CgP1,-0.8550960946162149,-308.1053005846222,5.647538172397675
3,Example Airplane,Reflected Main Wing,9,Frpp_GP1_CgP1,4.7145862553568705,-289.78235312874926,8.464389198391297
3,Example Airplane,Reflected Main Wing,9,Brpp_GP1_CgP1,15.909440604266939,-291.28291352441704,16.54011723606082
3,Example Airplane,Reflected Main Wing,9,Blpp_GP1_CgP1,2.8975674936830895,-308.1653526923406,8.710178004999701
3,Example Airplane,Reflected Main Wing,10,Flpp_GP1_CgP1,4.7145862553568705,-289.78235312874926,8.464389198391297
3,Example Airplane,Reflected Main Wing,10,Frpp_GP1_CgP1,13.737612906585204,-253.50016743848727,14.149156378873812
3,Example Airplane,Reflected Main Wing,10,Brpp_GP1_CgP1,30.91863440564829,-255.55870692359508,24.580203956466587
3,Example Airplane,Reflected Main Wing,10,Blpp_GP1_CgP1,15.909440604266939,-291.28291352441704,16.54011723606082
3,Example Airplane,Reflected Main Wing,11,Flpp_GP1_CgP1,13.737612906585204,-253.50016743848727,14.149156378873812
3,Example Airplane,Reflected Main Wing,11,Frpp_GP1_CgP1,18.59134948686322,-214.59059197641494,14.111106408673681
3,Example Airplane,Reflected Main Wing,11,Brpp_GP1_CgP1,39.83472903919917,-216.18723992772053,24.606222720138526
3,Example Airplane,Reflected Main Wing,11,Blpp_GP1_CgP1,30.91863440564829,-255.55870692359508,24.580203956466587
3,Example Airplane,Reflected Main Wing,12,Flpp_GP1_CgP1,18.59134948686322,-214.59059197641494,14.111106408673681
3,Example Airplane,Reflected Main Wing,12,Frpp_GP1_CgP1,23.88913178628663,-172.9997330076918,13.080765173608938
3,Example Airplane,Reflected Main Wing,12,Brpp_GP1_CgP1,47.682522765610955,-174.8277899620098,21.334570899380545
3,Example Airplane,Reflected Main Wing,12,Blpp_GP1_CgP1,39.83472903919917,-216.18723992772053,24.606222720138526
3,Example Airplane,Reflected Main Wing,13,Flpp_GP1_CgP1,23.88913178628663,-172.9997330076918,13.080765173608938
3,Example Airplane,Reflected Main Wing,13,Frpp_GP1_CgP1,26.730121493826307,-135.6566775589099,9.581785254959184
3,Example Airplane,Reflected Main Wing,13,Brpp_GP1_CgP1,50.93812717091225,-137.10103864711,17.3423143833635
3,Example Airplane,Reflected Main Wing,13,Blpp_GP1_CgP1,47.682522765610955,-174.8277899620098,21.334570899380545
3,Example Airplane,Reflected Main Wing,14,Flpp_GP1_CgP1,26.730121493826307,-135.6566775589099,9.581785254959184
3,Example Airplane,Reflected Main Wing,14,Frpp_GP1_CgP1,28.216703653444792,-96.99316174133642,7.9221892048841625
3,Example Airplane,Reflected Main Wing,14,Brpp_GP1_CgP1,52.86010025696624,-97.77243148476944,14.25024456674181
3,Example Airplane,Reflected Main Wing,14,Blpp_GP1_CgP1,50.93812717091225,-137.10103864711,17.3423143833635
3,Example Airplane,Reflected Main Wing,15,Flpp_GP1_CgP1,28.216703653444792,-96.99316174133642,7.9221892048841625
3,Example Airplane,Reflected Main Wing,15,Frpp_GP1_CgP1,28.05039834957483,-62.850844767184874,6.277869241209688
3,Example Airplane,Reflected Main Wing,15,Brpp_GP1_CgP1,53.4334505475064,-63.348926700501075,10.416033144108141
3,Example Airplane,Reflected Main Wing,15,Blpp_GP1_CgP1,52.86010025696624,-97.77243148476944,14.25024456674181
3,Example Airplane,Reflected Main Wing,16,Flpp_GP1_CgP1,28.05039834957483,-62.85084476718488,6.277869241209689
3,Example Airplane,Reflected Main Wing,16,Frpp_GP1_CgP1,26.197588684785224,-25.577341159687457,2.667139617601483
3,Example Airplane,Reflected Main Wing,16,Brpp_GP1_CgP1,52.16443688037103,-25.320020496930283,4.645350925208661
3,Example Airplane,Reflected Main Wing,16,Blpp_GP1_CgP1,53.4334505475064,-63.34892670050107,10.416033144108141
3,Example Airplane,Reflected Main Wing,17,Flpp_GP1_CgP1,26.197588684785224,-25.577341159687457,2.667139617601483
3,Example Airplane,Reflected Main Wing,17,Frpp_GP1_CgP1,26.077839919979876,-0.5008924436215352,-0.06513056137120679
3,Example Airplane,Reflected Main Wing,17,Brpp_GP1_CgP1,52.155731800214504,-0.5014287844482445,-0.1042727304527381
3,Example Airplane,Reflected Main Wing,17,Blpp_GP1_CgP1,52.16443688037103,-25.320020496930283,4.645350925208661
3,Example Airplane,Reflected Main Wing,18,Flpp_GP1_CgP1,2.8975674936830895,-308.1653526923406,8.710178004999701
3,Example Airplane,Reflected Main Wing,18,Frpp_GP1_CgP1,15.909440604266939,-291.28291352441704,16.54011723606082
3,Example Airplane,Reflected Main Wing,18,Brpp_GP1_CgP1,27.102423908157554,-292.78334873776845,24.618452262132156
3,Example Airplane,Reflected Main Wing,18,Blpp_GP1_CgP1,6.647167595126916,-308.225310965535,11.776569545094759
3,Example Airplane,Reflected Main Wing,19,Flpp_GP1_CgP1,15.909440604266939,-291.28291352441704,16.54011723606082
3,Example Airplane,Reflected Main Wing,19,Frpp_GP1_CgP1,30.91863440564829,-255.55870692359508,24.580203956466587
3,Example Airplane,Reflected Main Wing,19,Brpp_GP1_CgP1,48.56641332579211,-257.64221566572047,34.22793372234005
3,Example Airplane,Reflected Main Wing,19,Blpp_GP1_CgP1,27.102423908157554,-292.78334873776845,24.618452262132156
3,Example Airplane,Reflected Main Wing,20,Flpp_GP1_CgP1,30.91863440564829,-255.55870692359508,24.580203956466587
3,Example Airplane,Reflected Main Wing,20,Frpp_GP1_CgP1,39.83472903919917,-216.18723992772053,24.606222720138526
3,Example Airplane,Reflected Main Wing,20,Brpp_GP1_CgP1,61.453302598244505,-217.80290706326784,34.32371295534677
3,Example Airplane,Reflected Main Wing,20,Blpp_GP1_CgP1,48.56641332579211,-257.64221566572047,34.22793372234005
3,Example Airplane,Reflected Main Wing,21,Flpp_GP1_CgP1,39.83472903919917,-216.18723992772053,24.606222720138526
3,Example Airplane,Reflected Main Wing,21,Frpp_GP1_CgP1,47.682522765610955,-174.8277899620098,21.334570899380545
3,Example Airplane,Reflected Main Wing,21,Brpp_GP1_CgP1,71.65288930084732,-176.66384334021066,29.09073573465556
3,Example Airplane,Reflected Main Wing,21,Blpp_GP1_CgP1,61.453302598244505,-217.80290706326784,34.32371295534677
3,Example Airplane,Reflected Main Wing,22,Flpp_GP1_CgP1,47.682522765610955,-174.8277899620098,21.334570899380545
3,Example Airplane,Reflected Main Wing,22,Frpp_GP1_CgP1,50.93812717091225,-137.10103864711,17.3423143833635
3,Example Airplane,Reflected Main Wing,22,Brpp_GP1_CgP1,75.24401513419429,-138.54985840931988,24.78870709430894
3,Example Airplane,Reflected Main Wing,22,Blpp_GP1_CgP1,71.65288930084732,-176.66384334021066,29.09073573465556
3,Example Airplane,Reflected Main Wing,23,Flpp_GP1_CgP1,50.93812717091225,-137.10103864711,17.3423143833635
3,Example Airplane,Reflected Main Wing,23,Frpp_GP1_CgP1,52.86010025696624,-97.77243148476944,14.25024456674181
3,Example Airplane,Reflected Main Wing,23,Brpp_GP1_CgP1,77.56032976638774,-98.553975116681,20.35184203120928
3,Example Airplane,Reflected Main Wing,23,Blpp_GP1_CgP1,75.24401513419429,-138.54985840931988,24.78870709430894
3,Example Airplane,Reflected Main Wing,24,Flpp_GP1_CgP1,52.86010025696624,-97.77243148476944,14.25024456674181
3,Example Airplane,Reflected Main Wing,24,Frpp_GP1_CgP1,53.4334505475064,-63.348926700501075,10.416033144108141
3,Example Airplane,Reflected Main Wing,24,Brpp_GP1_CgP1,78.91617402127176,-63.85385934508694,13.88271628164617
3,Example Airplane,Reflected Main Wing,24,Blpp_GP1_CgP1,77.56032976638774,-98.553975116681,20.35184203120928
3,Example Airplane,Reflected Main Wing,25,Flpp_GP1_CgP1,53.4334505475064,-63.34892670050107,10.416033144108141
3,Example Airplane,Reflected Main Wing,25,Frpp_GP1_CgP1,52.16443688037103,-25.320020496930283,4.645350925208661
3,Example Airplane,Reflected Main Wing,25,Brpp_GP1_CgP1,78.15257657911275,-25.066466015355516,6.321982955600996
3,Example Airplane,Reflected Main Wing,25,Blpp_GP1_CgP1,78.91617402127176,-63.85385934508694,13.88271628164617
3,Example Airplane,Reflected Main Wing,26,Flpp_GP1_CgP1,52.16443688037103,-25.320020496930283,4.645350925208661
3,Example Airplane,Reflected Main Wing,26,Frpp_GP1_CgP1,52.155731800214504,-0.5014287844482445,-0.1042727304527381
3,Example Airplane,Reflected Main Wing,26,Brpp_GP1_CgP1,78.23364978023987,-0.5016078049816212,-0.11733765416830118
3,Example Airplane,Reflected Main Wing,26,Blpp_GP1_CgP1,78.15257657911275,-25.066466015355516,6.321982955600996
3,Example Airplane,Reflected Main Wing,27,Flpp_GP1_CgP1,6.647167595126916,-308.225310965535,11.776569545094759
3,Example Airplane,Reflected Main Wing,27,Frpp_GP1_CgP1,27.102423908157554,-292.78334873776845,24.618452262132156
3,Example Airplane,Reflected Main Wing,27,Brpp_GP1_CgP1,38.3015797541904,-294.2841945271184,32.68811134437831
3,Example Airplane,Reflected Main Wing,27,Blpp_GP1_CgP1,10.393711323852553,-308.28517567665705,14.846696470243653
3,Example Airplane,Reflected Main Wing,28,Flpp_GP1_CgP1,27.102423908157554,-292.78334873776845,24.618452262132156
3,Example Airplane,Reflected Main Wing,28,Frpp_GP1_CgP1,48.56641332579211,-257.64221566572047,34.22793372234005
3,Example Airplane,Reflected Main Wing,28,Brpp_GP1_CgP1,66.33726369561192,-259.73157264662893,43.64377904989606
3,Example Airplane,Reflected Main Wing,28,Blpp_GP1_CgP1,38.3015797541904,-294.2841945271184,32.68811134437831
3,Example Airplane,Reflected Main Wing,29,Flpp_GP1_CgP1,48.56641332579211,-257.64221566572047,34.22793372234005
3,Example Airplane,Reflected Main Wing,29,Frpp_GP1_CgP1,61.453302598244505,-217.80290706326784,34.32371295534677
3,Example Airplane,Reflected Main Wing,29,Brpp_GP1_CgP1,83.64117653412713,-219.44528006676424,42.63544234210064
3,Example Airplane,Reflected Main Wing,29,Blpp_GP1_CgP1,66.33726369561192,-259.73157264662893,43.64377904989606
3,Example Airplane,Reflected Main Wing,30,Flpp_GP1_CgP1,61.453302598244505,-217.80290706326784,34.32371295534677
3,Example Airplane,Reflected Main Wing,30,Frpp_GP1_CgP1,71.65288930084732,-176.66384334021066,29.09073573465556
3,Example Airplane,Reflected Main Wing,30,Brpp_GP1_CgP1,94.85030417868374,-178.46410020892446,38.9333755951959
3,Example Airplane,Reflected Main Wing,30,Blpp_GP1_CgP1,83.64117653412713,-219.44528006676424,42.63544234210064
3,Example Airplane,Reflected Main Wing,31,Flpp_GP1_CgP1,71.65288930084732,-176.66384334021066,29.09073573465556
3,Example Airplane,Reflected Main Wing,31,Frpp_GP1_CgP1,75.24401513419429,-138.54985840931988,24.78870709430894
3,Example Airplane,Reflected Main Wing,31,Brpp_GP1_CgP1,99.6381323863003,-140.0026531170345,31.940932764226954
3,Example Airplane,Reflected Main Wing,31,Blpp_GP1_CgP1,94.85030417868374,-178.46410020892446,38.9333755951959
3,Example Airplane,Reflected Main Wing,32,Flpp_GP1_CgP1,75.24401513419429,-138.54985840931988,24.78870709430894
3,Example Airplane,Reflected Main Wing,32,Frpp_GP1_CgP1,77.56032976638774,-98.553975116681,20.35184203120928
3,Example Airplane,Reflected Main Wing,32,Brpp_GP1_CgP1,102.3099568910256,-99.33750974588119,26.24922850003035
3,Example Airplane,Reflected Main Wing,32,Blpp_GP1_CgP1,99.6381323863003,-140.0026531170345,31.940932764226954
3,Example Airplane,Reflected Main Wing,33,Flpp_GP1_CgP1,77.56032976638774,-98.553975116681,20.35184203120928
3,Example Airplane,Reflected Main Wing,33,Frpp_GP1_CgP1,78.91617402127176,-63.85385934508694,13.88271628164617
3,Example Airplane,Reflected Main Wing,33,Brpp_GP1_CgP1,104.57690115161297,-64.37509438460103,15.578693655804154
3,Example Airplane,Reflected Main Wing,33,Blpp_GP1_CgP1,102.3099568910256,-99.33750974588119,26.24922850003035
3,Example Airplane,Reflected Main Wing,34,Flpp_GP1_CgP1,78.91617402127176,-63.85385934508694,13.88271628164617
3,Example Airplane,Reflected Main Wing,34,Frpp_GP1_CgP1,78.15257657911275,-25.066466015355516,6.321982955600996
3,Example Airplane,Reflected Main Wing,34,Brpp_GP1_CgP1,104.15924428722941,-24.81693290827945,7.679458122737634
3,Example Airplane,Reflected Main Wing,34,Blpp_GP1_CgP1,104.57690115161297,-64.37509438460103,15.578693655804154
3,Example Airplane,Reflected Main Wing,35,Flpp_GP1_CgP1,78.15257657911275,-25.066466015355516,6.321982955600996
3,Example Airplane,Reflected Main Wing,35,Frpp_GP1_CgP1,78.23364978023987,-0.5016078049816212,-0.11733765416830118
3,Example Airplane,Reflected Main Wing,35,Brpp_GP1_CgP1,104.31156785410995,-0.5014307694171601,-0.10441759354174751
3,Example Airplane,Reflected Main Wing,35,Blpp_GP1_CgP1,104.15924428722941,-24.81693290827945,7.679458122737634
3,Example Airplane,Reflected Main Wing,36,Flpp_GP1_CgP1,10.393711323852553,-308.28517567665705,14.846696470243653
3,Example Airplane,Reflected Main Wing,36,Frpp_GP1_CgP1,38.3015797541904,-294.2841945271184,32.68811134437831
3,Example Airplane,Reflected Main Wing,36,Brpp_GP1_CgP1,49.64349593798024,-295.79440396118997,40.552944101984366
3,Example Airplane,Reflected Main Wing,36,Blpp_GP1_CgP1,14.137204304454329,-308.3449470521439,17.92054433661539
3,Example Airplane,Reflected Main Wing,37,Flpp_GP1_CgP1,38.3015797541904,-294.2841945271184,32.68811134437831
3,Example Airplane,Reflected Main Wing,37,Frpp_GP1_CgP1,66.33726369561192,-259.73157264662893,43.64377904989606
3,Example Airplane,Reflected Main Wing,37,Brpp_GP1_CgP1,84.43434445854427,-261.83547953156256,52.41214484114098
3,Example Airplane,Reflected Main Wing,37,Blpp_GP1_CgP1,49.64349593798024,-295.79440396118997,40.552944101984366
3,Example Airplane,Reflected Main Wing,38,Flpp_GP1_CgP1,66.33726369561192,-259.73157264662893,43.64377904989606
3,Example Airplane,Reflected Main Wing,38,Frpp_GP1_CgP1,83.64117653412713,-219.44528006676424,42.63544234210064
3,Example Airplane,Reflected Main Wing,38,Brpp_GP1_CgP1,106.05337989026584,-221.09768199642272,50.34138297863434
3,Example Airplane,Reflected Main Wing,38,Blpp_GP1_CgP1,84.43434445854427,-261.83547953156256,52.41214484114098
3,Example Airplane,Reflected Main Wing,39,Flpp_GP1_CgP1,83.64117653412713,-219.44528006676424,42.63544234210064
3,Example Airplane,Reflected Main Wing,39,Frpp_GP1_CgP1,94.85030417868374,-178.46410020892446,38.9333755951959
3,Example Airplane,Reflected Main Wing,39,Brpp_GP1_CgP1,118.81628844052335,-180.29931739776785,46.63816290431348
3,Example Airplane,Reflected Main Wing,39,Blpp_GP1_CgP1,106.05337989026584,-221.09768199642272,50.34138297863434
3,Example Airplane,Reflected Main Wing,40,Flpp_GP1_CgP1,94.85030417868374,-178.46410020892446,38.9333755951959
3,Example Airplane,Reflected Main Wing,40,Frpp_GP1_CgP1,99.6381323863003,-140.0026531170345,31.940932764226954
3,Example Airplane,Reflected Main Wing,40,Brpp_GP1_CgP1,124.30141711810647,-141.46702954984733,38.05942767015448
3,Example Airplane,Reflected Main Wing,40,Blpp_GP1_CgP1,118.81628844052335,-180.29931739776785,46.63816290431348
3,Example Airplane,Reflected Main Wing,41,Flpp_GP1_CgP1,99.6381323863003,-140.0026531170345,31.940932764226954
3,Example Airplane,Reflected Main Wing,41,Frpp_GP1_CgP1,102.3099568910256,-99.33750974588119,26.24922850003035
3,Example Airplane,Reflected Main Wing,41,Brpp_GP1_CgP1,127.31806345783983,-100.13186991298325,30.872064246840626
3,Example Airplane,Reflected Main Wing,41,Blpp_GP1_CgP1,124.30141711810647,-141.46702954984733,38.05942767015448
3,Example Airplane,Reflected Main Wing,42,Flpp_GP1_CgP1,102.3099568910256,-99.33750974588119,26.24922850003035
3,Example Airplane,Reflected Main Wing,42,Frpp_GP1_CgP1,104.57690115161297,-64.37509438460103,15.578693655804154
3,Example Airplane,Reflected Main Wing,42,Brpp_GP1_CgP1,130.20480161474578,-64.89239193931814,17.732031275772787
3,Example Airplane,Reflected Main Wing,42,Blpp_GP1_CgP1,127.31806345783983,-100.13186991298325,30.872064246840626
3,Example Airplane,Reflected Main Wing,43,Flpp_GP1_CgP1,104.57690115161297,-64.37509438460103,15.578693655804154
3,Example Airplane,Reflected Main Wing,43,Frpp_GP1_CgP1,104.15924428722941,-24.81693290827945,7.679458122737634
3,Example Airplane,Reflected Main Wing,43,Brpp_GP1_CgP1,130.18355631362024,-24.572403612237807,8.643480237673304
3,Example Airplane,Reflected Main Wing,43,Blpp_GP1_CgP1,130.20480161474578,-64.89239193931814,17.732031275772787
3,Example Airplane,Reflected Main Wing,44,Flpp_GP1_CgP1,104.15924428722941,-24.81693290827945,7.679458122737634
3,Example Airplane,Reflected Main Wing,44,Frpp_GP1_CgP1,104.31156785410995,-0.5014307694171601,-0.10441759354174751
3,Example Airplane,Reflected Main Wing,44,Brpp_GP1_CgP1,130.3894602141573,-0.5008987651050214,-0.06559190341928406
3,Example Airplane,Reflected Main Wing,44,Blpp_GP1_CgP1,130.18355631362024,-24.572403612237807,8.643480237673304
3,Example Airplane,Reflected Main Wing,45,Flpp_GP1_CgP1,14.137204304454329,-308.3449470521439,17.92054433661539
3,Example Airplane,Reflected Main Wing,45,Frpp_GP1_CgP1,49.64349593798024,-295.79440396118997,40.552944101984366
3,Example Airplane,Reflected Main Wing,45,Brpp_GP1_CgP1,61.20954345315889,-297.3188705376034,48.0822291677554
3,Example Airplane,Reflected Main Wing,45,Blpp_GP1_CgP1,17.877632417185467,-308.40462471433557,20.998122786609283
3,Example Airplane,Reflected Main Wing,46,Flpp_GP1_CgP1,49.64349593798024,-295.79440396118997,40.552944101984366
3,Example Airplane,Reflected Main Wing,46,Frpp_GP1_CgP1,84.43434445854427,-261.83547953156256,52.41214484114098
3,Example Airplane,Reflected Main Wing,46,Brpp_GP1_CgP1,102.98864188356671,-263.956471782776,60.15911708657968
3,Example Airplane,Reflected Main Wing,46,Blpp_GP1_CgP1,61.20954345315889,-297.3188705376034,48.0822291677554
3,Example Airplane,Reflected Main Wing,47,Flpp_GP1_CgP1,84.43434445854427,-261.83547953156256,52.41214484114098
3,Example Airplane,Reflected Main Wing,47,Frpp_GP1_CgP1,106.05337989026584,-221.09768199642272,50.34138297863434
3,Example Airplane,Reflected Main Wing,47,Brpp_GP1_CgP1,128.54595320121499,-222.75346866929712,57.808439565908806
3,Example Airplane,Reflected Main Wing,47,Blpp_GP1_CgP1,102.98864188356671,-263.956471782776,60.15911708657968
3,Example Airplane,Reflected Main Wing,48,Flpp_GP1_CgP1,106.05337989026584,-221.09768199642272,50.34138297863434
3,Example Airplane,Reflected Main Wing,48,Frpp_GP1_CgP1,118.81628844052335,-180.29931739776785,46.63816290431348
3,Example Airplane,Reflected Main Wing,48,Brpp_GP1_CgP1,143.56679300522563,-182.1616482893496,51.30509569107009
3,Example Airplane,Reflected Main Wing,48,Blpp_GP1_CgP1,128.54595320121499,-222.75346866929712,57.808439565908806
3,Example Airplane,Reflected Main Wing,49,Flpp_GP1_CgP1,118.81628844052335,-180.29931739776785,46.63816290431348
3,Example Airplane,Reflected Main Wing,49,Frpp_GP1_CgP1,124.30141711810647,-141.46702954984733,38.05942767015448
3,Example Airplane,Reflected Main Wing,49,Brpp_GP1_CgP1,149.38707681995237,-142.94793768688308,42.145059743914246
3,Example Airplane,Reflected Main Wing,49,Blpp_GP1_CgP1,143.56679300522563,-182.1616482893496,51.30509569107009
3,Example Airplane,Reflected Main Wing,50,Flpp_GP1_CgP1,124.30141711810647,-141.46702954984733,38.05942767015448
3,Example Airplane,Reflected Main Wing,50,Frpp_GP1_CgP1,127.31806345783983,-100.13186991298325,30.872064246840626
3,Example Airplane,Reflected Main Wing,50,Brpp_GP1_CgP1,152.63576249484083,-100.9404320219658,33.343491282816395
3,Example Airplane,Reflected Main Wing,50,Blpp_GP1_CgP1,149.38707681995237,-142.94793768688308,42.145059743914246
3,Example Airplane,Reflected Main Wing,51,Flpp_GP1_CgP1,127.31806345783983,-100.13186991298325,30.872064246840626
3,Example Airplane,Reflected Main Wing,51,Frpp_GP1_CgP1,130.20480161474578,-64.89239193931814,17.732031275772787
3,Example Airplane,Reflected Main Wing,51,Brpp_GP1_CgP1,155.80002001179633,-65.4064033824804,20.2516338880126
3,Example Airplane,Reflected Main Wing,51,Blpp_GP1_CgP1,152.63576249484083,-100.9404320219658,33.343491282816395
3,Example Airplane,Reflected Main Wing,52,Flpp_GP1_CgP1,130.20480161474578,-64.89239193931814,17.732031275772787
3,Example Airplane,Reflected Main Wing,52,Frpp_GP1_CgP1,130.18355631362024,-24.572403612237807,8.643480237673304
3,Example Airplane,Reflected Main Wing,52,Brpp_GP1_CgP1,156.21842917834877,-24.33228877492389,9.263790480922182
3,Example Airplane,Reflected Main Wing,52,Blpp_GP1_CgP1,155.80002001179633,-65.4064033824804,20.2516338880126
3,Example Airplane,Reflected Main Wing,53,Flpp_GP1_CgP1,130.18355631362024,-24.572403612237807,8.643480237673304
3,Example Airplane,Reflected Main Wing,53,Frpp_GP1_CgP1,130.3894602141573,-0.5008987651050214,-0.06559190341928406
3,Example Airplane,Reflected Main Wing,53,Brpp_GP1_CgP1,156.4673009013703,-0.5000105817969517,-0.0007722598482959574
3,Example Airplane,Reflected Main Wing,53,Blpp_GP1_CgP1,156.21842917834877,-24.33228877492389,9.263790480922182
4,Example Airplane,Main Wing,0,Flpp_GP1_CgP1,0.0,0.5,2.0666085252382618e-19
4,Example Airplane,Main Wing,0,Frpp_GP1_CgP1,0.292298508969203,25.85028063689529,0.4630034217513665
4,Example Airplane,Main Wing,0,Brpp_GP1_CgP1,26.235452415708288,25.59055533009751,2.757222937394525
4,Example Airplane,Main Wing,0,Blpp_GP1_CgP1,26.077839919979876,0.5011894730123386,-0.0651258138843506
4,Example Airplane,Main Wing,1,Flpp_GP1_CgP1,0.292298508969203,25.85028063689529,0.4630034217513665
4,Example Airplane,Main Wing,1,Frpp_GP1_CgP1,2.9068825908151266,62.41524276495358,1.235795812652646
4,Example Airplane,Main Wing,1,Brpp_GP1_CgP1,28.079152351491256,62.90584072617111,6.522010154688186
4,Example Airplane,Main Wing,1,Blpp_GP1_CgP1,26.235452415708288,25.59055533009751,2.757222937394525
4,Example Airplane,Main Wing,2,Flpp_GP1_CgP1,2.9068825908151266,62.41524276495358,1.235795812652646
4,Example Airplane,Main Wing,2,Frpp_GP1_CgP1,3.5262508869186933,96.28696638247445,1.7996956234877297
4,Example Airplane,Main Wing,2,Brpp_GP1_CgP1,28.1465476673109,97.07726404949494,8.236695168471815
4,Example Airplane,Main Wing,2,Blpp_GP1_CgP1,28.079152351491256,62.90584072617111,6.522010154688186
4,Example Airplane,Main Wing,3,Flpp_GP1_CgP1,3.5262508869186933,96.28696638247445,1.7996956234877297
4,Example Airplane,Main Wing,3,Frpp_GP1_CgP1,2.3368050530953215,134.24361860211908,2.075283650775309
4,Example Airplane,Main Wing,3,Brpp_GP1_CgP1,26.503211754020324,135.69579771908317,9.997761095213923
4,Example Airplane,Main Wing,3,Blpp_GP1_CgP1,28.1465476673109,97.07726404949494,8.236695168471815
4,Example Airplane,Main Wing,4,Flpp_GP1_CgP1,2.3368050530953215,134.24361860211908,2.075283650775309
4,Example Airplane,Main Wing,4,Frpp_GP1_CgP1,0.9864888723061385,171.19168771843155,2.349286489430194
4,Example Airplane,Main Wing,4,Brpp_GP1_CgP1,23.55265382707479,172.9559014378611,13.556938952167808
4,Example Airplane,Main Wing,4,Blpp_GP1_CgP1,26.503211754020324,135.69579771908317,9.997761095213923
4,Example Airplane,Main Wing,5,Flpp_GP1_CgP1,0.9864888723061384,171.19168771843155,2.349286489430194
4,Example Airplane,Main Wing,5,Frpp_GP1_CgP1,-2.5176622723160063,212.75759240373668,2.028673391939635
4,Example Airplane,Main Wing,5,Brpp_GP1_CgP1,17.261607886832987,214.2699176117699,15.295540080435579
4,Example Airplane,Main Wing,5,Blpp_GP1_CgP1,23.55265382707479,172.9559014378611,13.556938952167808
4,Example Airplane,Main Wing,6,Flpp_GP1_CgP1,-2.5176622723160063,212.75759240373668,2.028673391939635
4,Example Airplane,Main Wing,6,Frpp_GP1_CgP1,-2.9958145389443955,251.3569666661161,2.918499557976557
4,Example Airplane,Main Wing,6,Brpp_GP1_CgP1,12.974306394260456,253.31790755390455,15.134370453952817
4,Example Airplane,Main Wing,6,Blpp_GP1_CgP1,17.261607886832987,214.2699176117699,15.295540080435579
4,Example Airplane,Main Wing,7,Flpp_GP1_CgP1,-2.9958145389443955,251.3569666661161,2.918499557976557
4,Example Airplane,Main Wing,7,Frpp_GP1_CgP1,-7.6289782787469615,288.07591440153914,1.6400578461038697
4,Example Airplane,Main Wing,7,Brpp_GP1_CgP1,3.5613910943331426,289.57365975889496,9.687329430996394
4,Example Airplane,Main Wing,7,Blpp_GP1_CgP1,12.974306394260456,253.31790755390455,15.134370453952817
4,Example Airplane,Main Wing,8,Flpp_GP1_CgP1,-7.628978278746961,288.07591440153914,1.6400578461038697
4,Example Airplane,Main Wing,8,Frpp_GP1_CgP1,-5.813270835815881,307.6405926879782,3.9204515807880167
4,Example Airplane,Main Wing,8,Brpp_GP1_CgP1,-2.074379073541931,307.68592983826926,6.98634164335019
4,Example Airplane,Main Wing,8,Blpp_GP1_CgP1,3.5613910943331417,289.57365975889496,9.687329430996394
4,Example Airplane,Main Wing,9,Flpp_GP1_CgP1,26.077839919979876,0.5011894730123386,-0.0651258138843506
4,Example Airplane,Main Wing,9,Frpp_GP1_CgP1,26.235452415708288,25.59055533009751,2.757222937394525
4,Example Airplane,Main Wing,9,Brpp_GP1_CgP1,52.20717816533744,25.336731219756256,4.702878187420201
4,Example Airplane,Main Wing,9,Blpp_GP1_CgP1,52.155731800214504,0.5019043225819826,-0.104265129820917
4,Example Airplane,Main Wing,10,Flpp_GP1_CgP1,26.235452415708288,25.59055533009751,2.757222937394525
4,Example Airplane,Main Wing,10,Frpp_GP1_CgP1,28.079152351491256,62.90584072617111,6.522010154688186
4,Example Airplane,Main Wing,10,Brpp_GP1_CgP1,53.48613984541286,63.41650144887989,10.529994168782679
4,Example Airplane,Main Wing,10,Blpp_GP1_CgP1,52.20717816533744,25.336731219756256,4.702878187420201
4,Example Airplane,Main Wing,11,Flpp_GP1_CgP1,28.079152351491256,62.90584072617111,6.522010154688186
4,Example Airplane,Main Wing,11,Frpp_GP1_CgP1,28.1465476673109,97.07726404949494,8.236695168471815
4,Example Airplane,Main Wing,11,Brpp_GP1_CgP1,52.82516842878532,97.87106842446684,14.44600473210433
4,Example Airplane,Main Wing,11,Blpp_GP1_CgP1,53.48613984541286,63.41650144887989,10.529994168782679
4,Example Airplane,Main Wing,12,Flpp_GP1_CgP1,28.1465476673109,97.07726404949494,8.236695168471815
4,Example Airplane,Main Wing,12,Frpp_GP1_CgP1,26.503211754020324,135.69579771908317,9.997761095213923
4,Example Airplane,Main Wing,12,Brpp_GP1_CgP1,50.769963390488,137.15434498262155,17.606325736184054
4,Example Airplane,Main Wing,12,Blpp_GP1_CgP1,52.82516842878532,97.87106842446684,14.44600473210433
4,Example Airplane,Main Wing,13,Flpp_GP1_CgP1,26.503211754020324,135.69579771908317,9.997761095213923
4,Example Airplane,Main Wing,13,Frpp_GP1_CgP1,23.55265382707479,172.9559014378611,13.556938952167808
4,Example Airplane,Main Wing,13,Brpp_GP1_CgP1,47.401510880316415,174.80235269218386,21.656588224625565
4,Example Airplane,Main Wing,13,Blpp_GP1_CgP1,50.769963390488,137.15434498262155,17.606325736184054
4,Example Airplane,Main Wing,14,Flpp_GP1_CgP1,23.55265382707479,172.9559014378611,13.556938952167808
4,Example Airplane,Main Wing,14,Frpp_GP1_CgP1,17.261607886832987,214.2699176117699,15.295540080435579
4,Example Airplane,Main Wing,14,Brpp_GP1_CgP1,38.658036991783156,215.8921480524447,25.72343823904113
4,Example Airplane,Main Wing,14,Blpp_GP1_CgP1,47.401510880316415,174.80235269218386,21.656588224625565
4,Example Airplane,Main Wing,15,Flpp_GP1_CgP1,17.261607886832987,214.2699176117699,15.295540080435579
4,Example Airplane,Main Wing,15,Frpp_GP1_CgP1,12.974306394260456,253.31790755390455,15.134370453952817
4,Example Airplane,Main Wing,15,Brpp_GP1_CgP1,30.235294735055206,255.3689490608648,25.405746044359287
4,Example Airplane,Main Wing,15,Blpp_GP1_CgP1,38.658036991783156,215.8921480524447,25.72343823904113
4,Example Airplane,Main Wing,16,Flpp_GP1_CgP1,12.974306394260456,253.31790755390455,15.134370453952817
4,Example Airplane,Main Wing,16,Frpp_GP1_CgP1,3.5613910943331426,289.57365975889496,9.687329430996394
4,Example Airplane,Main Wing,16,Brpp_GP1_CgP1,14.7952101794139,291.0748130013039,17.67316188028197
4,Example Airplane,Main Wing,16,Blpp_GP1_CgP1,30.235294735055206,255.3689490608648,25.405746044359287
4,Example Airplane,Main Wing,17,Flpp_GP1_CgP1,3.5613910943331417,289.57365975889496,9.687329430996394
4,Example Airplane,Main Wing,17,Frpp_GP1_CgP1,-2.074379073541931,307.68592983826926,6.98634164335019
4,Example Airplane,Main Wing,17,Brpp_GP1_CgP1,1.6614565524171194,307.73116072528387,10.055956484509224
4,Example Airplane,Main Wing,17,Blpp_GP1_CgP1,14.7952101794139,291.0748130013039,17.67316188028197
4,Example Airplane,Main Wing,18,Flpp_GP1_CgP1,52.155731800214504,0.5019043225819826,-0.104265129820917
4,Example Airplane,Main Wing,18,Frpp_GP1_CgP1,52.20717816533744,25.336731219756256,4.702878187420201
4,Example Airplane,Main Wing,18,Brpp_GP1_CgP1,78.20021164582788,25.088148530138145,6.340891988351907
4,Example Airplane,Main Wing,18,Blpp_GP1_CgP1,78.23364978023987,0.5021429259939715,-0.11732910121007122
4,Example Airplane,Main Wing,19,Flpp_GP1_CgP1,52.20717816533744,25.336731219756256,4.702878187420201
4,Example Airplane,Main Wing,19,Frpp_GP1_CgP1,53.48613984541286,63.41650144887989,10.529994168782679
4,Example Airplane,Main Wing,19,Brpp_GP1_CgP1,78.98637143301548,63.936754051677774,13.891185777333606
4,Example Airplane,Main Wing,19,Blpp_GP1_CgP1,78.20021164582788,25.088148530138145,6.340891988351907
4,Example Airplane,Main Wing,20,Flpp_GP1_CgP1,53.48613984541286,63.41650144887989,10.529994168782679
4,Example Airplane,Main Wing,20,Frpp_GP1_CgP1,52.82516842878532,97.87106842446684,14.44600473210433
4,Example Airplane,Main Wing,20,Brpp_GP1_CgP1,77.55687740530897,98.66812141768344,20.439635604973635
4,Example Airplane,Main Wing,20,Blpp_GP1_CgP1,78.98637143301548,63.93675405167776,13.891185777333606
4,Example Airplane,Main Wing,21,Flpp_GP1_CgP1,52.82516842878532,97.87106842446684,14.44600473210433
4,Example Airplane,Main Wing,21,Frpp_GP1_CgP1,50.769963390488,137.15434498262155,17.606325736184054
4,Example Airplane,Main Wing,21,Brpp_GP1_CgP1,75.13030468124987,138.61884591023588,24.907529251778946
4,Example Airplane,Main Wing,21,Blpp_GP1_CgP1,77.55687740530897,98.66812141768344,20.439635604973635
4,Example Airplane,Main Wing,22,Flpp_GP1_CgP1,50.769963390488,137.15434498262155,17.606325736184054
4,Example Airplane,Main Wing,22,Frpp_GP1_CgP1,47.401510880316415,174.80235269218386,21.656588224625565
4,Example Airplane,Main Wing,22,Brpp_GP1_CgP1,71.41681931049499,176.65911189178,29.277410370528294
4,Example Airplane,Main Wing,22,Blpp_GP1_CgP1,75.13030468124987,138.61884591023588,24.907529251778946
4,Example Airplane,Main Wing,23,Flpp_GP1_CgP1,47.401510880316415,174.80235269218386,21.656588224625565
4,Example Airplane,Main Wing,23,Frpp_GP1_CgP1,38.658036991783156,215.8921480524447,25.72343823904113
4,Example Airplane,Main Wing,23,Brpp_GP1_CgP1,60.447778276724925,217.54067113480096,35.33592569607147
4,Example Airplane,Main Wing,23,Blpp_GP1_CgP1,71.41681931049499,176.65911189178,29.277410370528294
4,Example Airplane,Main Wing,24,Flpp_GP1_CgP1,38.658036991783156,215.8921480524447,25.72343823904113
4,Example Airplane,Main Wing,24,Frpp_GP1_CgP1,30.235294735055206,255.3689490608648,25.405746044359287
4,Example Airplane,Main Wing,24,Brpp_GP1_CgP1,47.96107185830941,257.45013701348796,34.87861350453702
4,Example Airplane,Main Wing,24,Blpp_GP1_CgP1,60.447778276724925,217.54067113480096,35.33592569607147
4,Example Airplane,Main Wing,25,Flpp_GP1_CgP1,30.235294735055206,255.3689490608648,25.405746044359287
4,Example Airplane,Main Wing,25,Frpp_GP1_CgP1,14.7952101794139,291.0748130013039,17.67316188028197
4,Example Airplane,Main Wing,25,Brpp_GP1_CgP1,26.08371958226881,292.58023114094823,25.580712810930656
4,Example Airplane,Main Wing,25,Blpp_GP1_CgP1,47.96107185830941,257.45013701348796,34.87861350453702
4,Example Airplane,Main Wing,26,Flpp_GP1_CgP1,14.7952101794139,291.0748130013039,17.67316188028197
4,Example Airplane,Main Wing,26,Frpp_GP1_CgP1,1.6614565524171194,307.73116072528387,10.055956484509224
4,Example Airplane,Main Wing,26,Brpp_GP1_CgP1,5.394221867746676,307.77628494071104,13.129305768581023
4,Example Airplane,Main Wing,26,Blpp_GP1_CgP1,26.08371958226881,292.58023114094823,25.580712810930656
4,Example Airplane,Main Wing,27,Flpp_GP1_CgP1,78.23364978023987,0.5021429259939715,-0.11732910121007122
4,Example Airplane,Main Wing,27,Frpp_GP1_CgP1,78.20021164582788,25.088148530138145,6.340891988351907
4,Example Airplane,Main Wing,27,Brpp_GP1_CgP1,104.21162897014395,24.845148048757284,7.6533290205559
4,Example Airplane,Main Wing,27,Blpp_GP1_CgP1,104.31156785410995,0.5019069682022756,-0.10440998235058842
4,Example Airplane,Main Wing,28,Flpp_GP1_CgP1,78.20021164582788,25.088148530138145,6.340891988351907
4,Example Airplane,Main Wing,28,Frpp_GP1_CgP1,78.98637143301548,63.936754051677774,13.891185777333606
4,Example Airplane,Main Wing,28,Brpp_GP1_CgP1,104.66350856084784,64.48289365535689,15.366225784141287
4,Example Airplane,Main Wing,28,Blpp_GP1_CgP1,104.21162897014395,24.845148048757284,7.6533290205559
4,Example Airplane,Main Wing,29,Flpp_GP1_CgP1,78.98637143301548,63.93675405167776,13.891185777333606
4,Example Airplane,Main Wing,29,Frpp_GP1_CgP1,77.55687740530897,98.66812141768344,20.439635604973635
4,Example Airplane,Main Wing,29,Brpp_GP1_CgP1,102.3293212623379,99.46770776131035,26.261730662374116
4,Example Airplane,Main Wing,29,Blpp_GP1_CgP1,104.66350856084784,64.48289365535689,15.366225784141287
4,Example Airplane,Main Wing,30,Flpp_GP1_CgP1,77.55687740530897,98.66812141768344,20.439635604973635
4,Example Airplane,Main Wing,30,Frpp_GP1_CgP1,75.13030468124987,138.61884591023588,24.907529251778946
4,Example Airplane,Main Wing,30,Brpp_GP1_CgP1,99.57440380285554,140.08868545004694,31.92300522446242
4,Example Airplane,Main Wing,30,Blpp_GP1_CgP1,102.3293212623379,99.46770776131035,26.261730662374116
4,Example Airplane,Main Wing,31,Flpp_GP1_CgP1,75.13030468124987,138.61884591023588,24.907529251778946
4,Example Airplane,Main Wing,31,Frpp_GP1_CgP1,71.41681931049499,176.65911189178,29.277410370528294
4,Example Airplane,Main Wing,31,Brpp_GP1_CgP1,94.67174889051147,178.4683141209682,38.988357370255535
4,Example Airplane,Main Wing,31,Blpp_GP1_CgP1,99.57440380285554,140.08868545004694,31.92300522446242
4,Example Airplane,Main Wing,32,Flpp_GP1_CgP1,71.41681931049499,176.65911189178,29.277410370528294
4,Example Airplane,Main Wing,32,Frpp_GP1_CgP1,60.447778276724925,217.54067113480096,35.33592569607147
4,Example Airplane,Main Wing,32,Brpp_GP1_CgP1,82.79513113635957,219.22557136284516,43.53576839707809
4,Example Airplane,Main Wing,32,Blpp_GP1_CgP1,94.67174889051147,178.4683141209682,38.988357370255535
4,Example Airplane,Main Wing,33,Flpp_GP1_CgP1,60.447778276724925,217.54067113480096,35.33592569607147
4,Example Airplane,Main Wing,33,Frpp_GP1_CgP1,47.96107185830941,257.45013701348796,34.87861350453702
4,Example Airplane,Main Wing,33,Brpp_GP1_CgP1,65.80030733656496,259.5381357883386,44.13306431865063
4,Example Airplane,Main Wing,33,Blpp_GP1_CgP1,82.79513113635957,219.22557136284516,43.53576839707809
4,Example Airplane,Main Wing,34,Flpp_GP1_CgP1,47.96107185830941,257.45013701348796,34.87861350453702
4,Example Airplane,Main Wing,34,Frpp_GP1_CgP1,26.08371958226881,292.58023114094823,25.580712810930656
4,Example Airplane,Main Wing,34,Brpp_GP1_CgP1,37.39213236467223,294.08719409739115,33.45949373466643
4,Example Airplane,Main Wing,34,Blpp_GP1_CgP1,65.80030733656496,259.5381357883386,44.13306431865063
4,Example Airplane,Main Wing,35,Flpp_GP1_CgP1,26.08371958226881,292.58023114094823,25.580712810930656
4,Example Airplane,Main Wing,35,Frpp_GP1_CgP1,5.394221867746676,307.77628494071104,13.129305768581023
4,Example Airplane,Main Wing,35,Brpp_GP1_CgP1,9.123924027458578,307.82130281716695,16.206373227302983
4,Example Airplane,Main Wing,35,Blpp_GP1_CgP1,37.39213236467223,294.08719409739115,33.45949373466643
4,Example Airplane,Main Wing,36,Flpp_GP1_CgP1,104.31156785410995,0.5019069682022756,-0.10440998235058842
4,Example Airplane,Main Wing,36,Frpp_GP1_CgP1,104.21162897014395,24.845148048757284,7.6533290205559
4,Example Airplane,Main Wing,36,Brpp_GP1_CgP1,130.2403008889503,24.609074024404446,8.56445238173286
4,Example Airplane,Main Wing,36,Blpp_GP1_CgP1,130.3894602141573,0.5011978984566169,-0.06558712230435428
4,Example Airplane,Main Wing,37,Flpp_GP1_CgP1,104.21162897014395,24.845148048757284,7.6533290205559
4,Example Airplane,Main Wing,37,Frpp_GP1_CgP1,104.66350856084784,64.48289365535689,15.366225784141287
4,Example Airplane,Main Wing,37,Brpp_GP1_CgP1,130.29148831460202,65.019693158483,17.54938242601212
4,Example Airplane,Main Wing,37,Blpp_GP1_CgP1,130.2403008889503,24.609074024404446,8.56445238173286
4,Example Airplane,Main Wing,38,Flpp_GP1_CgP1,104.66350856084784,64.48289365535689,15.366225784141287
4,Example Airplane,Main Wing,38,Frpp_GP1_CgP1,102.3293212623379,99.46770776131035,26.261730662374116
4,Example Airplane,Main Wing,38,Brpp_GP1_CgP1,127.34996316975527,100.28402364717567,30.846359321604627
4,Example Airplane,Main Wing,38,Blpp_GP1_CgP1,130.29148831460202,65.019693158483,17.54938242601212
4,Example Airplane,Main Wing,39,Flpp_GP1_CgP1,102.3293212623379,99.46770776131035,26.261730662374116
4,Example Airplane,Main Wing,39,Frpp_GP1_CgP1,99.57440380285554,140.08868545004694,31.92300522446242
4,Example Airplane,Main Wing,39,Brpp_GP1_CgP1,124.27798725202597,141.5751953054724,37.91887380420357
4,Example Airplane,Main Wing,39,Blpp_GP1_CgP1,127.34996316975527,100.28402364717567,30.846359321604627
4,Example Airplane,Main Wing,40,Flpp_GP1_CgP1,99.57440380285554,140.08868545004694,31.92300522446242
4,Example Airplane,Main Wing,40,Frpp_GP1_CgP1,94.67174889051147,178.4683141209682,38.988357370255535
4,Example Airplane,Main Wing,40,Brpp_GP1_CgP1,118.6897014838635,180.32490399957766,46.53243980715038
4,Example Airplane,Main Wing,40,Blpp_GP1_CgP1,124.27798725202597,141.5751953054724,37.91887380420357
4,Example Airplane,Main Wing,41,Flpp_GP1_CgP1,94.67174889051147,178.4683141209682,38.988357370255535
4,Example Airplane,Main Wing,41,Frpp_GP1_CgP1,82.79513113635957,219.22557136284516,43.53576839707809
4,Example Airplane,Main Wing,41,Brpp_GP1_CgP1,105.37836211411775,220.9256791669938,51.08650569444348
4,Example Airplane,Main Wing,41,Blpp_GP1_CgP1,118.6897014838635,180.32490399957766,46.53243980715038
4,Example Airplane,Main Wing,42,Flpp_GP1_CgP1,82.79513113635957,219.22557136284516,43.53576839707809
4,Example Airplane,Main Wing,42,Frpp_GP1_CgP1,65.80030733656496,259.5381357883386,44.13306431865063
4,Example Airplane,Main Wing,42,Brpp_GP1_CgP1,83.93641991873594,261.6432503665054,52.78576228860979
4,Example Airplane,Main Wing,42,Blpp_GP1_CgP1,105.37836211411775,220.9256791669938,51.08650569444348
4,Example Airplane,Main Wing,43,Flpp_GP1_CgP1,65.80030733656496,259.5381357883386,44.13306431865063
4,Example Airplane,Main Wing,43,Frpp_GP1_CgP1,37.39213236467223,294.08719409739115,33.45949373466643
4,Example Airplane,Main Wing,43,Brpp_GP1_CgP1,48.780874191539326,295.6003288231147,41.219733665684714
4,Example Airplane,Main Wing,43,Blpp_GP1_CgP1,83.93641991873594,261.6432503665054,52.78576228860979
4,Example Airplane,Main Wing,44,Flpp_GP1_CgP1,37.39213236467223,294.08719409739115,33.45949373466643
4,Example Airplane,Main Wing,44,Frpp_GP1_CgP1,9.123924027458578,307.82130281716695,16.206373227302983
4,Example Airplane,Main Wing,44,Brpp_GP1_CgP1,12.850568693524778,307.86621463479406,19.28714446252551
4,Example Airplane,Main Wing,44,Blpp_GP1_CgP1,48.780874191539326,295.6003288231147,41.219733665684714
4,Example Airplane,Main Wing,45,Flpp_GP1_CgP1,130.3894602141573,0.5011978984566169,-0.06558712230435428
4,Example Airplane,Main Wing,45,Frpp_GP1_CgP1,130.2403008889503,24.609074024404446,8.56445238173286
4,Example Airplane,Main Wing,45,Brpp_GP1_CgP1,156.2789982226095,24.379093499453848,9.124995230354106
4,Example Airplane,Main Wing,45,Blpp_GP1_CgP1,156.4673009013703,0.5000141037053685,-0.000772203556849942
4,Example Airplane,Main Wing,46,Flpp_GP1_CgP1,130.2403008889503,24.609074024404446,8.56445238173286
4,Example Airplane,Main Wing,46,Frpp_GP1_CgP1,130.29148831460202,65.019693158483,17.54938242601212
4,Example Airplane,Main Wing,46,Brpp_GP1_CgP1,155.87409778915196,65.54978751045603,20.22193109488506
4,Example Airplane,Main Wing,46,Blpp_GP1_CgP1,156.2789982226095,24.379093499453848,9.124995230354106
4,Example Airplane,Main Wing,47,Flpp_GP1_CgP1,130.29148831460202,65.019693158483,17.54938242601212
4,Example Airplane,Main Wing,47,Frpp_GP1_CgP1,127.34996316975527,100.28402364717567,30.846359321604627
4,Example Airplane,Main Wing,47,Brpp_GP1_CgP1,152.6685781324035,101.12439539403722,33.355108543768814
4,Example Airplane,Main Wing,47,Blpp_GP1_CgP1,155.87409778915196,65.54978751045603,20.22193109488506
4,Example Airplane,Main Wing,48,Flpp_GP1_CgP1,127.34996316975527,100.28402364717567,30.846359321604627
4,Example Airplane,Main Wing,48,Frpp_GP1_CgP1,124.27798725202597,141.5751953054724,37.91887380420357
4,Example Airplane,Main Wing,48,Brpp_GP1_CgP1,149.38776291957845,143.08819745520267,41.91185527773582
4,Example Airplane,Main Wing,48,Blpp_GP1_CgP1,152.6685781324035,101.12439539403722,33.355108543768814
4,Example Airplane,Main Wing,49,Flpp_GP1_CgP1,124.27798725202597,141.5751953054724,37.91887380420357
4,Example Airplane,Main Wing,49,Frpp_GP1_CgP1,118.6897014838635,180.32490399957766,46.53243980715038
4,Example Airplane,Main Wing,49,Brpp_GP1_CgP1,143.47249112439792,182.22474774146602,51.023091393276786
4,Example Airplane,Main Wing,49,Blpp_GP1_CgP1,149.38776291957845,143.08819745520267,41.91185527773582
4,Example Airplane,Main Wing,50,Flpp_GP1_CgP1,118.6897014838635,180.32490399957766,46.53243980715038
4,Example Airplane,Main Wing,50,Frpp_GP1_CgP1,105.37836211411775,220.9256791669938,51.08650569444348
4,Example Airplane,Main Wing,50,Brpp_GP1_CgP1,128.01719088357757,222.62931561584693,58.46829518944534
4,Example Airplane,Main Wing,50,Blpp_GP1_CgP1,143.47249112439792,182.22474774146602,51.023091393276786
4,Example Airplane,Main Wing,51,Flpp_GP1_CgP1,105.37836211411775,220.9256791669938,51.08650569444348
4,Example Airplane,Main Wing,51,Frpp_GP1_CgP1,83.93641991873594,261.6432503665054,52.78576228860979
4,Example Airplane,Main Wing,51,Brpp_GP1_CgP1,102.52599130550065,263.77188238289654,60.40677934059943
4,Example Airplane,Main Wing,51,Blpp_GP1_CgP1,128.01719088357757,222.62931561584693,58.46829518944534
4,Example Airplane,Main Wing,52,Flpp_GP1_CgP1,83.93641991873594,261.6432503665054,52.78576228860979
4,Example Airplane,Main Wing,52,Frpp_GP1_CgP1,48.780874191539326,295.6003288231147,41.219733665684714
4,Example Airplane,Main Wing,52,Brpp_GP1_CgP1,60.34899000828761,297.12705093236707,48.707799525954705
4,Example Airplane,Main Wing,52,Blpp_GP1_CgP1,102.52599130550065,263.77188238289654,60.40677934059943
4,Example Airplane,Main Wing,53,Flpp_GP1_CgP1,48.780874191539326,295.6003288231147,41.219733665684714
4,Example Airplane,Main Wing,53,Frpp_GP1_CgP1,12.850568693524778,307.86621463479406,19.28714446252551
4,Example Airplane,Main Wing,53,Brpp_GP1_CgP1,16.57414173990479,307.91101998727635,22.371629051231597
4,Example Airplane,Main Wing,53,Blpp_GP1_CgP1,60.34899000828761,297.12705093236707,48.707799525954705
4,Example Airplane,Reflected Main Wing,0,Flpp_GP1_CgP1,-5.813270835815881,-307.6405926879782,3.9204515807880167
4,Example Airplane,Reflected Main Wing,0,Frpp_GP1_CgP1,-7.628978278746961,-288.07591440153914,1.6400578461038697
4,Example Airplane,Reflected Main Wing,0,Brpp_GP1_CgP1,3.5613910943331417,-289.57365975889496,9.687329430996394
4,Example Airplane,Reflected Main Wing,0,Blpp_GP1_CgP1,-2.074379073541931,-307.68592983826926,6.98634164335019
4,Example Airplane,Reflected Main Wing,1,Flpp_GP1_CgP1,-7.6289782787469615,-288.07591440153914,1.6400578461038697
4,Example Airplane,Reflected Main Wing,1,Frpp_GP1_CgP1,-2.9958145389443955,-251.3569666661161,2.918499557976557
4,Example Airplane,Reflected Main Wing,1,Brpp_GP1_CgP1,12.974306394260456,-253.31790755390455,15.134370453952817
4,Example Airplane,Reflected Main Wing,1,Blpp_GP1_CgP1,3.5613910943331426,-289.57365975889496,9.687329430996394
4,Example Airplane,Reflected Main Wing,2,Flpp_GP1_CgP1,-2.9958145389443955,-251.3569666661161,2.918499557976557
4,Example Airplane,Reflected Main Wing,2,Frpp_GP1_CgP1,-2.5176622723160063,-212.75759240373668,2.028673391939635
4,Example Airplane,Reflected Main Wing,2,Brpp_GP1_CgP1,17.261607886832987,-214.2699176117699,15.295540080435579
4,Example Airplane,Reflected Main Wing,2,Blpp_GP1_CgP1,12.974306394260456,-253.31790755390455,15.134370453952817
4,Example Airplane,Reflected Main Wing,3,Flpp_GP1_CgP1,-2.5176622723160063,-212.75759240373668,2.028673391939635
4,Example Airplane,Reflected Main Wing,3,Frpp_GP1_CgP1,0.9864888723061384,-171.19168771843155,2.349286489430194
4,Example Airplane,Reflected Main Wing,3,Brpp_GP1_CgP1,23.55265382707479,-172.9559014378611,13.556938952167808
4,Example Airplane,Reflected Main Wing,3,Blpp_GP1_CgP1,17.261607886832987,-214.2699176117699,15.295540080435579
4,Example Airplane,Reflected Main Wing,4,Flpp_GP1_CgP1,0.9864888723061385,-171.19168771843155,2.349286489430194
4,Example Airplane,Reflected Main Wing,4,Frpp_GP1_CgP1,2.3368050530953215,-134.24361860211908,2.075283650775309
4,Example Airplane,Reflected Main Wing,4,Brpp_GP1_CgP1,26.503211754020324,-135.69579771908317,9.997761095213923
4,Example Airplane,Reflected Main Wing,4,Blpp_GP1_CgP1,23.55265382707479,-172.9559014378611,13.556938952167808
4,Example Airplane,Reflected Main Wing,5,Flpp_GP1_CgP1,2.3368050530953215,-134.24361860211908,2.075283650775309
4,Example Airplane,Reflected Main Wing,5,Frpp_GP1_CgP1,3.5262508869186933,-96.28696638247445,1.7996956234877297
4,Example Airplane,Reflected Main Wing,5,Brpp_GP1_CgP1,28.1465476673109,-97.07726404949494,8.236695168471815
4,Example Airplane,Reflected Main Wing,5,Blpp_GP1_CgP1,26.503211754020324,-135.69579771908317,9.997761095213923
4,Example Airplane,Reflected Main Wing,6,Flpp_GP1_CgP1,3.5262508869186933,-96.28696638247445,1.7996956234877297
4,Example Airplane,Reflected Main Wing,6,Frpp_GP1_CgP1,2.9068825908151266,-62.41524276495358,1.235795812652646
4,Example Airplane,Reflected Main Wing,6,Brpp_GP1_CgP1,28.079152351491256,-62.90584072617111,6.522010154688186
4,Example Airplane,Reflected Main Wing,6,Blpp_GP1_CgP1,28.1465476673109,-97.07726404949494,8.236695168471815
4,Example Airplane,Reflected Main Wing,7,Flpp_GP1_CgP1,2.9068825908151266,-62.41524276495358,1.235795812652646
4,Example Airplane,Reflected Main Wing,7,Frpp_GP1_CgP1,0.292298508969203,-25.85028063689529,0.4630034217513665
4,Example Airplane,Reflected Main Wing,7,Brpp_GP1_CgP1,26.235452415708288,-25.59055533009751,2.757222937394525
4,Example Airplane,Reflected Main Wing,7,Blpp_GP1_CgP1,28.079152351491256,-62.90584072617111,6.522010154688186
4,Example Airplane,Reflected Main Wing,8,Flpp_GP1_CgP1,0.292298508969203,-25.85028063689529,0.4630034217513665
4,Example Airplane,Reflected Main Wing,8,Frpp_GP1_CgP1,0.0,-0.5,2.0666085252382618e-19
4,Example Airplane,Reflected Main Wing,8,Brpp_GP1_CgP1,26.077839919979876,-0.5011894730123386,-0.0651258138843506
4,Example Airplane,Reflected Main Wing,8,Blpp_GP1_CgP1,26.235452415708288,-25.59055533009751,2.757222937394525
4,Example Airplane,Reflected Main Wing,9,Flpp_GP1_CgP1,-2.074379073541931,-307.68592983826926,6.98634164335019
4,Example Airplane,Reflected Main Wing,9,Frpp_GP1_CgP1,3.5613910943331417,-289.57365975889496,9.687329430996394
4,Example Airplane,Reflected Main Wing,9,Brpp_GP1_CgP1,14.7952101794139,-291.0748130013039,17.67316188028197
4,Example Airplane,Reflected Main Wing,9,Blpp_GP1_CgP1,1.6614565524171194,-307.73116072528387,10.055956484509224
4,Example Airplane,Reflected Main Wing,10,Flpp_GP1_CgP1,3.5613910943331426,-289.57365975889496,9.687329430996394
4,Example Airplane,Reflected Main Wing,10,Frpp_GP1_CgP1,12.974306394260456,-253.31790755390455,15.134370453952817
4,Example Airplane,Reflected Main Wing,10,Brpp_GP1_CgP1,30.235294735055206,-255.3689490608648,25.405746044359287
4,Example Airplane,Reflected Main Wing,10,Blpp_GP1_CgP1,14.7952101794139,-291.0748130013039,17.67316188028197
4,Example Airplane,Reflected Main Wing,11,Flpp_GP1_CgP1,12.974306394260456,-253.31790755390455,15.134370453952817
4,Example Airplane,Reflected Main Wing,11,Frpp_GP1_CgP1,17.261607886832987,-214.2699176117699,15.295540080435579
4,Example Airplane,Reflected Main Wing,11,Brpp_GP1_CgP1,38.658036991783156,-215.8921480524447,25.72343823904113
4,Example Airplane,Reflected Main Wing,11,Blpp_GP1_CgP1,30.235294735055206,-255.3689490608648,25.405746044359287
4,Example Airplane,Reflected Main Wing,12,Flpp_GP1_CgP1,17.261607886832987,-214.2699176117699,15.295540080435579
4,Example Airplane,Reflected Main Wing,12,Frpp_GP1_CgP1,23.55265382707479,-172.9559014378611,13.556938952167808
4,Example Airplane,Reflected Main Wing,12,Brpp_GP1_CgP1,47.401510880316415,-174.80235269218386,21.656588224625565
4,Example Airplane,Reflected Main Wing,12,Blpp_GP1_CgP1,38.658036991783156,-215.8921480524447,25.72343823904113
4,Example Airplane,Reflected Main Wing,13,Flpp_GP1_CgP1,23.55265382707479,-172.9559014378611,13.556938952167808
4,Example Airplane,Reflected Main Wing,13,Frpp_GP1_CgP1,26.503211754020324,-135.69579771908317,9.997761095213923
4,Example Airplane,Reflected Main Wing,13,Brpp_GP1_CgP1,50.769963390488,-137.15434498262155,17.606325736184054
4,Example Airplane,Reflected Main Wing,13,Blpp_GP1_CgP1,47.401510880316415,-174.80235269218386,21.656588224625565
4,Example Airplane,Reflected Main Wing,14,Flpp_GP1_CgP1,26.503211754020324,-135.69579771908317,9.997761095213923
4,Example Airplane,Reflected Main Wing,14,Frpp_GP1_CgP1,28.1465476673109,-97.07726404949494,8.236695168471815
4,Example Airplane,Reflected Main Wing,14,Brpp_GP1_CgP1,52.82516842878532,-97.87106842446684,14.44600473210433
4,Example Airplane,Reflected Main Wing,14,Blpp_GP1_CgP1,50.769963390488,-137.15434498262155,17.606325736184054
4,Example Airplane,Reflected Main Wing,15,Flpp_GP1_CgP1,28.1465476673109,-97.07726404949494,8.236695168471815
4,Example Airplane,Reflected Main Wing,15,Frpp_GP1_CgP1,28.079152351491256,-62.90584072617111,6.522010154688186
4,Example Airplane,Reflected Main Wing,15,Brpp_GP1_CgP1,53.48613984541286,-63.41650144887989,10.529994168782679
4,Example Airplane,Reflected Main Wing,15,Blpp_GP1_CgP1,52.82516842878532,-97.87106842446684,14.44600473210433
4,Example Airplane,Reflected Main Wing,16,Flpp_GP1_CgP1,28.079152351491256,-62.90584072617111,6.522010154688186
4,Example Airplane,Reflected Main Wing,16,Frpp_GP1_CgP1,26.235452415708288,-25.59055533009751,2.757222937394525
4,Example Airplane,Reflected Main Wing,16,Brpp_GP1_CgP1,52.20717816533744,-25.336731219756256,4.702878187420201
4,Example Airplane,Reflected Main Wing,16,Blpp_GP1_CgP1,53.48613984541286,-63.41650144887989,10.529994168782679
4,Example Airplane,Reflected Main Wing,17,Flpp_GP1_CgP1,26.235452415708288,-25.59055533009751,2.757222937394525
4,Example Airplane,Reflected Main Wing,17,Frpp_GP1_CgP1,26.077839919979876,-0.5011894730123386,-0.0651258138843506
4,Example Airplane,Reflected Main Wing,17,Brpp_GP1_CgP1,52.155731800214504,-0.5019043225819826,-0.104265129820917
4,Example Airplane,Reflected Main Wing,17,Blpp_GP1_CgP1,52.20717816533744,-25.336731219756256,4.702878187420201
4,Example Airplane,Reflected Main Wing,18,Flpp_GP1_CgP1,1.6614565524171194,-307.73116072528387,10.055956484509224
4,Example Airplane,Reflected Main Wing,18,Frpp_GP1_CgP1,14.7952101794139,-291.0748130013039,17.67316188028197
4,Example Airplane,Reflected Main Wing,18,Brpp_GP1_CgP1,26.08371958226881,-292.58023114094823,25.580712810930656
4,Example Airplane,Reflected Main Wing,18,Blpp_GP1_CgP1,5.394221867746676,-307.77628494071104,13.129305768581023
4,Example Airplane,Reflected Main Wing,19,Flpp_GP1_CgP1,14.7952101794139,-291.0748130013039,17.67316188028197
4,Example Airplane,Reflected Main Wing,19,Frpp_GP1_CgP1,30.235294735055206,-255.3689490608648,25.405746044359287
4,Example Airplane,Reflected Main Wing,19,Brpp_GP1_CgP1,47.96107185830941,-257.45013701348796,34.87861350453702
4,Example Airplane,Reflected Main Wing,19,Blpp_GP1_CgP1,26.08371958226881,-292.58023114094823,25.580712810930656
4,Example Airplane,Reflected Main Wing,20,Flpp_GP1_CgP1,30.235294735055206,-255.3689490608648,25.405746044359287
4,Example Airplane,Reflected Main Wing,20,Frpp_GP1_CgP1,38.658036991783156,-215.8921480524447,25.72343823904113
4,Example Airplane,Reflected Main Wing,20,Brpp_GP1_CgP1,60.447778276724925,-217.54067113480096,35.33592569607147
4,Example Airplane,Reflected Main Wing,20,Blpp_GP1_CgP1,47.96107185830941,-257.45013701348796,34.87861350453702
4,Example Airplane,Reflected Main Wing,21,Flpp_GP1_CgP1,38.658036991783156,-215.8921480524447,25.72343823904113
4,Example Airplane,Reflected Main Wing,21,Frpp_GP1_CgP1,47.401510880316415,-174.80235269218386,21.656588224625565
4,Example Airplane,Reflected Main Wing,21,Brpp_GP1_CgP1,71.41681931049499,-176.65911189178,29.277410370528294
4,Example Airplane,Reflected Main Wing,21,Blpp_GP1_CgP1,60.447778276724925,-217.54067113480096,35.33592569607147
4,Example Airplane,Reflected Main Wing,22,Flpp_GP1_CgP1,47.401510880316415,-174.80235269218386,21.656588224625565
4,Example Airplane,Reflected Main Wing,22,Frpp_GP1_CgP1,50.769963390488,-137.15434498262155,17.606325736184054
4,Example Airplane,Reflected Main Wing,22,Brpp_GP1_CgP1,75.13030468124987,-138.61884591023588,24.907529251778946
4,Example Airplane,Reflected Main Wing,22,Blpp_GP1_CgP1,71.41681931049499,-176.65911189178,29.277410370528294
4,Example Airplane,Reflected Main Wing,23,Flpp_GP1_CgP1,50.769963390488,-137.15434498262155,17.606325736184054
4,Example Airplane,Reflected Main Wing,23,Frpp_GP1_CgP1,52.82516842878532,-97.87106842446684,14.44600473210433
4,Example Airplane,Reflected Main Wing,23,Brpp_GP1_CgP1,77.55687740530897,-98.66812141768344,20.439635604973635
4,Example Airplane,Reflected Main Wing,23,Blpp_GP1_CgP1,75.13030468124987,-138.61884591023588,24.907529251778946
4,Example Airplane,Reflected Main Wing,24,Flpp_GP1_CgP1,52.82516842878532,-97.87106842446684,14.44600473210433
4,Example Airplane,Reflected Main Wing,24,Frpp_GP1_CgP1,53.48613984541286,-63.41650144887989,10.529994168782679
4,Example Airplane,Reflected Main Wing,24,Brpp_GP1_CgP1,78.98637143301548,-63.93675405167776,13.891185777333606
4,Example Airplane,Reflected Main Wing,24,Blpp_GP1_CgP1,77.55687740530897,-98.66812141768344,20.439635604973635
4,Example Airplane,Reflected Main Wing,25,Flpp_GP1_CgP1,53.48613984541286,-63.41650144887989,10.529994168782679
4,Example Airplane,Reflected Main Wing,25,Frpp_GP1_CgP1,52.20717816533744,-25.336731219756256,4.702878187420201
4,Example Airplane,Reflected Main Wing,25,Brpp_GP1_CgP1,78.20021164582788,-25.088148530138145,6.340891988351907
4,Example Airplane,Reflected Main Wing,25,Blpp_GP1_CgP1,78.98637143301548,-63.936754051677774,13.891185777333606
4,Example Airplane,Reflected Main Wing,26,Flpp_GP1_CgP1,52.20717816533744,-25.336731219756256,4.702878187420201
4,Example Airplane,Reflected Main Wing,26,Frpp_GP1_CgP1,52.155731800214504,-0.5019043225819826,-0.104265129820917
4,Example Airplane,Reflected Main Wing,26,Brpp_GP1_CgP1,78.23364978023987,-0.5021429259939715,-0.11732910121007122
4,Example Airplane,Reflected Main Wing,26,Blpp_GP1_CgP1,78.20021164582788,-25.088148530138145,6.340891988351907
4,Example Airplane,Reflected Main Wing,27,Flpp_GP1_CgP1,5.394221867746676,-307.77628494071104,13.129305768581023
4,Example Airplane,Reflected Main Wing,27,Frpp_GP1_CgP1,26.08371958226881,-292.58023114094823,25.580712810930656
4,Example Airplane,Reflected Main Wing,27,Brpp_GP1_CgP1,37.39213236467223,-294.08719409739115,33.45949373466643
4,Example Airplane,Reflected Main Wing,27,Blpp_GP1_CgP1,9.123924027458578,-307.82130281716695,16.206373227302983
4,Example Airplane,Reflected Main Wing,28,Flpp_GP1_CgP1,26.08371958226881,-292.58023114094823,25.580712810930656
4,Example Airplane,Reflected Main Wing,28,Frpp_GP1_CgP1,47.96107185830941,-257.45013701348796,34.87861350453702
4,Example Airplane,Reflected Main Wing,28,Brpp_GP1_CgP1,65.80030733656496,-259.5381357883386,44.13306431865063
4,Example Airplane,Reflected Main Wing,28,Blpp_GP1_CgP1,37.39213236467223,-294.08719409739115,33.45949373466643
4,Example Airplane,Reflected Main Wing,29,Flpp_GP1_CgP1,47.96107185830941,-257.45013701348796,34.87861350453702
4,Example Airplane,Reflected Main Wing,29,Frpp_GP1_CgP1,60.447778276724925,-217.54067113480096,35.33592569607147
4,Example Airplane,Reflected Main Wing,29,Brpp_GP1_CgP1,82.79513113635957,-219.22557136284516,43.53576839707809
4,Example Airplane,Reflected Main Wing,29,Blpp_GP1_CgP1,65.80030733656496,-259.5381357883386,44.13306431865063
4,Example Airplane,Reflected Main Wing,30,Flpp_GP1_CgP1,60.447778276724925,-217.54067113480096,35.33592569607147
4,Example Airplane,Reflected Main Wing,30,Frpp_GP1_CgP1,71.41681931049499,-176.65911189178,29.277410370528294
4,Example Airplane,Reflected Main Wing,30,Brpp_GP1_CgP1,94.67174889051147,-178.4683141209682,38.988357370255535
4,Example Airplane,Reflected Main Wing,30,Blpp_GP1_CgP1,82.79513113635957,-219.22557136284516,43.53576839707809
4,Example Airplane,Reflected Main Wing,31,Flpp_GP1_CgP1,71.41681931049499,-176.65911189178,29.277410370528294
4,Example Airplane,Reflected Main Wing,31,Frpp_GP1_CgP1,75.13030468124987,-138.61884591023588,24.907529251778946
4,Example Airplane,Reflected Main Wing,31,Brpp_GP1_CgP1,99.57440380285554,-140.08868545004694,31.92300522446242
4,Example Airplane,Reflected Main Wing,31,Blpp_GP1_CgP1,94.67174889051147,-178.4683141209682,38.988357370255535
4,Example Airplane,Reflected Main Wing,32,Flpp_GP1_CgP1,75.13030468124987,-138.61884591023588,24.907529251778946
4,Example Airplane,Reflected Main Wing,32,Frpp_GP1_CgP1,77.55687740530897,-98.66812141768344,20.439635604973635
4,Example Airplane,Reflected Main Wing,32,Brpp_GP1_CgP1,102.3293212623379,-99.46770776131035,26.261730662374116
4,Example Airplane,Reflected Main Wing,32,Blpp_GP1_CgP1,99.57440380285554,-140.08868545004694,31.92300522446242
4,Example Airplane,Reflected Main Wing,33,Flpp_GP1_CgP1,77.55687740530897,-98.66812141768344,20.439635604973635
4,Example Airplane,Reflected Main Wing,33,Frpp_GP1_CgP1,78.98637143301548,-63.93675405167776,13.891185777333606
4,Example Airplane,Reflected Main Wing,33,Brpp_GP1_CgP1,104.66350856084784,-64.48289365535689,15.366225784141287
4,Example Airplane,Reflected Main Wing,33,Blpp_GP1_CgP1,102.3293212623379,-99.46770776131035,26.261730662374116
4,Example Airplane,Reflected Main Wing,34,Flpp_GP1_CgP1,78.98637143301548,-63.936754051677774,13.891185777333606
4,Example Airplane,Reflected Main Wing,34,Frpp_GP1_CgP1,78.20021164582788,-25.088148530138145,6.340891988351907
4,Example Airplane,Reflected Main Wing,34,Brpp_GP1_CgP1,104.21162897014395,-24.845148048757284,7.6533290205559
4,Example Airplane,Reflected Main Wing,34,Blpp_GP1_CgP1,104.66350856084784,-64.48289365535689,15.366225784141287
4,Example Airplane,Reflected Main Wing,35,Flpp_GP1_CgP1,78.20021164582788,-25.088148530138145,6.340891988351907
4,Example Airplane,Reflected Main Wing,35,Frpp_GP1_CgP1,78.23364978023987,-0.5021429259939715,-0.11732910121007122
4,Example Airplane,Reflected Main Wing,35,Brpp_GP1_CgP1,104.31156785410995,-0.5019069682022756,-0.10440998235058842
4,Example Airplane,Reflected Main Wing,35,Blpp_GP1_CgP1,104.21162897014395,-24.845148048757284,7.6533290205559
4,Example Airplane,Reflected Main Wing,36,Flpp_GP1_CgP1,9.123924027458578,-307.82130281716695,16.206373227302983
4,Example Airplane,Reflected Main Wing,36,Frpp_GP1_CgP1,37.39213236467223,-294.08719409739115,33.45949373466643
4,Example Airplane,Reflected Main Wing,36,Brpp_GP1_CgP1,48.780874191539326,-295.6003288231147,41.219733665684714
4,Example Airplane,Reflected Main Wing,36,Blpp_GP1_CgP1,12.850568693524778,-307.86621463479406,19.28714446252551
4,Example Airplane,Reflected Main Wing,37,Flpp_GP1_CgP1,37.39213236467223,-294.08719409739115,33.45949373466643
4,Example Airplane,Reflected Main Wing,37,Frpp_GP1_CgP1,65.80030733656496,-259.5381357883386,44.13306431865063
4,Example Airplane,Reflected Main Wing,37,Brpp_GP1_CgP1,83.93641991873594,-261.6432503665054,52.78576228860979
4,Example Airplane,Reflected Main Wing,37,Blpp_GP1_CgP1,48.780874191539326,-295.6003288231147,41.219733665684714
4,Example Airplane,Reflected Main Wing,38,Flpp_GP1_CgP1,65.80030733656496,-259.5381357883386,44.13306431865063
4,Example Airplane,Reflected Main Wing,38,Frpp_GP1_CgP1,82.79513113635957,-219.22557136284516,43.53576839707809
4,Example Airplane,Reflected Main Wing,38,Brpp_GP1_CgP1,105.37836211411775,-220.9256791669938,51.08650569444348
4,Example Airplane,Reflected Main Wing,38,Blpp_GP1_CgP1,83.93641991873594,-261.6432503665054,52.78576228860979
4,Example Airplane,Reflected Main Wing,39,Flpp_GP1_CgP1,82.79513113635957,-219.22557136284516,43.53576839707809
4,Example Airplane,Reflected Main Wing,39,Frpp_GP1_CgP1,94.67174889051147,-178.4683141209682,38.988357370255535
4,Example Airplane,Reflected Main Wing,39,Brpp_GP1_CgP1,118.6897014838635,-180.32490399957766,46.53243980715038
4,Example Airplane,Reflected Main Wing,39,Blpp_GP1_CgP1,105.37836211411775,-220.9256791669938,51.08650569444348
4,Example Airplane,Reflected Main Wing,40,Flpp_GP1_CgP1,94.67174889051147,-178.4683141209682,38.988357370255535
4,Example Airplane,Reflected Main Wing,40,Frpp_GP1_CgP1,99.57440380285554,-140.08868545004694,31.92300522446242
4,Example Airplane,Reflected Main Wing,40,Brpp_GP1_CgP1,124.27798725202597,-141.5751953054724,37.91887380420357
4,Example Airplane,Reflected Main Wing,40,Blpp_GP1_CgP1,118.6897014838635,-180.32490399957766,46.53243980715038
4,Example Airplane,Reflected Main Wing,41,Flpp_GP1_CgP1,99.57440380285554,-140.08868545004694,31.92300522446242
4,Example Airplane,Reflected Main Wing,41,Frpp_GP1_CgP1,102.3293212623379,-99.46770776131035,26.261730662374116
4,Example Airplane,Reflected Main Wing,41,Brpp_GP1_CgP1,127.34996316975527,-100.28402364717567,30.846359321604627
4,Example Airplane,Reflected Main Wing,41,Blpp_GP1_CgP1,124.27798725202597,-141.5751953054724,37.91887380420357
4,Example Airplane,Reflected Main Wing,42,Flpp_GP1_CgP1,102.3293212623379,-99.46770776131035,26.261730662374116
4,Example Airplane,Reflected Main Wing,42,Frpp_GP1_CgP1,104.66350856084784,-64.48289365535689,15.366225784141287
4,Example Airplane,Reflected Main Wing,42,Brpp_GP1_CgP1,130.29148831460202,-65.019693158483,17.54938242601212
4,Example Airplane,Reflected Main Wing,42,Blpp_GP1_CgP1,127.34996316975527,-100.28402364717567,30.846359321604627
4,Example Airplane,Reflected Main Wing,43,Flpp_GP1_CgP1,104.66350856084784,-64.48289365535689,15.366225784141287
4,Example Airplane,Reflected Main Wing,43,Frpp_GP1_CgP1,104.21162897014395,-24.845148048757284,7.6533290205559
4,Example Airplane,Reflected Main Wing,43,Brpp_GP1_CgP1,130.2403008889503,-24.609074024404446,8.56445238173286
4,Example Airplane,Reflected Main Wing,43,Blpp_GP1_CgP1,130.29148831460202,-65.019693158483,17.54938242601212
4,Example Airplane,Reflected Main Wing,44,Flpp_GP1_CgP1,104.21162897014395,-24.845148048757284,7.6533290205559
4,Example Airplane,Reflected Main Wing,44,Frpp_GP1_CgP1,104.31156785410995,-0.5019069682022756,-0.10440998235058842
4,Example Airplane,Reflected Main Wing,44,Brpp_GP1_CgP1,130.3894602141573,-0.5011978984566169,-0.06558712230435428
4,Example Airplane,Reflected Main Wing,44,Blpp_GP1_CgP1,130.2403008889503,-24.609074024404446,8.56445238173286
4,Example Airplane,Reflected Main Wing,45,Flpp_GP1_CgP1,12.850568693524778,-307.86621463479406,19.28714446252551
4,Example Airplane,Reflected Main Wing,45,Frpp_GP1_CgP1,48.780874191539326,-295.6003288231147,41.219733665684714
4,Example Airplane,Reflected Main Wing,45,Brpp_GP1_CgP1,60.34899000828761,-297.12705093236707,48.707799525954705
4,Example Airplane,Reflected Main Wing,45,Blpp_GP1_CgP1,16.57414173990479,-307.91101998727635,22.371629051231597
4,Example Airplane,Reflected Main Wing,46,Flpp_GP1_CgP1,48.780874191539326,-295.6003288231147,41.219733665684714
4,Example Airplane,Reflected Main Wing,46,Frpp_GP1_CgP1,83.93641991873594,-261.6432503665054,52.78576228860979
4,Example Airplane,Reflected Main Wing,46,Brpp_GP1_CgP1,102.52599130550065,-263.77188238289654,60.40677934059943
4,Example Airplane,Reflected Main Wing,46,Blpp_GP1_CgP1,60.34899000828761,-297.12705093236707,48.707799525954705
4,Example Airplane,Reflected Main Wing,47,Flpp_GP1_CgP1,83.93641991873594,-261.6432503665054,52.78576228860979
4,Example Airplane,Reflected Main Wing,47,Frpp_GP1_CgP1,105.37836211411775,-220.9256791669938,51.08650569444348
4,Example Airplane,Reflected Main Wing,47,Brpp_GP1_CgP1,128.01719088357757,-222.62931561584693,58.46829518944534
4,Example Airplane,Reflected Main Wing,47,Blpp_GP1_CgP1,102.52599130550065,-263.77188238289654,60.40677934059943
4,Example Airplane,Reflected Main Wing,48,Flpp_GP1_CgP1,105.37836211411775,-220.9256791669938,51.08650569444348
4,Example Airplane,Reflected Main Wing,48,Frpp_GP1_CgP1,118.6897014838635,-180.32490399957766,46.53243980715038
4,Example Airplane,Reflected Main Wing,48,Brpp_GP1_CgP1,143.47249112439792,-182.22474774146602,51.023091393276786
4,Example Airplane,Reflected Main Wing,48,Blpp_GP1_CgP1,128.01719088357757,-222.62931561584693,58.46829518944534
4,Example Airplane,Reflected Main Wing,49,Flpp_GP1_CgP1,118.6897014838635,-180.32490399957766,46.53243980715038
4,Example Airplane,Reflected Main Wing,49,Frpp_GP1_CgP1,124.27798725202597,-141.5751953054724,37.91887380420357
4,Example Airplane,Reflected Main Wing,49,Brpp_GP1_CgP1,149.38776291957845,-143.08819745520267,41.91185527773582
4,Example Airplane,Reflected Main Wing,49,Blpp_GP1_CgP1,143.47249112439792,-182.22474774146602,51.023091393276786
4,Example Airplane,Reflected Main Wing,50,Flpp_GP1_CgP1,124.27798725202597,-141.5751953054724,37.91887380420357
4,Example Airplane,Reflected Main Wing,50,Frpp_GP1_CgP1,127.34996316975527,-100.28402364717567,30.846359321604627
4,Example Airplane,Reflected Main Wing,50,Brpp_GP1_CgP1,152.6685781324035,-101.12439539403722,33.355108543768814
4,Example Airplane,Reflected Main Wing,50,Blpp_GP1_CgP1,149.38776291957845,-143.08819745520267,41.91185527773582
4,Example Airplane,Reflected Main Wing,51,Flpp_GP1_CgP1,127.34996316975527,-100.28402364717567,30.846359321604627
4,Example Airplane,Reflected Main Wing,51,Frpp_GP1_CgP1,130.29148831460202,-65.019693158483,17.54938242601212
4,Example Airplane,Reflected Main Wing,51,Brpp_GP1_CgP1,155.87409778915196,-65.54978751045603,20.22193109488506
4,Example Airplane,Reflected Main Wing,51,Blpp_GP1_CgP1,152.6685781324035,-101.12439539403722,33.355108543768814
4,Example Airplane,Reflected Main Wing,52,Flpp_GP1_CgP1,130.29148831460202,-65.019693158483,17.54938242601212
4,Example Airplane,Reflected Main Wing,52,Frpp_GP1_CgP1,130.2403008889503,-24.609074024404446,8.56445238173286
4,Example Airplane,Reflected Main Wing,52,Brpp_GP1_CgP1,156.2789982226095,-24.379093499453848,9.124995230354106
4,Example Airplane,Reflected Main Wing,52,Blpp_GP1_CgP1,155.87409778915196,-65.54978751045603,20.22193109488506
4,Example Airplane,Reflected Main Wing,53,Flpp_GP1_CgP1,130.2403008889503,-24.609074024404446,8.56445238173286
4,Example Airplane,Reflected Main Wing,53,Frpp_GP1_CgP1,130.3894602141573,-0.5011978984566169,-0.06558712230435428
4,Example Airplane,Reflected Main Wing,53,Brpp_GP1_CgP1,156.4673009013703,-0.5000141037053685,-0.000772203556849942
4,Example Airplane,Reflected Main Wing,53,Blpp_GP1_CgP1,156.2789982226095,-24.379093499453848,9.124995230354106
5,Example Airplane,Main Wing,0,Flpp_GP1_CgP1,0.0,0.49999999999999994,6.846747985717786e-19
5,Example Airplane,Main Wing,0,Frpp_GP1_CgP1,0.3194518335157581,25.868485794419975,0.5789413355996602
5,Example Airplane,Main Wing,0,Brpp_GP1_CgP1,26.268519858879028,25.617030188413317,2.8402287625658214
5,Example Airplane,Main Wing,0,Blpp_GP1_CgP1,26.077839919979876,0.5014861154115728,-0.06511972006335438
5,Example Airplane,Main Wing,1,Flpp_GP1_CgP1,0.3194518335157581,25.868485794419975,0.5789413355996602
5,Example Airplane,Main Wing,1,Frpp_GP1_CgP1,2.9078738658583236,62.47991761053607,1.513695805633159
5,Example Airplane,Main Wing,1,Brpp_GP1_CgP1,28.092658131366434,62.97300761322934,6.75543563856041
5,Example Airplane,Main Wing,1,Blpp_GP1_CgP1,26.268519858879028,25.617030188413317,2.8402287625658214
5,Example Airplane,Main Wing,2,Flpp_GP1_CgP1,2.9078738658583236,62.47991761053608,1.513695805633159
5,Example Airplane,Main Wing,2,Frpp_GP1_CgP1,3.4145256094502576,96.38556220334468,2.221715870740792
5,Example Airplane,Main Wing,2,Brpp_GP1_CgP1,28.07339694293544,97.18725175683885,8.52192958228287
5,Example Airplane,Main Wing,2,Blpp_GP1_CgP1,28.092658131366434,62.97300761322934,6.75543563856041
5,Example Airplane,Main Wing,3,Flpp_GP1_CgP1,3.4145256094502576,96.38556220334468,2.221715870740792
5,Example Airplane,Main Wing,3,Frpp_GP1_CgP1,2.0463253544207434,134.30030891750536,2.6552113176083854
5,Example Airplane,Main Wing,3,Brpp_GP1_CgP1,26.281774748580617,135.76071647550785,10.384152572218168
5,Example Airplane,Main Wing,3,Blpp_GP1_CgP1,28.07339694293544,97.18725175683885,8.52192958228287
5,Example Airplane,Main Wing,4,Flpp_GP1_CgP1,2.0463253544207434,134.30030891750536,2.6552113176083854
5,Example Airplane,Main Wing,4,Frpp_GP1_CgP1,0.5333014842560724,171.19266753066717,3.0836543150416187
5,Example Airplane,Main Wing,4,Brpp_GP1_CgP1,23.245014015290902,172.9565913422203,13.985614963554822
5,Example Airplane,Main Wing,4,Blpp_GP1_CgP1,26.281774748580617,135.76071647550785,10.384152572218168
5,Example Airplane,Main Wing,5,Flpp_GP1_CgP1,0.5333014842560724,171.19266753066717,3.0836543150416187
5,Example Airplane,Main Wing,5,Frpp_GP1_CgP1,-3.634461778080799,212.62447044682762,2.795616936277962
5,Example Airplane,Main Wing,5,Brpp_GP1_CgP1,15.985211922702137,214.12655766038193,16.47939888200566
5,Example Airplane,Main Wing,5,Blpp_GP1_CgP1,23.245014015290902,172.9565913422203,13.985614963554822
5,Example Airplane,Main Wing,6,Flpp_GP1_CgP1,-3.6344617780807993,212.62447044682762,2.795616936277962
5,Example Airplane,Main Wing,6,Frpp_GP1_CgP1,-3.8696325066915835,251.31606201718714,4.079838538192648
5,Example Airplane,Main Wing,6,Brpp_GP1_CgP1,12.234708910945844,253.26231476658896,16.076837738801128
5,Example Airplane,Main Wing,6,Blpp_GP1_CgP1,15.985211922702137,214.12655766038193,16.47939888200566
5,Example Airplane,Main Wing,7,Flpp_GP1_CgP1,-3.8696325066915835,251.31606201718714,4.079838538192648
5,Example Airplane,Main Wing,7,Frpp_GP1_CgP1,-8.792356300100833,288.00290662906207,2.942510461845202
5,Example Airplane,Main Wing,7,Brpp_GP1_CgP1,2.4150113069113157,289.501149710976,10.912825871778471
5,Example Airplane,Main Wing,7,Blpp_GP1_CgP1,12.234708910945844,253.26231476658896,16.076837738801128
5,Example Airplane,Main Wing,8,Flpp_GP1_CgP1,-8.792356300100833,288.00290662906207,2.942510461845202
5,Example Airplane,Main Wing,8,Frpp_GP1_CgP1,-7.09150154500488,307.4375292795494,5.244726793381701
5,Example Airplane,Main Wing,8,Brpp_GP1_CgP1,-3.3528065375528513,307.48193732839053,8.307750786816367
5,Example Airplane,Main Wing,8,Blpp_GP1_CgP1,2.4150113069113157,289.501149710976,10.912825871778471
5,Example Airplane,Main Wing,9,Flpp_GP1_CgP1,26.077839919979876,0.5014861154115728,-0.06511972006335438
5,Example Airplane,Main Wing,9,Frpp_GP1_CgP1,26.268519858879028,25.617030188413317,2.8402287625658214
5,Example Airplane,Main Wing,9,Brpp_GP1_CgP1,52.24622301231501,25.373220354535295,4.746212492587879
5,Example Airplane,Main Wing,9,Blpp_GP1_CgP1,52.155731800214504,0.5023792411499327,-0.10425537373497536
5,Example Airplane,Main Wing,10,Flpp_GP1_CgP1,26.268519858879028,25.617030188413317,2.8402287625658214
5,Example Airplane,Main Wing,10,Frpp_GP1_CgP1,28.092658131366434,62.97300761322934,6.75543563856041
5,Example Airplane,Main Wing,10,Brpp_GP1_CgP1,53.526711323602626,63.49447282496052,10.607334816590503
5,Example Airplane,Main Wing,10,Blpp_GP1_CgP1,52.24622301231501,25.373220354535295,4.746212492587879
5,Example Airplane,Main Wing,11,Flpp_GP1_CgP1,28.092658131366434,62.97300761322934,6.75543563856041
5,Example Airplane,Main Wing,11,Frpp_GP1_CgP1,28.07339694293544,97.18725175683885,8.52192958228287
5,Example Airplane,Main Wing,11,Brpp_GP1_CgP1,52.79209945234886,97.99383307527106,14.582580381645505
5,Example Airplane,Main Wing,11,Blpp_GP1_CgP1,53.526711323602626,63.49447282496052,10.607334816590503
5,Example Airplane,Main Wing,12,Flpp_GP1_CgP1,28.07339694293544,97.18725175683885,8.52192958228287
5,Example Airplane,Main Wing,12,Frpp_GP1_CgP1,26.281774748580617,135.76071647550785,10.384152572218168
5,Example Airplane,Main Wing,12,Brpp_GP1_CgP1,50.612699282608666,137.2289244763028,17.80573186026802
5,Example Airplane,Main Wing,12,Blpp_GP1_CgP1,52.79209945234886,97.99383307527106,14.582580381645505
5,Example Airplane,Main Wing,13,Flpp_GP1_CgP1,26.281774748580617,135.76071647550785,10.384152572218168
5,Example Airplane,Main Wing,13,Frpp_GP1_CgP1,23.245014015290902,172.9565913422203,13.985614963554822
5,Example Airplane,Main Wing,13,Brpp_GP1_CgP1,47.15595372054067,174.81553916343765,21.887698337718533
5,Example Airplane,Main Wing,13,Blpp_GP1_CgP1,50.612699282608666,137.2289244763028,17.80573186026802
5,Example Airplane,Main Wing,14,Flpp_GP1_CgP1,23.245014015290902,172.9565913422203,13.985614963554822
5,Example Airplane,Main Wing,14,Frpp_GP1_CgP1,15.985211922702137,214.12655766038193,16.47939888200566
5,Example Airplane,Main Wing,14,Brpp_GP1_CgP1,37.54444933007344,215.78892786405623,26.7872638920134
5,Example Airplane,Main Wing,14,Blpp_GP1_CgP1,47.15595372054067,174.81553916343765,21.887698337718533
5,Example Airplane,Main Wing,15,Flpp_GP1_CgP1,15.985211922702137,214.12655766038193,16.47939888200566
5,Example Airplane,Main Wing,15,Frpp_GP1_CgP1,12.234708910945844,253.26231476658896,16.076837738801128
5,Example Airplane,Main Wing,15,Brpp_GP1_CgP1,29.590058604758813,255.31035398027558,26.137329865167754
5,Example Airplane,Main Wing,15,Blpp_GP1_CgP1,37.54444933007344,215.78892786405623,26.7872638920134
5,Example Airplane,Main Wing,16,Flpp_GP1_CgP1,12.234708910945844,253.26231476658896,16.076837738801128
5,Example Airplane,Main Wing,16,Frpp_GP1_CgP1,2.4150113069113157,289.501149710976,10.912825871778471
5,Example Airplane,Main Wing,16,Brpp_GP1_CgP1,13.701764038841253,291.0066185877217,18.76883751740793
5,Example Airplane,Main Wing,16,Blpp_GP1_CgP1,29.590058604758813,255.31035398027558,26.137329865167754
5,Example Airplane,Main Wing,17,Flpp_GP1_CgP1,2.4150113069113157,289.501149710976,10.912825871778471
5,Example Airplane,Main Wing,17,Frpp_GP1_CgP1,-3.3528065375528513,307.48193732839053,8.307750786816367
5,Example Airplane,Main Wing,17,Brpp_GP1_CgP1,0.3828355804240662,307.5262211506605,11.374499116052426
5,Example Airplane,Main Wing,17,Blpp_GP1_CgP1,13.701764038841253,291.0066185877217,18.76883751740793
5,Example Airplane,Main Wing,18,Flpp_GP1_CgP1,52.155731800214504,0.5023792411499327,-0.10425537373497536
5,Example Airplane,Main Wing,18,Frpp_GP1_CgP1,52.24622301231501,25.373220354535295,4.746212492587879
5,Example Airplane,Main Wing,18,Brpp_GP1_CgP1,78.24513983211332,25.13619074209214,6.338580017134233
5,Example Airplane,Main Wing,18,Blpp_GP1_CgP1,78.23364978023987,0.5026773498116109,-0.11731812272860932
5,Example Airplane,Main Wing,19,Flpp_GP1_CgP1,52.24622301231501,25.373220354535295,4.746212492587879
5,Example Airplane,Main Wing,19,Frpp_GP1_CgP1,53.526711323602626,63.49447282496052,10.607334816590503
5,Example Airplane,Main Wing,19,Brpp_GP1_CgP1,79.04645522034248,64.0279437883151,13.843306109668202
5,Example Airplane,Main Wing,19,Blpp_GP1_CgP1,78.24513983211332,25.13619074209214,6.338580017134233
5,Example Airplane,Main Wing,20,Flpp_GP1_CgP1,53.526711323602626,63.49447282496052,10.607334816590503
5,Example Airplane,Main Wing,20,Frpp_GP1_CgP1,52.79209945234886,97.99383307527106,14.582580381645505
5,Example Airplane,Main Wing,20,Brpp_GP1_CgP1,77.55936221375798,98.80447474664311,20.44100473035615
5,Example Airplane,Main Wing,20,Blpp_GP1_CgP1,79.04645522034248,64.0279437883151,13.843306109668202
5,Example Airplane,Main Wing,21,Flpp_GP1_CgP1,52.79209945234886,97.99383307527106,14.582580381645505
5,Example Airplane,Main Wing,21,Frpp_GP1_CgP1,50.612699282608666,137.2289244763028,17.80573186026802
5,Example Airplane,Main Wing,21,Brpp_GP1_CgP1,75.03285686814432,138.704509816832,24.92570746887329
5,Example Airplane,Main Wing,21,Blpp_GP1_CgP1,77.55936221375798,98.80447474664311,20.44100473035615
5,Example Airplane,Main Wing,22,Flpp_GP1_CgP1,50.612699282608666,137.2289244763028,17.80573186026802
5,Example Airplane,Main Wing,22,Frpp_GP1_CgP1,47.15595372054067,174.81553916343765,21.887698337718533
5,Example Airplane,Main Wing,22,Brpp_GP1_CgP1,71.22117806925365,176.68674954557392,29.332898046369753
5,Example Airplane,Main Wing,22,Blpp_GP1_CgP1,75.03285686814432,138.704509816832,24.92570746887329
5,Example Airplane,Main Wing,23,Flpp_GP1_CgP1,47.15595372054067,174.81553916343765,21.887698337718533
5,Example Airplane,Main Wing,23,Frpp_GP1_CgP1,37.54444933007344,215.78892786405623,26.7872638920134
5,Example Airplane,Main Wing,23,Brpp_GP1_CgP1,59.51219549541627,217.48539755182847,36.247381565270445
5,Example Airplane,Main Wing,23,Blpp_GP1_CgP1,71.22117806925365,176.68674954557392,29.332898046369753
5,Example Airplane,Main Wing,24,Flpp_GP1_CgP1,37.54444933007344,215.78892786405623,26.7872638920134
5,Example Airplane,Main Wing,24,Frpp_GP1_CgP1,29.590058604758813,255.31035398027558,26.137329865167754
5,Example Airplane,Main Wing,24,Brpp_GP1_CgP1,47.40575407243043,257.39408195490165,35.38264990450378
5,Example Airplane,Main Wing,24,Blpp_GP1_CgP1,59.51219549541627,217.48539755182847,36.247381565270445
5,Example Airplane,Main Wing,25,Flpp_GP1_CgP1,29.590058604758813,255.31035398027558,26.137329865167754
5,Example Airplane,Main Wing,25,Frpp_GP1_CgP1,13.701764038841253,291.0066185877217,18.76883751740793
5,Example Airplane,Main Wing,25,Brpp_GP1_CgP1,25.088945349754468,292.52116121552166,26.47684423721828
5,Example Airplane,Main Wing,25,Blpp_GP1_CgP1,47.40575407243043,257.39408195490165,35.38264990450378
5,Example Airplane,Main Wing,26,Flpp_GP1_CgP1,13.701764038841253,291.0066185877217,18.76883751740793
5,Example Airplane,Main Wing,26,Frpp_GP1_CgP1,0.3828355804240662,307.5262211506605,11.374499116052426
5,Example Airplane,Main Wing,26,Brpp_GP1_CgP1,4.115410645900397,307.57038027760535,14.444981446754682
5,Example Airplane,Main Wing,26,Blpp_GP1_CgP1,25.088945349754468,292.52116121552166,26.47684423721828
5,Example Airplane,Main Wing,27,Flpp_GP1_CgP1,78.23364978023987,0.5026773498116109,-0.11731812272860932
5,Example Airplane,Main Wing,27,Frpp_GP1_CgP1,78.24513983211332,25.13619074209214,6.338580017134233
5,Example Airplane,Main Wing,27,Brpp_GP1_CgP1,104.26217889422622,24.90637029394905,7.599044503077791
5,Example Airplane,Main Wing,27,Blpp_GP1_CgP1,104.31156785410995,0.5023825465608582,-0.1044002127107987
5,Example Airplane,Main Wing,28,Flpp_GP1_CgP1,78.24513983211332,25.13619074209214,6.338580017134233
5,Example Airplane,Main Wing,28,Frpp_GP1_CgP1,79.04645522034248,64.0279437883151,13.843306109668202
5,Example Airplane,Main Wing,28,Brpp_GP1_CgP1,104.73785136174618,64.59759220175091,15.10125931747837
5,Example Airplane,Main Wing,28,Blpp_GP1_CgP1,104.26217889422622,24.90637029394905,7.599044503077791
5,Example Airplane,Main Wing,29,Flpp_GP1_CgP1,79.04645522034248,64.0279437883151,13.843306109668202
5,Example Airplane,Main Wing,29,Frpp_GP1_CgP1,77.55936221375798,98.80447474664311,20.44100473035615
5,Example Airplane,Main Wing,29,Brpp_GP1_CgP1,102.35822038782354,99.61781235851994,26.163172802920442
5,Example Airplane,Main Wing,29,Blpp_GP1_CgP1,104.73785136174618,64.59759220175091,15.10125931747837
5,Example Airplane,Main Wing,30,Flpp_GP1_CgP1,77.55936221375798,98.80447474664311,20.44100473035615
5,Example Airplane,Main Wing,30,Frpp_GP1_CgP1,75.03285686814432,138.704509816832,24.92570746887329
5,Example Airplane,Main Wing,30,Brpp_GP1_CgP1,99.53309674450435,140.1867796550684,31.764497854207054
5,Example Airplane,Main Wing,30,Blpp_GP1_CgP1,102.35822038782354,99.61781235851994,26.163172802920442
5,Example Airplane,Main Wing,31,Flpp_GP1_CgP1,75.03285686814432,138.704509816832,24.92570746887329
5,Example Airplane,Main Wing,31,Frpp_GP1_CgP1,71.22117806925365,176.68674954557392,29.332898046369753
5,Example Airplane,Main Wing,31,Brpp_GP1_CgP1,94.54564604011436,178.499141415665,38.863796752092895
5,Example Airplane,Main Wing,31,Blpp_GP1_CgP1,99.53309674450435,140.1867796550684,31.764497854207054
5,Example Airplane,Main Wing,32,Flpp_GP1_CgP1,71.22117806925365,176.68674954557392,29.332898046369753
5,Example Airplane,Main Wing,32,Frpp_GP1_CgP1,59.51219549541627,217.48539755182847,36.247381565270445
5,Example Airplane,Main Wing,32,Brpp_GP1_CgP1,82.0187787465434,219.22756986991135,44.29880502880306
5,Example Airplane,Main Wing,32,Blpp_GP1_CgP1,94.54564604011436,178.499141415665,38.863796752092895
5,Example Airplane,Main Wing,33,Flpp_GP1_CgP1,59.51219549541627,217.48539755182847,36.247381565270445
5,Example Airplane,Main Wing,33,Frpp_GP1_CgP1,47.40575407243043,257.39408195490165,35.38264990450378
5,Example Airplane,Main Wing,33,Brpp_GP1_CgP1,65.32179475913533,259.4852292640364,44.42937563816015
5,Example Airplane,Main Wing,33,Blpp_GP1_CgP1,82.0187787465434,219.22756986991135,44.29880502880306
5,Example Airplane,Main Wing,34,Flpp_GP1_CgP1,47.40575407243043,257.39408195490165,35.38264990450378
5,Example Airplane,Main Wing,34,Frpp_GP1_CgP1,25.088945349754468,292.52116121552166,26.47684423721828
5,Example Airplane,Main Wing,34,Brpp_GP1_CgP1,36.515836453114254,294.0392701006503,34.125243568921306
5,Example Airplane,Main Wing,34,Blpp_GP1_CgP1,65.32179475913533,259.4852292640364,44.42937563816015
5,Example Airplane,Main Wing,35,Flpp_GP1_CgP1,25.088945349754468,292.52116121552166,26.47684423721828
5,Example Airplane,Main Wing,35,Frpp_GP1_CgP1,4.115410645900397,307.57038027760535,14.444981446754682
5,Example Airplane,Main Wing,35,Brpp_GP1_CgP1,7.8449258025481825,307.6144151065769,17.51918151507148
5,Example Airplane,Main Wing,35,Blpp_GP1_CgP1,36.515836453114254,294.0392701006503,34.125243568921306
5,Example Airplane,Main Wing,36,Flpp_GP1_CgP1,104.31156785410995,0.5023825465608582,-0.1044002127107987
5,Example Airplane,Main Wing,36,Frpp_GP1_CgP1,104.26217889422622,24.90637029394905,7.599044503077791
5,Example Airplane,Main Wing,36,Brpp_GP1_CgP1,130.29593716429088,24.685478324133683,8.450456729356162
5,Example Airplane,Main Wing,36,Blpp_GP1_CgP1,130.3894602141573,0.5014966420754494,-0.0655809853187392
5,Example Airplane,Main Wing,37,Flpp_GP1_CgP1,104.26217889422622,24.90637029394905,7.599044503077791
5,Example Airplane,Main Wing,37,Frpp_GP1_CgP1,104.73785136174618,64.59759220175091,15.10125931747837
5,Example Airplane,Main Wing,37,Brpp_GP1_CgP1,130.36485153435885,65.15003305853692,17.324357119861016
5,Example Airplane,Main Wing,37,Blpp_GP1_CgP1,130.29593716429088,24.685478324133683,8.450456729356162
5,Example Airplane,Main Wing,38,Flpp_GP1_CgP1,104.73785136174618,64.59759220175091,15.10125931747837
5,Example Airplane,Main Wing,38,Frpp_GP1_CgP1,102.35822038782354,99.61781235851994,26.163172802920442
5,Example Airplane,Main Wing,38,Brpp_GP1_CgP1,127.39273003851324,100.45329971624615,30.69244582530925
5,Example Airplane,Main Wing,38,Blpp_GP1_CgP1,130.36485153435885,65.15003305853692,17.324357119861016
5,Example Airplane,Main Wing,39,Flpp_GP1_CgP1,102.35822038782354,99.61781235851994,26.163172802920442
5,Example Airplane,Main Wing,39,Frpp_GP1_CgP1,99.53309674450435,140.1867796550684,31.764497854207054
5,Example Airplane,Main Wing,39,Brpp_GP1_CgP1,124.27943224825324,141.69038804777767,37.60770482543246
5,Example Airplane,Main Wing,39,Blpp_GP1_CgP1,127.39273003851324,100.45329971624615,30.69244582530925
5,Example Airplane,Main Wing,40,Flpp_GP1_CgP1,99.53309674450435,140.1867796550684,31.764497854207054
5,Example Airplane,Main Wing,40,Frpp_GP1_CgP1,94.54564604011436,178.499141415665,38.863796752092895
5,Example Airplane,Main Wing,40,Brpp_GP1_CgP1,118.61933254557323,180.37106319208272,46.210302212028104
5,Example Airplane,Main Wing,40,Blpp_GP1_CgP1,124.27943224825324,141.69038804777767,37.60770482543246
5,Example Airplane,Main Wing,41,Flpp_GP1_CgP1,94.54564604011436,178.499141415665,38.863796752092895
5,Example Airplane,Main Wing,41,Frpp_GP1_CgP1,82.0187787465434,219.22756986991135,44.29880502880306
5,Example Airplane,Main Wing,41,Brpp_GP1_CgP1,104.77145669522322,220.99074002415352,51.65680792051485
5,Example Airplane,Main Wing,41,Blpp_GP1_CgP1,118.61933254557323,180.37106319208272,46.210302212028104
5,Example Airplane,Main Wing,42,Flpp_GP1_CgP1,82.0187787465434,219.22756986991135,44.29880502880306
5,Example Airplane,Main Wing,42,Frpp_GP1_CgP1,65.32179475913533,259.4852292640364,44.42937563816015
5,Example Airplane,Main Wing,42,Brpp_GP1_CgP1,83.49925063407449,261.5952434328922,52.93192449570091
5,Example Airplane,Main Wing,42,Blpp_GP1_CgP1,104.77145669522322,220.99074002415352,51.65680792051485
5,Example Airplane,Main Wing,43,Flpp_GP1_CgP1,65.32179475913533,259.4852292640364,44.42937563816015
5,Example Airplane,Main Wing,43,Frpp_GP1_CgP1,36.515836453114254,294.0392701006503,34.125243568921306
5,Example Airplane,Main Wing,43,Brpp_GP1_CgP1,47.98880374150403,295.56149383855814,41.703311458391305
5,Example Airplane,Main Wing,43,Blpp_GP1_CgP1,83.49925063407449,261.5952434328922,52.93192449570091
5,Example Airplane,Main Wing,44,Flpp_GP1_CgP1,36.515836453114254,294.0392701006503,34.125243568921306
5,Example Airplane,Main Wing,44,Frpp_GP1_CgP1,7.8449258025481825,307.6144151065769,17.51918151507148
5,Example Airplane,Main Wing,44,Brpp_GP1_CgP1,11.571386702610752,307.65832597352636,20.59708492702529
5,Example Airplane,Main Wing,44,Blpp_GP1_CgP1,47.98880374150403,295.56149383855814,41.703311458391305
5,Example Airplane,Main Wing,45,Flpp_GP1_CgP1,130.3894602141573,0.5014966420754494,-0.0655809853187392
5,Example Airplane,Main Wing,45,Frpp_GP1_CgP1,130.29593716429088,24.685478324133683,8.450456729356162
5,Example Airplane,Main Wing,45,Brpp_GP1_CgP1,156.33905743433377,24.47242682969168,8.94452718644109
5,Example Airplane,Main Wing,45,Blpp_GP1_CgP1,156.4673009013703,0.5000176210251858,-0.0007721313017798331
5,Example Airplane,Main Wing,46,Flpp_GP1_CgP1,130.29593716429088,24.685478324133683,8.450456729356162
5,Example Airplane,Main Wing,46,Frpp_GP1_CgP1,130.36485153435885,65.15003305853692,17.324357119861016
5,Example Airplane,Main Wing,46,Brpp_GP1_CgP1,155.94132943012374,65.69257233732425,20.083835479916715
5,Example Airplane,Main Wing,46,Blpp_GP1_CgP1,156.33905743433377,24.47242682969168,8.94452718644109
5,Example Airplane,Main Wing,47,Flpp_GP1_CgP1,130.36485153435885,65.15003305853692,17.324357119861016
5,Example Airplane,Main Wing,47,Frpp_GP1_CgP1,127.39273003851324,100.45329971624615,30.69244582530925
5,Example Airplane,Main Wing,47,Brpp_GP1_CgP1,152.71064111638185,101.32178904709853,33.2366834696079
5,Example Airplane,Main Wing,47,Blpp_GP1_CgP1,155.94132943012374,65.69257233732425,20.083835479916715
5,Example Airplane,Main Wing,48,Flpp_GP1_CgP1,127.39273003851324,100.45329971624615,30.69244582530925
5,Example Airplane,Main Wing,48,Frpp_GP1_CgP1,124.27943224825324,141.69038804777767,37.60770482543246
5,Example Airplane,Main Wing,48,Brpp_GP1_CgP1,149.41160892704187,143.22986899902665,41.49117085081745
5,Example Airplane,Main Wing,48,Blpp_GP1_CgP1,152.71064111638185,101.32178904709853,33.2366834696079
5,Example Airplane,Main Wing,49,Flpp_GP1_CgP1,124.27943224825324,141.69038804777767,37.60770482543246
5,Example Airplane,Main Wing,49,Frpp_GP1_CgP1,118.61933254557323,180.37106319208272,46.210302212028104
5,Example Airplane,Main Wing,49,Brpp_GP1_CgP1,143.42953256904067,182.3019802775333,50.50868846604682
5,Example Airplane,Main Wing,49,Blpp_GP1_CgP1,149.41160892704187,143.22986899902665,41.49117085081745
5,Example Airplane,Main Wing,50,Flpp_GP1_CgP1,118.61933254557323,180.37106319208272,46.210302212028104
5,Example Airplane,Main Wing,50,Frpp_GP1_CgP1,104.77145669522322,220.99074002415352,51.65680792051485
5,Example Airplane,Main Wing,50,Brpp_GP1_CgP1,127.55474738205362,222.75654397763958,58.919812975084994
5,Example Airplane,Main Wing,50,Blpp_GP1_CgP1,143.42953256904067,182.3019802775333,50.50868846604682
5,Example Airplane,Main Wing,51,Flpp_GP1_CgP1,104.77145669522322,220.99074002415352,51.65680792051485
5,Example Airplane,Main Wing,51,Frpp_GP1_CgP1,83.49925063407449,261.5952434328922,52.93192449570091
5,Example Airplane,Main Wing,51,Brpp_GP1_CgP1,102.12154672045483,263.73548333457313,60.39934923651833
5,Example Airplane,Main Wing,51,Blpp_GP1_CgP1,127.55474738205362,222.75654397763958,58.919812975084994
5,Example Airplane,Main Wing,52,Flpp_GP1_CgP1,83.49925063407449,261.5952434328922,52.93192449570091
5,Example Airplane,Main Wing,52,Frpp_GP1_CgP1,47.98880374150403,295.56149383855814,41.703311458391305
5,Example Airplane,Main Wing,52,Brpp_GP1_CgP1,59.55894961329962,297.0923465822279,49.13054512699199
5,Example Airplane,Main Wing,52,Blpp_GP1_CgP1,102.12154672045483,263.73548333457313,60.39934923651833
5,Example Airplane,Main Wing,53,Flpp_GP1_CgP1,47.98880374150403,295.56149383855814,41.703311458391305
5,Example Airplane,Main Wing,53,Frpp_GP1_CgP1,11.571386702610752,307.65832597352636,20.59708492702529
5,Example Airplane,Main Wing,53,Brpp_GP1_CgP1,15.294779231271349,307.7021124120641,23.678701260967753
5,Example Airplane,Main Wing,53,Blpp_GP1_CgP1,59.55894961329962,297.0923465822279,49.13054512699199
5,Example Airplane,Reflected Main Wing,0,Flpp_GP1_CgP1,-7.09150154500488,-307.4375292795494,5.244726793381701
5,Example Airplane,Reflected Main Wing,0,Frpp_GP1_CgP1,-8.792356300100833,-288.00290662906207,2.942510461845202
5,Example Airplane,Reflected Main Wing,0,Brpp_GP1_CgP1,2.4150113069113157,-289.501149710976,10.912825871778471
5,Example Airplane,Reflected Main Wing,0,Blpp_GP1_CgP1,-3.3528065375528513,-307.48193732839053,8.307750786816367
5,Example Airplane,Reflected Main Wing,1,Flpp_GP1_CgP1,-8.792356300100833,-288.00290662906207,2.942510461845202
5,Example Airplane,Reflected Main Wing,1,Frpp_GP1_CgP1,-3.8696325066915835,-251.31606201718714,4.079838538192648
5,Example Airplane,Reflected Main Wing,1,Brpp_GP1_CgP1,12.234708910945844,-253.26231476658896,16.076837738801128
5,Example Airplane,Reflected Main Wing,1,Blpp_GP1_CgP1,2.4150113069113157,-289.501149710976,10.912825871778471
5,Example Airplane,Reflected Main Wing,2,Flpp_GP1_CgP1,-3.8696325066915835,-251.31606201718714,4.079838538192648
5,Example Airplane,Reflected Main Wing,2,Frpp_GP1_CgP1,-3.6344617780807993,-212.62447044682762,2.795616936277962
5,Example Airplane,Reflected Main Wing,2,Brpp_GP1_CgP1,15.985211922702137,-214.12655766038193,16.47939888200566
5,Example Airplane,Reflected Main Wing,2,Blpp_GP1_CgP1,12.234708910945844,-253.26231476658896,16.076837738801128
5,Example Airplane,Reflected Main Wing,3,Flpp_GP1_CgP1,-3.634461778080799,-212.62447044682762,2.795616936277962
5,Example Airplane,Reflected Main Wing,3,Frpp_GP1_CgP1,0.5333014842560724,-171.19266753066717,3.0836543150416187
5,Example Airplane,Reflected Main Wing,3,Brpp_GP1_CgP1,23.245014015290902,-172.9565913422203,13.985614963554822
5,Example Airplane,Reflected Main Wing,3,Blpp_GP1_CgP1,15.985211922702137,-214.12655766038193,16.47939888200566
5,Example Airplane,Reflected Main Wing,4,Flpp_GP1_CgP1,0.5333014842560724,-171.19266753066717,3.0836543150416187
5,Example Airplane,Reflected Main Wing,4,Frpp_GP1_CgP1,2.0463253544207434,-134.30030891750536,2.6552113176083854
5,Example Airplane,Reflected Main Wing,4,Brpp_GP1_CgP1,26.281774748580617,-135.76071647550785,10.384152572218168
5,Example Airplane,Reflected Main Wing,4,Blpp_GP1_CgP1,23.245014015290902,-172.9565913422203,13.985614963554822
5,Example Airplane,Reflected Main Wing,5,Flpp_GP1_CgP1,2.0463253544207434,-134.30030891750536,2.6552113176083854
5,Example Airplane,Reflected Main Wing,5,Frpp_GP1_CgP1,3.4145256094502576,-96.38556220334468,2.221715870740792
5,Example Airplane,Reflected Main Wing,5,Brpp_GP1_CgP1,28.07339694293544,-97.18725175683885,8.52192958228287
5,Example Airplane,Reflected Main Wing,5,Blpp_GP1_CgP1,26.281774748580617,-135.76071647550785,10.384152572218168
5,Example Airplane,Reflected Main Wing,6,Flpp_GP1_CgP1,3.4145256094502576,-96.38556220334468,2.221715870740792
5,Example Airplane,Reflected Main Wing,6,Frpp_GP1_CgP1,2.9078738658583236,-62.47991761053608,1.513695805633159
5,Example Airplane,Reflected Main Wing,6,Brpp_GP1_CgP1,28.092658131366434,-62.97300761322934,6.75543563856041
5,Example Airplane,Reflected Main Wing,6,Blpp_GP1_CgP1,28.07339694293544,-97.18725175683885,8.52192958228287
5,Example Airplane,Reflected Main Wing,7,Flpp_GP1_CgP1,2.9078738658583236,-62.47991761053607,1.513695805633159
5,Example Airplane,Reflected Main Wing,7,Frpp_GP1_CgP1,0.3194518335157581,-25.868485794419975,0.5789413355996602
5,Example Airplane,Reflected Main Wing,7,Brpp_GP1_CgP1,26.268519858879028,-25.617030188413317,2.8402287625658214
5,Example Airplane,Reflected Main Wing,7,Blpp_GP1_CgP1,28.092658131366434,-62.97300761322934,6.75543563856041
5,Example Airplane,Reflected Main Wing,8,Flpp_GP1_CgP1,0.3194518335157581,-25.868485794419975,0.5789413355996602
5,Example Airplane,Reflected Main Wing,8,Frpp_GP1_CgP1,0.0,-0.49999999999999994,6.846747985717786e-19
5,Example Airplane,Reflected Main Wing,8,Brpp_GP1_CgP1,26.077839919979876,-0.5014861154115728,-0.06511972006335438
5,Example Airplane,Reflected Main Wing,8,Blpp_GP1_CgP1,26.268519858879028,-25.617030188413317,2.8402287625658214
5,Example Airplane,Reflected Main Wing,9,Flpp_GP1_CgP1,-3.3528065375528513,-307.48193732839053,8.307750786816367
5,Example Airplane,Reflected Main Wing,9,Frpp_GP1_CgP1,2.4150113069113157,-289.501149710976,10.912825871778471
5,Example Airplane,Reflected Main Wing,9,Brpp_GP1_CgP1,13.701764038841253,-291.0066185877217,18.76883751740793
5,Example Airplane,Reflected Main Wing,9,Blpp_GP1_CgP1,0.3828355804240662,-307.5262211506605,11.374499116052426
5,Example Airplane,Reflected Main Wing,10,Flpp_GP1_CgP1,2.4150113069113157,-289.501149710976,10.912825871778471
5,Example Airplane,Reflected Main Wing,10,Frpp_GP1_CgP1,12.234708910945844,-253.26231476658896,16.076837738801128
5,Example Airplane,Reflected Main Wing,10,Brpp_GP1_CgP1,29.590058604758813,-255.31035398027558,26.137329865167754
5,Example Airplane,Reflected Main Wing,10,Blpp_GP1_CgP1,13.701764038841253,-291.0066185877217,18.76883751740793
5,Example Airplane,Reflected Main Wing,11,Flpp_GP1_CgP1,12.234708910945844,-253.26231476658896,16.076837738801128
5,Example Airplane,Reflected Main Wing,11,Frpp_GP1_CgP1,15.985211922702137,-214.12655766038193,16.47939888200566
5,Example Airplane,Reflected Main Wing,11,Brpp_GP1_CgP1,37.54444933007344,-215.78892786405623,26.7872638920134
5,Example Airplane,Reflected Main Wing,11,Blpp_GP1_CgP1,29.590058604758813,-255.31035398027558,26.137329865167754
5,Example Airplane,Reflected Main Wing,12,Flpp_GP1_CgP1,15.985211922702137,-214.12655766038193,16.47939888200566
5,Example Airplane,Reflected Main Wing,12,Frpp_GP1_CgP1,23.245014015290902,-172.9565913422203,13.985614963554822
5,Example Airplane,Reflected Main Wing,12,Brpp_GP1_CgP1,47.15595372054067,-174.81553916343765,21.887698337718533
5,Example Airplane,Reflected Main Wing,12,Blpp_GP1_CgP1,37.54444933007344,-215.78892786405623,26.7872638920134
5,Example Airplane,Reflected Main Wing,13,Flpp_GP1_CgP1,23.245014015290902,-172.9565913422203,13.985614963554822
5,Example Airplane,Reflected Main Wing,13,Frpp_GP1_CgP1,26.281774748580617,-135.76071647550785,10.384152572218168
5,Example Airplane,Reflected Main Wing,13,Brpp_GP1_CgP1,50.612699282608666,-137.2289244763028,17.80573186026802
5,Example Airplane,Reflected Main Wing,13,Blpp_GP1_CgP1,47.15595372054067,-174.81553916343765,21.887698337718533
5,Example Airplane,Reflected Main Wing,14,Flpp_GP1_CgP1,26.281774748580617,-135.76071647550785,10.384152572218168
5,Example Airplane,Reflected Main Wing,14,Frpp_GP1_CgP1,28.07339694293544,-97.18725175683885,8.52192958228287
5,Example Airplane,Reflected Main Wing,14,Brpp_GP1_CgP1,52.79209945234886,-97.99383307527106,14.582580381645505
5,Example Airplane,Reflected Main Wing,14,Blpp_GP1_CgP1,50.612699282608666,-137.2289244763028,17.80573186026802
5,Example Airplane,Reflected Main Wing,15,Flpp_GP1_CgP1,28.07339694293544,-97.18725175683885,8.52192958228287
5,Example Airplane,Reflected Main Wing,15,Frpp_GP1_CgP1,28.092658131366434,-62.97300761322934,6.75543563856041
5,Example Airplane,Reflected Main Wing,15,Brpp_GP1_CgP1,53.526711323602626,-63.49447282496052,10.607334816590503
5,Example Airplane,Reflected Main Wing,15,Blpp_GP1_CgP1,52.79209945234886,-97.99383307527106,14.582580381645505
5,Example Airplane,Reflected Main Wing,16,Flpp_GP1_CgP1,28.092658131366434,-62.97300761322934,6.75543563856041
5,Example Airplane,Reflected Main Wing,16,Frpp_GP1_CgP1,26.268519858879028,-25.617030188413317,2.8402287625658214
5,Example Airplane,Reflected Main Wing,16,Brpp_GP1_CgP1,52.24622301231501,-25.373220354535295,4.746212492587879
5,Example Airplane,Reflected Main Wing,16,Blpp_GP1_CgP1,53.526711323602626,-63.49447282496052,10.607334816590503
5,Example Airplane,Reflected Main Wing,17,Flpp_GP1_CgP1,26.268519858879028,-25.617030188413317,2.8402287625658214
5,Example Airplane,Reflected Main Wing,17,Frpp_GP1_CgP1,26.077839919979876,-0.5014861154115728,-0.06511972006335438
5,Example Airplane,Reflected Main Wing,17,Brpp_GP1_CgP1,52.155731800214504,-0.5023792411499327,-0.10425537373497536
5,Example Airplane,Reflected Main Wing,17,Blpp_GP1_CgP1,52.24622301231501,-25.373220354535295,4.746212492587879
5,Example Airplane,Reflected Main Wing,18,Flpp_GP1_CgP1,0.3828355804240662,-307.5262211506605,11.374499116052426
5,Example Airplane,Reflected Main Wing,18,Frpp_GP1_CgP1,13.701764038841253,-291.0066185877217,18.76883751740793
5,Example Airplane,Reflected Main Wing,18,Brpp_GP1_CgP1,25.088945349754468,-292.52116121552166,26.47684423721828
5,Example Airplane,Reflected Main Wing,18,Blpp_GP1_CgP1,4.115410645900397,-307.57038027760535,14.444981446754682
5,Example Airplane,Reflected Main Wing,19,Flpp_GP1_CgP1,13.701764038841253,-291.0066185877217,18.76883751740793
5,Example Airplane,Reflected Main Wing,19,Frpp_GP1_CgP1,29.590058604758813,-255.31035398027558,26.137329865167754
5,Example Airplane,Reflected Main Wing,19,Brpp_GP1_CgP1,47.40575407243043,-257.39408195490165,35.38264990450378
5,Example Airplane,Reflected Main Wing,19,Blpp_GP1_CgP1,25.088945349754468,-292.52116121552166,26.47684423721828
5,Example Airplane,Reflected Main Wing,20,Flpp_GP1_CgP1,29.590058604758813,-255.31035398027558,26.137329865167754
5,Example Airplane,Reflected Main Wing,20,Frpp_GP1_CgP1,37.54444933007344,-215.78892786405623,26.7872638920134
5,Example Airplane,Reflected Main Wing,20,Brpp_GP1_CgP1,59.51219549541627,-217.48539755182847,36.247381565270445
5,Example Airplane,Reflected Main Wing,20,Blpp_GP1_CgP1,47.40575407243043,-257.39408195490165,35.38264990450378
5,Example Airplane,Reflected Main Wing,21,Flpp_GP1_CgP1,37.54444933007344,-215.78892786405623,26.7872638920134
5,Example Airplane,Reflected Main Wing,21,Frpp_GP1_CgP1,47.15595372054067,-174.81553916343765,21.887698337718533
5,Example Airplane,Reflected Main Wing,21,Brpp_GP1_CgP1,71.22117806925365,-176.68674954557392,29.332898046369753
5,Example Airplane,Reflected Main Wing,21,Blpp_GP1_CgP1,59.51219549541627,-217.48539755182847,36.247381565270445
5,Example Airplane,Reflected Main Wing,22,Flpp_GP1_CgP1,47.15595372054067,-174.81553916343765,21.887698337718533
5,Example Airplane,Reflected Main Wing,22,Frpp_GP1_CgP1,50.612699282608666,-137.2289244763028,17.80573186026802
5,Example Airplane,Reflected Main Wing,22,Brpp_GP1_CgP1,75.03285686814432,-138.704509816832,24.92570746887329
5,Example Airplane,Reflected Main Wing,22,Blpp_GP1_CgP1,71.22117806925365,-176.68674954557392,29.332898046369753
5,Example Airplane,Reflected Main Wing,23,Flpp_GP1_CgP1,50.612699282608666,-137.2289244763028,17.80573186026802
5,Example Airplane,Reflected Main Wing,23,Frpp_GP1_CgP1,52.79209945234886,-97.99383307527106,14.582580381645505
5,Example Airplane,Reflected Main Wing,23,Brpp_GP1_CgP1,77.55936221375798,-98.80447474664311,20.44100473035615
5,Example Airplane,Reflected Main Wing,23,Blpp_GP1_CgP1,75.03285686814432,-138.704509816832,24.92570746887329
5,Example Airplane,Reflected Main Wing,24,Flpp_GP1_CgP1,52.79209945234886,-97.99383307527106,14.582580381645505
5,Example Airplane,Reflected Main Wing,24,Frpp_GP1_CgP1,53.526711323602626,-63.49447282496052,10.607334816590503
5,Example Airplane,Reflected Main Wing,24,Brpp_GP1_CgP1,79.04645522034248,-64.0279437883151,13.843306109668202
5,Example Airplane,Reflected Main Wing,24,Blpp_GP1_CgP1,77.55936221375798,-98.80447474664311,20.44100473035615
5,Example Airplane,Reflected Main Wing,25,Flpp_GP1_CgP1,53.526711323602626,-63.49447282496052,10.607334816590503
5,Example Airplane,Reflected Main Wing,25,Frpp_GP1_CgP1,52.24622301231501,-25.373220354535295,4.746212492587879
5,Example Airplane,Reflected Main Wing,25,Brpp_GP1_CgP1,78.24513983211332,-25.13619074209214,6.338580017134233
5,Example Airplane,Reflected Main Wing,25,Blpp_GP1_CgP1,79.04645522034248,-64.0279437883151,13.843306109668202
5,Example Airplane,Reflected Main Wing,26,Flpp_GP1_CgP1,52.24622301231501,-25.373220354535295,4.746212492587879
5,Example Airplane,Reflected Main Wing,26,Frpp_GP1_CgP1,52.155731800214504,-0.5023792411499327,-0.10425537373497536
5,Example Airplane,Reflected Main Wing,26,Brpp_GP1_CgP1,78.23364978023987,-0.5026773498116109,-0.11731812272860932
5,Example Airplane,Reflected Main Wing,26,Blpp_GP1_CgP1,78.24513983211332,-25.13619074209214,6.338580017134233
5,Example Airplane,Reflected Main Wing,27,Flpp_GP1_CgP1,4.115410645900397,-307.57038027760535,14.444981446754682
5,Example Airplane,Reflected Main Wing,27,Frpp_GP1_CgP1,25.088945349754468,-292.52116121552166,26.47684423721828
5,Example Airplane,Reflected Main Wing,27,Brpp_GP1_CgP1,36.515836453114254,-294.0392701006503,34.125243568921306
5,Example Airplane,Reflected Main Wing,27,Blpp_GP1_CgP1,7.8449258025481825,-307.6144151065769,17.51918151507148
5,Example Airplane,Reflected Main Wing,28,Flpp_GP1_CgP1,25.088945349754468,-292.52116121552166,26.47684423721828
5,Example Airplane,Reflected Main Wing,28,Frpp_GP1_CgP1,47.40575407243043,-257.39408195490165,35.38264990450378
5,Example Airplane,Reflected Main Wing,28,Brpp_GP1_CgP1,65.32179475913533,-259.4852292640364,44.42937563816015
5,Example Airplane,Reflected Main Wing,28,Blpp_GP1_CgP1,36.515836453114254,-294.0392701006503,34.125243568921306
5,Example Airplane,Reflected Main Wing,29,Flpp_GP1_CgP1,47.40575407243043,-257.39408195490165,35.38264990450378
5,Example Airplane,Reflected Main Wing,29,Frpp_GP1_CgP1,59.51219549541627,-217.48539755182847,36.247381565270445
5,Example Airplane,Reflected Main Wing,29,Brpp_GP1_CgP1,82.0187787465434,-219.22756986991135,44.29880502880306
5,Example Airplane,Reflected Main Wing,29,Blpp_GP1_CgP1,65.32179475913533,-259.4852292640364,44.42937563816015
5,Example Airplane,Reflected Main Wing,30,Flpp_GP1_CgP1,59.51219549541627,-217.48539755182847,36.247381565270445
5,Example Airplane,Reflected Main Wing,30,Frpp_GP1_CgP1,71.22117806925365,-176.68674954557392,29.332898046369753
5,Example Airplane,Reflected Main Wing,30,Brpp_GP1_CgP1,94.54564604011436,-178.499141415665,38.863796752092895
5,Example Airplane,Reflected Main Wing,30,Blpp_GP1_CgP1,82.0187787465434,-219.22756986991135,44.29880502880306
5,Example Airplane,Reflected Main Wing,31,Flpp_GP1_CgP1,71.22117806925365,-176.68674954557392,29.332898046369753
5,Example Airplane,Reflected Main Wing,31,Frpp_GP1_CgP1,75.03285686814432,-138.704509816832,24.92570746887329
5,Example Airplane,Reflected Main Wing,31,Brpp_GP1_CgP1,99.53309674450435,-140.1867796550684,31.764497854207054
5,Example Airplane,Reflected Main Wing,31,Blpp_GP1_CgP1,94.54564604011436,-178.499141415665,38.863796752092895
5,Example Airplane,Reflected Main Wing,32,Flpp_GP1_CgP1,75.03285686814432,-138.704509816832,24.92570746887329
5,Example Airplane,Reflected Main Wing,32,Frpp_GP1_CgP1,77.55936221375798,-98.80447474664311,20.44100473035615
5,Example Airplane,Reflected Main Wing,32,Brpp_GP1_CgP1,102.35822038782354,-99.61781235851994,26.163172802920442
5,Example Airplane,Reflected Main Wing,32,Blpp_GP1_CgP1,99.53309674450435,-140.1867796550684,31.764497854207054
5,Example Airplane,Reflected Main Wing,33,Flpp_GP1_CgP1,77.55936221375798,-98.80447474664311,20.44100473035615
5,Example Airplane,Reflected Main Wing,33,Frpp_GP1_CgP1,79.04645522034248,-64.0279437883151,13.843306109668202
5,Example Airplane,Reflected Main Wing,33,Brpp_GP1_CgP1,104.73785136174618,-64.59759220175091,15.10125931747837
5,Example Airplane,Reflected Main Wing,33,Blpp_GP1_CgP1,102.35822038782354,-99.61781235851994,26.163172802920442
5,Example Airplane,Reflected Main Wing,34,Flpp_GP1_CgP1,79.04645522034248,-64.0279437883151,13.843306109668202
5,Example Airplane,Reflected Main Wing,34,Frpp_GP1_CgP1,78.24513983211332,-25.13619074209214,6.338580017134233
5,Example Airplane,Reflected Main Wing,34,Brpp_GP1_CgP1,104.26217889422622,-24.90637029394905,7.599044503077791
5,Example Airplane,Reflected Main Wing,34,Blpp_GP1_CgP1,104.73785136174618,-64.59759220175091,15.10125931747837
5,Example Airplane,Reflected Main Wing,35,Flpp_GP1_CgP1,78.24513983211332,-25.13619074209214,6.338580017134233
5,Example Airplane,Reflected Main Wing,35,Frpp_GP1_CgP1,78.23364978023987,-0.5026773498116109,-0.11731812272860932
5,Example Airplane,Reflected Main Wing,35,Brpp_GP1_CgP1,104.31156785410995,-0.5023825465608582,-0.1044002127107987
5,Example Airplane,Reflected Main Wing,35,Blpp_GP1_CgP1,104.26217889422622,-24.90637029394905,7.599044503077791
5,Example Airplane,Reflected Main Wing,36,Flpp_GP1_CgP1,7.8449258025481825,-307.6144151065769,17.51918151507148
5,Example Airplane,Reflected Main Wing,36,Frpp_GP1_CgP1,36.515836453114254,-294.0392701006503,34.125243568921306
5,Example Airplane,Reflected Main Wing,36,Brpp_GP1_CgP1,47.98880374150403,-295.56149383855814,41.703311458391305
5,Example Airplane,Reflected Main Wing,36,Blpp_GP1_CgP1,11.571386702610752,-307.65832597352636,20.59708492702529
5,Example Airplane,Reflected Main Wing,37,Flpp_GP1_CgP1,36.515836453114254,-294.0392701006503,34.125243568921306
5,Example Airplane,Reflected Main Wing,37,Frpp_GP1_CgP1,65.32179475913533,-259.4852292640364,44.42937563816015
5,Example Airplane,Reflected Main Wing,37,Brpp_GP1_CgP1,83.49925063407449,-261.5952434328922,52.93192449570091
5,Example Airplane,Reflected Main Wing,37,Blpp_GP1_CgP1,47.98880374150403,-295.56149383855814,41.703311458391305
5,Example Airplane,Reflected Main Wing,38,Flpp_GP1_CgP1,65.32179475913533,-259.4852292640364,44.42937563816015
5,Example Airplane,Reflected Main Wing,38,Frpp_GP1_CgP1,82.0187787465434,-219.22756986991135,44.29880502880306
5,Example Airplane,Reflected Main Wing,38,Brpp_GP1_CgP1,104.77145669522322,-220.99074002415352,51.65680792051485
5,Example Airplane,Reflected Main Wing,38,Blpp_GP1_CgP1,83.49925063407449,-261.5952434328922,52.93192449570091
5,Example Airplane,Reflected Main Wing,39,Flpp_GP1_CgP1,82.0187787465434,-219.22756986991135,44.29880502880306
5,Example Airplane,Reflected Main Wing,39,Frpp_GP1_CgP1,94.54564604011436,-178.499141415665,38.863796752092895
5,Example Airplane,Reflected Main Wing,39,Brpp_GP1_CgP1,118.61933254557323,-180.37106319208272,46.210302212028104
5,Example Airplane,Reflected Main Wing,39,Blpp_GP1_CgP1,104.77145669522322,-220.99074002415352,51.65680792051485
5,Example Airplane,Reflected Main Wing,40,Flpp_GP1_CgP1,94.54564604011436,-178.499141415665,38.863796752092895
5,Example Airplane,Reflected Main Wing,40,Frpp_GP1_CgP1,99.53309674450435,-140.1867796550684,31.764497854207054
5,Example Airplane,Reflected Main Wing,40,Brpp_GP1_CgP1,124.27943224825324,-141.69038804777767,37.60770482543246
5,Example Airplane,Reflected Main Wing,40,Blpp_GP1_CgP1,118.61933254557323,-180.37106319208272,46.210302212028104
5,Example Airplane,Reflected Main Wing,41,Flpp_GP1_CgP1,99.53309674450435,-140.1867796550684,31.764497854207054
5,Example Airplane,Reflected Main Wing,41,Frpp_GP1_CgP1,102.35822038782354,-99.61781235851994,26.163172802920442
5,Example Airplane,Reflected Main Wing,41,Brpp_GP1_CgP1,127.39273003851324,-100.45329971624615,30.69244582530925
5,Example Airplane,Reflected Main Wing,41,Blpp_GP1_CgP1,124.27943224825324,-141.69038804777767,37.60770482543246
5,Example Airplane,Reflected Main Wing,42,Flpp_GP1_CgP1,102.35822038782354,-99.61781235851994,26.163172802920442
5,Example Airplane,Reflected Main Wing,42,Frpp_GP1_CgP1,104.73785136174618,-64.59759220175091,15.10125931747837
5,Example Airplane,Reflected Main Wing,42,Brpp_GP1_CgP1,130.36485153435885,-65.15003305853692,17.324357119861016
5,Example Airplane,Reflected Main Wing,42,Blpp_GP1_CgP1,127.39273003851324,-100.45329971624615,30.69244582530925
5,Example Airplane,Reflected Main Wing,43,Flpp_GP1_CgP1,104.73785136174618,-64.59759220175091,15.10125931747837
5,Example Airplane,Reflected Main Wing,43,Frpp_GP1_CgP1,104.26217889422622,-24.90637029394905,7.599044503077791
5,Example Airplane,Reflected Main Wing,43,Brpp_GP1_CgP1,130.29593716429088,-24.685478324133683,8.450456729356162
5,Example Airplane,Reflected Main Wing,43,Blpp_GP1_CgP1,130.36485153435885,-65.15003305853692,17.324357119861016
5,Example Airplane,Reflected Main Wing,44,Flpp_GP1_CgP1,104.26217889422622,-24.90637029394905,7.599044503077791
5,Example Airplane,Reflected Main Wing,44,Frpp_GP1_CgP1,104.31156785410995,-0.5023825465608582,-0.1044002127107987
5,Example Airplane,Reflected Main Wing,44,Brpp_GP1_CgP1,130.3894602141573,-0.5014966420754494,-0.0655809853187392
5,Example Airplane,Reflected Main Wing,44,Blpp_GP1_CgP1,130.29593716429088,-24.685478324133683,8.450456729356162
5,Example Airplane,Reflected Main Wing,45,Flpp_GP1_CgP1,11.571386702610752,-307.65832597352636,20.59708492702529
5,Example Airplane,Reflected Main Wing,45,Frpp_GP1_CgP1,47.98880374150403,-295.56149383855814,41.703311458391305
5,Example Airplane,Reflected Main Wing,45,Brpp_GP1_CgP1,59.55894961329962,-297.0923465822279,49.13054512699199
5,Example Airplane,Reflected Main Wing,45,Blpp_GP1_CgP1,15.294779231271349,-307.7021124120641,23.678701260967753
5,Example Airplane,Reflected Main Wing,46,Flpp_GP1_CgP1,47.98880374150403,-295.56149383855814,41.703311458391305
5,Example Airplane,Reflected Main Wing,46,Frpp_GP1_CgP1,83.49925063407449,-261.5952434328922,52.93192449570091
5,Example Airplane,Reflected Main Wing,46,Brpp_GP1_CgP1,102.12154672045483,-263.73548333457313,60.39934923651833
5,Example Airplane,Reflected Main Wing,46,Blpp_GP1_CgP1,59.55894961329962,-297.0923465822279,49.13054512699199
5,Example Airplane,Reflected Main Wing,47,Flpp_GP1_CgP1,83.49925063407449,-261.5952434328922,52.93192449570091
5,Example Airplane,Reflected Main Wing,47,Frpp_GP1_CgP1,104.77145669522322,-220.99074002415352,51.65680792051485
5,Example Airplane,Reflected Main Wing,47,Brpp_GP1_CgP1,127.55474738205362,-222.75654397763958,58.919812975084994
5,Example Airplane,Reflected Main Wing,47,Blpp_GP1_CgP1,102.12154672045483,-263.73548333457313,60.39934923651833
5,Example Airplane,Reflected Main Wing,48,Flpp_GP1_CgP1,104.77145669522322,-220.99074002415352,51.65680792051485
5,Example Airplane,Reflected Main Wing,48,Frpp_GP1_CgP1,118.61933254557323,-180.37106319208272,46.210302212028104
5,Example Airplane,Reflected Main Wing,48,Brpp_GP1_CgP1,143.42953256904067,-182.3019802775333,50.50868846604682
5,Example Airplane,Reflected Main Wing,48,Blpp_GP1_CgP1,127.55474738205362,-222.75654397763958,58.919812975084994
5,Example Airplane,Reflected Main Wing,49,Flpp_GP1_CgP1,118.61933254557323,-180.37106319208272,46.210302212028104
5,Example Airplane,Reflected Main Wing,49,Frpp_GP1_CgP1,124.27943224825324,-141.69038804777767,37.60770482543246
5,Example Airplane,Reflected Main Wing,49,Brpp_GP1_CgP1,149.41160892704187,-143.22986899902665,41.49117085081745
5,Example Airplane,Reflected Main Wing,49,Blpp_GP1_CgP1,143.42953256904067,-182.3019802775333,50.50868846604682
5,Example Airplane,Reflected Main Wing,50,Flpp_GP1_CgP1,124.27943224825324,-141.69038804777767,37.60770482543246
5,Example Airplane,Reflected Main Wing,50,Frpp_GP1_CgP1,127.39273003851324,-100.45329971624615,30.69244582530925
5,Example Airplane,Reflected Main Wing,50,Brpp_GP1_CgP1,152.71064111638185,-101.32178904709853,33.2366834696079
5,Example Airplane,Reflected Main Wing,50,Blpp_GP1_CgP1,149.41160892704187,-143.22986899902665,41.49117085081745
5,Example Airplane,Reflected Main Wing,51,Flpp_GP1_CgP1,127.39273003851324,-100.45329971624615,30.69244582530925
5,Example Airplane,Reflected Main Wing,51,Frpp_GP1_CgP1,130.36485153435885,-65.15003305853692,17.324357119861016
5,Example Airplane,Reflected Main Wing,51,Brpp_GP1_CgP1,155.94132943012374,-65.69257233732425,20.083835479916715
5,Example Airplane,Reflected Main Wing,51,Blpp_GP1_CgP1,152.71064111638185,-101.32178904709853,33.2366834696079
5,Example Airplane,Reflected Main Wing,52,Flpp_GP1_CgP1,130.36485153435885,-65.15003305853692,17.324357119861016
5,Example Airplane,Reflected Main Wing,52,Frpp_GP1_CgP1,130.29593716429088,-24.685478324133683,8.450456729356162
5,Example Airplane,Reflected Main Wing,52,Brpp_GP1_CgP1,156.33905743433377,-24.47242682969168,8.94452718644109
5,Example Airplane,Reflected Main Wing,52,Blpp_GP1_CgP1,155.94132943012374,-65.69257233732425,20.083835479916715
5,Example Airplane,Reflected Main Wing,53,Flpp_GP1_CgP1,130.29593716429088,-24.685478324133683,8.450456729356162
5,Example Airplane,Reflected Main Wing,53,Frpp_GP1_CgP1,130.3894602141573,-0.5014966420754494,-0.0655809853187392
5,Example Airplane,Reflected Main Wing,53,Brpp_GP1_CgP1,156.4673009013703,-0.5000176210251858,-0.0007721313017798331
5,Example Airplane,Reflected Main Wing,53,Blpp_GP1_CgP1,156.33905743433377,-24.47242682969168,8.94452718644109
6,Example Airplane,Main Wing,0,Flpp_GP1_CgP1,0.0,0.5,2.263509884037921e-19
6,Example Airplane,Main Wing,0,Frpp_GP1_CgP1,0.3414506410301707,25.894285229508117,0.6951005218244478
6,Example Airplane,Main Wing,0,Brpp_GP1_CgP1,26.29740386666808,25.65734613370724,2.9170065936005547
6,Example Airplane,Main Wing,0,Blpp_GP1_CgP1,26.077839919979876,0.5017822744204185,-0.06511228745817856
6,Example Airplane,Main Wing,1,Flpp_GP1_CgP1,0.3414506410301707,25.894285229508117,0.6951005218244478
6,Example Airplane,Main Wing,1,Frpp_GP1_CgP1,2.8925602717968677,62.559819350838104,1.7921780762587796
6,Example Airplane,Main Wing,1,Brpp_GP1_CgP1,28.090929020323166,63.05229074312188,6.980167353317943
6,Example Airplane,Main Wing,1,Blpp_GP1_CgP1,26.29740386666808,25.65734613370724,2.9170065936005547
6,Example Airplane,Main Wing,2,Flpp_GP1_CgP1,2.8925602717968677,62.5598193508381,1.7921780762587793
6,Example Airplane,Main Wing,2,Frpp_GP1_CgP1,3.2980296729070493,96.51127029574134,2.647790067818785
6,Example Airplane,Main Wing,2,Brpp_GP1_CgP1,27.999393395123516,97.32285208462294,8.783806684703507
6,Example Airplane,Main Wing,2,Blpp_GP1_CgP1,28.090929020323166,63.05229074312188,6.980167353317943
6,Example Airplane,Main Wing,3,Flpp_GP1_CgP1,3.2980296729070493,96.51127029574134,2.647790067818785
6,Example Airplane,Main Wing,3,Frpp_GP1_CgP1,1.7631554326690615,134.3868061446599,3.243834405868631
6,Example Airplane,Main Wing,3,Brpp_GP1_CgP1,26.071504037481045,135.85123276272014,10.746165365499227
6,Example Airplane,Main Wing,3,Blpp_GP1_CgP1,27.999393395123516,97.32285208462294,8.783806684703507
6,Example Airplane,Main Wing,4,Flpp_GP1_CgP1,1.7631554326690615,134.3868061446599,3.243834405868631
6,Example Airplane,Main Wing,4,Frpp_GP1_CgP1,0.10226379663064078,171.24430423509722,3.8317726045153995
6,Example Airplane,Main Wing,4,Brpp_GP1_CgP1,22.971612778622283,173.0045527339727,14.374840230206827
6,Example Airplane,Main Wing,4,Blpp_GP1_CgP1,26.071504037481045,135.85123276272014,10.746165365499227
6,Example Airplane,Main Wing,5,Flpp_GP1_CgP1,0.10226379663064082,171.24430423509722,3.8317726045153995
6,Example Airplane,Main Wing,5,Frpp_GP1_CgP1,-4.678902413796026,212.675921026339,3.6092856506419673
6,Example Airplane,Main Wing,5,Brpp_GP1_CgP1,14.81002392834944,214.17516327395737,17.63210465419529
6,Example Airplane,Main Wing,5,Blpp_GP1_CgP1,22.971612778622283,173.0045527339727,14.374840230206827
6,Example Airplane,Main Wing,6,Flpp_GP1_CgP1,-4.678902413796026,212.675921026339,3.6092856506419673
6,Example Airplane,Main Wing,6,Frpp_GP1_CgP1,-4.7272080785737955,251.4098727643118,5.257767542366717
6,Example Airplane,Main Wing,6,Brpp_GP1_CgP1,11.534438449146759,253.34863736277532,16.977530575793576
6,Example Airplane,Main Wing,6,Blpp_GP1_CgP1,14.81002392834944,214.17516327395737,17.63210465419529
6,Example Airplane,Main Wing,7,Flpp_GP1_CgP1,-4.7272080785737955,251.4098727643118,5.257767542366717
6,Example Airplane,Main Wing,7,Frpp_GP1_CgP1,-9.940597550800305,288.07272720538134,4.28743641560089
6,Example Airplane,Main Wing,7,Brpp_GP1_CgP1,1.3075763964725784,289.576998450848,12.127123735577523
6,Example Airplane,Main Wing,7,Blpp_GP1_CgP1,11.534438449146759,253.34863736277532,16.977530575793576
6,Example Airplane,Main Wing,8,Flpp_GP1_CgP1,-9.940597550800305,288.07272720538134,4.28743641560089
6,Example Airplane,Main Wing,8,Frpp_GP1_CgP1,-8.422889413513508,307.45378675085925,6.566109252847911
6,Example Airplane,Main Wing,8,Brpp_GP1_CgP1,-4.666385685875749,307.5113082139036,9.612772753735372
6,Example Airplane,Main Wing,8,Blpp_GP1_CgP1,1.3075763964725784,289.576998450848,12.127123735577523
6,Example Airplane,Main Wing,9,Flpp_GP1_CgP1,26.077839919979876,0.5017822744204185,-0.06511228745817856
6,Example Airplane,Main Wing,9,Frpp_GP1_CgP1,26.29740386666808,25.65734613370724,2.9170065936005547
6,Example Airplane,Main Wing,9,Brpp_GP1_CgP1,52.281929545527625,25.429865112474253,4.777054781554701
6,Example Airplane,Main Wing,9,Blpp_GP1_CgP1,52.155731800214504,0.5028533858195067,-0.10424347428224925
6,Example Airplane,Main Wing,10,Flpp_GP1_CgP1,26.29740386666808,25.65734613370724,2.9170065936005547
6,Example Airplane,Main Wing,10,Frpp_GP1_CgP1,28.090929020323166,63.05229074312188,6.980167353317943
6,Example Airplane,Main Wing,10,Brpp_GP1_CgP1,53.553591761684395,63.58288221596613,10.653023336210664
6,Example Airplane,Main Wing,10,Blpp_GP1_CgP1,52.281929545527625,25.429865112474253,4.777054781554701
6,Example Airplane,Main Wing,11,Flpp_GP1_CgP1,28.090929020323166,63.05229074312188,6.980167353317943
6,Example Airplane,Main Wing,11,Frpp_GP1_CgP1,27.999393395123516,97.32285208462294,8.783806684703507
6,Example Airplane,Main Wing,11,Brpp_GP1_CgP1,52.76137877054256,98.14079286411867,14.669574680813296
6,Example Airplane,Main Wing,11,Blpp_GP1_CgP1,53.553591761684395,63.58288221596613,10.653023336210664
6,Example Airplane,Main Wing,12,Flpp_GP1_CgP1,27.999393395123516,97.32285208462294,8.783806684703507
6,Example Airplane,Main Wing,12,Frpp_GP1_CgP1,26.071504037481045,135.85123276272014,10.746165365499227
6,Example Airplane,Main Wing,12,Brpp_GP1_CgP1,50.469367575312425,137.3247089915687,17.950431635518175
6,Example Airplane,Main Wing,12,Blpp_GP1_CgP1,52.76137877054256,98.14079286411867,14.669574680813296
6,Example Airplane,Main Wing,13,Flpp_GP1_CgP1,26.071504037481045,135.85123276272014,10.746165365499227
6,Example Airplane,Main Wing,13,Frpp_GP1_CgP1,22.971612778622283,173.0045527339727,14.374840230206827
6,Example Airplane,Main Wing,13,Brpp_GP1_CgP1,46.94855364390636,174.8703157560515,22.039856463041964
6,Example Airplane,Main Wing,13,Blpp_GP1_CgP1,50.469367575312425,137.3247089915687,17.950431635518175
6,Example Airplane,Main Wing,14,Flpp_GP1_CgP1,22.971612778622283,173.0045527339727,14.374840230206827
6,Example Airplane,Main Wing,14,Frpp_GP1_CgP1,14.81002392834944,214.17516327395737,17.63210465419529
6,Example Airplane,Main Wing,14,Brpp_GP1_CgP1,36.493760809888016,215.88834672997956,27.863468636683265
6,Example Airplane,Main Wing,14,Blpp_GP1_CgP1,46.94855364390636,174.8703157560515,22.039856463041964
6,Example Airplane,Main Wing,15,Flpp_GP1_CgP1,14.81002392834944,214.17516327395737,17.63210465419529
6,Example Airplane,Main Wing,15,Frpp_GP1_CgP1,11.534438449146759,253.34863736277532,16.977530575793576
6,Example Airplane,Main Wing,15,Brpp_GP1_CgP1,28.995217566361923,255.40033988798365,26.777469532183822
6,Example Airplane,Main Wing,15,Blpp_GP1_CgP1,36.493760809888016,215.88834672997956,27.863468636683265
6,Example Airplane,Main Wing,16,Flpp_GP1_CgP1,11.534438449146759,253.34863736277532,16.977530575793576
6,Example Airplane,Main Wing,16,Frpp_GP1_CgP1,1.3075763964725784,289.576998450848,12.127123735577523
6,Example Airplane,Main Wing,16,Brpp_GP1_CgP1,12.661385956618528,291.09231513574633,19.810791673133636
6,Example Airplane,Main Wing,16,Blpp_GP1_CgP1,28.995217566361923,255.40033988798365,26.777469532183822
6,Example Airplane,Main Wing,17,Flpp_GP1_CgP1,1.3075763964725784,289.576998450848,12.127123735577523
6,Example Airplane,Main Wing,17,Frpp_GP1_CgP1,-4.666385685875749,307.5113082139036,9.612772753735372
6,Example Airplane,Main Wing,17,Brpp_GP1_CgP1,-0.9129177018337842,307.56868046606786,12.663178295139147
6,Example Airplane,Main Wing,17,Blpp_GP1_CgP1,12.661385956618528,291.09231513574633,19.810791673133636
6,Example Airplane,Main Wing,18,Flpp_GP1_CgP1,52.155731800214504,0.5028533858195067,-0.10424347428224925
6,Example Airplane,Main Wing,18,Frpp_GP1_CgP1,52.281929545527625,25.429865112474253,4.777054781554701
6,Example Airplane,Main Wing,18,Brpp_GP1_CgP1,78.28746505403741,25.210761951021613,6.317676267993097
6,Example Airplane,Main Wing,18,Blpp_GP1_CgP1,78.23364978023987,0.503210902764743,-0.11730473232574268
6,Example Airplane,Main Wing,19,Flpp_GP1_CgP1,52.281929545527625,25.429865112474253,4.777054781554701
6,Example Airplane,Main Wing,19,Frpp_GP1_CgP1,53.553591761684395,63.58288221596613,10.653023336210664
6,Example Airplane,Main Wing,19,Brpp_GP1_CgP1,79.09335415803925,64.1274336367522,13.748643879944101
6,Example Airplane,Main Wing,19,Blpp_GP1_CgP1,78.28746505403741,25.210761951021613,6.317676267993097
6,Example Airplane,Main Wing,20,Flpp_GP1_CgP1,53.553591761684395,63.58288221596613,10.653023336210664
6,Example Airplane,Main Wing,20,Frpp_GP1_CgP1,52.76137877054256,98.14079286411867,14.669574680813296
6,Example Airplane,Main Wing,20,Brpp_GP1_CgP1,77.56705880906974,98.96343415014799,20.367855828929226
6,Example Airplane,Main Wing,20,Blpp_GP1_CgP1,79.09335415803925,64.12743363675222,13.748643879944101
6,Example Airplane,Main Wing,21,Flpp_GP1_CgP1,52.76137877054256,98.14079286411867,14.669574680813296
6,Example Airplane,Main Wing,21,Frpp_GP1_CgP1,50.469367575312425,137.3247089915687,17.950431635518175
6,Example Airplane,Main Wing,21,Brpp_GP1_CgP1,74.9523332227894,138.8069491496617,24.857037957684124
6,Example Airplane,Main Wing,21,Blpp_GP1_CgP1,77.56705880906974,98.96343415014799,20.367855828929226
6,Example Airplane,Main Wing,22,Flpp_GP1_CgP1,50.469367575312425,137.3247089915687,17.950431635518175
6,Example Airplane,Main Wing,22,Frpp_GP1_CgP1,46.94855364390636,174.8703157560515,22.039856463041964
6,Example Airplane,Main Wing,22,Brpp_GP1_CgP1,71.06645793852962,176.74990234039583,29.272575154440624
6,Example Airplane,Main Wing,22,Blpp_GP1_CgP1,74.9523332227894,138.8069491496617,24.857037957684124
6,Example Airplane,Main Wing,23,Flpp_GP1_CgP1,46.94855364390636,174.8703157560515,22.039856463041964
6,Example Airplane,Main Wing,23,Frpp_GP1_CgP1,36.493760809888016,215.88834672997956,27.863468636683265
6,Example Airplane,Main Wing,23,Brpp_GP1_CgP1,58.66149014792129,217.65025939187865,37.073980200727625
6,Example Airplane,Main Wing,23,Blpp_GP1_CgP1,71.06645793852962,176.74990234039583,29.272575154440624
6,Example Airplane,Main Wing,24,Flpp_GP1_CgP1,36.493760809888016,215.88834672997956,27.863468636683265
6,Example Airplane,Main Wing,24,Frpp_GP1_CgP1,28.995217566361923,255.40033988798365,26.777469532183822
6,Example Airplane,Main Wing,24,Brpp_GP1_CgP1,46.90887877458986,257.4935411052631,35.74523806404211
6,Example Airplane,Main Wing,24,Blpp_GP1_CgP1,58.66149014792129,217.65025939187865,37.073980200727625
6,Example Airplane,Main Wing,25,Flpp_GP1_CgP1,28.995217566361923,255.40033988798365,26.777469532183822
6,Example Airplane,Main Wing,25,Frpp_GP1_CgP1,12.661385956618528,291.09231513574633,19.810791673133636
6,Example Airplane,Main Wing,25,Brpp_GP1_CgP1,24.13576489371362,292.6201613205756,27.3106130138924
6,Example Airplane,Main Wing,25,Blpp_GP1_CgP1,46.90887877458986,257.4935411052631,35.74523806404211
6,Example Airplane,Main Wing,26,Flpp_GP1_CgP1,12.661385956618528,291.09231513574633,19.810791673133636
6,Example Airplane,Main Wing,26,Frpp_GP1_CgP1,-0.9129177018337842,307.56868046606786,12.663178295139147
6,Example Airplane,Main Wing,26,Brpp_GP1_CgP1,2.837500416383456,307.625902940147,15.717335619546802
6,Example Airplane,Main Wing,26,Blpp_GP1_CgP1,24.13576489371362,292.6201613205756,27.3106130138924
6,Example Airplane,Main Wing,27,Flpp_GP1_CgP1,78.23364978023987,0.503210902764743,-0.11730473232574268
6,Example Airplane,Main Wing,27,Frpp_GP1_CgP1,78.28746505403741,25.210761951021613,6.317676267993097
6,Example Airplane,Main Wing,27,Brpp_GP1_CgP1,104.31074654102825,25.000555931108213,7.520243672441529
6,Example Airplane,Main Wing,27,Blpp_GP1_CgP1,104.31156785410995,0.5028573499459101,-0.10438829672650704
6,Example Airplane,Main Wing,28,Flpp_GP1_CgP1,78.28746505403741,25.210761951021613,6.317676267993097
6,Example Airplane,Main Wing,28,Frpp_GP1_CgP1,79.09335415803925,64.1274336367522,13.748643879944101
6,Example Airplane,Main Wing,28,Brpp_GP1_CgP1,104.7952312366061,64.71834074087748,14.82074382578354
6,Example Airplane,Main Wing,28,Blpp_GP1_CgP1,104.31074654102825,25.000555931108213,7.520243672441529
6,Example Airplane,Main Wing,29,Flpp_GP1_CgP1,79.09335415803925,64.12743363675222,13.748643879944101
6,Example Airplane,Main Wing,29,Frpp_GP1_CgP1,77.56705880906974,98.96343415014799,20.367855828929226
6,Example Airplane,Main Wing,29,Brpp_GP1_CgP1,102.39513989202429,99.78854091053991,25.966636647074367
6,Example Airplane,Main Wing,29,Blpp_GP1_CgP1,104.7952312366061,64.71834074087748,14.82074382578354
6,Example Airplane,Main Wing,30,Flpp_GP1_CgP1,77.56705880906974,98.96343415014799,20.367855828929226
6,Example Airplane,Main Wing,30,Frpp_GP1_CgP1,74.9523332227894,138.8069491496617,24.857037957684124
6,Example Airplane,Main Wing,30,Brpp_GP1_CgP1,99.51296427562788,140.2973071637773,31.481328665309434
6,Example Airplane,Main Wing,30,Blpp_GP1_CgP1,102.39513989202429,99.78854091053991,25.966636647074367
6,Example Airplane,Main Wing,31,Flpp_GP1_CgP1,74.9523332227894,138.8069491496617,24.857037957684124
6,Example Airplane,Main Wing,31,Frpp_GP1_CgP1,71.06645793852962,176.74990234039583,29.272575154440624
6,Example Airplane,Main Wing,31,Brpp_GP1_CgP1,94.470488361062,178.56019035887545,38.576258523521226
6,Example Airplane,Main Wing,31,Blpp_GP1_CgP1,99.51296427562788,140.2973071637773,31.481328665309434
6,Example Airplane,Main Wing,32,Flpp_GP1_CgP1,71.06645793852962,176.74990234039583,29.272575154440624
6,Example Airplane,Main Wing,32,Frpp_GP1_CgP1,58.66149014792129,217.65025939187865,37.073980200727625
6,Example Airplane,Main Wing,32,Brpp_GP1_CgP1,81.33507245200504,219.46567925641622,44.91063975064458
6,Example Airplane,Main Wing,32,Blpp_GP1_CgP1,94.470488361062,178.56019035887545,38.576258523521226
6,Example Airplane,Main Wing,33,Flpp_GP1_CgP1,58.66149014792129,217.65025939187865,37.073980200727625
6,Example Airplane,Main Wing,33,Frpp_GP1_CgP1,46.90887877458986,257.4935411052631,35.74523806404211
6,Example Airplane,Main Wing,33,Brpp_GP1_CgP1,64.90590614596181,259.59419290591427,44.542347248417215
6,Example Airplane,Main Wing,33,Blpp_GP1_CgP1,81.33507245200504,219.46567925641622,44.91063975064458
6,Example Airplane,Main Wing,34,Flpp_GP1_CgP1,46.90887877458986,257.4935411052631,35.74523806404211
6,Example Airplane,Main Wing,34,Frpp_GP1_CgP1,24.13576489371362,292.6201613205756,27.3106130138924
6,Example Airplane,Main Wing,34,Brpp_GP1_CgP1,35.694974115802935,294.15677443518297,34.677462998121605
6,Example Airplane,Main Wing,34,Blpp_GP1_CgP1,64.90590614596181,259.59419290591427,44.542347248417215
6,Example Airplane,Main Wing,35,Flpp_GP1_CgP1,24.13576489371362,292.6201613205756,27.3106130138924
6,Example Airplane,Main Wing,35,Frpp_GP1_CgP1,2.837500416383456,307.625902940147,15.717335619546802
6,Example Airplane,Main Wing,35,Brpp_GP1_CgP1,6.584875733902557,307.68297610926703,18.77522841640907
6,Example Airplane,Main Wing,35,Blpp_GP1_CgP1,35.694974115802935,294.15677443518297,34.677462998121605
6,Example Airplane,Main Wing,36,Flpp_GP1_CgP1,104.31156785410995,0.5028573499459101,-0.10438829672650704
6,Example Airplane,Main Wing,36,Frpp_GP1_CgP1,104.31074654102825,25.000555931108213,7.520243672441529
6,Example Airplane,Main Wing,36,Brpp_GP1_CgP1,130.35007270340972,24.801353383982313,8.306239652457814
6,Example Airplane,Main Wing,36,Blpp_GP1_CgP1,130.3894602141573,0.501794898879874,-0.06557350006587813
6,Example Airplane,Main Wing,37,Flpp_GP1_CgP1,104.31074654102825,25.000555931108213,7.520243672441529
6,Example Airplane,Main Wing,37,Frpp_GP1_CgP1,104.7952312366061,64.71834074087748,14.82074382578354
6,Example Airplane,Main Wing,37,Brpp_GP1_CgP1,130.42064289623153,65.28246675094394,17.081436981556074
6,Example Airplane,Main Wing,37,Blpp_GP1_CgP1,130.35007270340972,24.801353383982313,8.306239652457814
6,Example Airplane,Main Wing,38,Flpp_GP1_CgP1,104.7952312366061,64.71834074087748,14.82074382578354
6,Example Airplane,Main Wing,38,Frpp_GP1_CgP1,102.39513989202429,99.78854091053991,25.966636647074367
6,Example Airplane,Main Wing,38,Brpp_GP1_CgP1,127.44433354003912,100.64060122773616,30.424257905424227
6,Example Airplane,Main Wing,38,Blpp_GP1_CgP1,130.42064289623153,65.28246675094394,17.081436981556074
6,Example Airplane,Main Wing,39,Flpp_GP1_CgP1,102.39513989202429,99.78854091053991,25.966636647074367
6,Example Airplane,Main Wing,39,Frpp_GP1_CgP1,99.51296427562788,140.2973071637773,31.481328665309434
6,Example Airplane,Main Wing,39,Brpp_GP1_CgP1,124.3029906522094,141.81307609446958,37.14407071087092
6,Example Airplane,Main Wing,39,Blpp_GP1_CgP1,127.44433354003912,100.64060122773616,30.424257905424227
6,Example Airplane,Main Wing,40,Flpp_GP1_CgP1,99.51296427562788,140.2973071637773,31.481328665309434
6,Example Airplane,Main Wing,40,Frpp_GP1_CgP1,94.470488361062,178.56019035887545,38.576258523521226
6,Example Airplane,Main Wing,40,Brpp_GP1_CgP1,118.6017314508168,180.44154707741444,45.69079895640675
6,Example Airplane,Main Wing,40,Blpp_GP1_CgP1,124.3029906522094,141.81307609446958,37.14407071087092
6,Example Airplane,Main Wing,41,Flpp_GP1_CgP1,94.470488361062,178.56019035887545,38.576258523521226
6,Example Airplane,Main Wing,41,Frpp_GP1_CgP1,81.33507245200504,219.46567925641622,44.91063975064458
6,Example Airplane,Main Wing,41,Brpp_GP1_CgP1,104.24319629667623,221.306307467256,52.06273798680649
6,Example Airplane,Main Wing,41,Blpp_GP1_CgP1,118.6017314508168,180.44154707741444,45.69079895640675
6,Example Airplane,Main Wing,42,Flpp_GP1_CgP1,81.33507245200504,219.46567925641622,44.91063975064458
6,Example Airplane,Main Wing,42,Frpp_GP1_CgP1,64.90590614596181,259.59419290591427,44.542347248417215
6,Example Airplane,Main Wing,42,Brpp_GP1_CgP1,83.12508336738533,261.7144533202293,52.861946563447695
6,Example Airplane,Main Wing,42,Blpp_GP1_CgP1,104.24319629667623,221.306307467256,52.06273798680649
6,Example Airplane,Main Wing,43,Flpp_GP1_CgP1,64.90590614596181,259.59419290591427,44.542347248417215
6,Example Airplane,Main Wing,43,Frpp_GP1_CgP1,35.694974115802935,294.15677443518297,34.677462998121605
6,Example Airplane,Main Wing,43,Brpp_GP1_CgP1,47.26133203144445,295.6941243007863,42.032955182891364
6,Example Airplane,Main Wing,43,Blpp_GP1_CgP1,83.12508336738533,261.7144533202293,52.861946563447695
6,Example Airplane,Main Wing,44,Flpp_GP1_CgP1,35.694974115802935,294.15677443518297,34.677462998121605
6,Example Airplane,Main Wing,44,Frpp_GP1_CgP1,6.584875733902557,307.68297610926703,18.77522841640907
6,Example Airplane,Main Wing,44,Brpp_GP1_CgP1,10.329213833054325,307.73990037283176,21.83684225373529
6,Example Airplane,Main Wing,44,Blpp_GP1_CgP1,47.26133203144445,295.6941243007863,42.032955182891364
6,Example Airplane,Main Wing,45,Flpp_GP1_CgP1,130.3894602141573,0.501794898879874,-0.06557350006587813
6,Example Airplane,Main Wing,45,Frpp_GP1_CgP1,130.35007270340972,24.801353383982313,8.306239652457814
6,Example Airplane,Main Wing,45,Brpp_GP1_CgP1,156.39797777765838,24.611800495755283,8.728326144010456
6,Example Airplane,Main Wing,45,Blpp_GP1_CgP1,156.4673009013703,0.5000211326133931,-0.0007720431726062983
6,Example Airplane,Main Wing,46,Flpp_GP1_CgP1,130.35007270340972,24.801353383982313,8.306239652457814
6,Example Airplane,Main Wing,46,Frpp_GP1_CgP1,130.42064289623153,65.28246675094394,17.081436981556074
6,Example Airplane,Main Wing,46,Brpp_GP1_CgP1,155.9991884707764,65.83487406278897,19.846987472660004
6,Example Airplane,Main Wing,46,Blpp_GP1_CgP1,156.39797777765838,24.611800495755283,8.728326144010456
6,Example Airplane,Main Wing,47,Flpp_GP1_CgP1,130.42064289623153,65.28246675094394,17.081436981556074
6,Example Airplane,Main Wing,47,Frpp_GP1_CgP1,127.44433354003912,100.64060122773616,30.424257905424227
6,Example Airplane,Main Wing,47,Brpp_GP1_CgP1,152.75987152099833,101.53346699691203,33.00073814301368
6,Example Airplane,Main Wing,47,Blpp_GP1_CgP1,155.9991884707764,65.83487406278897,19.846987472660004
6,Example Airplane,Main Wing,48,Flpp_GP1_CgP1,127.44433354003912,100.64060122773616,30.424257905424227
6,Example Airplane,Main Wing,48,Frpp_GP1_CgP1,124.3029906522094,141.81307609446958,37.14407071087092
6,Example Airplane,Main Wing,48,Brpp_GP1_CgP1,149.45510770621806,143.3733000806568,40.90207192610599
6,Example Airplane,Main Wing,48,Blpp_GP1_CgP1,152.75987152099833,101.53346699691203,33.00073814301368
6,Example Airplane,Main Wing,49,Flpp_GP1_CgP1,124.3029906522094,141.81307609446958,37.14407071087092
6,Example Airplane,Main Wing,49,Frpp_GP1_CgP1,118.6017314508168,180.44154707741444,45.69079895640675
6,Example Airplane,Main Wing,49,Brpp_GP1_CgP1,143.4335608295914,182.39683209763723,49.78298174665102
6,Example Airplane,Main Wing,49,Blpp_GP1_CgP1,149.45510770621806,143.3733000806568,40.90207192610599
6,Example Airplane,Main Wing,50,Flpp_GP1_CgP1,118.6017314508168,180.44154707741444,45.69079895640675
6,Example Airplane,Main Wing,50,Frpp_GP1_CgP1,104.24319629667623,221.306307467256,52.06273798680649
6,Example Airplane,Main Wing,50,Brpp_GP1_CgP1,127.16475235976644,223.1484041808116,59.17267582699725
6,Example Airplane,Main Wing,50,Blpp_GP1_CgP1,143.4335608295914,182.39683209763723,49.78298174665102
6,Example Airplane,Main Wing,51,Flpp_GP1_CgP1,104.24319629667623,221.306307467256,52.06273798680649
6,Example Airplane,Main Wing,51,Frpp_GP1_CgP1,83.12508336738533,261.7144533202293,52.861946563447695
6,Example Airplane,Main Wing,51,Brpp_GP1_CgP1,101.77711041466665,263.8717950440351,60.14680336772108
6,Example Airplane,Main Wing,51,Blpp_GP1_CgP1,127.16475235976644,223.1484041808116,59.17267582699725
6,Example Airplane,Main Wing,52,Flpp_GP1_CgP1,83.12508336738533,261.7144533202293,52.861946563447695
6,Example Airplane,Main Wing,52,Frpp_GP1_CgP1,47.26133203144445,295.6941243007863,42.032955182891364
6,Example Airplane,Main Wing,52,Brpp_GP1_CgP1,58.848007212808355,297.23356529627046,49.35595978526151
6,Example Airplane,Main Wing,52,Blpp_GP1_CgP1,101.77711041466665,263.8717950440351,60.14680336772108
6,Example Airplane,Main Wing,53,Flpp_GP1_CgP1,47.26133203144445,295.6941243007863,42.032955182891364
6,Example Airplane,Main Wing,53,Frpp_GP1_CgP1,10.329213833054325,307.73990037283176,21.83684225373529
6,Example Airplane,Main Wing,53,Brpp_GP1_CgP1,14.070500639402717,307.79667516646043,24.9021867864004
6,Example Airplane,Main Wing,53,Blpp_GP1_CgP1,58.848007212808355,297.23356529627046,49.35595978526151
6,Example Airplane,Reflected Main Wing,0,Flpp_GP1_CgP1,-8.422889413513508,-307.45378675085925,6.566109252847911
6,Example Airplane,Reflected Main Wing,0,Frpp_GP1_CgP1,-9.940597550800305,-288.07272720538134,4.28743641560089
6,Example Airplane,Reflected Main Wing,0,Brpp_GP1_CgP1,1.3075763964725784,-289.576998450848,12.127123735577523
6,Example Airplane,Reflected Main Wing,0,Blpp_GP1_CgP1,-4.666385685875749,-307.5113082139036,9.612772753735372
6,Example Airplane,Reflected Main Wing,1,Flpp_GP1_CgP1,-9.940597550800305,-288.07272720538134,4.28743641560089
6,Example Airplane,Reflected Main Wing,1,Frpp_GP1_CgP1,-4.7272080785737955,-251.4098727643118,5.257767542366717
6,Example Airplane,Reflected Main Wing,1,Brpp_GP1_CgP1,11.534438449146759,-253.34863736277532,16.977530575793576
6,Example Airplane,Reflected Main Wing,1,Blpp_GP1_CgP1,1.3075763964725784,-289.576998450848,12.127123735577523
6,Example Airplane,Reflected Main Wing,2,Flpp_GP1_CgP1,-4.7272080785737955,-251.4098727643118,5.257767542366717
6,Example Airplane,Reflected Main Wing,2,Frpp_GP1_CgP1,-4.678902413796026,-212.675921026339,3.6092856506419673
6,Example Airplane,Reflected Main Wing,2,Brpp_GP1_CgP1,14.81002392834944,-214.17516327395737,17.63210465419529
6,Example Airplane,Reflected Main Wing,2,Blpp_GP1_CgP1,11.534438449146759,-253.34863736277532,16.977530575793576
6,Example Airplane,Reflected Main Wing,3,Flpp_GP1_CgP1,-4.678902413796026,-212.675921026339,3.6092856506419673
6,Example Airplane,Reflected Main Wing,3,Frpp_GP1_CgP1,0.10226379663064082,-171.24430423509722,3.8317726045153995
6,Example Airplane,Reflected Main Wing,3,Brpp_GP1_CgP1,22.971612778622283,-173.0045527339727,14.374840230206827
6,Example Airplane,Reflected Main Wing,3,Blpp_GP1_CgP1,14.81002392834944,-214.17516327395737,17.63210465419529
6,Example Airplane,Reflected Main Wing,4,Flpp_GP1_CgP1,0.10226379663064078,-171.24430423509722,3.8317726045153995
6,Example Airplane,Reflected Main Wing,4,Frpp_GP1_CgP1,1.7631554326690615,-134.3868061446599,3.243834405868631
6,Example Airplane,Reflected Main Wing,4,Brpp_GP1_CgP1,26.071504037481045,-135.85123276272014,10.746165365499227
6,Example Airplane,Reflected Main Wing,4,Blpp_GP1_CgP1,22.971612778622283,-173.0045527339727,14.374840230206827
6,Example Airplane,Reflected Main Wing,5,Flpp_GP1_CgP1,1.7631554326690615,-134.3868061446599,3.243834405868631
6,Example Airplane,Reflected Main Wing,5,Frpp_GP1_CgP1,3.2980296729070493,-96.51127029574134,2.647790067818785
6,Example Airplane,Reflected Main Wing,5,Brpp_GP1_CgP1,27.999393395123516,-97.32285208462294,8.783806684703507
6,Example Airplane,Reflected Main Wing,5,Blpp_GP1_CgP1,26.071504037481045,-135.85123276272014,10.746165365499227
6,Example Airplane,Reflected Main Wing,6,Flpp_GP1_CgP1,3.2980296729070493,-96.51127029574134,2.647790067818785
6,Example Airplane,Reflected Main Wing,6,Frpp_GP1_CgP1,2.8925602717968677,-62.5598193508381,1.7921780762587793
6,Example Airplane,Reflected Main Wing,6,Brpp_GP1_CgP1,28.090929020323166,-63.05229074312188,6.980167353317943
6,Example Airplane,Reflected Main Wing,6,Blpp_GP1_CgP1,27.999393395123516,-97.32285208462294,8.783806684703507
6,Example Airplane,Reflected Main Wing,7,Flpp_GP1_CgP1,2.8925602717968677,-62.559819350838104,1.7921780762587796
6,Example Airplane,Reflected Main Wing,7,Frpp_GP1_CgP1,0.3414506410301707,-25.894285229508117,0.6951005218244478
6,Example Airplane,Reflected Main Wing,7,Brpp_GP1_CgP1,26.29740386666808,-25.65734613370724,2.9170065936005547
6,Example Airplane,Reflected Main Wing,7,Blpp_GP1_CgP1,28.090929020323166,-63.05229074312188,6.980167353317943
6,Example Airplane,Reflected Main Wing,8,Flpp_GP1_CgP1,0.3414506410301707,-25.894285229508117,0.6951005218244478
6,Example Airplane,Reflected Main Wing,8,Frpp_GP1_CgP1,0.0,-0.5,2.263509884037921e-19
6,Example Airplane,Reflected Main Wing,8,Brpp_GP1_CgP1,26.077839919979876,-0.5017822744204185,-0.06511228745817856
6,Example Airplane,Reflected Main Wing,8,Blpp_GP1_CgP1,26.29740386666808,-25.65734613370724,2.9170065936005547
6,Example Airplane,Reflected Main Wing,9,Flpp_GP1_CgP1,-4.666385685875749,-307.5113082139036,9.612772753735372
6,Example Airplane,Reflected Main Wing,9,Frpp_GP1_CgP1,1.3075763964725784,-289.576998450848,12.127123735577523
6,Example Airplane,Reflected Main Wing,9,Brpp_GP1_CgP1,12.661385956618528,-291.09231513574633,19.810791673133636
6,Example Airplane,Reflected Main Wing,9,Blpp_GP1_CgP1,-0.9129177018337842,-307.56868046606786,12.663178295139147
6,Example Airplane,Reflected Main Wing,10,Flpp_GP1_CgP1,1.3075763964725784,-289.576998450848,12.127123735577523
6,Example Airplane,Reflected Main Wing,10,Frpp_GP1_CgP1,11.534438449146759,-253.34863736277532,16.977530575793576
6,Example Airplane,Reflected Main Wing,10,Brpp_GP1_CgP1,28.995217566361923,-255.40033988798365,26.777469532183822
6,Example Airplane,Reflected Main Wing,10,Blpp_GP1_CgP1,12.661385956618528,-291.09231513574633,19.810791673133636
6,Example Airplane,Reflected Main Wing,11,Flpp_GP1_CgP1,11.534438449146759,-253.34863736277532,16.977530575793576
6,Example Airplane,Reflected Main Wing,11,Frpp_GP1_CgP1,14.81002392834944,-214.17516327395737,17.63210465419529
6,Example Airplane,Reflected Main Wing,11,Brpp_GP1_CgP1,36.493760809888016,-215.88834672997956,27.863468636683265
6,Example Airplane,Reflected Main Wing,11,Blpp_GP1_CgP1,28.995217566361923,-255.40033988798365,26.777469532183822
6,Example Airplane,Reflected Main Wing,12,Flpp_GP1_CgP1,14.81002392834944,-214.17516327395737,17.63210465419529
6,Example Airplane,Reflected Main Wing,12,Frpp_GP1_CgP1,22.971612778622283,-173.0045527339727,14.374840230206827
6,Example Airplane,Reflected Main Wing,12,Brpp_GP1_CgP1,46.94855364390636,-174.8703157560515,22.039856463041964
6,Example Airplane,Reflected Main Wing,12,Blpp_GP1_CgP1,36.493760809888016,-215.88834672997956,27.863468636683265
6,Example Airplane,Reflected Main Wing,13,Flpp_GP1_CgP1,22.971612778622283,-173.0045527339727,14.374840230206827
6,Example Airplane,Reflected Main Wing,13,Frpp_GP1_CgP1,26.071504037481045,-135.85123276272014,10.746165365499227
6,Example Airplane,Reflected Main Wing,13,Brpp_GP1_CgP1,50.469367575312425,-137.3247089915687,17.950431635518175
6,Example Airplane,Reflected Main Wing,13,Blpp_GP1_CgP1,46.94855364390636,-174.8703157560515,22.039856463041964
6,Example Airplane,Reflected Main Wing,14,Flpp_GP1_CgP1,26.071504037481045,-135.85123276272014,10.746165365499227
6,Example Airplane,Reflected Main Wing,14,Frpp_GP1_CgP1,27.999393395123516,-97.32285208462294,8.783806684703507
6,Example Airplane,Reflected Main Wing,14,Brpp_GP1_CgP1,52.76137877054256,-98.14079286411867,14.669574680813296
6,Example Airplane,Reflected Main Wing,14,Blpp_GP1_CgP1,50.469367575312425,-137.3247089915687,17.950431635518175
6,Example Airplane,Reflected Main Wing,15,Flpp_GP1_CgP1,27.999393395123516,-97.32285208462294,8.783806684703507
6,Example Airplane,Reflected Main Wing,15,Frpp_GP1_CgP1,28.090929020323166,-63.05229074312188,6.980167353317943
6,Example Airplane,Reflected Main Wing,15,Brpp_GP1_CgP1,53.553591761684395,-63.58288221596613,10.653023336210664
6,Example Airplane,Reflected Main Wing,15,Blpp_GP1_CgP1,52.76137877054256,-98.14079286411867,14.669574680813296
6,Example Airplane,Reflected Main Wing,16,Flpp_GP1_CgP1,28.090929020323166,-63.05229074312188,6.980167353317943
6,Example Airplane,Reflected Main Wing,16,Frpp_GP1_CgP1,26.29740386666808,-25.65734613370724,2.9170065936005547
6,Example Airplane,Reflected Main Wing,16,Brpp_GP1_CgP1,52.281929545527625,-25.429865112474253,4.777054781554701
6,Example Airplane,Reflected Main Wing,16,Blpp_GP1_CgP1,53.553591761684395,-63.58288221596613,10.653023336210664
6,Example Airplane,Reflected Main Wing,17,Flpp_GP1_CgP1,26.29740386666808,-25.65734613370724,2.9170065936005547
6,Example Airplane,Reflected Main Wing,17,Frpp_GP1_CgP1,26.077839919979876,-0.5017822744204185,-0.06511228745817856
6,Example Airplane,Reflected Main Wing,17,Brpp_GP1_CgP1,52.155731800214504,-0.5028533858195067,-0.10424347428224925
6,Example Airplane,Reflected Main Wing,17,Blpp_GP1_CgP1,52.281929545527625,-25.429865112474253,4.777054781554701
6,Example Airplane,Reflected Main Wing,18,Flpp_GP1_CgP1,-0.9129177018337842,-307.56868046606786,12.663178295139147
6,Example Airplane,Reflected Main Wing,18,Frpp_GP1_CgP1,12.661385956618528,-291.09231513574633,19.810791673133636
6,Example Airplane,Reflected Main Wing,18,Brpp_GP1_CgP1,24.13576489371362,-292.6201613205756,27.3106130138924
6,Example Airplane,Reflected Main Wing,18,Blpp_GP1_CgP1,2.837500416383456,-307.625902940147,15.717335619546802
6,Example Airplane,Reflected Main Wing,19,Flpp_GP1_CgP1,12.661385956618528,-291.09231513574633,19.810791673133636
6,Example Airplane,Reflected Main Wing,19,Frpp_GP1_CgP1,28.995217566361923,-255.40033988798365,26.777469532183822
6,Example Airplane,Reflected Main Wing,19,Brpp_GP1_CgP1,46.90887877458986,-257.4935411052631,35.74523806404211
6,Example Airplane,Reflected Main Wing,19,Blpp_GP1_CgP1,24.13576489371362,-292.6201613205756,27.3106130138924
6,Example Airplane,Reflected Main Wing,20,Flpp_GP1_CgP1,28.995217566361923,-255.40033988798365,26.777469532183822
6,Example Airplane,Reflected Main Wing,20,Frpp_GP1_CgP1,36.493760809888016,-215.88834672997956,27.863468636683265
6,Example Airplane,Reflected Main Wing,20,Brpp_GP1_CgP1,58.66149014792129,-217.65025939187865,37.073980200727625
6,Example Airplane,Reflected Main Wing,20,Blpp_GP1_CgP1,46.90887877458986,-257.4935411052631,35.74523806404211
6,Example Airplane,Reflected Main Wing,21,Flpp_GP1_CgP1,36.493760809888016,-215.88834672997956,27.863468636683265
6,Example Airplane,Reflected Main Wing,21,Frpp_GP1_CgP1,46.94855364390636,-174.8703157560515,22.039856463041964
6,Example Airplane,Reflected Main Wing,21,Brpp_GP1_CgP1,71.06645793852962,-176.74990234039583,29.272575154440624
6,Example Airplane,Reflected Main Wing,21,Blpp_GP1_CgP1,58.66149014792129,-217.65025939187865,37.073980200727625
6,Example Airplane,Reflected Main Wing,22,Flpp_GP1_CgP1,46.94855364390636,-174.8703157560515,22.039856463041964
6,Example Airplane,Reflected Main Wing,22,Frpp_GP1_CgP1,50.469367575312425,-137.3247089915687,17.950431635518175
6,Example Airplane,Reflected Main Wing,22,Brpp_GP1_CgP1,74.9523332227894,-138.8069491496617,24.857037957684124
6,Example Airplane,Reflected Main Wing,22,Blpp_GP1_CgP1,71.06645793852962,-176.74990234039583,29.272575154440624
6,Example Airplane,Reflected Main Wing,23,Flpp_GP1_CgP1,50.469367575312425,-137.3247089915687,17.950431635518175
6,Example Airplane,Reflected Main Wing,23,Frpp_GP1_CgP1,52.76137877054256,-98.14079286411867,14.669574680813296
6,Example Airplane,Reflected Main Wing,23,Brpp_GP1_CgP1,77.56705880906974,-98.96343415014799,20.367855828929226
6,Example Airplane,Reflected Main Wing,23,Blpp_GP1_CgP1,74.9523332227894,-138.8069491496617,24.857037957684124
6,Example Airplane,Reflected Main Wing,24,Flpp_GP1_CgP1,52.76137877054256,-98.14079286411867,14.669574680813296
6,Example Airplane,Reflected Main Wing,24,Frpp_GP1_CgP1,53.553591761684395,-63.58288221596613,10.653023336210664
6,Example Airplane,Reflected Main Wing,24,Brpp_GP1_CgP1,79.09335415803925,-64.12743363675222,13.748643879944101
6,Example Airplane,Reflected Main Wing,24,Blpp_GP1_CgP1,77.56705880906974,-98.96343415014799,20.367855828929226
6,Example Airplane,Reflected Main Wing,25,Flpp_GP1_CgP1,53.553591761684395,-63.58288221596613,10.653023336210664
6,Example Airplane,Reflected Main Wing,25,Frpp_GP1_CgP1,52.281929545527625,-25.429865112474253,4.777054781554701
6,Example Airplane,Reflected Main Wing,25,Brpp_GP1_CgP1,78.28746505403741,-25.210761951021613,6.317676267993097
6,Example Airplane,Reflected Main Wing,25,Blpp_GP1_CgP1,79.09335415803925,-64.1274336367522,13.748643879944101
6,Example Airplane,Reflected Main Wing,26,Flpp_GP1_CgP1,52.281929545527625,-25.429865112474253,4.777054781554701
6,Example Airplane,Reflected Main Wing,26,Frpp_GP1_CgP1,52.155731800214504,-0.5028533858195067,-0.10424347428224925
6,Example Airplane,Reflected Main Wing,26,Brpp_GP1_CgP1,78.23364978023987,-0.503210902764743,-0.11730473232574268
6,Example Airplane,Reflected Main Wing,26,Blpp_GP1_CgP1,78.28746505403741,-25.210761951021613,6.317676267993097
6,Example Airplane,Reflected Main Wing,27,Flpp_GP1_CgP1,2.837500416383456,-307.625902940147,15.717335619546802
6,Example Airplane,Reflected Main Wing,27,Frpp_GP1_CgP1,24.13576489371362,-292.6201613205756,27.3106130138924
6,Example Airplane,Reflected Main Wing,27,Brpp_GP1_CgP1,35.694974115802935,-294.15677443518297,34.677462998121605
6,Example Airplane,Reflected Main Wing,27,Blpp_GP1_CgP1,6.584875733902557,-307.68297610926703,18.77522841640907
6,Example Airplane,Reflected Main Wing,28,Flpp_GP1_CgP1,24.13576489371362,-292.6201613205756,27.3106130138924
6,Example Airplane,Reflected Main Wing,28,Frpp_GP1_CgP1,46.90887877458986,-257.4935411052631,35.74523806404211
6,Example Airplane,Reflected Main Wing,28,Brpp_GP1_CgP1,64.90590614596181,-259.59419290591427,44.542347248417215
6,Example Airplane,Reflected Main Wing,28,Blpp_GP1_CgP1,35.694974115802935,-294.15677443518297,34.677462998121605
6,Example Airplane,Reflected Main Wing,29,Flpp_GP1_CgP1,46.90887877458986,-257.4935411052631,35.74523806404211
6,Example Airplane,Reflected Main Wing,29,Frpp_GP1_CgP1,58.66149014792129,-217.65025939187865,37.073980200727625
6,Example Airplane,Reflected Main Wing,29,Brpp_GP1_CgP1,81.33507245200504,-219.46567925641622,44.91063975064458
6,Example Airplane,Reflected Main Wing,29,Blpp_GP1_CgP1,64.90590614596181,-259.59419290591427,44.542347248417215
6,Example Airplane,Reflected Main Wing,30,Flpp_GP1_CgP1,58.66149014792129,-217.65025939187865,37.073980200727625
6,Example Airplane,Reflected Main Wing,30,Frpp_GP1_CgP1,71.06645793852962,-176.74990234039583,29.272575154440624
6,Example Airplane,Reflected Main Wing,30,Brpp_GP1_CgP1,94.470488361062,-178.56019035887545,38.576258523521226
6,Example Airplane,Reflected Main Wing,30,Blpp_GP1_CgP1,81.33507245200504,-219.46567925641622,44.91063975064458
6,Example Airplane,Reflected Main Wing,31,Flpp_GP1_CgP1,71.06645793852962,-176.74990234039583,29.272575154440624
6,Example Airplane,Reflected Main Wing,31,Frpp_GP1_CgP1,74.9523332227894,-138.8069491496617,24.857037957684124
6,Example Airplane,Reflected Main Wing,31,Brpp_GP1_CgP1,99.51296427562788,-140.2973071637773,31.481328665309434
6,Example Airplane,Reflected Main Wing,31,Blpp_GP1_CgP1,94.470488361062,-178.56019035887545,38.576258523521226
6,Example Airplane,Reflected Main Wing,32,Flpp_GP1_CgP1,74.9523332227894,-138.8069491496617,24.857037957684124
6,Example Airplane,Reflected Main Wing,32,Frpp_GP1_CgP1,77.56705880906974,-98.96343415014799,20.367855828929226
6,Example Airplane,Reflected Main Wing,32,Brpp_GP1_CgP1,102.39513989202429,-99.78854091053991,25.966636647074367
6,Example Airplane,Reflected Main Wing,32,Blpp_GP1_CgP1,99.51296427562788,-140.2973071637773,31.481328665309434
6,Example Airplane,Reflected Main Wing,33,Flpp_GP1_CgP1,77.56705880906974,-98.96343415014799,20.367855828929226
6,Example Airplane,Reflected Main Wing,33,Frpp_GP1_CgP1,79.09335415803925,-64.12743363675222,13.748643879944101
6,Example Airplane,Reflected Main Wing,33,Brpp_GP1_CgP1,104.7952312366061,-64.71834074087748,14.82074382578354
6,Example Airplane,Reflected Main Wing,33,Blpp_GP1_CgP1,102.39513989202429,-99.78854091053991,25.966636647074367
6,Example Airplane,Reflected Main Wing,34,Flpp_GP1_CgP1,79.09335415803925,-64.1274336367522,13.748643879944101
6,Example Airplane,Reflected Main Wing,34,Frpp_GP1_CgP1,78.28746505403741,-25.210761951021613,6.317676267993097
6,Example Airplane,Reflected Main Wing,34,Brpp_GP1_CgP1,104.31074654102825,-25.000555931108213,7.520243672441529
6,Example Airplane,Reflected Main Wing,34,Blpp_GP1_CgP1,104.7952312366061,-64.71834074087748,14.82074382578354
6,Example Airplane,Reflected Main Wing,35,Flpp_GP1_CgP1,78.28746505403741,-25.210761951021613,6.317676267993097
6,Example Airplane,Reflected Main Wing,35,Frpp_GP1_CgP1,78.23364978023987,-0.503210902764743,-0.11730473232574268
6,Example Airplane,Reflected Main Wing,35,Brpp_GP1_CgP1,104.31156785410995,-0.5028573499459101,-0.10438829672650704
6,Example Airplane,Reflected Main Wing,35,Blpp_GP1_CgP1,104.31074654102825,-25.000555931108213,7.520243672441529
6,Example Airplane,Reflected Main Wing,36,Flpp_GP1_CgP1,6.584875733902557,-307.68297610926703,18.77522841640907
6,Example Airplane,Reflected Main Wing,36,Frpp_GP1_CgP1,35.694974115802935,-294.15677443518297,34.677462998121605
6,Example Airplane,Reflected Main Wing,36,Brpp_GP1_CgP1,47.26133203144445,-295.6941243007863,42.032955182891364
6,Example Airplane,Reflected Main Wing,36,Blpp_GP1_CgP1,10.329213833054325,-307.73990037283176,21.83684225373529
6,Example Airplane,Reflected Main Wing,37,Flpp_GP1_CgP1,35.694974115802935,-294.15677443518297,34.677462998121605
6,Example Airplane,Reflected Main Wing,37,Frpp_GP1_CgP1,64.90590614596181,-259.59419290591427,44.542347248417215
6,Example Airplane,Reflected Main Wing,37,Brpp_GP1_CgP1,83.12508336738533,-261.7144533202293,52.861946563447695
6,Example Airplane,Reflected Main Wing,37,Blpp_GP1_CgP1,47.26133203144445,-295.6941243007863,42.032955182891364
6,Example Airplane,Reflected Main Wing,38,Flpp_GP1_CgP1,64.90590614596181,-259.59419290591427,44.542347248417215
6,Example Airplane,Reflected Main Wing,38,Frpp_GP1_CgP1,81.33507245200504,-219.46567925641622,44.91063975064458
6,Example Airplane,Reflected Main Wing,38,Brpp_GP1_CgP1,104.24319629667623,-221.306307467256,52.06273798680649
6,Example Airplane,Reflected Main Wing,38,Blpp_GP1_CgP1,83.12508336738533,-261.7144533202293,52.861946563447695
6,Example Airplane,Reflected Main Wing,39,Flpp_GP1_CgP1,81.33507245200504,-219.46567925641622,44.91063975064458
6,Example Airplane,Reflected Main Wing,39,Frpp_GP1_CgP1,94.470488361062,-178.56019035887545,38.576258523521226
6,Example Airplane,Reflected Main Wing,39,Brpp_GP1_CgP1,118.6017314508168,-180.44154707741444,45.69079895640675
6,Example Airplane,Reflected Main Wing,39,Blpp_GP1_CgP1,104.24319629667623,-221.306307467256,52.06273798680649
6,Example Airplane,Reflected Main Wing,40,Flpp_GP1_CgP1,94.470488361062,-178.56019035887545,38.576258523521226
6,Example Airplane,Reflected Main Wing,40,Frpp_GP1_CgP1,99.51296427562788,-140.2973071637773,31.481328665309434
6,Example Airplane,Reflected Main Wing,40,Brpp_GP1_CgP1,124.3029906522094,-141.81307609446958,37.14407071087092
6,Example Airplane,Reflected Main Wing,40,Blpp_GP1_CgP1,118.6017314508168,-180.44154707741444,45.69079895640675
6,Example Airplane,Reflected Main Wing,41,Flpp_GP1_CgP1,99.51296427562788,-140.2973071637773,31.481328665309434
6,Example Airplane,Reflected Main Wing,41,Frpp_GP1_CgP1,102.39513989202429,-99.78854091053991,25.966636647074367
6,Example Airplane,Reflected Main Wing,41,Brpp_GP1_CgP1,127.44433354003912,-100.64060122773616,30.424257905424227
6,Example Airplane,Reflected Main Wing,41,Blpp_GP1_CgP1,124.3029906522094,-141.81307609446958,37.14407071087092
6,Example Airplane,Reflected Main Wing,42,Flpp_GP1_CgP1,102.39513989202429,-99.78854091053991,25.966636647074367
6,Example Airplane,Reflected Main Wing,42,Frpp_GP1_CgP1,104.7952312366061,-64.71834074087748,14.82074382578354
6,Example Airplane,Reflected Main Wing,42,Brpp_GP1_CgP1,130.42064289623153,-65.28246675094394,17.081436981556074
6,Example Airplane,Reflected Main Wing,42,Blpp_GP1_CgP1,127.44433354003912,-100.64060122773616,30.424257905424227
6,Example Airplane,Reflected Main Wing,43,Flpp_GP1_CgP1,104.7952312366061,-64.71834074087748,14.82074382578354
6,Example Airplane,Reflected Main Wing,43,Frpp_GP1_CgP1,104.31074654102825,-25.000555931108213,7.520243672441529
6,Example Airplane,Reflected Main Wing,43,Brpp_GP1_CgP1,130.35007270340972,-24.801353383982313,8.306239652457814
6,Example Airplane,Reflected Main Wing,43,Blpp_GP1_CgP1,130.42064289623153,-65.28246675094394,17.081436981556074
6,Example Airplane,Reflected Main Wing,44,Flpp_GP1_CgP1,104.31074654102825,-25.000555931108213,7.520243672441529
6,Example Airplane,Reflected Main Wing,44,Frpp_GP1_CgP1,104.31156785410995,-0.5028573499459101,-0.10438829672650704
6,Example Airplane,Reflected Main Wing,44,Brpp_GP1_CgP1,130.3894602141573,-0.501794898879874,-0.06557350006587813
6,Example Airplane,Reflected Main Wing,44,Blpp_GP1_CgP1,130.35007270340972,-24.801353383982313,8.306239652457814
6,Example Airplane,Reflected Main Wing,45,Flpp_GP1_CgP1,10.329213833054325,-307.73990037283176,21.83684225373529
6,Example Airplane,Reflected Main Wing,45,Frpp_GP1_CgP1,47.26133203144445,-295.6941243007863,42.032955182891364
6,Example Airplane,Reflected Main Wing,45,Brpp_GP1_CgP1,58.848007212808355,-297.23356529627046,49.35595978526151
6,Example Airplane,Reflected Main Wing,45,Blpp_GP1_CgP1,14.070500639402717,-307.79667516646043,24.9021867864004
6,Example Airplane,Reflected Main Wing,46,Flpp_GP1_CgP1,47.26133203144445,-295.6941243007863,42.032955182891364
6,Example Airplane,Reflected Main Wing,46,Frpp_GP1_CgP1,83.12508336738533,-261.7144533202293,52.861946563447695
6,Example Airplane,Reflected Main Wing,46,Brpp_GP1_CgP1,101.77711041466665,-263.8717950440351,60.14680336772108
6,Example Airplane,Reflected Main Wing,46,Blpp_GP1_CgP1,58.848007212808355,-297.23356529627046,49.35595978526151
6,Example Airplane,Reflected Main Wing,47,Flpp_GP1_CgP1,83.12508336738533,-261.7144533202293,52.861946563447695
6,Example Airplane,Reflected Main Wing,47,Frpp_GP1_CgP1,104.24319629667623,-221.306307467256,52.06273798680649
6,Example Airplane,Reflected Main Wing,47,Brpp_GP1_CgP1,127.16475235976644,-223.1484041808116,59.17267582699725
6,Example Airplane,Reflected Main Wing,47,Blpp_GP1_CgP1,101.77711041466665,-263.8717950440351,60.14680336772108
6,Example Airplane,Reflected Main Wing,48,Flpp_GP1_CgP1,104.24319629667623,-221.306307467256,52.06273798680649
6,Example Airplane,Reflected Main Wing,48,Frpp_GP1_CgP1,118.6017314508168,-180.44154707741444,45.69079895640675
6,Example Airplane,Reflected Main Wing,48,Brpp_GP1_CgP1,143.4335608295914,-182.39683209763723,49.78298174665102
6,Example Airplane,Reflected Main Wing,48,Blpp_GP1_CgP1,127.16475235976644,-223.1484041808116,59.17267582699725
6,Example Airplane,Reflected Main Wing,49,Flpp_GP1_CgP1,118.6017314508168,-180.44154707741444,45.69079895640675
6,Example Airplane,Reflected Main Wing,49,Frpp_GP1_CgP1,124.3029906522094,-141.81307609446958,37.14407071087092
6,Example Airplane,Reflected Main Wing,49,Brpp_GP1_CgP1,149.45510770621806,-143.3733000806568,40.90207192610599
6,Example Airplane,Reflected Main Wing,49,Blpp_GP1_CgP1,143.4335608295914,-182.39683209763723,49.78298174665102
6,Example Airplane,Reflected Main Wing,50,Flpp_GP1_CgP1,124.3029906522094,-141.81307609446958,37.14407071087092
6,Example Airplane,Reflected Main Wing,50,Frpp_GP1_CgP1,127.44433354003912,-100.64060122773616,30.424257905424227
6,Example Airplane,Reflected Main Wing,50,Brpp_GP1_CgP1,152.75987152099833,-101.53346699691203,33.00073814301368
6,Example Airplane,Reflected Main Wing,50,Blpp_GP1_CgP1,149.45510770621806,-143.3733000806568,40.90207192610599
6,Example Airplane,Reflected Main Wing,51,Flpp_GP1_CgP1,127.44433354003912,-100.64060122773616,30.424257905424227
6,Example Airplane,Reflected Main Wing,51,Frpp_GP1_CgP1,130.42064289623153,-65.28246675094394,17.081436981556074
6,Example Airplane,Reflected Main Wing,51,Brpp_GP1_CgP1,155.9991884707764,-65.83487406278897,19.846987472660004
6,Example Airplane,Reflected Main Wing,51,Blpp_GP1_CgP1,152.75987152099833,-101.53346699691203,33.00073814301368
6,Example Airplane,Reflected Main Wing,52,Flpp_GP1_CgP1,130.42064289623153,-65.28246675094394,17.081436981556074
6,Example Airplane,Reflected Main Wing,52,Frpp_GP1_CgP1,130.35007270340972,-24.801353383982313,8.306239652457814
6,Example Airplane,Reflected Main Wing,52,Brpp_GP1_CgP1,156.39797777765838,-24.611800495755283,8.728326144010456
6,Example Airplane,Reflected Main Wing,52,Blpp_GP1_CgP1,155.9991884707764,-65.83487406278897,19.846987472660004
6,Example Airplane,Reflected Main Wing,53,Flpp_GP1_CgP1,130.35007270340972,-24.801353383982313,8.306239652457814
6,Example Airplane,Reflected Main Wing,53,Frpp_GP1_CgP1,130.3894602141573,-0.501794898879874,-0.06557350006587813
6,Example Airplane,Reflected Main Wing,53,Brpp_GP1_CgP1,156.4673009013703,-0.5000211326133931,-0.0007720431726062983
6,Example Airplane,Reflected Main Wing,53,Blpp_GP1_CgP1,156.39797777765838,-24.611800495755283,8.728326144010456
7,Example Airplane,Main Wing,0,Flpp_GP1_CgP1,0.0,0.5,1.181239809162604e-18
7,Example Airplane,Main Wing,0,Frpp_GP1_CgP1,0.35930042147916863,25.927943911580574,0.8115620696656818
7,Example Airplane,Main Wing,0,Brpp_GP1_CgP1,26.32281439354346,25.710805989656876,2.987996075805239
7,Example Airplane,Main Wing,0,Blpp_GP1_CgP1,26.077839919979876,0.5020778538720897,-0.06510352527653472
7,Example Airplane,Main Wing,1,Flpp_GP1_CgP1,0.35930042147916863,25.927943911580574,0.8115620696656818
7,Example Airplane,Main Wing,1,Frpp_GP1_CgP1,2.864139717615859,62.654518018741555,2.0713502457775554
7,Example Airplane,Main Wing,1,Brpp_GP1_CgP1,28.076229748165602,63.14329403896038,7.19667098811314
7,Example Airplane,Main Wing,1,Blpp_GP1_CgP1,26.32281439354346,25.710805989656876,2.987996075805239
7,Example Airplane,Main Wing,2,Flpp_GP1_CgP1,2.864139717615859,62.654518018741555,2.0713502457775554
7,Example Airplane,Main Wing,2,Frpp_GP1_CgP1,3.182669106924914,96.66247666594877,3.078138735665467
7,Example Airplane,Main Wing,2,Brpp_GP1_CgP1,27.92842388240264,97.48272258999762,9.027317797770475
7,Example Airplane,Main Wing,2,Blpp_GP1_CgP1,28.076229748165602,63.14329403896038,7.19667098811314
7,Example Airplane,Main Wing,3,Flpp_GP1_CgP1,3.182669106924914,96.66247666594877,3.078138735665467
7,Example Airplane,Main Wing,3,Frpp_GP1_CgP1,1.497498551745884,134.50136428826235,3.841641050115891
7,Example Airplane,Main Wing,3,Brpp_GP1_CgP1,25.880298497065997,135.96575992469846,11.087064706747984
7,Example Airplane,Main Wing,3,Blpp_GP1_CgP1,27.92842388240264,97.48272258999762,9.027317797770475
7,Example Airplane,Main Wing,4,Flpp_GP1_CgP1,1.497498551745884,134.50136428826235,3.841641050115891
7,Example Airplane,Main Wing,4,Frpp_GP1_CgP1,-0.293964630212058,171.34740992725392,4.594276242915716
7,Example Airplane,Main Wing,4,Brpp_GP1_CgP1,22.739787467594855,173.10086712184093,14.730416628263548
7,Example Airplane,Main Wing,4,Blpp_GP1_CgP1,25.880298497065997,135.96575992469846,11.087064706747984
7,Example Airplane,Main Wing,5,Flpp_GP1_CgP1,-0.293964630212058,171.34740992725392,4.594276242915716
7,Example Airplane,Main Wing,5,Frpp_GP1_CgP1,-5.627563375564797,212.9166336825875,4.475027701298011
7,Example Airplane,Main Wing,5,Brpp_GP1_CgP1,13.763484994269369,214.42161930168336,18.75555003685357
7,Example Airplane,Main Wing,5,Blpp_GP1_CgP1,22.739787467594855,173.10086712184093,14.730416628263548
7,Example Airplane,Main Wing,6,Flpp_GP1_CgP1,-5.627563375564797,212.9166336825875,4.475027701298011
7,Example Airplane,Main Wing,6,Frpp_GP1_CgP1,-5.545885979177433,251.64541029012918,6.452195966082755
7,Example Airplane,Main Wing,6,Brpp_GP1_CgP1,10.892497143760801,253.5860185145897,17.83587874646853
7,Example Airplane,Main Wing,6,Blpp_GP1_CgP1,13.763484994269369,214.42161930168336,18.75555003685357
7,Example Airplane,Main Wing,7,Flpp_GP1_CgP1,-5.545885979177433,251.64541029012918,6.452195966082755
7,Example Airplane,Main Wing,7,Frpp_GP1_CgP1,-11.045769460203678,288.2894397992899,5.674108601179789
7,Example Airplane,Main Wing,7,Brpp_GP1_CgP1,0.2584259741722086,289.8062842019533,13.338914885336925
7,Example Airplane,Main Wing,7,Blpp_GP1_CgP1,10.892497143760801,253.5860185145897,17.83587874646853
7,Example Airplane,Main Wing,8,Flpp_GP1_CgP1,-11.045769460203678,288.2894397992899,5.674108601179789
7,Example Airplane,Main Wing,8,Frpp_GP1_CgP1,-9.776528881993462,307.69528183070435,7.891152283165088
7,Example Airplane,Main Wing,8,Brpp_GP1_CgP1,-5.983925767378944,307.7789332206236,10.903881255187176
7,Example Airplane,Main Wing,8,Blpp_GP1_CgP1,0.2584259741722086,289.8062842019533,13.338914885336925
7,Example Airplane,Main Wing,9,Flpp_GP1_CgP1,26.077839919979876,0.5020778538720897,-0.06510352527653472
7,Example Airplane,Main Wing,9,Frpp_GP1_CgP1,26.32281439354346,25.710805989656876,2.987996075805239
7,Example Airplane,Main Wing,9,Brpp_GP1_CgP1,52.31471171678021,25.50500040595624,4.796217835437854
7,Example Airplane,Main Wing,9,Blpp_GP1_CgP1,52.155731800214504,0.5033266026295969,-0.10422944620410146
7,Example Airplane,Main Wing,10,Flpp_GP1_CgP1,26.32281439354346,25.710805989656876,2.987996075805239
7,Example Airplane,Main Wing,10,Frpp_GP1_CgP1,28.076229748165602,63.14329403896038,7.19667098811314
7,Example Airplane,Main Wing,10,Brpp_GP1_CgP1,53.56735378622357,63.681471556457566,10.670560951600205
7,Example Airplane,Main Wing,10,Blpp_GP1_CgP1,52.31471171678021,25.50500040595624,4.796217835437855
7,Example Airplane,Main Wing,11,Flpp_GP1_CgP1,28.076229748165602,63.14329403896038,7.19667098811314
7,Example Airplane,Main Wing,11,Frpp_GP1_CgP1,27.92842388240264,97.48272258999762,9.027317797770475
7,Example Airplane,Main Wing,11,Brpp_GP1_CgP1,52.735326589058694,98.31090786854426,14.714984083914592
7,Example Airplane,Main Wing,11,Blpp_GP1_CgP1,53.56735378622357,63.681471556457566,10.670560951600205
7,Example Airplane,Main Wing,12,Flpp_GP1_CgP1,27.92842388240264,97.48272258999762,9.027317797770475
7,Example Airplane,Main Wing,12,Frpp_GP1_CgP1,25.880298497065997,135.96575992469846,11.087064706747984
7,Example Airplane,Main Wing,12,Brpp_GP1_CgP1,50.345410612753,137.440188717651,18.047595167251657
7,Example Airplane,Main Wing,12,Blpp_GP1_CgP1,52.735326589058694,98.31090786854426,14.714984083914592
7,Example Airplane,Main Wing,13,Flpp_GP1_CgP1,25.880298497065997,135.96575992469846,11.087064706747984
7,Example Airplane,Main Wing,13,Frpp_GP1_CgP1,22.739787467594855,173.10086712184093,14.730416628263548
7,Example Airplane,Main Wing,13,Brpp_GP1_CgP1,46.78418992137091,174.96795698138988,22.121992273537117
7,Example Airplane,Main Wing,13,Blpp_GP1_CgP1,50.345410612753,137.440188717651,18.047595167251657
7,Example Airplane,Main Wing,14,Flpp_GP1_CgP1,22.739787467594855,173.10086712184093,14.730416628263548
7,Example Airplane,Main Wing,14,Frpp_GP1_CgP1,13.763484994269369,214.42161930168336,18.75555003685357
7,Example Airplane,Main Wing,14,Brpp_GP1_CgP1,35.53595204444331,216.19418191240206,28.947725295456486
7,Example Airplane,Main Wing,14,Blpp_GP1_CgP1,46.78418992137091,174.96795698138988,22.121992273537117
7,Example Airplane,Main Wing,15,Flpp_GP1_CgP1,13.763484994269369,214.42161930168336,18.75555003685357
7,Example Airplane,Main Wing,15,Frpp_GP1_CgP1,10.892497143760801,253.5860185145897,17.83587874646853
7,Example Airplane,Main Wing,15,Brpp_GP1_CgP1,28.466621072047133,255.6496885903335,27.32634274698181
7,Example Airplane,Main Wing,15,Blpp_GP1_CgP1,35.53595204444331,216.19418191240206,28.947725295456486
7,Example Airplane,Main Wing,16,Flpp_GP1_CgP1,10.892497143760801,253.5860185145897,17.83587874646853
7,Example Airplane,Main Wing,16,Frpp_GP1_CgP1,0.2584259741722086,289.8062842019533,13.338914885336925
7,Example Airplane,Main Wing,16,Brpp_GP1_CgP1,11.689665819574238,291.33826100544826,20.809837859094365
7,Example Airplane,Main Wing,16,Blpp_GP1_CgP1,28.466621072047133,255.6496885903335,27.32634274698181
7,Example Airplane,Main Wing,17,Flpp_GP1_CgP1,0.2584259741722086,289.8062842019533,13.338914885336925
7,Example Airplane,Main Wing,17,Frpp_GP1_CgP1,-5.983925767378944,307.7789332206236,10.903881255187176
7,Example Airplane,Main Wing,17,Brpp_GP1_CgP1,-2.1943230702955123,307.8624027850756,13.920388509674915
7,Example Airplane,Main Wing,17,Blpp_GP1_CgP1,11.689665819574236,291.33826100544826,20.809837859094365
7,Example Airplane,Main Wing,18,Flpp_GP1_CgP1,52.155731800214504,0.5033266026295969,-0.10422944620410146
7,Example Airplane,Main Wing,18,Frpp_GP1_CgP1,52.31471171678021,25.50500040595624,4.796217835437854
7,Example Airplane,Main Wing,18,Brpp_GP1_CgP1,78.3273052593413,25.30922408512596,6.279381248714862
7,Example Airplane,Main Wing,18,Blpp_GP1_CgP1,78.23364978023987,0.5037434116015973,-0.11728894658986327
7,Example Airplane,Main Wing,19,Flpp_GP1_CgP1,52.31471171678021,25.50500040595624,4.796217835437855
7,Example Airplane,Main Wing,19,Frpp_GP1_CgP1,53.56735378622357,63.681471556457566,10.670560951600205
7,Example Airplane,Main Wing,19,Brpp_GP1_CgP1,79.1260389340335,64.23492268492022,13.61598669965066
7,Example Airplane,Main Wing,19,Blpp_GP1_CgP1,78.3273052593413,25.30922408512596,6.279381248714862
7,Example Airplane,Main Wing,20,Flpp_GP1_CgP1,53.56735378622357,63.681471556457566,10.670560951600205
7,Example Airplane,Main Wing,20,Frpp_GP1_CgP1,52.735326589058694,98.31090786854426,14.714984083914592
7,Example Airplane,Main Wing,20,Brpp_GP1_CgP1,77.5811257970699,99.1442824836972,20.229803687524694
7,Example Airplane,Main Wing,20,Blpp_GP1_CgP1,79.1260389340335,64.23492268492022,13.61598669965066
7,Example Airplane,Main Wing,21,Flpp_GP1_CgP1,52.735326589058694,98.31090786854426,14.714984083914592
7,Example Airplane,Main Wing,21,Frpp_GP1_CgP1,50.345410612753,137.440188717651,18.047595167251657
7,Example Airplane,Main Wing,21,Brpp_GP1_CgP1,74.8918764197492,138.9247720822705,24.712068993124696
7,Example Airplane,Main Wing,21,Blpp_GP1_CgP1,77.5811257970699,99.1442824836972,20.229803687524694
7,Example Airplane,Main Wing,22,Flpp_GP1_CgP1,50.345410612753,137.440188717651,18.047595167251657
7,Example Airplane,Main Wing,22,Frpp_GP1_CgP1,46.78418992137091,174.96795698138988,22.121992273537117
7,Example Airplane,Main Wing,22,Brpp_GP1_CgP1,70.95548261759005,176.85001344867345,29.10816976723553
7,Example Airplane,Main Wing,22,Blpp_GP1_CgP1,74.8918764197492,138.9247720822705,24.712068993124696
7,Example Airplane,Main Wing,23,Flpp_GP1_CgP1,46.78418992137091,174.96795698138988,22.121992273537117
7,Example Airplane,Main Wing,23,Frpp_GP1_CgP1,35.53595204444331,216.19418191240206,28.947725295456486
7,Example Airplane,Main Wing,23,Brpp_GP1_CgP1,57.91528259937993,218.03885699493497,37.82094299623216
7,Example Airplane,Main Wing,23,Blpp_GP1_CgP1,70.95548261759005,176.85001344867345,29.10816976723553
7,Example Airplane,Main Wing,24,Flpp_GP1_CgP1,35.53595204444331,216.19418191240206,28.947725295456486
7,Example Airplane,Main Wing,24,Frpp_GP1_CgP1,28.466621072047133,255.6496885903335,27.32634274698181
7,Example Airplane,Main Wing,24,Brpp_GP1_CgP1,46.482434302031784,257.76075838225233,35.968880840250776
7,Example Airplane,Main Wing,24,Blpp_GP1_CgP1,57.91528259937993,218.03885699493497,37.82094299623216
7,Example Airplane,Main Wing,25,Flpp_GP1_CgP1,28.466621072047133,255.6496885903335,27.32634274698181
7,Example Airplane,Main Wing,25,Frpp_GP1_CgP1,11.689665819574238,291.33826100544826,20.809837859094365
7,Example Airplane,Main Wing,25,Brpp_GP1_CgP1,23.260555511024997,292.886810605128,28.05871257524236
7,Example Airplane,Main Wing,25,Blpp_GP1_CgP1,46.482434302031784,257.76075838225233,35.968880840250776
7,Example Airplane,Main Wing,26,Flpp_GP1_CgP1,11.689665819574236,291.33826100544826,20.809837859094365
7,Example Airplane,Main Wing,26,Frpp_GP1_CgP1,-2.1943230702955123,307.8624027850756,13.920388509674915
7,Example Airplane,Main Wing,26,Brpp_GP1_CgP1,1.592265171673425,307.945689819339,16.94068394681734
7,Example Airplane,Main Wing,26,Blpp_GP1_CgP1,23.260555511024997,292.886810605128,28.05871257524236
7,Example Airplane,Main Wing,27,Flpp_GP1_CgP1,78.23364978023987,0.5037434116015973,-0.11728894658986327
7,Example Airplane,Main Wing,27,Frpp_GP1_CgP1,78.3273052593413,25.30922408512596,6.279381248714862
7,Example Airplane,Main Wing,27,Brpp_GP1_CgP1,104.35715444085531,25.12408858836359,7.418530552314637
7,Example Airplane,Main Wing,27,Blpp_GP1_CgP1,104.31156785410995,0.50333122418243,-0.10437424915955595
7,Example Airplane,Main Wing,28,Flpp_GP1_CgP1,78.3273052593413,25.30922408512596,6.279381248714862
7,Example Airplane,Main Wing,28,Frpp_GP1_CgP1,79.1260389340335,64.23492268492022,13.61598669965066
7,Example Airplane,Main Wing,28,Brpp_GP1_CgP1,104.83305549396947,64.84312424485783,14.577331487409353
7,Example Airplane,Main Wing,28,Blpp_GP1_CgP1,104.35715444085531,25.12408858836359,7.418530552314637
7,Example Airplane,Main Wing,29,Flpp_GP1_CgP1,79.1260389340335,64.23492268492022,13.61598669965066
7,Example Airplane,Main Wing,29,Frpp_GP1_CgP1,77.5811257970699,99.1442824836972,20.229803687524694
7,Example Airplane,Main Wing,29,Brpp_GP1_CgP1,102.44053357720439,99.97952046219551,25.68191748353866
7,Example Airplane,Main Wing,29,Blpp_GP1_CgP1,104.83305549396947,64.84312424485783,14.577331487409353
7,Example Airplane,Main Wing,30,Flpp_GP1_CgP1,77.5811257970699,99.1442824836972,20.229803687524694
7,Example Airplane,Main Wing,30,Frpp_GP1_CgP1,74.8918764197492,138.9247720822705,24.712068993124696
7,Example Airplane,Main Wing,30,Brpp_GP1_CgP1,99.51511217835574,140.41912222584918,31.0859619957989
7,Example Airplane,Main Wing,30,Blpp_GP1_CgP1,102.44053357720439,99.97952046219551,25.68191748353866
7,Example Airplane,Main Wing,31,Flpp_GP1_CgP1,74.8918764197492,138.9247720822705,24.712068993124696
7,Example Airplane,Main Wing,31,Frpp_GP1_CgP1,70.95548261759005,176.85001344867345,29.10816976723553
7,Example Airplane,Main Wing,31,Brpp_GP1_CgP1,94.446955851045,178.65335632444928,38.13847300658921
7,Example Airplane,Main Wing,31,Blpp_GP1_CgP1,99.51511217835574,140.41912222584918,31.0859619957989
7,Example Airplane,Main Wing,32,Flpp_GP1_CgP1,70.95548261759005,176.85001344867345,29.10816976723553
7,Example Airplane,Main Wing,32,Frpp_GP1_CgP1,57.91528259937993,218.03885699493497,37.82094299623216
7,Example Airplane,Main Wing,32,Brpp_GP1_CgP1,80.7576057073824,219.94292850368672,45.3786714447942
7,Example Airplane,Main Wing,32,Blpp_GP1_CgP1,94.446955851045,178.65335632444928,38.13847300658921
7,Example Airplane,Main Wing,33,Flpp_GP1_CgP1,57.91528259937993,218.03885699493497,37.82094299623216
7,Example Airplane,Main Wing,33,Frpp_GP1_CgP1,46.482434302031784,257.76075838225233,35.968880840250776
7,Example Airplane,Main Wing,33,Brpp_GP1_CgP1,64.56069404558465,259.8784755320276,44.4783867440011
7,Example Airplane,Main Wing,33,Blpp_GP1_CgP1,80.7576057073824,219.94292850368672,45.3786714447942
7,Example Airplane,Main Wing,34,Flpp_GP1_CgP1,46.482434302031784,257.76075838225233,35.968880840250776
7,Example Airplane,Main Wing,34,Frpp_GP1_CgP1,23.260555511024997,292.886810605128,28.05871257524236
7,Example Airplane,Main Wing,34,Brpp_GP1_CgP1,34.95278927656359,294.44971292903915,35.10767735851591
7,Example Airplane,Main Wing,34,Blpp_GP1_CgP1,64.56069404558465,259.8784755320276,44.4783867440011
7,Example Airplane,Main Wing,35,Flpp_GP1_CgP1,23.260555511024997,292.886810605128,28.05871257524236
7,Example Airplane,Main Wing,35,Frpp_GP1_CgP1,1.592265171673425,307.945689819339,16.94068394681734
7,Example Airplane,Main Wing,35,Brpp_GP1_CgP1,5.375845862411889,308.02879488653247,19.96475116091399
7,Example Airplane,Main Wing,35,Blpp_GP1_CgP1,34.95278927656359,294.44971292903915,35.10767735851591
7,Example Airplane,Main Wing,36,Flpp_GP1_CgP1,104.31156785410995,0.50333122418243,-0.10437424915955595
7,Example Airplane,Main Wing,36,Frpp_GP1_CgP1,104.35715444085531,25.12408858836359,7.418530552314637
7,Example Airplane,Main Wing,36,Brpp_GP1_CgP1,130.40223634118828,24.952098185170556,8.133823382254837
7,Example Airplane,Main Wing,36,Blpp_GP1_CgP1,130.3894602141573,0.5020925720219225,-0.06556467581870408
7,Example Airplane,Main Wing,37,Flpp_GP1_CgP1,104.35715444085531,25.12408858836359,7.418530552314637
7,Example Airplane,Main Wing,37,Frpp_GP1_CgP1,104.83305549396947,64.84312424485783,14.577331487409353
7,Example Airplane,Main Wing,37,Brpp_GP1_CgP1,130.46156265700296,65.41664725017088,16.81014373425928
7,Example Airplane,Main Wing,37,Blpp_GP1_CgP1,130.40223634118828,24.952098185170556,8.133823382254837
7,Example Airplane,Main Wing,38,Flpp_GP1_CgP1,104.83305549396947,64.84312424485783,14.577331487409353
7,Example Airplane,Main Wing,38,Frpp_GP1_CgP1,102.44053357720439,99.97952046219551,25.68191748353866
7,Example Airplane,Main Wing,38,Brpp_GP1_CgP1,127.50472019731014,100.84576635141813,30.051772166956958
7,Example Airplane,Main Wing,38,Blpp_GP1_CgP1,130.46156265700296,65.41664725017088,16.81014373425928
7,Example Airplane,Main Wing,39,Flpp_GP1_CgP1,102.44053357720439,99.97952046219551,25.68191748353866
7,Example Airplane,Main Wing,39,Frpp_GP1_CgP1,99.51511217835574,140.41912222584918,31.0859619957989
7,Example Airplane,Main Wing,39,Brpp_GP1_CgP1,124.34824883425101,141.94220307157093,36.54216952727017
7,Example Airplane,Main Wing,39,Blpp_GP1_CgP1,127.50472019731014,100.84576635141813,30.051772166956958
7,Example Airplane,Main Wing,40,Flpp_GP1_CgP1,99.51511217835574,140.41912222584918,31.0859619957989
7,Example Airplane,Main Wing,40,Frpp_GP1_CgP1,94.446955851045,178.65335632444928,38.13847300658921
7,Example Airplane,Main Wing,40,Brpp_GP1_CgP1,118.63579594127425,180.53840472006885,44.988437396003896
7,Example Airplane,Main Wing,40,Blpp_GP1_CgP1,124.34824883425101,141.94220307157093,36.54216952727017
7,Example Airplane,Main Wing,41,Flpp_GP1_CgP1,94.446955851045,178.65335632444928,38.13847300658921
7,Example Airplane,Main Wing,41,Frpp_GP1_CgP1,80.7576057073824,219.94292850368672,45.3786714447942
7,Example Airplane,Main Wing,41,Brpp_GP1_CgP1,103.80599968287561,221.87406221717742,52.306716335237375
7,Example Airplane,Main Wing,41,Blpp_GP1_CgP1,118.63579594127425,180.53840472006885,44.988437396003896
7,Example Airplane,Main Wing,42,Flpp_GP1_CgP1,80.7576057073824,219.94292850368672,45.3786714447942
7,Example Airplane,Main Wing,42,Frpp_GP1_CgP1,64.56069404558465,259.8784755320276,44.4783867440011
7,Example Airplane,Main Wing,42,Brpp_GP1_CgP1,82.82034123146941,262.01542556581563,52.58308732393187
7,Example Airplane,Main Wing,42,Blpp_GP1_CgP1,103.80599968287561,221.87406221717742,52.306716335237375
7,Example Airplane,Main Wing,43,Flpp_GP1_CgP1,64.56069404558465,259.8784755320276,44.4783867440011
7,Example Airplane,Main Wing,43,Frpp_GP1_CgP1,34.95278927656359,294.44971292903915,35.10767735851591
7,Example Airplane,Main Wing,43,Brpp_GP1_CgP1,46.60322418496719,296.0076784900462,42.226565375560924
7,Example Airplane,Main Wing,43,Blpp_GP1_CgP1,82.82034123146941,262.01542556581563,52.58308732393187
7,Example Airplane,Main Wing,44,Flpp_GP1_CgP1,34.95278927656359,294.44971292903915,35.10767735851591
7,Example Airplane,Main Wing,44,Frpp_GP1_CgP1,5.375845862411889,308.02879488653247,19.96475116091399
7,Example Airplane,Main Wing,44,Brpp_GP1_CgP1,9.156424440790865,308.1117184600279,22.992575642597416
7,Example Airplane,Main Wing,44,Blpp_GP1_CgP1,46.60322418496719,296.0076784900462,42.226565375560924
7,Example Airplane,Main Wing,45,Flpp_GP1_CgP1,130.3894602141573,0.5020925720219225,-0.06556467581870408
7,Example Airplane,Main Wing,45,Frpp_GP1_CgP1,130.40223634118828,24.952098185170556,8.133823382254837
7,Example Airplane,Main Wing,45,Brpp_GP1_CgP1,156.45499649791537,24.791623303502817,8.478847292772327
7,Example Airplane,Main Wing,45,Blpp_GP1_CgP1,156.4673009013703,0.5000246373297306,-0.0007719392785061308
7,Example Airplane,Main Wing,46,Flpp_GP1_CgP1,130.40223634118828,24.952098185170556,8.133823382254837
7,Example Airplane,Main Wing,46,Frpp_GP1_CgP1,130.46156265700296,65.41664725017088,16.81014373425928
7,Example Airplane,Main Wing,46,Brpp_GP1_CgP1,156.04724418348582,65.97685873983296,19.518882658340523
7,Example Airplane,Main Wing,46,Blpp_GP1_CgP1,156.45499649791537,24.791623303502817,8.478847292772327
7,Example Airplane,Main Wing,47,Flpp_GP1_CgP1,130.46156265700296,65.41664725017088,16.81014373425928
7,Example Airplane,Main Wing,47,Frpp_GP1_CgP1,127.50472019731014,100.84576635141813,30.051772166956958
7,Example Airplane,Main Wing,47,Brpp_GP1_CgP1,152.81612777802485,101.75928624250523,32.65539161808192
7,Example Airplane,Main Wing,47,Blpp_GP1_CgP1,156.04724418348582,65.97685873983296,19.518882658340523
7,Example Airplane,Main Wing,48,Flpp_GP1_CgP1,127.50472019731014,100.84576635141813,30.051772166956958
7,Example Airplane,Main Wing,48,Frpp_GP1_CgP1,124.34824883425101,141.94220307157093,36.54216952727017
7,Example Airplane,Main Wing,48,Brpp_GP1_CgP1,149.51706475780435,143.5173447138664,40.159180810434634
7,Example Airplane,Main Wing,48,Blpp_GP1_CgP1,152.81612777802485,101.75928624250523,32.65539161808192
7,Example Airplane,Main Wing,49,Flpp_GP1_CgP1,124.34824883425101,141.94220307157093,36.54216952727017
7,Example Airplane,Main Wing,49,Frpp_GP1_CgP1,118.63579594127425,180.53840472006885,44.988437396003896
7,Example Airplane,Main Wing,49,Brpp_GP1_CgP1,143.48277091319645,182.51113855226032,48.86151564257069
7,Example Airplane,Main Wing,49,Blpp_GP1_CgP1,149.51706475780435,143.5173447138664,40.159180810434634
7,Example Airplane,Main Wing,50,Flpp_GP1_CgP1,118.63579594127425,180.53840472006885,44.988437396003896
7,Example Airplane,Main Wing,50,Frpp_GP1_CgP1,103.80599968287561,221.87406221717742,52.306716335237375
7,Example Airplane,Main Wing,50,Brpp_GP1_CgP1,126.85666504477052,223.80548411141828,59.2285342935018
7,Example Airplane,Main Wing,50,Blpp_GP1_CgP1,143.48277091319645,182.51113855226032,48.86151564257069
7,Example Airplane,Main Wing,51,Flpp_GP1_CgP1,103.80599968287561,221.87406221717742,52.306716335237375
7,Example Airplane,Main Wing,51,Frpp_GP1_CgP1,82.82034123146941,262.01542556581563,52.58308732393187
7,Example Airplane,Main Wing,51,Brpp_GP1_CgP1,101.49903178448089,264.19640089914907,59.65366405608814
7,Example Airplane,Main Wing,51,Blpp_GP1_CgP1,126.85666504477052,223.80548411141828,59.2285342935018
7,Example Airplane,Main Wing,52,Flpp_GP1_CgP1,82.82034123146941,262.01542556581563,52.58308732393187
7,Example Airplane,Main Wing,52,Frpp_GP1_CgP1,46.60322418496719,296.0076784900462,42.226565375560924
7,Example Airplane,Main Wing,52,Brpp_GP1_CgP1,58.23055865626679,297.5629135005194,49.38377332333803
7,Example Airplane,Main Wing,52,Blpp_GP1_CgP1,101.49903178448089,264.19640089914907,59.65366405608814
7,Example Airplane,Main Wing,53,Flpp_GP1_CgP1,46.60322418496719,296.0076784900462,42.226565375560924
7,Example Airplane,Main Wing,53,Frpp_GP1_CgP1,9.156424440790865,308.1117184600279,22.992575642597416
7,Example Airplane,Main Wing,53,Brpp_GP1_CgP1,12.93398691616531,308.194459838495,26.02416720383265
7,Example Airplane,Main Wing,53,Blpp_GP1_CgP1,58.23055865626679,297.5629135005194,49.38377332333803
7,Example Airplane,Reflected Main Wing,0,Flpp_GP1_CgP1,-9.776528881993462,-307.69528183070435,7.891152283165088
7,Example Airplane,Reflected Main Wing,0,Frpp_GP1_CgP1,-11.045769460203678,-288.2894397992899,5.674108601179789
7,Example Airplane,Reflected Main Wing,0,Brpp_GP1_CgP1,0.2584259741722086,-289.8062842019533,13.338914885336925
7,Example Airplane,Reflected Main Wing,0,Blpp_GP1_CgP1,-5.983925767378944,-307.7789332206236,10.903881255187176
7,Example Airplane,Reflected Main Wing,1,Flpp_GP1_CgP1,-11.045769460203678,-288.2894397992899,5.674108601179789
7,Example Airplane,Reflected Main Wing,1,Frpp_GP1_CgP1,-5.545885979177433,-251.64541029012918,6.452195966082755
7,Example Airplane,Reflected Main Wing,1,Brpp_GP1_CgP1,10.892497143760801,-253.5860185145897,17.83587874646853
7,Example Airplane,Reflected Main Wing,1,Blpp_GP1_CgP1,0.2584259741722086,-289.8062842019533,13.338914885336925
7,Example Airplane,Reflected Main Wing,2,Flpp_GP1_CgP1,-5.545885979177433,-251.64541029012918,6.452195966082755
7,Example Airplane,Reflected Main Wing,2,Frpp_GP1_CgP1,-5.627563375564797,-212.9166336825875,4.475027701298011
7,Example Airplane,Reflected Main Wing,2,Brpp_GP1_CgP1,13.763484994269369,-214.42161930168336,18.75555003685357
7,Example Airplane,Reflected Main Wing,2,Blpp_GP1_CgP1,10.892497143760801,-253.5860185145897,17.83587874646853
7,Example Airplane,Reflected Main Wing,3,Flpp_GP1_CgP1,-5.627563375564797,-212.9166336825875,4.475027701298011
7,Example Airplane,Reflected Main Wing,3,Frpp_GP1_CgP1,-0.293964630212058,-171.34740992725392,4.594276242915716
7,Example Airplane,Reflected Main Wing,3,Brpp_GP1_CgP1,22.739787467594855,-173.10086712184093,14.730416628263548
7,Example Airplane,Reflected Main Wing,3,Blpp_GP1_CgP1,13.763484994269369,-214.42161930168336,18.75555003685357
7,Example Airplane,Reflected Main Wing,4,Flpp_GP1_CgP1,-0.293964630212058,-171.34740992725392,4.594276242915716
7,Example Airplane,Reflected Main Wing,4,Frpp_GP1_CgP1,1.497498551745884,-134.50136428826235,3.841641050115891
7,Example Airplane,Reflected Main Wing,4,Brpp_GP1_CgP1,25.880298497065997,-135.96575992469846,11.087064706747984
7,Example Airplane,Reflected Main Wing,4,Blpp_GP1_CgP1,22.739787467594855,-173.10086712184093,14.730416628263548
7,Example Airplane,Reflected Main Wing,5,Flpp_GP1_CgP1,1.497498551745884,-134.50136428826235,3.841641050115891
7,Example Airplane,Reflected Main Wing,5,Frpp_GP1_CgP1,3.182669106924914,-96.66247666594877,3.078138735665467
7,Example Airplane,Reflected Main Wing,5,Brpp_GP1_CgP1,27.92842388240264,-97.48272258999762,9.027317797770475
7,Example Airplane,Reflected Main Wing,5,Blpp_GP1_CgP1,25.880298497065997,-135.96575992469846,11.087064706747984
7,Example Airplane,Reflected Main Wing,6,Flpp_GP1_CgP1,3.182669106924914,-96.66247666594877,3.078138735665467
7,Example Airplane,Reflected Main Wing,6,Frpp_GP1_CgP1,2.864139717615859,-62.654518018741555,2.0713502457775554
7,Example Airplane,Reflected Main Wing,6,Brpp_GP1_CgP1,28.076229748165602,-63.14329403896038,7.19667098811314
7,Example Airplane,Reflected Main Wing,6,Blpp_GP1_CgP1,27.92842388240264,-97.48272258999762,9.027317797770475
7,Example Airplane,Reflected Main Wing,7,Flpp_GP1_CgP1,2.864139717615859,-62.654518018741555,2.0713502457775554
7,Example Airplane,Reflected Main Wing,7,Frpp_GP1_CgP1,0.35930042147916863,-25.927943911580574,0.8115620696656818
7,Example Airplane,Reflected Main Wing,7,Brpp_GP1_CgP1,26.32281439354346,-25.710805989656876,2.987996075805239
7,Example Airplane,Reflected Main Wing,7,Blpp_GP1_CgP1,28.076229748165602,-63.14329403896038,7.19667098811314
7,Example Airplane,Reflected Main Wing,8,Flpp_GP1_CgP1,0.35930042147916863,-25.927943911580574,0.8115620696656818
7,Example Airplane,Reflected Main Wing,8,Frpp_GP1_CgP1,0.0,-0.5,1.181239809162604e-18
7,Example Airplane,Reflected Main Wing,8,Brpp_GP1_CgP1,26.077839919979876,-0.5020778538720897,-0.06510352527653472
7,Example Airplane,Reflected Main Wing,8,Blpp_GP1_CgP1,26.32281439354346,-25.710805989656876,2.987996075805239
7,Example Airplane,Reflected Main Wing,9,Flpp_GP1_CgP1,-5.983925767378944,-307.7789332206236,10.903881255187176
7,Example Airplane,Reflected Main Wing,9,Frpp_GP1_CgP1,0.2584259741722086,-289.8062842019533,13.338914885336925
7,Example Airplane,Reflected Main Wing,9,Brpp_GP1_CgP1,11.689665819574236,-291.33826100544826,20.809837859094365
7,Example Airplane,Reflected Main Wing,9,Blpp_GP1_CgP1,-2.1943230702955123,-307.8624027850756,13.920388509674915
7,Example Airplane,Reflected Main Wing,10,Flpp_GP1_CgP1,0.2584259741722086,-289.8062842019533,13.338914885336925
7,Example Airplane,Reflected Main Wing,10,Frpp_GP1_CgP1,10.892497143760801,-253.5860185145897,17.83587874646853
7,Example Airplane,Reflected Main Wing,10,Brpp_GP1_CgP1,28.466621072047133,-255.6496885903335,27.32634274698181
7,Example Airplane,Reflected Main Wing,10,Blpp_GP1_CgP1,11.689665819574238,-291.33826100544826,20.809837859094365
7,Example Airplane,Reflected Main Wing,11,Flpp_GP1_CgP1,10.892497143760801,-253.5860185145897,17.83587874646853
7,Example Airplane,Reflected Main Wing,11,Frpp_GP1_CgP1,13.763484994269369,-214.42161930168336,18.75555003685357
7,Example Airplane,Reflected Main Wing,11,Brpp_GP1_CgP1,35.53595204444331,-216.19418191240206,28.947725295456486
7,Example Airplane,Reflected Main Wing,11,Blpp_GP1_CgP1,28.466621072047133,-255.6496885903335,27.32634274698181
7,Example Airplane,Reflected Main Wing,12,Flpp_GP1_CgP1,13.763484994269369,-214.42161930168336,18.75555003685357
7,Example Airplane,Reflected Main Wing,12,Frpp_GP1_CgP1,22.739787467594855,-173.10086712184093,14.730416628263548
7,Example Airplane,Reflected Main Wing,12,Brpp_GP1_CgP1,46.78418992137091,-174.96795698138988,22.121992273537117
7,Example Airplane,Reflected Main Wing,12,Blpp_GP1_CgP1,35.53595204444331,-216.19418191240206,28.947725295456486
7,Example Airplane,Reflected Main Wing,13,Flpp_GP1_CgP1,22.739787467594855,-173.10086712184093,14.730416628263548
7,Example Airplane,Reflected Main Wing,13,Frpp_GP1_CgP1,25.880298497065997,-135.96575992469846,11.087064706747984
7,Example Airplane,Reflected Main Wing,13,Brpp_GP1_CgP1,50.345410612753,-137.440188717651,18.047595167251657
7,Example Airplane,Reflected Main Wing,13,Blpp_GP1_CgP1,46.78418992137091,-174.96795698138988,22.121992273537117
7,Example Airplane,Reflected Main Wing,14,Flpp_GP1_CgP1,25.880298497065997,-135.96575992469846,11.087064706747984
7,Example Airplane,Reflected Main Wing,14,Frpp_GP1_CgP1,27.92842388240264,-97.48272258999762,9.027317797770475
7,Example Airplane,Reflected Main Wing,14,Brpp_GP1_CgP1,52.735326589058694,-98.31090786854426,14.714984083914592
7,Example Airplane,Reflected Main Wing,14,Blpp_GP1_CgP1,50.345410612753,-137.440188717651,18.047595167251657
7,Example Airplane,Reflected Main Wing,15,Flpp_GP1_CgP1,27.92842388240264,-97.48272258999762,9.027317797770475
7,Example Airplane,Reflected Main Wing,15,Frpp_GP1_CgP1,28.076229748165602,-63.14329403896038,7.19667098811314
7,Example Airplane,Reflected Main Wing,15,Brpp_GP1_CgP1,53.56735378622357,-63.681471556457566,10.670560951600205
7,Example Airplane,Reflected Main Wing,15,Blpp_GP1_CgP1,52.735326589058694,-98.31090786854426,14.714984083914592
7,Example Airplane,Reflected Main Wing,16,Flpp_GP1_CgP1,28.076229748165602,-63.14329403896038,7.19667098811314
7,Example Airplane,Reflected Main Wing,16,Frpp_GP1_CgP1,26.32281439354346,-25.710805989656876,2.987996075805239
7,Example Airplane,Reflected Main Wing,16,Brpp_GP1_CgP1,52.31471171678021,-25.50500040595624,4.796217835437855
7,Example Airplane,Reflected Main Wing,16,Blpp_GP1_CgP1,53.56735378622357,-63.681471556457566,10.670560951600205
7,Example Airplane,Reflected Main Wing,17,Flpp_GP1_CgP1,26.32281439354346,-25.710805989656876,2.987996075805239
7,Example Airplane,Reflected Main Wing,17,Frpp_GP1_CgP1,26.077839919979876,-0.5020778538720897,-0.06510352527653472
7,Example Airplane,Reflected Main Wing,17,Brpp_GP1_CgP1,52.155731800214504,-0.5033266026295969,-0.10422944620410146
7,Example Airplane,Reflected Main Wing,17,Blpp_GP1_CgP1,52.31471171678021,-25.50500040595624,4.796217835437854
7,Example Airplane,Reflected Main Wing,18,Flpp_GP1_CgP1,-2.1943230702955123,-307.8624027850756,13.920388509674915
7,Example Airplane,Reflected Main Wing,18,Frpp_GP1_CgP1,11.689665819574236,-291.33826100544826,20.809837859094365
7,Example Airplane,Reflected Main Wing,18,Brpp_GP1_CgP1,23.260555511024997,-292.886810605128,28.05871257524236
7,Example Airplane,Reflected Main Wing,18,Blpp_GP1_CgP1,1.592265171673425,-307.945689819339,16.94068394681734
7,Example Airplane,Reflected Main Wing,19,Flpp_GP1_CgP1,11.689665819574238,-291.33826100544826,20.809837859094365
7,Example Airplane,Reflected Main Wing,19,Frpp_GP1_CgP1,28.466621072047133,-255.6496885903335,27.32634274698181
7,Example Airplane,Reflected Main Wing,19,Brpp_GP1_CgP1,46.482434302031784,-257.76075838225233,35.968880840250776
7,Example Airplane,Reflected Main Wing,19,Blpp_GP1_CgP1,23.260555511024997,-292.886810605128,28.05871257524236
7,Example Airplane,Reflected Main Wing,20,Flpp_GP1_CgP1,28.466621072047133,-255.6496885903335,27.32634274698181
7,Example Airplane,Reflected Main Wing,20,Frpp_GP1_CgP1,35.53595204444331,-216.19418191240206,28.947725295456486
7,Example Airplane,Reflected Main Wing,20,Brpp_GP1_CgP1,57.91528259937993,-218.03885699493497,37.82094299623216
7,Example Airplane,Reflected Main Wing,20,Blpp_GP1_CgP1,46.482434302031784,-257.76075838225233,35.968880840250776
7,Example Airplane,Reflected Main Wing,21,Flpp_GP1_CgP1,35.53595204444331,-216.19418191240206,28.947725295456486
7,Example Airplane,Reflected Main Wing,21,Frpp_GP1_CgP1,46.78418992137091,-174.96795698138988,22.121992273537117
7,Example Airplane,Reflected Main Wing,21,Brpp_GP1_CgP1,70.95548261759005,-176.85001344867345,29.10816976723553
7,Example Airplane,Reflected Main Wing,21,Blpp_GP1_CgP1,57.91528259937993,-218.03885699493497,37.82094299623216
7,Example Airplane,Reflected Main Wing,22,Flpp_GP1_CgP1,46.78418992137091,-174.96795698138988,22.121992273537117
7,Example Airplane,Reflected Main Wing,22,Frpp_GP1_CgP1,50.345410612753,-137.440188717651,18.047595167251657
7,Example Airplane,Reflected Main Wing,22,Brpp_GP1_CgP1,74.8918764197492,-138.9247720822705,24.712068993124696
7,Example Airplane,Reflected Main Wing,22,Blpp_GP1_CgP1,70.95548261759005,-176.85001344867345,29.10816976723553
7,Example Airplane,Reflected Main Wing,23,Flpp_GP1_CgP1,50.345410612753,-137.440188717651,18.047595167251657
7,Example Airplane,Reflected Main Wing,23,Frpp_GP1_CgP1,52.735326589058694,-98.31090786854426,14.714984083914592
7,Example Airplane,Reflected Main Wing,23,Brpp_GP1_CgP1,77.5811257970699,-99.1442824836972,20.229803687524694
7,Example Airplane,Reflected Main Wing,23,Blpp_GP1_CgP1,74.8918764197492,-138.9247720822705,24.712068993124696
7,Example Airplane,Reflected Main Wing,24,Flpp_GP1_CgP1,52.735326589058694,-98.31090786854426,14.714984083914592
7,Example Airplane,Reflected Main Wing,24,Frpp_GP1_CgP1,53.56735378622357,-63.681471556457566,10.670560951600205
7,Example Airplane,Reflected Main Wing,24,Brpp_GP1_CgP1,79.1260389340335,-64.23492268492022,13.61598669965066
7,Example Airplane,Reflected Main Wing,24,Blpp_GP1_CgP1,77.5811257970699,-99.1442824836972,20.229803687524694
7,Example Airplane,Reflected Main Wing,25,Flpp_GP1_CgP1,53.56735378622357,-63.681471556457566,10.670560951600205
7,Example Airplane,Reflected Main Wing,25,Frpp_GP1_CgP1,52.31471171678021,-25.50500040595624,4.796217835437855
7,Example Airplane,Reflected Main Wing,25,Brpp_GP1_CgP1,78.3273052593413,-25.30922408512596,6.279381248714862
7,Example Airplane,Reflected Main Wing,25,Blpp_GP1_CgP1,79.1260389340335,-64.23492268492022,13.61598669965066
7,Example Airplane,Reflected Main Wing,26,Flpp_GP1_CgP1,52.31471171678021,-25.50500040595624,4.796217835437854
7,Example Airplane,Reflected Main Wing,26,Frpp_GP1_CgP1,52.155731800214504,-0.5033266026295969,-0.10422944620410146
7,Example Airplane,Reflected Main Wing,26,Brpp_GP1_CgP1,78.23364978023987,-0.5037434116015973,-0.11728894658986327
7,Example Airplane,Reflected Main Wing,26,Blpp_GP1_CgP1,78.3273052593413,-25.30922408512596,6.279381248714862
7,Example Airplane,Reflected Main Wing,27,Flpp_GP1_CgP1,1.592265171673425,-307.945689819339,16.94068394681734
7,Example Airplane,Reflected Main Wing,27,Frpp_GP1_CgP1,23.260555511024997,-292.886810605128,28.05871257524236
7,Example Airplane,Reflected Main Wing,27,Brpp_GP1_CgP1,34.95278927656359,-294.44971292903915,35.10767735851591
7,Example Airplane,Reflected Main Wing,27,Blpp_GP1_CgP1,5.375845862411889,-308.02879488653247,19.96475116091399
7,Example Airplane,Reflected Main Wing,28,Flpp_GP1_CgP1,23.260555511024997,-292.886810605128,28.05871257524236
7,Example Airplane,Reflected Main Wing,28,Frpp_GP1_CgP1,46.482434302031784,-257.76075838225233,35.968880840250776
7,Example Airplane,Reflected Main Wing,28,Brpp_GP1_CgP1,64.56069404558465,-259.8784755320276,44.4783867440011
7,Example Airplane,Reflected Main Wing,28,Blpp_GP1_CgP1,34.95278927656359,-294.44971292903915,35.10767735851591
7,Example Airplane,Reflected Main Wing,29,Flpp_GP1_CgP1,46.482434302031784,-257.76075838225233,35.968880840250776
7,Example Airplane,Reflected Main Wing,29,Frpp_GP1_CgP1,57.91528259937993,-218.03885699493497,37.82094299623216
7,Example Airplane,Reflected Main Wing,29,Brpp_GP1_CgP1,80.7576057073824,-219.94292850368672,45.3786714447942
7,Example Airplane,Reflected Main Wing,29,Blpp_GP1_CgP1,64.56069404558465,-259.8784755320276,44.4783867440011
7,Example Airplane,Reflected Main Wing,30,Flpp_GP1_CgP1,57.91528259937993,-218.03885699493497,37.82094299623216
7,Example Airplane,Reflected Main Wing,30,Frpp_GP1_CgP1,70.95548261759005,-176.85001344867345,29.10816976723553
7,Example Airplane,Reflected Main Wing,30,Brpp_GP1_CgP1,94.446955851045,-178.65335632444928,38.13847300658921
7,Example Airplane,Reflected Main Wing,30,Blpp_GP1_CgP1,80.7576057073824,-219.94292850368672,45.3786714447942
7,Example Airplane,Reflected Main Wing,31,Flpp_GP1_CgP1,70.95548261759005,-176.85001344867345,29.10816976723553
7,Example Airplane,Reflected Main Wing,31,Frpp_GP1_CgP1,74.8918764197492,-138.9247720822705,24.712068993124696
7,Example Airplane,Reflected Main Wing,31,Brpp_GP1_CgP1,99.51511217835574,-140.41912222584918,31.0859619957989
7,Example Airplane,Reflected Main Wing,31,Blpp_GP1_CgP1,94.446955851045,-178.65335632444928,38.13847300658921
7,Example Airplane,Reflected Main Wing,32,Flpp_GP1_CgP1,74.8918764197492,-138.9247720822705,24.712068993124696
7,Example Airplane,Reflected Main Wing,32,Frpp_GP1_CgP1,77.5811257970699,-99.1442824836972,20.229803687524694
7,Example Airplane,Reflected Main Wing,32,Brpp_GP1_CgP1,102.44053357720439,-99.97952046219551,25.68191748353866
7,Example Airplane,Reflected Main Wing,32,Blpp_GP1_CgP1,99.51511217835574,-140.41912222584918,31.0859619957989
7,Example Airplane,Reflected Main Wing,33,Flpp_GP1_CgP1,77.5811257970699,-99.1442824836972,20.229803687524694
7,Example Airplane,Reflected Main Wing,33,Frpp_GP1_CgP1,79.1260389340335,-64.23492268492022,13.61598669965066
7,Example Airplane,Reflected Main Wing,33,Brpp_GP1_CgP1,104.83305549396947,-64.84312424485783,14.577331487409353
7,Example Airplane,Reflected Main Wing,33,Blpp_GP1_CgP1,102.44053357720439,-99.97952046219551,25.68191748353866
7,Example Airplane,Reflected Main Wing,34,Flpp_GP1_CgP1,79.1260389340335,-64.23492268492022,13.61598669965066
7,Example Airplane,Reflected Main Wing,34,Frpp_GP1_CgP1,78.3273052593413,-25.30922408512596,6.279381248714862
7,Example Airplane,Reflected Main Wing,34,Brpp_GP1_CgP1,104.35715444085531,-25.12408858836359,7.418530552314637
7,Example Airplane,Reflected Main Wing,34,Blpp_GP1_CgP1,104.83305549396947,-64.84312424485783,14.577331487409353
7,Example Airplane,Reflected Main Wing,35,Flpp_GP1_CgP1,78.3273052593413,-25.30922408512596,6.279381248714862
7,Example Airplane,Reflected Main Wing,35,Frpp_GP1_CgP1,78.23364978023987,-0.5037434116015973,-0.11728894658986327
7,Example Airplane,Reflected Main Wing,35,Brpp_GP1_CgP1,104.31156785410995,-0.50333122418243,-0.10437424915955595
7,Example Airplane,Reflected Main Wing,35,Blpp_GP1_CgP1,104.35715444085531,-25.12408858836359,7.418530552314637
7,Example Airplane,Reflected Main Wing,36,Flpp_GP1_CgP1,5.375845862411889,-308.02879488653247,19.96475116091399
7,Example Airplane,Reflected Main Wing,36,Frpp_GP1_CgP1,34.95278927656359,-294.44971292903915,35.10767735851591
7,Example Airplane,Reflected Main Wing,36,Brpp_GP1_CgP1,46.60322418496719,-296.0076784900462,42.226565375560924
7,Example Airplane,Reflected Main Wing,36,Blpp_GP1_CgP1,9.156424440790865,-308.1117184600279,22.992575642597416
7,Example Airplane,Reflected Main Wing,37,Flpp_GP1_CgP1,34.95278927656359,-294.44971292903915,35.10767735851591
7,Example Airplane,Reflected Main Wing,37,Frpp_GP1_CgP1,64.56069404558465,-259.8784755320276,44.4783867440011
7,Example Airplane,Reflected Main Wing,37,Brpp_GP1_CgP1,82.82034123146941,-262.01542556581563,52.58308732393187
7,Example Airplane,Reflected Main Wing,37,Blpp_GP1_CgP1,46.60322418496719,-296.0076784900462,42.226565375560924
7,Example Airplane,Reflected Main Wing,38,Flpp_GP1_CgP1,64.56069404558465,-259.8784755320276,44.4783867440011
7,Example Airplane,Reflected Main Wing,38,Frpp_GP1_CgP1,80.7576057073824,-219.94292850368672,45.3786714447942
7,Example Airplane,Reflected Main Wing,38,Brpp_GP1_CgP1,103.80599968287561,-221.87406221717742,52.306716335237375
7,Example Airplane,Reflected Main Wing,38,Blpp_GP1_CgP1,82.82034123146941,-262.01542556581563,52.58308732393187
7,Example Airplane,Reflected Main Wing,39,Flpp_GP1_CgP1,80.7576057073824,-219.94292850368672,45.3786714447942
7,Example Airplane,Reflected Main Wing,39,Frpp_GP1_CgP1,94.446955851045,-178.65335632444928,38.13847300658921
7,Example Airplane,Reflected Main Wing,39,Brpp_GP1_CgP1,118.63579594127425,-180.53840472006885,44.988437396003896
7,Example Airplane,Reflected Main Wing,39,Blpp_GP1_CgP1,103.80599968287561,-221.87406221717742,52.306716335237375
7,Example Airplane,Reflected Main Wing,40,Flpp_GP1_CgP1,94.446955851045,-178.65335632444928,38.13847300658921
7,Example Airplane,Reflected Main Wing,40,Frpp_GP1_CgP1,99.51511217835574,-140.41912222584918,31.0859619957989
7,Example Airplane,Reflected Main Wing,40,Brpp_GP1_CgP1,124.34824883425101,-141.94220307157093,36.54216952727017
7,Example Airplane,Reflected Main Wing,40,Blpp_GP1_CgP1,118.63579594127425,-180.53840472006885,44.988437396003896
7,Example Airplane,Reflected Main Wing,41,Flpp_GP1_CgP1,99.51511217835574,-140.41912222584918,31.0859619957989
7,Example Airplane,Reflected Main Wing,41,Frpp_GP1_CgP1,102.44053357720439,-99.97952046219551,25.68191748353866
7,Example Airplane,Reflected Main Wing,41,Brpp_GP1_CgP1,127.50472019731014,-100.84576635141813,30.051772166956958
7,Example Airplane,Reflected Main Wing,41,Blpp_GP1_CgP1,124.34824883425101,-141.94220307157093,36.54216952727017
7,Example Airplane,Reflected Main Wing,42,Flpp_GP1_CgP1,102.44053357720439,-99.97952046219551,25.68191748353866
7,Example Airplane,Reflected Main Wing,42,Frpp_GP1_CgP1,104.83305549396947,-64.84312424485783,14.577331487409353
7,Example Airplane,Reflected Main Wing,42,Brpp_GP1_CgP1,130.46156265700296,-65.41664725017088,16.81014373425928
7,Example Airplane,Reflected Main Wing,42,Blpp_GP1_CgP1,127.50472019731014,-100.84576635141813,30.051772166956958
7,Example Airplane,Reflected Main Wing,43,Flpp_GP1_CgP1,104.83305549396947,-64.84312424485783,14.577331487409353
7,Example Airplane,Reflected Main Wing,43,Frpp_GP1_CgP1,104.35715444085531,-25.12408858836359,7.418530552314637
7,Example Airplane,Reflected Main Wing,43,Brpp_GP1_CgP1,130.40223634118828,-24.952098185170556,8.133823382254837
7,Example Airplane,Reflected Main Wing,43,Blpp_GP1_CgP1,130.46156265700296,-65.41664725017088,16.81014373425928
7,Example Airplane,Reflected Main Wing,44,Flpp_GP1_CgP1,104.35715444085531,-25.12408858836359,7.418530552314637
7,Example Airplane,Reflected Main Wing,44,Frpp_GP1_CgP1,104.31156785410995,-0.50333122418243,-0.10437424915955595
7,Example Airplane,Reflected Main Wing,44,Brpp_GP1_CgP1,130.3894602141573,-0.5020925720219225,-0.06556467581870408
7,Example Airplane,Reflected Main Wing,44,Blpp_GP1_CgP1,130.40223634118828,-24.952098185170556,8.133823382254837
7,Example Airplane,Reflected Main Wing,45,Flpp_GP1_CgP1,9.156424440790865,-308.1117184600279,22.992575642597416
7,Example Airplane,Reflected Main Wing,45,Frpp_GP1_CgP1,46.60322418496719,-296.0076784900462,42.226565375560924
7,Example Airplane,Reflected Main Wing,45,Brpp_GP1_CgP1,58.23055865626679,-297.5629135005194,49.38377332333803
7,Example Airplane,Reflected Main Wing,45,Blpp_GP1_CgP1,12.93398691616531,-308.194459838495,26.02416720383265
7,Example Airplane,Reflected Main Wing,46,Flpp_GP1_CgP1,46.60322418496719,-296.0076784900462,42.226565375560924
7,Example Airplane,Reflected Main Wing,46,Frpp_GP1_CgP1,82.82034123146941,-262.01542556581563,52.58308732393187
7,Example Airplane,Reflected Main Wing,46,Brpp_GP1_CgP1,101.49903178448089,-264.19640089914907,59.65366405608814
7,Example Airplane,Reflected Main Wing,46,Blpp_GP1_CgP1,58.23055865626679,-297.5629135005194,49.38377332333803
7,Example Airplane,Reflected Main Wing,47,Flpp_GP1_CgP1,82.82034123146941,-262.01542556581563,52.58308732393187
7,Example Airplane,Reflected Main Wing,47,Frpp_GP1_CgP1,103.80599968287561,-221.87406221717742,52.306716335237375
7,Example Airplane,Reflected Main Wing,47,Brpp_GP1_CgP1,126.85666504477052,-223.80548411141828,59.2285342935018
7,Example Airplane,Reflected Main Wing,47,Blpp_GP1_CgP1,101.49903178448089,-264.19640089914907,59.65366405608814
7,Example Airplane,Reflected Main Wing,48,Flpp_GP1_CgP1,103.80599968287561,-221.87406221717742,52.306716335237375
7,Example Airplane,Reflected Main Wing,48,Frpp_GP1_CgP1,118.63579594127425,-180.53840472006885,44.988437396003896
7,Example Airplane,Reflected Main Wing,48,Brpp_GP1_CgP1,143.48277091319645,-182.51113855226032,48.86151564257069
7,Example Airplane,Reflected Main Wing,48,Blpp_GP1_CgP1,126.85666504477052,-223.80548411141828,59.2285342935018
7,Example Airplane,Reflected Main Wing,49,Flpp_GP1_CgP1,118.63579594127425,-180.53840472006885,44.988437396003896
7,Example Airplane,Reflected Main Wing,49,Frpp_GP1_CgP1,124.34824883425101,-141.94220307157093,36.54216952727017
7,Example Airplane,Reflected Main Wing,49,Brpp_GP1_CgP1,149.51706475780435,-143.5173447138664,40.159180810434634
7,Example Airplane,Reflected Main Wing,49,Blpp_GP1_CgP1,143.48277091319645,-182.51113855226032,48.86151564257069
7,Example Airplane,Reflected Main Wing,50,Flpp_GP1_CgP1,124.34824883425101,-141.94220307157093,36.54216952727017
7,Example Airplane,Reflected Main Wing,50,Frpp_GP1_CgP1,127.50472019731014,-100.84576635141813,30.051772166956958
7,Example Airplane,Reflected Main Wing,50,Brpp_GP1_CgP1,152.81612777802485,-101.75928624250523,32.65539161808192
7,Example Airplane,Reflected Main Wing,50,Blpp_GP1_CgP1,149.51706475780435,-143.5173447138664,40.159180810434634
7,Example Airplane,Reflected Main Wing,51,Flpp_GP1_CgP1,127.50472019731014,-100.84576635141813,30.051772166956958
7,Example Airplane,Reflected Main Wing,51,Frpp_GP1_CgP1,130.46156265700296,-65.41664725017088,16.81014373425928
7,Example Airplane,Reflected Main Wing,51,Brpp_GP1_CgP1,156.04724418348582,-65.97685873983296,19.518882658340523
7,Example Airplane,Reflected Main Wing,51,Blpp_GP1_CgP1,152.81612777802485,-101.75928624250523,32.65539161808192
7,Example Airplane,Reflected Main Wing,52,Flpp_GP1_CgP1,130.46156265700296,-65.41664725017088,16.81014373425928
7,Example Airplane,Reflected Main Wing,52,Frpp_GP1_CgP1,130.40223634118828,-24.952098185170556,8.133823382254837
7,Example Airplane,Reflected Main Wing,52,Brpp_GP1_CgP1,156.45499649791537,-24.791623303502817,8.478847292772327
7,Example Airplane,Reflected Main Wing,52,Blpp_GP1_CgP1,156.04724418348582,-65.97685873983296,19.518882658340523
7,Example Airplane,Reflected Main Wing,53,Flpp_GP1_CgP1,130.40223634118828,-24.952098185170556,8.133823382254837
7,Example Airplane,Reflected Main Wing,53,Frpp_GP1_CgP1,130.3894602141573,-0.5020925720219225,-0.06556467581870408
7,Example Airplane,Reflected Main Wing,53,Brpp_GP1_CgP1,156.4673009013703,-0.5000246373297306,-0.0007719392785061308
7,Example Airplane,Reflected Main Wing,53,Blpp_GP1_CgP1,156.45499649791537,-24.791623303502817,8.478847292772327
8,Example Airplane,Main Wing,0,Flpp_GP1_CgP1,0.0,0.5,-7.586719018948953e-19
8,Example Airplane,Main Wing,0,Frpp_GP1_CgP1,0.3740781836906239,25.969178728013393,0.9283914078447598
8,Example Airplane,Main Wing,0,Brpp_GP1_CgP1,26.345502780913353,25.775662381029527,3.053595611175548
8,Example Airplane,Main Wing,0,Blpp_GP1_CgP1,26.077839919979876,0.5023727578775614,-0.06509344437192292
8,Example Airplane,Main Wing,1,Flpp_GP1_CgP1,0.3740781836906239,25.969178728013393,0.9283914078447598
8,Example Airplane,Main Wing,1,Frpp_GP1_CgP1,2.8273030020302357,62.76288750830858,2.3512959614749103
8,Example Airplane,Main Wing,1,Brpp_GP1_CgP1,28.052662923391974,63.24502736488187,7.403628025762963
8,Example Airplane,Main Wing,1,Blpp_GP1_CgP1,26.345502780913353,25.775662381029527,3.053595611175548
8,Example Airplane,Main Wing,2,Flpp_GP1_CgP1,2.8273030020302357,62.76288750830858,2.3512959614749103
8,Example Airplane,Main Wing,2,Frpp_GP1_CgP1,3.0753890742756695,96.83640540988566,3.5127188585609677
8,Example Airplane,Main Wing,2,Brpp_GP1_CgP1,27.865688923365408,97.6642003390933,9.255790493056448
8,Example Airplane,Main Wing,2,Blpp_GP1_CgP1,28.052662923391974,63.24502736488187,7.403628025762963
8,Example Airplane,Main Wing,3,Flpp_GP1_CgP1,3.0753890742756695,96.83640540988566,3.5127188585609677
8,Example Airplane,Main Wing,3,Frpp_GP1_CgP1,1.2605859470123058,134.64099744427838,4.448726508968756
8,Example Airplane,Main Wing,3,Brpp_GP1_CgP1,25.71750925162103,136.10145210798225,11.408278170415757
8,Example Airplane,Main Wing,3,Blpp_GP1_CgP1,27.865688923365408,97.6642003390933,9.255790493056448
8,Example Airplane,Main Wing,4,Flpp_GP1_CgP1,1.2605859470123058,134.64099744427838,4.448726508968756
8,Example Airplane,Main Wing,4,Frpp_GP1_CgP1,-0.6423984116604693,171.5010340654008,5.371229722328933
8,Example Airplane,Main Wing,4,Brpp_GP1_CgP1,22.558154200222326,173.24486400894432,15.056110697761635
8,Example Airplane,Main Wing,4,Blpp_GP1_CgP1,25.71750925162103,136.10145210798225,11.408278170415757
8,Example Airplane,Main Wing,5,Flpp_GP1_CgP1,-0.6423984116604693,171.5010340654008,5.371229722328933
8,Example Airplane,Main Wing,5,Frpp_GP1_CgP1,-6.45614036251137,213.34310919130365,5.396612342700209
8,Example Airplane,Main Wing,5,Brpp_GP1_CgP1,12.853285239827787,214.86040950264598,19.878961382679275
8,Example Airplane,Main Wing,5,Blpp_GP1_CgP1,22.558154200222326,173.24486400894432,15.056110697761635
8,Example Airplane,Main Wing,6,Flpp_GP1_CgP1,-6.45614036251137,213.34310919130365,5.396612342700209
8,Example Airplane,Main Wing,6,Frpp_GP1_CgP1,-6.301059086298378,252.0228033954894,7.662446594555295
8,Example Airplane,Main Wing,6,Brpp_GP1_CgP1,10.330492612900578,253.97606403620082,18.648883974038412
8,Example Airplane,Main Wing,6,Blpp_GP1_CgP1,12.853285239827787,214.86040950264598,19.878961382679275
8,Example Airplane,Main Wing,7,Flpp_GP1_CgP1,-6.301059086298378,252.0228033954894,7.662446594555295
8,Example Airplane,Main Wing,7,Frpp_GP1_CgP1,-12.07702547496123,288.65150359585385,7.100800619152789
8,Example Airplane,Main Wing,7,Brpp_GP1_CgP1,-0.7013542014121601,290.18890219904074,14.542453538804551
8,Example Airplane,Main Wing,7,Blpp_GP1_CgP1,10.330492612900578,253.97606403620082,18.648883974038412
8,Example Airplane,Main Wing,8,Flpp_GP1_CgP1,-12.07702547496123,288.65150359585385,7.100800619152789
8,Example Airplane,Main Wing,8,Frpp_GP1_CgP1,-11.114500939241209,308.15567873238535,9.227647725153606
8,Example Airplane,Main Wing,8,Brpp_GP1_CgP1,-7.268566234485805,308.27665897611666,12.184873974415266
8,Example Airplane,Main Wing,8,Blpp_GP1_CgP1,-0.7013542014121601,290.18890219904074,14.542453538804551
8,Example Airplane,Main Wing,9,Flpp_GP1_CgP1,26.077839919979876,0.5023727578775614,-0.06509344437192292
8,Example Airplane,Main Wing,9,Frpp_GP1_CgP1,26.345502780913353,25.775662381029527,3.053595611175548
8,Example Airplane,Main Wing,9,Brpp_GP1_CgP1,52.3450026630053,25.59541150100734,4.804343736131289
8,Example Airplane,Main Wing,9,Blpp_GP1_CgP1,52.155731800214504,0.5037987380637864,-0.10421330687676918
8,Example Airplane,Main Wing,10,Flpp_GP1_CgP1,26.345502780913353,25.775662381029527,3.053595611175548
8,Example Airplane,Main Wing,10,Frpp_GP1_CgP1,28.052662923391974,63.24502736488187,7.403628025762963
8,Example Airplane,Main Wing,10,Brpp_GP1_CgP1,53.570407660176826,63.78935745764657,10.66206983632669
8,Example Airplane,Main Wing,10,Blpp_GP1_CgP1,52.3450026630053,25.59541150100734,4.804343736131289
8,Example Airplane,Main Wing,11,Flpp_GP1_CgP1,28.052662923391974,63.24502736488187,7.403628025762963
8,Example Airplane,Main Wing,11,Frpp_GP1_CgP1,27.865688923365408,97.6642003390933,9.255790493056448
8,Example Airplane,Main Wing,11,Brpp_GP1_CgP1,52.717565278059006,98.50165836156492,14.724740984619197
8,Example Airplane,Main Wing,11,Blpp_GP1_CgP1,53.570407660176826,63.78935745764657,10.66206983632669
8,Example Airplane,Main Wing,12,Flpp_GP1_CgP1,27.865688923365408,97.6642003390933,9.255790493056448
8,Example Airplane,Main Wing,12,Frpp_GP1_CgP1,25.71750925162103,136.10145210798225,11.408278170415757
8,Example Airplane,Main Wing,12,Brpp_GP1_CgP1,50.24811027171879,137.57254546344973,18.101418229279634
8,Example Airplane,Main Wing,12,Blpp_GP1_CgP1,52.717565278059006,98.50165836156492,14.724740984619197
8,Example Airplane,Main Wing,13,Flpp_GP1_CgP1,25.71750925162103,136.10145210798225,11.408278170415757
8,Example Airplane,Main Wing,13,Frpp_GP1_CgP1,22.558154200222326,173.24486400894432,15.056110697761635
8,Example Airplane,Main Wing,13,Brpp_GP1_CgP1,46.669437122978906,175.108055828445,22.14005393097117
8,Example Airplane,Main Wing,13,Blpp_GP1_CgP1,50.24811027171879,137.57254546344973,18.101418229279634
8,Example Airplane,Main Wing,14,Flpp_GP1_CgP1,22.558154200222326,173.24486400894432,15.056110697761635
8,Example Airplane,Main Wing,14,Frpp_GP1_CgP1,12.853285239827787,214.86040950264598,19.878961382679275
8,Example Airplane,Main Wing,14,Brpp_GP1_CgP1,34.714790672768,216.70253805036208,29.98646219101626
8,Example Airplane,Main Wing,14,Blpp_GP1_CgP1,46.669437122978906,175.108055828445,22.14005393097117
8,Example Airplane,Main Wing,15,Flpp_GP1_CgP1,12.853285239827787,214.86040950264598,19.878961382679275
8,Example Airplane,Main Wing,15,Frpp_GP1_CgP1,10.330492612900578,253.97606403620082,18.648883974038412
8,Example Airplane,Main Wing,15,Brpp_GP1_CgP1,28.02304037729237,256.0608755318593,27.78059832079382
8,Example Airplane,Main Wing,15,Blpp_GP1_CgP1,34.714790672768,216.70253805036208,29.98646219101626
8,Example Airplane,Main Wing,16,Flpp_GP1_CgP1,10.330492612900578,253.97606403620082,18.648883974038412
8,Example Airplane,Main Wing,16,Frpp_GP1_CgP1,-0.7013542014121601,290.18890219904074,14.542453538804551
8,Example Airplane,Main Wing,16,Brpp_GP1_CgP1,10.815937839310596,291.7453818530432,21.758967252477586
8,Example Airplane,Main Wing,16,Blpp_GP1_CgP1,28.02304037729237,256.0608755318593,27.78059832079382
8,Example Airplane,Main Wing,17,Flpp_GP1_CgP1,-0.7013542014121601,290.18890219904074,14.542453538804551
8,Example Airplane,Main Wing,17,Frpp_GP1_CgP1,-7.268566234485805,308.27665897611666,12.184873974415266
8,Example Airplane,Main Wing,17,Brpp_GP1_CgP1,-3.425574261948631,308.39741813682286,15.145932395561598
8,Example Airplane,Main Wing,17,Blpp_GP1_CgP1,10.815937839310594,291.7453818530432,21.758967252477586
8,Example Airplane,Main Wing,18,Flpp_GP1_CgP1,52.155731800214504,0.5037987380637864,-0.10421330687676918
8,Example Airplane,Main Wing,18,Frpp_GP1_CgP1,52.3450026630053,25.59541150100734,4.804343736131289
8,Example Airplane,Main Wing,18,Brpp_GP1_CgP1,78.36477992344967,25.426892440167318,6.224503279732348
8,Example Airplane,Main Wing,18,Blpp_GP1_CgP1,78.23364978023987,0.504274703570811,-0.11727078507437592
8,Example Airplane,Main Wing,19,Flpp_GP1_CgP1,52.3450026630053,25.59541150100734,4.804343736131289
8,Example Airplane,Main Wing,19,Frpp_GP1_CgP1,53.570407660176826,63.78935745764657,10.66206983632669
8,Example Airplane,Main Wing,19,Brpp_GP1_CgP1,79.14549049765543,64.34945444297269,13.451847368241385
8,Example Airplane,Main Wing,19,Blpp_GP1_CgP1,78.36477992344967,25.426892440167318,6.224503279732348
8,Example Airplane,Main Wing,20,Flpp_GP1_CgP1,53.570407660176826,63.78935745764657,10.66206983632669
8,Example Airplane,Main Wing,20,Frpp_GP1_CgP1,52.717565278059006,98.50165836156492,14.724740984619197
8,Example Airplane,Main Wing,20,Brpp_GP1_CgP1,77.60392288059111,99.34468617016624,20.03417410689967
8,Example Airplane,Main Wing,20,Blpp_GP1_CgP1,79.14549049765543,64.34945444297269,13.451847368241385
8,Example Airplane,Main Wing,21,Flpp_GP1_CgP1,52.717565278059006,98.50165836156492,14.724740984619197
8,Example Airplane,Main Wing,21,Frpp_GP1_CgP1,50.24811027171879,137.57254546344973,18.101418229279634
8,Example Airplane,Main Wing,21,Brpp_GP1_CgP1,74.85673153800666,139.0552289750897,24.497501016114143
8,Example Airplane,Main Wing,21,Blpp_GP1_CgP1,77.60392288059111,99.34468617016624,20.03417410689967
8,Example Airplane,Main Wing,22,Flpp_GP1_CgP1,50.24811027171879,137.57254546344973,18.101418229279634
8,Example Airplane,Main Wing,22,Frpp_GP1_CgP1,46.669437122978906,175.108055828445,22.14005393097117
8,Example Airplane,Main Wing,22,Brpp_GP1_CgP1,70.89313450392277,176.9869274003416,28.847528044590568
8,Example Airplane,Main Wing,22,Blpp_GP1_CgP1,74.85673153800666,139.0552289750897,24.497501016114143
8,Example Airplane,Main Wing,23,Flpp_GP1_CgP1,46.669437122978906,175.108055828445,22.14005393097117
8,Example Airplane,Main Wing,23,Frpp_GP1_CgP1,34.714790672768,216.70253805036208,29.98646219101626
8,Example Airplane,Main Wing,23,Brpp_GP1_CgP1,57.29660896087068,218.64392215781388,38.47593263907715
8,Example Airplane,Main Wing,23,Blpp_GP1_CgP1,70.89313450392277,176.9869274003416,28.847528044590568
8,Example Airplane,Main Wing,24,Flpp_GP1_CgP1,34.714790672768,216.70253805036208,29.98646219101626
8,Example Airplane,Main Wing,24,Frpp_GP1_CgP1,28.02304037729237,256.0608755318593,27.78059832079382
8,Example Airplane,Main Wing,24,Brpp_GP1_CgP1,46.14135760161939,258.19879185968784,36.05228573162684
8,Example Airplane,Main Wing,24,Blpp_GP1_CgP1,57.29660896087068,218.64392215781388,38.47593263907715
8,Example Airplane,Main Wing,25,Flpp_GP1_CgP1,28.02304037729237,256.0608755318593,27.78059832079382
8,Example Airplane,Main Wing,25,Frpp_GP1_CgP1,10.815937839310596,291.7453818530432,21.758967252477586
8,Example Airplane,Main Wing,25,Brpp_GP1_CgP1,22.486761118550085,293.32254501020543,28.71903135156409
8,Example Airplane,Main Wing,25,Blpp_GP1_CgP1,46.14135760161939,258.19879185968784,36.05228573162684
8,Example Airplane,Main Wing,26,Flpp_GP1_CgP1,10.815937839310594,291.7453818530432,21.758967252477586
8,Example Airplane,Main Wing,26,Frpp_GP1_CgP1,-3.425574261948631,308.39741813682286,15.145932395561598
8,Example Airplane,Main Wing,26,Brpp_GP1_CgP1,0.41446108461581943,308.5179553383893,18.110833128310045
8,Example Airplane,Main Wing,26,Blpp_GP1_CgP1,22.486761118550085,293.32254501020543,28.71903135156409
8,Example Airplane,Main Wing,27,Flpp_GP1_CgP1,78.23364978023987,0.504274703570811,-0.11727078507437592
8,Example Airplane,Main Wing,27,Frpp_GP1_CgP1,78.36477992344967,25.426892440167318,6.224503279732348
8,Example Airplane,Main Wing,27,Brpp_GP1_CgP1,104.40121115222423,25.270811011978488,7.294797977791637
8,Example Airplane,Main Wing,27,Blpp_GP1_CgP1,104.31156785410995,0.5038040155407246,-0.10435808741032292
8,Example Airplane,Main Wing,28,Flpp_GP1_CgP1,78.36477992344967,25.426892440167318,6.224503279732348
8,Example Airplane,Main Wing,28,Frpp_GP1_CgP1,79.14549049765543,64.34945444297269,13.451847368241385
8,Example Airplane,Main Wing,28,Brpp_GP1_CgP1,104.85143837666594,64.9688323895661,14.409561903632682
8,Example Airplane,Main Wing,28,Blpp_GP1_CgP1,104.40121115222423,25.270811011978488,7.294797977791637
8,Example Airplane,Main Wing,29,Flpp_GP1_CgP1,79.14549049765543,64.34945444297269,13.451847368241385
8,Example Airplane,Main Wing,29,Frpp_GP1_CgP1,77.60392288059111,99.34468617016624,20.03417410689967
8,Example Airplane,Main Wing,29,Brpp_GP1_CgP1,102.49612622448103,100.18869261067574,25.31526084346566
8,Example Airplane,Main Wing,29,Blpp_GP1_CgP1,104.85143837666594,64.9688323895661,14.409561903632682
8,Example Airplane,Main Wing,30,Flpp_GP1_CgP1,77.60392288059111,99.34468617016624,20.03417410689967
8,Example Airplane,Main Wing,30,Frpp_GP1_CgP1,74.85673153800666,139.0552289750897,24.497501016114143
8,Example Airplane,Main Wing,30,Brpp_GP1_CgP1,99.54268599430122,140.54966489626887,30.58696758371653
8,Example Airplane,Main Wing,30,Blpp_GP1_CgP1,102.49612622448103,100.18869261067574,25.31526084346566
8,Example Airplane,Main Wing,31,Flpp_GP1_CgP1,74.85673153800666,139.0552289750897,24.497501016114143
8,Example Airplane,Main Wing,31,Frpp_GP1_CgP1,70.89313450392277,176.9869274003416,28.847528044590568
8,Example Airplane,Main Wing,31,Brpp_GP1_CgP1,94.47782416551243,178.77899130625931,37.559016865337284
8,Example Airplane,Main Wing,31,Blpp_GP1_CgP1,99.54268599430122,140.54966489626887,30.58696758371653
8,Example Airplane,Main Wing,32,Flpp_GP1_CgP1,70.89313450392277,176.9869274003416,28.847528044590568
8,Example Airplane,Main Wing,32,Frpp_GP1_CgP1,57.29660896087068,218.64392215781388,38.47593263907715
8,Example Airplane,Main Wing,32,Brpp_GP1_CgP1,80.29597562057813,220.6490066731063,45.71556267422413
8,Example Airplane,Main Wing,32,Blpp_GP1_CgP1,94.47782416551243,178.77899130625931,37.559016865337284
8,Example Airplane,Main Wing,33,Flpp_GP1_CgP1,57.29660896087068,218.64392215781388,38.47593263907715
8,Example Airplane,Main Wing,33,Frpp_GP1_CgP1,46.14135760161939,258.19879185968784,36.05228573162684
8,Example Airplane,Main Wing,33,Brpp_GP1_CgP1,64.29763961129765,260.3414650958563,44.23930630931351
8,Example Airplane,Main Wing,33,Blpp_GP1_CgP1,80.29597562057813,220.6490066731063,45.71556267422413
8,Example Airplane,Main Wing,34,Flpp_GP1_CgP1,46.14135760161939,258.19879185968784,36.05228573162684
8,Example Airplane,Main Wing,34,Frpp_GP1_CgP1,22.486761118550085,293.32254501020543,28.71903135156409
8,Example Airplane,Main Wing,34,Brpp_GP1_CgP1,34.30338194892517,294.9193478643108,35.42508803719851
8,Example Airplane,Main Wing,34,Blpp_GP1_CgP1,64.29763961129765,260.3414650958563,44.23930630931351
8,Example Airplane,Main Wing,35,Flpp_GP1_CgP1,22.486761118550085,293.32254501020543,28.71903135156409
8,Example Airplane,Main Wing,35,Frpp_GP1_CgP1,0.41446108461581943,308.5179553383893,18.110833128310045
8,Example Airplane,Main Wing,35,Brpp_GP1_CgP1,4.251546451353555,308.638271246438,21.07955963047118
8,Example Airplane,Main Wing,35,Blpp_GP1_CgP1,34.30338194892517,294.9193478643108,35.42508803719851
8,Example Airplane,Main Wing,36,Flpp_GP1_CgP1,104.31156785410995,0.5038040155407246,-0.10435808741032292
8,Example Airplane,Main Wing,36,Frpp_GP1_CgP1,104.40121115222423,25.270811011978488,7.294797977791637
8,Example Airplane,Main Wing,36,Brpp_GP1_CgP1,130.45192658542197,25.130080202636503,7.934080101780802
8,Example Airplane,Main Wing,36,Blpp_GP1_CgP1,130.3894602141573,0.502389564933355,-0.06555452350759612
8,Example Airplane,Main Wing,37,Flpp_GP1_CgP1,104.40121115222423,25.270811011978488,7.294797977791637
8,Example Airplane,Main Wing,37,Frpp_GP1_CgP1,104.85143837666594,64.9688323895661,14.409561903632682
8,Example Airplane,Main Wing,37,Brpp_GP1_CgP1,130.4890010256678,65.55115213592111,16.52363503960443
8,Example Airplane,Main Wing,37,Blpp_GP1_CgP1,130.45192658542197,25.130080202636503,7.934080101780802
8,Example Airplane,Main Wing,38,Flpp_GP1_CgP1,104.85143837666594,64.9688323895661,14.409561903632682
8,Example Airplane,Main Wing,38,Frpp_GP1_CgP1,102.49612622448103,100.18869261067574,25.31526084346566
8,Example Airplane,Main Wing,38,Brpp_GP1_CgP1,127.57508237331407,101.06686864158672,29.580623628496415
8,Example Airplane,Main Wing,38,Blpp_GP1_CgP1,130.4890010256678,65.55115213592111,16.52363503960443
8,Example Airplane,Main Wing,39,Flpp_GP1_CgP1,102.49612622448103,100.18869261067574,25.31526084346566
8,Example Airplane,Main Wing,39,Frpp_GP1_CgP1,99.54268599430122,140.54966489626887,30.58696758371653
8,Example Airplane,Main Wing,39,Brpp_GP1_CgP1,124.41688965382201,142.0752741999823,35.81190490138903
8,Example Airplane,Main Wing,39,Blpp_GP1_CgP1,127.57508237331407,101.06686864158672,29.580623628496415
8,Example Airplane,Main Wing,40,Flpp_GP1_CgP1,99.54268599430122,140.54966489626887,30.58696758371653
8,Example Airplane,Main Wing,40,Frpp_GP1_CgP1,94.47782416551243,178.77899130625931,37.559016865337284
8,Example Airplane,Main Wing,40,Brpp_GP1_CgP1,118.72274942835408,180.6622298815078,44.11306089579485
8,Example Airplane,Main Wing,40,Blpp_GP1_CgP1,124.41688965382201,142.0752741999823,35.81190490138903
8,Example Airplane,Main Wing,41,Flpp_GP1_CgP1,94.47782416551243,178.77899130625931,37.559016865337284
8,Example Airplane,Main Wing,41,Frpp_GP1_CgP1,80.29597562057813,220.6490066731063,45.71556267422413
8,Example Airplane,Main Wing,41,Brpp_GP1_CgP1,103.47340642572419,222.6820441466107,52.38233351252215
8,Example Airplane,Main Wing,41,Blpp_GP1_CgP1,118.72274942835408,180.6622298815078,44.11306089579485
8,Example Airplane,Main Wing,42,Flpp_GP1_CgP1,80.29597562057813,220.6490066731063,45.71556267422413
8,Example Airplane,Main Wing,42,Frpp_GP1_CgP1,64.29763961129765,260.3414650958563,44.23930630931351
8,Example Airplane,Main Wing,42,Brpp_GP1_CgP1,82.59528838779232,262.5018898526143,52.0968683129097
8,Example Airplane,Main Wing,42,Blpp_GP1_CgP1,103.47340642572419,222.6820441466107,52.38233351252215
8,Example Airplane,Main Wing,43,Flpp_GP1_CgP1,64.29763961129765,260.3414650958563,44.23930630931351
8,Example Airplane,Main Wing,43,Frpp_GP1_CgP1,34.30338194892517,294.9193478643108,35.42508803719851
8,Example Airplane,Main Wing,43,Brpp_GP1_CgP1,46.037036929761804,296.50497515707696,42.27771686553429
8,Example Airplane,Main Wing,43,Blpp_GP1_CgP1,82.59528838779232,262.5018898526143,52.0968683129097
8,Example Airplane,Main Wing,44,Flpp_GP1_CgP1,34.30338194892517,294.9193478643108,35.42508803719851
8,Example Airplane,Main Wing,44,Frpp_GP1_CgP1,4.251546451353555,308.638271246438,21.07955963047118
8,Example Airplane,Main Wing,44,Brpp_GP1_CgP1,8.085687048398519,308.7583664175949,24.052097282584604
8,Example Airplane,Main Wing,44,Blpp_GP1_CgP1,46.037036929761804,296.50497515707696,42.27771686553429
8,Example Airplane,Main Wing,45,Flpp_GP1_CgP1,130.3894602141573,0.502389564933355,-0.06555452350759612
8,Example Airplane,Main Wing,45,Frpp_GP1_CgP1,130.45192658542197,25.130080202636503,7.934080101780802
8,Example Airplane,Main Wing,45,Brpp_GP1_CgP1,156.5093002091739,25.002785216957644,8.196852340148569
8,Example Airplane,Main Wing,45,Blpp_GP1_CgP1,156.4673009013703,0.5000281340372321,-0.0007718197481704149
8,Example Airplane,Main Wing,46,Flpp_GP1_CgP1,130.45192658542197,25.130080202636503,7.934080101780802
8,Example Airplane,Main Wing,46,Frpp_GP1_CgP1,130.4890010256678,65.55115213592111,16.52363503960443
8,Example Airplane,Main Wing,46,Brpp_GP1_CgP1,156.08647203187192,66.11819028566411,19.104732327740884
8,Example Airplane,Main Wing,46,Blpp_GP1_CgP1,156.5093002091739,25.002785216957644,8.196852340148569
8,Example Airplane,Main Wing,47,Flpp_GP1_CgP1,130.4890010256678,65.55115213592111,16.52363503960443
8,Example Airplane,Main Wing,47,Frpp_GP1_CgP1,127.57508237331407,101.06686864158672,29.580623628496415
8,Example Airplane,Main Wing,47,Brpp_GP1_CgP1,152.8804411530688,101.99730375668602,32.203851292258065
8,Example Airplane,Main Wing,47,Blpp_GP1_CgP1,156.08647203187192,66.11819028566411,19.104732327740884
8,Example Airplane,Main Wing,48,Flpp_GP1_CgP1,127.57508237331407,101.06686864158672,29.580623628496415
8,Example Airplane,Main Wing,48,Frpp_GP1_CgP1,124.41688965382201,142.0752741999823,35.81190490138903
8,Example Airplane,Main Wing,48,Brpp_GP1_CgP1,149.59838057700682,143.65943392321307,39.272583305853686
8,Example Airplane,Main Wing,48,Blpp_GP1_CgP1,152.8804411530688,101.99730375668602,32.203851292258065
8,Example Airplane,Main Wing,49,Flpp_GP1_CgP1,124.41688965382201,142.0752741999823,35.81190490138903
8,Example Airplane,Main Wing,49,Frpp_GP1_CgP1,118.72274942835408,180.6622298815078,44.11306089579485
8,Example Airplane,Main Wing,49,Brpp_GP1_CgP1,143.5778557308203,182.64541238078033,47.75493923571296
8,Example Airplane,Main Wing,49,Blpp_GP1_CgP1,149.59838057700682,143.65943392321307,39.272583305853686
8,Example Airplane,Main Wing,50,Flpp_GP1_CgP1,118.72274942835408,180.6622298815078,44.11306089579485
8,Example Airplane,Main Wing,50,Frpp_GP1_CgP1,103.47340642572419,222.6820441466107,52.38233351252215
8,Example Airplane,Main Wing,50,Brpp_GP1_CgP1,126.64233149352634,224.71366601333855,59.08053444306537
8,Example Airplane,Main Wing,50,Blpp_GP1_CgP1,143.5778557308203,182.64541238078033,47.75493923571296
8,Example Airplane,Main Wing,51,Flpp_GP1_CgP1,103.47340642572419,222.6820441466107,52.38233351252215
8,Example Airplane,Main Wing,51,Frpp_GP1_CgP1,82.59528838779232,262.5018898526143,52.0968683129097
8,Example Airplane,Main Wing,51,Brpp_GP1_CgP1,101.29767614918468,264.7133923674965,58.91754921350942
8,Example Airplane,Main Wing,51,Blpp_GP1_CgP1,126.64233149352634,224.71366601333855,59.08053444306537
8,Example Airplane,Main Wing,52,Flpp_GP1_CgP1,82.59528838779232,262.5018898526143,52.0968683129097
8,Example Airplane,Main Wing,52,Frpp_GP1_CgP1,46.037036929761804,296.50497515707696,42.27771686553429
8,Example Airplane,Main Wing,52,Brpp_GP1_CgP1,57.72651880563856,298.08465203232277,49.206935871827824
8,Example Airplane,Main Wing,52,Blpp_GP1_CgP1,101.29767614918468,264.7133923674965,58.91754921350942
8,Example Airplane,Main Wing,53,Flpp_GP1_CgP1,46.037036929761804,296.50497515707696,42.27771686553429
8,Example Airplane,Main Wing,53,Frpp_GP1_CgP1,8.085687048398519,308.7583664175949,24.052097282584604
8,Example Airplane,Main Wing,53,Brpp_GP1_CgP1,11.916869027560189,308.8782399797963,27.028456135253553
8,Example Airplane,Main Wing,53,Blpp_GP1_CgP1,57.72651880563856,298.08465203232277,49.206935871827824
8,Example Airplane,Reflected Main Wing,0,Flpp_GP1_CgP1,-11.114500939241209,-308.15567873238535,9.227647725153606
8,Example Airplane,Reflected Main Wing,0,Frpp_GP1_CgP1,-12.07702547496123,-288.65150359585385,7.100800619152789
8,Example Airplane,Reflected Main Wing,0,Brpp_GP1_CgP1,-0.7013542014121601,-290.18890219904074,14.542453538804551
8,Example Airplane,Reflected Main Wing,0,Blpp_GP1_CgP1,-7.268566234485805,-308.27665897611666,12.184873974415266
8,Example Airplane,Reflected Main Wing,1,Flpp_GP1_CgP1,-12.07702547496123,-288.65150359585385,7.100800619152789
8,Example Airplane,Reflected Main Wing,1,Frpp_GP1_CgP1,-6.301059086298378,-252.0228033954894,7.662446594555295
8,Example Airplane,Reflected Main Wing,1,Brpp_GP1_CgP1,10.330492612900578,-253.97606403620082,18.648883974038412
8,Example Airplane,Reflected Main Wing,1,Blpp_GP1_CgP1,-0.7013542014121601,-290.18890219904074,14.542453538804551
8,Example Airplane,Reflected Main Wing,2,Flpp_GP1_CgP1,-6.301059086298378,-252.0228033954894,7.662446594555295
8,Example Airplane,Reflected Main Wing,2,Frpp_GP1_CgP1,-6.45614036251137,-213.34310919130365,5.396612342700209
8,Example Airplane,Reflected Main Wing,2,Brpp_GP1_CgP1,12.853285239827787,-214.86040950264598,19.878961382679275
8,Example Airplane,Reflected Main Wing,2,Blpp_GP1_CgP1,10.330492612900578,-253.97606403620082,18.648883974038412
8,Example Airplane,Reflected Main Wing,3,Flpp_GP1_CgP1,-6.45614036251137,-213.34310919130365,5.396612342700209
8,Example Airplane,Reflected Main Wing,3,Frpp_GP1_CgP1,-0.6423984116604693,-171.5010340654008,5.371229722328933
8,Example Airplane,Reflected Main Wing,3,Brpp_GP1_CgP1,22.558154200222326,-173.24486400894432,15.056110697761635
8,Example Airplane,Reflected Main Wing,3,Blpp_GP1_CgP1,12.853285239827787,-214.86040950264598,19.878961382679275
8,Example Airplane,Reflected Main Wing,4,Flpp_GP1_CgP1,-0.6423984116604693,-171.5010340654008,5.371229722328933
8,Example Airplane,Reflected Main Wing,4,Frpp_GP1_CgP1,1.2605859470123058,-134.64099744427838,4.448726508968756
8,Example Airplane,Reflected Main Wing,4,Brpp_GP1_CgP1,25.71750925162103,-136.10145210798225,11.408278170415757
8,Example Airplane,Reflected Main Wing,4,Blpp_GP1_CgP1,22.558154200222326,-173.24486400894432,15.056110697761635
8,Example Airplane,Reflected Main Wing,5,Flpp_GP1_CgP1,1.2605859470123058,-134.64099744427838,4.448726508968756
8,Example Airplane,Reflected Main Wing,5,Frpp_GP1_CgP1,3.0753890742756695,-96.83640540988566,3.5127188585609677
8,Example Airplane,Reflected Main Wing,5,Brpp_GP1_CgP1,27.865688923365408,-97.6642003390933,9.255790493056448
8,Example Airplane,Reflected Main Wing,5,Blpp_GP1_CgP1,25.71750925162103,-136.10145210798225,11.408278170415757
8,Example Airplane,Reflected Main Wing,6,Flpp_GP1_CgP1,3.0753890742756695,-96.83640540988566,3.5127188585609677
8,Example Airplane,Reflected Main Wing,6,Frpp_GP1_CgP1,2.8273030020302357,-62.76288750830858,2.3512959614749103
8,Example Airplane,Reflected Main Wing,6,Brpp_GP1_CgP1,28.052662923391974,-63.24502736488187,7.403628025762963
8,Example Airplane,Reflected Main Wing,6,Blpp_GP1_CgP1,27.865688923365408,-97.6642003390933,9.255790493056448
8,Example Airplane,Reflected Main Wing,7,Flpp_GP1_CgP1,2.8273030020302357,-62.76288750830858,2.3512959614749103
8,Example Airplane,Reflected Main Wing,7,Frpp_GP1_CgP1,0.3740781836906239,-25.969178728013393,0.9283914078447598
8,Example Airplane,Reflected Main Wing,7,Brpp_GP1_CgP1,26.345502780913353,-25.775662381029527,3.053595611175548
8,Example Airplane,Reflected Main Wing,7,Blpp_GP1_CgP1,28.052662923391974,-63.24502736488187,7.403628025762963
8,Example Airplane,Reflected Main Wing,8,Flpp_GP1_CgP1,0.3740781836906239,-25.969178728013393,0.9283914078447598
8,Example Airplane,Reflected Main Wing,8,Frpp_GP1_CgP1,0.0,-0.5,-7.586719018948953e-19
8,Example Airplane,Reflected Main Wing,8,Brpp_GP1_CgP1,26.077839919979876,-0.5023727578775614,-0.06509344437192292
8,Example Airplane,Reflected Main Wing,8,Blpp_GP1_CgP1,26.345502780913353,-25.775662381029527,3.053595611175548
8,Example Airplane,Reflected Main Wing,9,Flpp_GP1_CgP1,-7.268566234485805,-308.27665897611666,12.184873974415266
8,Example Airplane,Reflected Main Wing,9,Frpp_GP1_CgP1,-0.7013542014121601,-290.18890219904074,14.542453538804551
8,Example Airplane,Reflected Main Wing,9,Brpp_GP1_CgP1,10.815937839310594,-291.7453818530432,21.758967252477586
8,Example Airplane,Reflected Main Wing,9,Blpp_GP1_CgP1,-3.425574261948631,-308.39741813682286,15.145932395561598
8,Example Airplane,Reflected Main Wing,10,Flpp_GP1_CgP1,-0.7013542014121601,-290.18890219904074,14.542453538804551
8,Example Airplane,Reflected Main Wing,10,Frpp_GP1_CgP1,10.330492612900578,-253.97606403620082,18.648883974038412
8,Example Airplane,Reflected Main Wing,10,Brpp_GP1_CgP1,28.02304037729237,-256.0608755318593,27.78059832079382
8,Example Airplane,Reflected Main Wing,10,Blpp_GP1_CgP1,10.815937839310596,-291.7453818530432,21.758967252477586
8,Example Airplane,Reflected Main Wing,11,Flpp_GP1_CgP1,10.330492612900578,-253.97606403620082,18.648883974038412
8,Example Airplane,Reflected Main Wing,11,Frpp_GP1_CgP1,12.853285239827787,-214.86040950264598,19.878961382679275
8,Example Airplane,Reflected Main Wing,11,Brpp_GP1_CgP1,34.714790672768,-216.70253805036208,29.98646219101626
8,Example Airplane,Reflected Main Wing,11,Blpp_GP1_CgP1,28.02304037729237,-256.0608755318593,27.78059832079382
8,Example Airplane,Reflected Main Wing,12,Flpp_GP1_CgP1,12.853285239827787,-214.86040950264598,19.878961382679275
8,Example Airplane,Reflected Main Wing,12,Frpp_GP1_CgP1,22.558154200222326,-173.24486400894432,15.056110697761635
8,Example Airplane,Reflected Main Wing,12,Brpp_GP1_CgP1,46.669437122978906,-175.108055828445,22.14005393097117
8,Example Airplane,Reflected Main Wing,12,Blpp_GP1_CgP1,34.714790672768,-216.70253805036208,29.98646219101626
8,Example Airplane,Reflected Main Wing,13,Flpp_GP1_CgP1,22.558154200222326,-173.24486400894432,15.056110697761635
8,Example Airplane,Reflected Main Wing,13,Frpp_GP1_CgP1,25.71750925162103,-136.10145210798225,11.408278170415757
8,Example Airplane,Reflected Main Wing,13,Brpp_GP1_CgP1,50.24811027171879,-137.57254546344973,18.101418229279634
8,Example Airplane,Reflected Main Wing,13,Blpp_GP1_CgP1,46.669437122978906,-175.108055828445,22.14005393097117
8,Example Airplane,Reflected Main Wing,14,Flpp_GP1_CgP1,25.71750925162103,-136.10145210798225,11.408278170415757
8,Example Airplane,Reflected Main Wing,14,Frpp_GP1_CgP1,27.865688923365408,-97.6642003390933,9.255790493056448
8,Example Airplane,Reflected Main Wing,14,Brpp_GP1_CgP1,52.717565278059006,-98.50165836156492,14.724740984619197
8,Example Airplane,Reflected Main Wing,14,Blpp_GP1_CgP1,50.24811027171879,-137.57254546344973,18.101418229279634
8,Example Airplane,Reflected Main Wing,15,Flpp_GP1_CgP1,27.865688923365408,-97.6642003390933,9.255790493056448
8,Example Airplane,Reflected Main Wing,15,Frpp_GP1_CgP1,28.052662923391974,-63.24502736488187,7.403628025762963
8,Example Airplane,Reflected Main Wing,15,Brpp_GP1_CgP1,53.570407660176826,-63.78935745764657,10.66206983632669
8,Example Airplane,Reflected Main Wing,15,Blpp_GP1_CgP1,52.717565278059006,-98.50165836156492,14.724740984619197
8,Example Airplane,Reflected Main Wing,16,Flpp_GP1_CgP1,28.052662923391974,-63.24502736488187,7.403628025762963
8,Example Airplane,Reflected Main Wing,16,Frpp_GP1_CgP1,26.345502780913353,-25.775662381029527,3.053595611175548
8,Example Airplane,Reflected Main Wing,16,Brpp_GP1_CgP1,52.3450026630053,-25.59541150100734,4.804343736131289
8,Example Airplane,Reflected Main Wing,16,Blpp_GP1_CgP1,53.570407660176826,-63.78935745764657,10.66206983632669
8,Example Airplane,Reflected Main Wing,17,Flpp_GP1_CgP1,26.345502780913353,-25.775662381029527,3.053595611175548
8,Example Airplane,Reflected Main Wing,17,Frpp_GP1_CgP1,26.077839919979876,-0.5023727578775614,-0.06509344437192292
8,Example Airplane,Reflected Main Wing,17,Brpp_GP1_CgP1,52.155731800214504,-0.5037987380637864,-0.10421330687676918
8,Example Airplane,Reflected Main Wing,17,Blpp_GP1_CgP1,52.3450026630053,-25.59541150100734,4.804343736131289
8,Example Airplane,Reflected Main Wing,18,Flpp_GP1_CgP1,-3.425574261948631,-308.39741813682286,15.145932395561598
8,Example Airplane,Reflected Main Wing,18,Frpp_GP1_CgP1,10.815937839310594,-291.7453818530432,21.758967252477586
8,Example Airplane,Reflected Main Wing,18,Brpp_GP1_CgP1,22.486761118550085,-293.32254501020543,28.71903135156409
8,Example Airplane,Reflected Main Wing,18,Blpp_GP1_CgP1,0.41446108461581943,-308.5179553383893,18.110833128310045
8,Example Airplane,Reflected Main Wing,19,Flpp_GP1_CgP1,10.815937839310596,-291.7453818530432,21.758967252477586
8,Example Airplane,Reflected Main Wing,19,Frpp_GP1_CgP1,28.02304037729237,-256.0608755318593,27.78059832079382
8,Example Airplane,Reflected Main Wing,19,Brpp_GP1_CgP1,46.14135760161939,-258.19879185968784,36.05228573162684
8,Example Airplane,Reflected Main Wing,19,Blpp_GP1_CgP1,22.486761118550085,-293.32254501020543,28.71903135156409
8,Example Airplane,Reflected Main Wing,20,Flpp_GP1_CgP1,28.02304037729237,-256.0608755318593,27.78059832079382
8,Example Airplane,Reflected Main Wing,20,Frpp_GP1_CgP1,34.714790672768,-216.70253805036208,29.98646219101626
8,Example Airplane,Reflected Main Wing,20,Brpp_GP1_CgP1,57.29660896087068,-218.64392215781388,38.47593263907715
8,Example Airplane,Reflected Main Wing,20,Blpp_GP1_CgP1,46.14135760161939,-258.19879185968784,36.05228573162684
8,Example Airplane,Reflected Main Wing,21,Flpp_GP1_CgP1,34.714790672768,-216.70253805036208,29.98646219101626
8,Example Airplane,Reflected Main Wing,21,Frpp_GP1_CgP1,46.669437122978906,-175.108055828445,22.14005393097117
8,Example Airplane,Reflected Main Wing,21,Brpp_GP1_CgP1,70.89313450392277,-176.9869274003416,28.847528044590568
8,Example Airplane,Reflected Main Wing,21,Blpp_GP1_CgP1,57.29660896087068,-218.64392215781388,38.47593263907715
8,Example Airplane,Reflected Main Wing,22,Flpp_GP1_CgP1,46.669437122978906,-175.108055828445,22.14005393097117
8,Example Airplane,Reflected Main Wing,22,Frpp_GP1_CgP1,50.24811027171879,-137.57254546344973,18.101418229279634
8,Example Airplane,Reflected Main Wing,22,Brpp_GP1_CgP1,74.85673153800666,-139.0552289750897,24.497501016114143
8,Example Airplane,Reflected Main Wing,22,Blpp_GP1_CgP1,70.89313450392277,-176.9869274003416,28.847528044590568
8,Example Airplane,Reflected Main Wing,23,Flpp_GP1_CgP1,50.24811027171879,-137.57254546344973,18.101418229279634
8,Example Airplane,Reflected Main Wing,23,Frpp_GP1_CgP1,52.717565278059006,-98.50165836156492,14.724740984619197
8,Example Airplane,Reflected Main Wing,23,Brpp_GP1_CgP1,77.60392288059111,-99.34468617016624,20.03417410689967
8,Example Airplane,Reflected Main Wing,23,Blpp_GP1_CgP1,74.85673153800666,-139.0552289750897,24.497501016114143
8,Example Airplane,Reflected Main Wing,24,Flpp_GP1_CgP1,52.717565278059006,-98.50165836156492,14.724740984619197
8,Example Airplane,Reflected Main Wing,24,Frpp_GP1_CgP1,53.570407660176826,-63.78935745764657,10.66206983632669
8,Example Airplane,Reflected Main Wing,24,Brpp_GP1_CgP1,79.14549049765543,-64.34945444297269,13.451847368241385
8,Example Airplane,Reflected Main Wing,24,Blpp_GP1_CgP1,77.60392288059111,-99.34468617016624,20.03417410689967
8,Example Airplane,Reflected Main Wing,25,Flpp_GP1_CgP1,53.570407660176826,-63.78935745764657,10.66206983632669
8,Example Airplane,Reflected Main Wing,25,Frpp_GP1_CgP1,52.3450026630053,-25.59541150100734,4.804343736131289
8,Example Airplane,Reflected Main Wing,25,Brpp_GP1_CgP1,78.36477992344967,-25.426892440167318,6.224503279732348
8,Example Airplane,Reflected Main Wing,25,Blpp_GP1_CgP1,79.14549049765543,-64.34945444297269,13.451847368241385
8,Example Airplane,Reflected Main Wing,26,Flpp_GP1_CgP1,52.3450026630053,-25.59541150100734,4.804343736131289
8,Example Airplane,Reflected Main Wing,26,Frpp_GP1_CgP1,52.155731800214504,-0.5037987380637864,-0.10421330687676918
8,Example Airplane,Reflected Main Wing,26,Brpp_GP1_CgP1,78.23364978023987,-0.504274703570811,-0.11727078507437592
8,Example Airplane,Reflected Main Wing,26,Blpp_GP1_CgP1,78.36477992344967,-25.426892440167318,6.224503279732348
8,Example Airplane,Reflected Main Wing,27,Flpp_GP1_CgP1,0.41446108461581943,-308.5179553383893,18.110833128310045
8,Example Airplane,Reflected Main Wing,27,Frpp_GP1_CgP1,22.486761118550085,-293.32254501020543,28.71903135156409
8,Example Airplane,Reflected Main Wing,27,Brpp_GP1_CgP1,34.30338194892517,-294.9193478643108,35.42508803719851
8,Example Airplane,Reflected Main Wing,27,Blpp_GP1_CgP1,4.251546451353555,-308.638271246438,21.07955963047118
8,Example Airplane,Reflected Main Wing,28,Flpp_GP1_CgP1,22.486761118550085,-293.32254501020543,28.71903135156409
8,Example Airplane,Reflected Main Wing,28,Frpp_GP1_CgP1,46.14135760161939,-258.19879185968784,36.05228573162684
8,Example Airplane,Reflected Main Wing,28,Brpp_GP1_CgP1,64.29763961129765,-260.3414650958563,44.23930630931351
8,Example Airplane,Reflected Main Wing,28,Blpp_GP1_CgP1,34.30338194892517,-294.9193478643108,35.42508803719851
8,Example Airplane,Reflected Main Wing,29,Flpp_GP1_CgP1,46.14135760161939,-258.19879185968784,36.05228573162684
8,Example Airplane,Reflected Main Wing,29,Frpp_GP1_CgP1,57.29660896087068,-218.64392215781388,38.47593263907715
8,Example Airplane,Reflected Main Wing,29,Brpp_GP1_CgP1,80.29597562057813,-220.6490066731063,45.71556267422413
8,Example Airplane,Reflected Main Wing,29,Blpp_GP1_CgP1,64.29763961129765,-260.3414650958563,44.23930630931351
8,Example Airplane,Reflected Main Wing,30,Flpp_GP1_CgP1,57.29660896087068,-218.64392215781388,38.47593263907715
8,Example Airplane,Reflected Main Wing,30,Frpp_GP1_CgP1,70.89313450392277,-176.9869274003416,28.847528044590568
8,Example Airplane,Reflected Main Wing,30,Brpp_GP1_CgP1,94.47782416551243,-178.77899130625931,37.559016865337284
8,Example Airplane,Reflected Main Wing,30,Blpp_GP1_CgP1,80.29597562057813,-220.6490066731063,45.71556267422413
8,Example Airplane,Reflected Main Wing,31,Flpp_GP1_CgP1,70.89313450392277,-176.9869274003416,28.847528044590568
8,Example Airplane,Reflected Main Wing,31,Frpp_GP1_CgP1,74.85673153800666,-139.0552289750897,24.497501016114143
8,Example Airplane,Reflected Main Wing,31,Brpp_GP1_CgP1,99.54268599430122,-140.54966489626887,30.58696758371653
8,Example Airplane,Reflected Main Wing,31,Blpp_GP1_CgP1,94.47782416551243,-178.77899130625931,37.559016865337284
8,Example Airplane,Reflected Main Wing,32,Flpp_GP1_CgP1,74.85673153800666,-139.0552289750897,24.497501016114143
8,Example Airplane,Reflected Main Wing,32,Frpp_GP1_CgP1,77.60392288059111,-99.34468617016624,20.03417410689967
8,Example Airplane,Reflected Main Wing,32,Brpp_GP1_CgP1,102.49612622448103,-100.18869261067574,25.31526084346566
8,Example Airplane,Reflected Main Wing,32,Blpp_GP1_CgP1,99.54268599430122,-140.54966489626887,30.58696758371653
8,Example Airplane,Reflected Main Wing,33,Flpp_GP1_CgP1,77.60392288059111,-99.34468617016624,20.03417410689967
8,Example Airplane,Reflected Main Wing,33,Frpp_GP1_CgP1,79.14549049765543,-64.34945444297269,13.451847368241385
8,Example Airplane,Reflected Main Wing,33,Brpp_GP1_CgP1,104.85143837666594,-64.9688323895661,14.409561903632682
8,Example Airplane,Reflected Main Wing,33,Blpp_GP1_CgP1,102.49612622448103,-100.18869261067574,25.31526084346566
8,Example Airplane,Reflected Main Wing,34,Flpp_GP1_CgP1,79.14549049765543,-64.34945444297269,13.451847368241385
8,Example Airplane,Reflected Main Wing,34,Frpp_GP1_CgP1,78.36477992344967,-25.426892440167318,6.224503279732348
8,Example Airplane,Reflected Main Wing,34,Brpp_GP1_CgP1,104.40121115222423,-25.270811011978488,7.294797977791637
8,Example Airplane,Reflected Main Wing,34,Blpp_GP1_CgP1,104.85143837666594,-64.9688323895661,14.409561903632682
8,Example Airplane,Reflected Main Wing,35,Flpp_GP1_CgP1,78.36477992344967,-25.426892440167318,6.224503279732348
8,Example Airplane,Reflected Main Wing,35,Frpp_GP1_CgP1,78.23364978023987,-0.504274703570811,-0.11727078507437592
8,Example Airplane,Reflected Main Wing,35,Brpp_GP1_CgP1,104.31156785410995,-0.5038040155407246,-0.10435808741032292
8,Example Airplane,Reflected Main Wing,35,Blpp_GP1_CgP1,104.40121115222423,-25.270811011978488,7.294797977791637
8,Example Airplane,Reflected Main Wing,36,Flpp_GP1_CgP1,4.251546451353555,-308.638271246438,21.07955963047118
8,Example Airplane,Reflected Main Wing,36,Frpp_GP1_CgP1,34.30338194892517,-294.9193478643108,35.42508803719851
8,Example Airplane,Reflected Main Wing,36,Brpp_GP1_CgP1,46.037036929761804,-296.50497515707696,42.27771686553429
8,Example Airplane,Reflected Main Wing,36,Blpp_GP1_CgP1,8.085687048398519,-308.7583664175949,24.052097282584604
8,Example Airplane,Reflected Main Wing,37,Flpp_GP1_CgP1,34.30338194892517,-294.9193478643108,35.42508803719851
8,Example Airplane,Reflected Main Wing,37,Frpp_GP1_CgP1,64.29763961129765,-260.3414650958563,44.23930630931351
8,Example Airplane,Reflected Main Wing,37,Brpp_GP1_CgP1,82.59528838779232,-262.5018898526143,52.0968683129097
8,Example Airplane,Reflected Main Wing,37,Blpp_GP1_CgP1,46.037036929761804,-296.50497515707696,42.27771686553429
8,Example Airplane,Reflected Main Wing,38,Flpp_GP1_CgP1,64.29763961129765,-260.3414650958563,44.23930630931351
8,Example Airplane,Reflected Main Wing,38,Frpp_GP1_CgP1,80.29597562057813,-220.6490066731063,45.71556267422413
8,Example Airplane,Reflected Main Wing,38,Brpp_GP1_CgP1,103.47340642572419,-222.6820441466107,52.38233351252215
8,Example Airplane,Reflected Main Wing,38,Blpp_GP1_CgP1,82.59528838779232,-262.5018898526143,52.0968683129097
8,Example Airplane,Reflected Main Wing,39,Flpp_GP1_CgP1,80.29597562057813,-220.6490066731063,45.71556267422413
8,Example Airplane,Reflected Main Wing,39,Frpp_GP1_CgP1,94.47782416551243,-178.77899130625931,37.559016865337284
8,Example Airplane,Reflected Main Wing,39,Brpp_GP1_CgP1,118.72274942835408,-180.6622298815078,44.11306089579485
8,Example Airplane,Reflected Main Wing,39,Blpp_GP1_CgP1,103.47340642572419,-222.6820441466107,52.38233351252215
8,Example Airplane,Reflected Main Wing,40,Flpp_GP1_CgP1,94.47782416551243,-178.77899130625931,37.559016865337284
8,Example Airplane,Reflected Main Wing,40,Frpp_GP1_CgP1,99.54268599430122,-140.54966489626887,30.58696758371653
8,Example Airplane,Reflected Main Wing,40,Brpp_GP1_CgP1,124.41688965382201,-142.0752741999823,35.81190490138903
8,Example Airplane,Reflected Main Wing,40,Blpp_GP1_CgP1,118.72274942835408,-180.6622298815078,44.11306089579485
8,Example Airplane,Reflected Main Wing,41,Flpp_GP1_CgP1,99.54268599430122,-140.54966489626887,30.58696758371653
8,Example Airplane,Reflected Main Wing,41,Frpp_GP1_CgP1,102.49612622448103,-100.18869261067574,25.31526084346566
8,Example Airplane,Reflected Main Wing,41,Brpp_GP1_CgP1,127.57508237331407,-101.06686864158672,29.580623628496415
8,Example Airplane,Reflected Main Wing,41,Blpp_GP1_CgP1,124.41688965382201,-142.0752741999823,35.81190490138903
8,Example Airplane,Reflected Main Wing,42,Flpp_GP1_CgP1,102.49612622448103,-100.18869261067574,25.31526084346566
8,Example Airplane,Reflected Main Wing,42,Frpp_GP1_CgP1,104.85143837666594,-64.9688323895661,14.409561903632682
8,Example Airplane,Reflected Main Wing,42,Brpp_GP1_CgP1,130.4890010256678,-65.55115213592111,16.52363503960443
8,Example Airplane,Reflected Main Wing,42,Blpp_GP1_CgP1,127.57508237331407,-101.06686864158672,29.580623628496415
8,Example Airplane,Reflected Main Wing,43,Flpp_GP1_CgP1,104.85143837666594,-64.9688323895661,14.409561903632682
8,Example Airplane,Reflected Main Wing,43,Frpp_GP1_CgP1,104.40121115222423,-25.270811011978488,7.294797977791637
8,Example Airplane,Reflected Main Wing,43,Brpp_GP1_CgP1,130.45192658542197,-25.130080202636503,7.934080101780802
8,Example Airplane,Reflected Main Wing,43,Blpp_GP1_CgP1,130.4890010256678,-65.55115213592111,16.52363503960443
8,Example Airplane,Reflected Main Wing,44,Flpp_GP1_CgP1,104.40121115222423,-25.270811011978488,7.294797977791637
8,Example Airplane,Reflected Main Wing,44,Frpp_GP1_CgP1,104.31156785410995,-0.5038040155407246,-0.10435808741032292
8,Example Airplane,Reflected Main Wing,44,Brpp_GP1_CgP1,130.3894602141573,-0.502389564933355,-0.06555452350759612
8,Example Airplane,Reflected Main Wing,44,Blpp_GP1_CgP1,130.45192658542197,-25.130080202636503,7.934080101780802
8,Example Airplane,Reflected Main Wing,45,Flpp_GP1_CgP1,8.085687048398519,-308.7583664175949,24.052097282584604
8,Example Airplane,Reflected Main Wing,45,Frpp_GP1_CgP1,46.037036929761804,-296.50497515707696,42.27771686553429
8,Example Airplane,Reflected Main Wing,45,Brpp_GP1_CgP1,57.72651880563856,-298.08465203232277,49.206935871827824
8,Example Airplane,Reflected Main Wing,45,Blpp_GP1_CgP1,11.916869027560189,-308.8782399797963,27.028456135253553
8,Example Airplane,Reflected Main Wing,46,Flpp_GP1_CgP1,46.037036929761804,-296.50497515707696,42.27771686553429
8,Example Airplane,Reflected Main Wing,46,Frpp_GP1_CgP1,82.59528838779232,-262.5018898526143,52.0968683129097
8,Example Airplane,Reflected Main Wing,46,Brpp_GP1_CgP1,101.29767614918468,-264.7133923674965,58.91754921350942
8,Example Airplane,Reflected Main Wing,46,Blpp_GP1_CgP1,57.72651880563856,-298.08465203232277,49.206935871827824
8,Example Airplane,Reflected Main Wing,47,Flpp_GP1_CgP1,82.59528838779232,-262.5018898526143,52.0968683129097
8,Example Airplane,Reflected Main Wing,47,Frpp_GP1_CgP1,103.47340642572419,-222.6820441466107,52.38233351252215
8,Example Airplane,Reflected Main Wing,47,Brpp_GP1_CgP1,126.64233149352634,-224.71366601333855,59.08053444306537
8,Example Airplane,Reflected Main Wing,47,Blpp_GP1_CgP1,101.29767614918468,-264.7133923674965,58.91754921350942
8,Example Airplane,Reflected Main Wing,48,Flpp_GP1_CgP1,103.47340642572419,-222.6820441466107,52.38233351252215
8,Example Airplane,Reflected Main Wing,48,Frpp_GP1_CgP1,118.72274942835408,-180.6622298815078,44.11306089579485
8,Example Airplane,Reflected Main Wing,48,Brpp_GP1_CgP1,143.5778557308203,-182.64541238078033,47.75493923571296
8,Example Airplane,Reflected Main Wing,48,Blpp_GP1_CgP1,126.64233149352634,-224.71366601333855,59.08053444306537
8,Example Airplane,Reflected Main Wing,49,Flpp_GP1_CgP1,118.72274942835408,-180.6622298815078,44.11306089579485
8,Example Airplane,Reflected Main Wing,49,Frpp_GP1_CgP1,124.41688965382201,-142.0752741999823,35.81190490138903
8,Example Airplane,Reflected Main Wing,49,Brpp_GP1_CgP1,149.59838057700682,-143.65943392321307,39.272583305853686
8,Example Airplane,Reflected Main Wing,49,Blpp_GP1_CgP1,143.5778557308203,-182.64541238078033,47.75493923571296
8,Example Airplane,Reflected Main Wing,50,Flpp_GP1_CgP1,124.41688965382201,-142.0752741999823,35.81190490138903
8,Example Airplane,Reflected Main Wing,50,Frpp_GP1_CgP1,127.57508237331407,-101.06686864158672,29.580623628496415
8,Example Airplane,Reflected Main Wing,50,Brpp_GP1_CgP1,152.8804411530688,-101.99730375668602,32.203851292258065
8,Example Airplane,Reflected Main Wing,50,Blpp_GP1_CgP1,149.59838057700682,-143.65943392321307,39.272583305853686
8,Example Airplane,Reflected Main Wing,51,Flpp_GP1_CgP1,127.57508237331407,-101.06686864158672,29.580623628496415
8,Example Airplane,Reflected Main Wing,51,Frpp_GP1_CgP1,130.4890010256678,-65.55115213592111,16.52363503960443
8,Example Airplane,Reflected Main Wing,51,Brpp_GP1_CgP1,156.08647203187192,-66.11819028566411,19.104732327740884
8,Example Airplane,Reflected Main Wing,51,Blpp_GP1_CgP1,152.8804411530688,-101.99730375668602,32.203851292258065
8,Example Airplane,Reflected Main Wing,52,Flpp_GP1_CgP1,130.4890010256678,-65.55115213592111,16.52363503960443
8,Example Airplane,Reflected Main Wing,52,Frpp_GP1_CgP1,130.45192658542197,-25.130080202636503,7.934080101780802
8,Example Airplane,Reflected Main Wing,52,Brpp_GP1_CgP1,156.5093002091739,-25.002785216957644,8.196852340148569
8,Example Airplane,Reflected Main Wing,52,Blpp_GP1_CgP1,156.08647203187192,-66.11819028566411,19.104732327740884
8,Example Airplane,Reflected Main Wing,53,Flpp_GP1_CgP1,130.45192658542197,-25.130080202636503,7.934080101780802
8,Example Airplane,Reflected Main Wing,53,Frpp_GP1_CgP1,130.3894602141573,-0.502389564933355,-0.06555452350759612
8,Example Airplane,Reflected Main Wing,53,Brpp_GP1_CgP1,156.4673009013703,-0.5000281340372321,-0.0007718197481704149
8,Example Airplane,Reflected Main Wing,53,Blpp_GP1_CgP1,156.5093002091739,-25.002785216957644,8.196852340148569
9,Example Airplane,Main Wing,0,Flpp_GP1_CgP1,0.0,0.5,4.780948299001901e-19
9,Example Airplane,Main Wing,0,Frpp_GP1_CgP1,0.3867920714839274,26.01715767560932,1.0456257493081336
9,Example Airplane,Main Wing,0,Brpp_GP1_CgP1,26.36616520071396,25.84951644249728,3.1143288165343206
9,Example Airplane,Main Wing,0,Blpp_GP1_CgP1,26.077839919979876,0.5026668908709294,-0.06508205722953683
9,Example Airplane,Main Wing,1,Flpp_GP1_CgP1,0.3867920714839274,26.01715767560932,1.0456257493081336
9,Example Airplane,Main Wing,1,Frpp_GP1_CgP1,2.787219604969001,62.8830701120065,2.6320683778201217
9,Example Airplane,Main Wing,1,Brpp_GP1_CgP1,28.025920928843682,63.35587083709272,7.598792490270256
9,Example Airplane,Main Wing,1,Blpp_GP1_CgP1,26.36616520071396,25.84951644249728,3.1143288165343206
9,Example Airplane,Main Wing,2,Flpp_GP1_CgP1,2.787219604969001,62.8830701120065,2.6320683778201217
9,Example Airplane,Main Wing,2,Frpp_GP1_CgP1,2.982936596834268,97.02907868832287,3.951267310886433
9,Example Airplane,Main Wing,2,Brpp_GP1_CgP1,27.816449720283817,97.86315031706128,9.470992690055194
9,Example Airplane,Main Wing,2,Blpp_GP1_CgP1,28.025920928843682,63.355870837092716,7.598792490270256
9,Example Airplane,Main Wing,3,Flpp_GP1_CgP1,2.982936596834268,97.02907868832287,3.951267310886433
9,Example Airplane,Main Wing,3,Frpp_GP1_CgP1,1.062977174978331,134.80235071621394,5.0648702518493085
9,Example Airplane,Main Wing,3,Brpp_GP1_CgP1,25.592196507237677,136.2551439582552,11.709898191804523
9,Example Airplane,Main Wing,3,Blpp_GP1_CgP1,27.816449720283817,97.86315031706128,9.470992690055194
9,Example Airplane,Main Wing,4,Flpp_GP1_CgP1,1.062977174978331,134.80235071621394,5.0648702518493085
9,Example Airplane,Main Wing,4,Frpp_GP1_CgP1,-0.9309544674206365,171.70231316747743,6.162404096324141
9,Example Airplane,Main Wing,4,Brpp_GP1_CgP1,22.435621504434014,173.43398936154315,15.353190200095058
9,Example Airplane,Main Wing,4,Blpp_GP1_CgP1,25.592196507237677,136.2551439582552,11.709898191804523
9,Example Airplane,Main Wing,5,Flpp_GP1_CgP1,-0.9309544674206365,171.70231316747743,6.162404096324141
9,Example Airplane,Main Wing,5,Frpp_GP1_CgP1,-7.139693419846802,213.94300080913675,6.376673267223367
9,Example Airplane,Main Wing,5,Brpp_GP1_CgP1,12.108123345709904,215.47797828218168,20.997907921227302
9,Example Airplane,Main Wing,5,Blpp_GP1_CgP1,22.435621504434014,173.43398936154315,15.353190200095058
9,Example Airplane,Main Wing,6,Flpp_GP1_CgP1,-7.139693419846802,213.94300080913675,6.376673267223367
9,Example Airplane,Main Wing,6,Frpp_GP1_CgP1,-6.967804824277718,252.53469136288888,8.887316001523715
9,Example Airplane,Main Wing,6,Brpp_GP1_CgP1,9.871089874712194,254.51216266314026,19.410839120896796
9,Example Airplane,Main Wing,6,Blpp_GP1_CgP1,12.108123345709904,215.47797828218168,20.997907921227302
9,Example Airplane,Main Wing,7,Flpp_GP1_CgP1,-6.967804824277718,252.53469136288888,8.887316001523715
9,Example Airplane,Main Wing,7,Frpp_GP1_CgP1,-13.0022414027071,289.1513495309379,8.565030799300205
9,Example Airplane,Main Wing,7,Brpp_GP1_CgP1,-1.5402977642012807,290.71801672985157,15.73150510036091
9,Example Airplane,Main Wing,7,Blpp_GP1_CgP1,9.871089874712194,254.51216266314026,19.410839120896796
9,Example Airplane,Main Wing,8,Flpp_GP1_CgP1,-13.0022414027071,289.1513495309379,8.565030799300205
9,Example Airplane,Main Wing,8,Frpp_GP1_CgP1,-12.393712434263563,308.81691366463326,10.583947795923395
9,Example Airplane,Main Wing,8,Brpp_GP1_CgP1,-8.479518881019796,308.98424725446995,13.460764062858521
9,Example Airplane,Main Wing,8,Blpp_GP1_CgP1,-1.5402977642012807,290.71801672985157,15.73150510036091
9,Example Airplane,Main Wing,9,Flpp_GP1_CgP1,26.077839919979876,0.5026668908709294,-0.06508205722953683
9,Example Airplane,Main Wing,9,Frpp_GP1_CgP1,26.36616520071396,25.84951644249728,3.1143288165343206
9,Example Airplane,Main Wing,9,Brpp_GP1_CgP1,52.37319955559976,25.69713302103079,4.802305656491265
9,Example Airplane,Main Wing,9,Blpp_GP1_CgP1,52.155731800214504,0.5042696391229667,-0.10419507628879857
9,Example Airplane,Main Wing,10,Flpp_GP1_CgP1,26.36616520071396,25.84951644249728,3.1143288165343206
9,Example Airplane,Main Wing,10,Frpp_GP1_CgP1,28.025920928843682,63.35587083709272,7.598792490270256
9,Example Airplane,Main Wing,10,Brpp_GP1_CgP1,53.56778083140262,63.90499167023151,10.628857502155313
9,Example Airplane,Main Wing,10,Blpp_GP1_CgP1,52.37319955559976,25.69713302103079,4.802305656491265
9,Example Airplane,Main Wing,11,Flpp_GP1_CgP1,28.025920928843682,63.355870837092716,7.598792490270256
9,Example Airplane,Main Wing,11,Frpp_GP1_CgP1,27.816449720283817,97.86315031706128,9.470992690055194
9,Example Airplane,Main Wing,11,Brpp_GP1_CgP1,52.711816466776526,98.70876308312616,14.702728983755838
9,Example Airplane,Main Wing,11,Blpp_GP1_CgP1,53.56778083140262,63.90499167023151,10.628857502155313
9,Example Airplane,Main Wing,12,Flpp_GP1_CgP1,27.816449720283817,97.86315031706128,9.470992690055194
9,Example Airplane,Main Wing,12,Frpp_GP1_CgP1,25.592196507237677,136.2551439582552,11.709898191804523
9,Example Airplane,Main Wing,12,Brpp_GP1_CgP1,50.184975873739596,137.71868069075876,18.11351090890054
9,Example Airplane,Main Wing,12,Blpp_GP1_CgP1,52.711816466776526,98.70876308312616,14.702728983755838
9,Example Airplane,Main Wing,13,Flpp_GP1_CgP1,25.592196507237677,136.2551439582552,11.709898191804523
9,Example Airplane,Main Wing,13,Frpp_GP1_CgP1,22.435621504434014,173.43398936154315,15.353190200095058
9,Example Airplane,Main Wing,13,Brpp_GP1_CgP1,46.611570899033836,175.28835021147654,22.09660386919242
9,Example Airplane,Main Wing,13,Blpp_GP1_CgP1,50.184975873739596,137.71868069075876,18.11351090890054
9,Example Airplane,Main Wing,14,Flpp_GP1_CgP1,22.435621504434014,173.43398936154315,15.353190200095058
9,Example Airplane,Main Wing,14,Frpp_GP1_CgP1,12.108123345709904,215.47797828218168,20.997907921227302
9,Example Airplane,Main Wing,14,Brpp_GP1_CgP1,34.058434174322535,217.39726838299808,30.969072862795038
9,Example Airplane,Main Wing,14,Blpp_GP1_CgP1,46.611570899033836,175.28835021147654,22.09660386919242
9,Example Airplane,Main Wing,15,Flpp_GP1_CgP1,12.108123345709904,215.47797828218168,20.997907921227302
9,Example Airplane,Main Wing,15,Frpp_GP1_CgP1,9.871089874712194,254.51216266314026,19.410839120896796
9,Example Airplane,Main Wing,15,Brpp_GP1_CgP1,27.684581863035024,256.62729453535763,28.1332449799893
9,Example Airplane,Main Wing,15,Blpp_GP1_CgP1,34.058434174322535,217.39726838299808,30.969072862795038
9,Example Airplane,Main Wing,16,Flpp_GP1_CgP1,9.871089874712194,254.51216266314026,19.410839120896796
9,Example Airplane,Main Wing,16,Frpp_GP1_CgP1,-1.5402977642012807,290.71801672985157,15.73150510036091
9,Example Airplane,Main Wing,16,Brpp_GP1_CgP1,10.070230191305669,292.30720079079043,22.64966101223342
9,Example Airplane,Main Wing,16,Blpp_GP1_CgP1,27.684581863035024,256.62729453535763,28.1332449799893
9,Example Airplane,Main Wing,17,Flpp_GP1_CgP1,-1.5402977642012807,290.71801672985157,15.73150510036091
9,Example Airplane,Main Wing,17,Frpp_GP1_CgP1,-8.479518881019796,308.98424725446995,13.460764062858521
9,Example Airplane,Main Wing,17,Brpp_GP1_CgP1,-4.5681845628564055,309.151316283404,16.34148190997887
9,Example Airplane,Main Wing,17,Blpp_GP1_CgP1,10.070230191305669,292.30720079079043,22.64966101223342
9,Example Airplane,Main Wing,18,Flpp_GP1_CgP1,52.155731800214504,0.5042696391229667,-0.10419507628879857
9,Example Airplane,Main Wing,18,Frpp_GP1_CgP1,52.37319955559976,25.69713302103079,4.802305656491265
9,Example Airplane,Main Wing,18,Brpp_GP1_CgP1,78.39999529352814,25.558235556539156,6.154146239397939
9,Example Airplane,Main Wing,18,Blpp_GP1_CgP1,78.23364978023987,0.5048046065031471,-0.11725027027230552
9,Example Airplane,Main Wing,19,Flpp_GP1_CgP1,52.37319955559976,25.69713302103079,4.802305656491265
9,Example Airplane,Main Wing,19,Frpp_GP1_CgP1,53.56778083140262,63.90499167023151,10.628857502155313
9,Example Airplane,Main Wing,19,Brpp_GP1_CgP1,79.15666239487314,64.4695052489699,13.258069460899723
9,Example Airplane,Main Wing,19,Blpp_GP1_CgP1,78.39999529352814,25.558235556539156,6.154146239397939
9,Example Airplane,Main Wing,20,Flpp_GP1_CgP1,53.56778083140262,63.90499167023151,10.628857502155313
9,Example Airplane,Main Wing,20,Frpp_GP1_CgP1,52.711816466776526,98.70876308312616,14.702728983755838
9,Example Airplane,Main Wing,20,Brpp_GP1_CgP1,77.63785889095792,99.56027908031456,19.78591621784564
9,Example Airplane,Main Wing,20,Blpp_GP1_CgP1,79.15666239487314,64.4695052489699,13.258069460899723
9,Example Airplane,Main Wing,21,Flpp_GP1_CgP1,52.711816466776526,98.70876308312616,14.702728983755838
9,Example Airplane,Main Wing,21,Frpp_GP1_CgP1,50.184975873739596,137.71868069075876,18.11351090890054
9,Example Airplane,Main Wing,21,Brpp_GP1_CgP1,74.85283149206383,139.19533176585085,24.216244045122448
9,Example Airplane,Main Wing,21,Blpp_GP1_CgP1,77.63785889095792,99.56027908031456,19.78591621784564
9,Example Airplane,Main Wing,22,Flpp_GP1_CgP1,50.184975873739596,137.71868069075876,18.11351090890054
9,Example Airplane,Main Wing,22,Frpp_GP1_CgP1,46.611570899033836,175.28835021147654,22.09660386919242
9,Example Airplane,Main Wing,22,Brpp_GP1_CgP1,70.8853108706928,177.15866510552297,28.494434357662143
9,Example Airplane,Main Wing,22,Blpp_GP1_CgP1,74.85283149206383,139.19533176585085,24.216244045122448
9,Example Airplane,Main Wing,23,Flpp_GP1_CgP1,46.611570899033836,175.28835021147654,22.09660386919242
9,Example Airplane,Main Wing,23,Frpp_GP1_CgP1,34.058434174322535,217.39726838299808,30.969072862795038
9,Example Airplane,Main Wing,23,Brpp_GP1_CgP1,56.82954965938286,219.44593447153997,39.02548551073527
9,Example Airplane,Main Wing,23,Blpp_GP1_CgP1,70.8853108706928,177.15866510552297,28.494434357662143
9,Example Airplane,Main Wing,24,Flpp_GP1_CgP1,34.058434174322535,217.39726838299808,30.969072862795038
9,Example Airplane,Main Wing,24,Frpp_GP1_CgP1,27.684581863035024,256.62729453535763,28.1332449799893
9,Example Airplane,Main Wing,24,Brpp_GP1_CgP1,45.90178799248542,258.80059171825843,35.99104832194535
9,Example Airplane,Main Wing,24,Blpp_GP1_CgP1,56.82954965938286,219.44593447153997,39.02548551073527
9,Example Airplane,Main Wing,25,Flpp_GP1_CgP1,27.684581863035024,256.62729453535763,28.1332449799893
9,Example Airplane,Main Wing,25,Frpp_GP1_CgP1,10.070230191305669,292.30720079079043,22.64966101223342
9,Example Airplane,Main Wing,25,Brpp_GP1_CgP1,21.84085098271713,293.9207460975876,29.28475501902559
9,Example Airplane,Main Wing,25,Blpp_GP1_CgP1,45.90178799248542,258.80059171825843,35.99104832194535
9,Example Airplane,Main Wing,26,Flpp_GP1_CgP1,10.070230191305669,292.30720079079043,22.64966101223342
9,Example Airplane,Main Wing,26,Frpp_GP1_CgP1,-4.5681845628564055,309.151316283404,16.34148190997887
9,Example Airplane,Main Wing,26,Brpp_GP1_CgP1,-0.6597231564186146,309.3181196804985,19.226111794418973
9,Example Airplane,Main Wing,26,Blpp_GP1_CgP1,21.84085098271713,293.9207460975876,29.28475501902559
9,Example Airplane,Main Wing,27,Flpp_GP1_CgP1,78.23364978023987,0.5048046065031471,-0.11725027027230552
9,Example Airplane,Main Wing,27,Frpp_GP1_CgP1,78.39999529352814,25.558235556539156,6.154146239397939
9,Example Airplane,Main Wing,27,Brpp_GP1_CgP1,104.44273709597567,25.433626340242533,7.150255038243108
9,Example Airplane,Main Wing,27,Blpp_GP1_CgP1,104.31156785410995,0.5042755708091289,-0.10433983149512366
9,Example Airplane,Main Wing,28,Flpp_GP1_CgP1,78.39999529352814,25.558235556539156,6.154146239397939
9,Example Airplane,Main Wing,28,Frpp_GP1_CgP1,79.15666239487314,64.4695052489699,13.258069460899723
9,Example Airplane,Main Wing,28,Brpp_GP1_CgP1,104.85661751221875,65.09337170792925,14.290626736329182
9,Example Airplane,Main Wing,28,Blpp_GP1_CgP1,104.44273709597567,25.433626340242533,7.150255038243108
9,Example Airplane,Main Wing,29,Flpp_GP1_CgP1,79.15666239487314,64.4695052489699,13.258069460899723
9,Example Airplane,Main Wing,29,Frpp_GP1_CgP1,77.63785889095792,99.56027908031456,19.78591621784564
9,Example Airplane,Main Wing,29,Brpp_GP1_CgP1,102.56375779614109,100.41178713230666,24.86917118510069
9,Example Airplane,Main Wing,29,Blpp_GP1_CgP1,104.85661751221875,65.09337170792925,14.290626736329182
9,Example Airplane,Main Wing,30,Flpp_GP1_CgP1,77.63785889095792,99.56027908031456,19.78591621784564
9,Example Airplane,Main Wing,30,Frpp_GP1_CgP1,74.85283149206383,139.19533176585085,24.216244045122448
9,Example Airplane,Main Wing,30,Brpp_GP1_CgP1,99.59966197331363,140.68614466824204,29.98889223853004
9,Example Airplane,Main Wing,30,Blpp_GP1_CgP1,102.56375779614109,100.41178713230666,24.86917118510069
9,Example Airplane,Main Wing,31,Flpp_GP1_CgP1,74.85283149206383,139.19533176585085,24.216244045122448
9,Example Airplane,Main Wing,31,Frpp_GP1_CgP1,70.8853108706928,177.15866510552297,28.494434357662143
9,Example Airplane,Main Wing,31,Brpp_GP1_CgP1,94.56712414871654,178.93563920451243,36.84165072329789
9,Example Airplane,Main Wing,31,Blpp_GP1_CgP1,99.59966197331363,140.68614466824204,29.98889223853004
9,Example Airplane,Main Wing,32,Flpp_GP1_CgP1,70.8853108706928,177.15866510552297,28.494434357662143
9,Example Airplane,Main Wing,32,Frpp_GP1_CgP1,56.82954965938286,219.44593447153997,39.02548551073527
9,Example Airplane,Main Wing,32,Brpp_GP1_CgP1,79.97044412425905,221.5607586020318,45.90663704308871
9,Example Airplane,Main Wing,32,Blpp_GP1_CgP1,94.56712414871654,178.93563920451243,36.84165072329789
9,Example Airplane,Main Wing,33,Flpp_GP1_CgP1,56.82954965938286,219.44593447153997,39.02548551073527
9,Example Airplane,Main Wing,33,Frpp_GP1_CgP1,45.90178799248542,258.80059171825843,35.99104832194535
9,Example Airplane,Main Wing,33,Brpp_GP1_CgP1,64.13011459869958,260.9755123200567,43.82283105520109
9,Example Airplane,Main Wing,33,Blpp_GP1_CgP1,79.97044412425905,221.5607586020318,45.90663704308871
9,Example Airplane,Main Wing,34,Flpp_GP1_CgP1,45.90178799248542,258.80059171825843,35.99104832194535
9,Example Airplane,Main Wing,34,Frpp_GP1_CgP1,21.84085098271713,293.9207460975876,29.28475501902559
9,Example Airplane,Main Wing,34,Brpp_GP1_CgP1,33.7686457541714,295.55829598078697,35.62842558327361
9,Example Airplane,Main Wing,34,Blpp_GP1_CgP1,64.13011459869958,260.9755123200567,43.82283105520109
9,Example Airplane,Main Wing,35,Flpp_GP1_CgP1,21.84085098271713,293.9207460975876,29.28475501902559
9,Example Airplane,Main Wing,35,Frpp_GP1_CgP1,-0.6597231564186146,309.3181196804985,19.226111794418973
9,Example Airplane,Main Wing,35,Brpp_GP1_CgP1,3.2458716202229034,309.48465821993597,22.11463700703086
9,Example Airplane,Main Wing,35,Blpp_GP1_CgP1,33.7686457541714,295.55829598078697,35.62842558327361
9,Example Airplane,Main Wing,36,Flpp_GP1_CgP1,104.31156785410995,0.5042755708091289,-0.10433983149512366
9,Example Airplane,Main Wing,36,Frpp_GP1_CgP1,104.44273709597567,25.433626340242533,7.150255038243108
9,Example Airplane,Main Wing,36,Brpp_GP1_CgP1,130.4986799980427,25.326638704005514,7.708162824511458
9,Example Airplane,Main Wing,36,Blpp_GP1_CgP1,130.3894602141573,0.5026857813713411,-0.06554305570618484
9,Example Airplane,Main Wing,37,Flpp_GP1_CgP1,104.44273709597567,25.433626340242533,7.150255038243108
9,Example Airplane,Main Wing,37,Frpp_GP1_CgP1,104.85661751221875,65.09337170792925,14.290626736329182
9,Example Airplane,Main Wing,37,Brpp_GP1_CgP1,130.50627675708614,65.68435946257267,16.215813384004058
9,Example Airplane,Main Wing,37,Blpp_GP1_CgP1,130.4986799980427,25.326638704005514,7.708162824511458
9,Example Airplane,Main Wing,38,Flpp_GP1_CgP1,104.85661751221875,65.09337170792925,14.290626736329182
9,Example Airplane,Main Wing,38,Frpp_GP1_CgP1,102.56375779614109,100.41178713230666,24.86917118510069
9,Example Airplane,Main Wing,38,Brpp_GP1_CgP1,127.65671522469012,101.29957027211847,29.011871419706296
9,Example Airplane,Main Wing,38,Blpp_GP1_CgP1,130.50627675708614,65.68435946257267,16.215813384004058
9,Example Airplane,Main Wing,39,Flpp_GP1_CgP1,102.56375779614109,100.41178713230666,24.86917118510069
9,Example Airplane,Main Wing,39,Frpp_GP1_CgP1,99.59966197331363,140.68614466824204,29.98889223853004
9,Example Airplane,Main Wing,39,Brpp_GP1_CgP1,124.5116424262701,142.2096125425655,34.95861150422452
9,Example Airplane,Main Wing,39,Blpp_GP1_CgP1,127.65671522469012,101.29957027211847,29.011871419706296
9,Example Airplane,Main Wing,40,Flpp_GP1_CgP1,99.59966197331363,140.68614466824204,29.98889223853004
9,Example Airplane,Main Wing,40,Frpp_GP1_CgP1,94.56712414871654,178.93563920451243,36.84165072329789
9,Example Airplane,Main Wing,40,Brpp_GP1_CgP1,118.86535120079392,180.81185057903195,43.06907213310991
9,Example Airplane,Main Wing,40,Blpp_GP1_CgP1,124.5116424262701,142.2096125425655,34.95861150422452
9,Example Airplane,Main Wing,41,Flpp_GP1_CgP1,94.56712414871654,178.93563920451243,36.84165072329789
9,Example Airplane,Main Wing,41,Frpp_GP1_CgP1,79.97044412425905,221.5607586020318,45.90663704308871
9,Example Airplane,Main Wing,41,Brpp_GP1_CgP1,103.26167771490299,223.70335650808826,52.27517227515829
9,Example Airplane,Main Wing,41,Blpp_GP1_CgP1,118.86535120079392,180.81185057903195,43.06907213310991
9,Example Airplane,Main Wing,42,Flpp_GP1_CgP1,79.97044412425905,221.5607586020318,45.90663704308871
9,Example Airplane,Main Wing,42,Frpp_GP1_CgP1,64.13011459869958,260.9755123200567,43.82283105520109
9,Example Airplane,Main Wing,42,Brpp_GP1_CgP1,82.4627959134892,263.1657773045196,51.39899233671501
9,Example Airplane,Main Wing,42,Blpp_GP1_CgP1,103.26167771490299,223.70335650808826,52.27517227515829
9,Example Airplane,Main Wing,43,Flpp_GP1_CgP1,64.13011459869958,260.9755123200567,43.82283105520109
9,Example Airplane,Main Wing,43,Frpp_GP1_CgP1,33.7686457541714,295.55829598078697,35.62842558327361
9,Example Airplane,Main Wing,43,Brpp_GP1_CgP1,45.588252669062356,297.1793058810108,42.17529932524549
9,Example Airplane,Main Wing,43,Blpp_GP1_CgP1,82.4627959134892,263.1657773045196,51.39899233671501
9,Example Airplane,Main Wing,44,Flpp_GP1_CgP1,33.7686457541714,295.55829598078697,35.62842558327361
9,Example Airplane,Main Wing,44,Frpp_GP1_CgP1,3.2458716202229034,309.48465821993597,22.11463700703086
9,Example Airplane,Main Wing,44,Brpp_GP1_CgP1,7.148604654903991,309.65093254561697,25.007042795333987
9,Example Airplane,Main Wing,44,Blpp_GP1_CgP1,45.588252669062356,297.1793058810108,42.17529932524549
9,Example Airplane,Main Wing,45,Flpp_GP1_CgP1,130.3894602141573,0.5026857813713411,-0.06554305570618484
9,Example Airplane,Main Wing,45,Frpp_GP1_CgP1,130.4986799980427,25.326638704005514,7.708162824511458
9,Example Airplane,Main Wing,45,Brpp_GP1_CgP1,156.56013901950502,25.23506308904592,7.883300421069837
9,Example Airplane,Main Wing,45,Blpp_GP1_CgP1,156.4673009013703,0.5000316216027629,-0.000771684729637386
9,Example Airplane,Main Wing,46,Flpp_GP1_CgP1,130.4986799980427,25.326638704005514,7.708162824511458
9,Example Airplane,Main Wing,46,Frpp_GP1_CgP1,130.50627675708614,65.68435946257267,16.215813384004058
9,Example Airplane,Main Wing,46,Brpp_GP1_CgP1,156.11839843308886,66.25786360224241,18.607828405786602
9,Example Airplane,Main Wing,46,Blpp_GP1_CgP1,156.56013901950502,25.23506308904592,7.883300421069837
9,Example Airplane,Main Wing,47,Flpp_GP1_CgP1,130.50627675708614,65.68435946257267,16.215813384004058
9,Example Airplane,Main Wing,47,Frpp_GP1_CgP1,127.65671522469012,101.29957027211847,29.011871419706296
9,Example Airplane,Main Wing,47,Brpp_GP1_CgP1,152.9538932389302,102.24300848193454,31.644167157124006
9,Example Airplane,Main Wing,47,Blpp_GP1_CgP1,156.11839843308886,66.25786360224241,18.607828405786602
9,Example Airplane,Main Wing,48,Flpp_GP1_CgP1,127.65671522469012,101.29957027211847,29.011871419706296
9,Example Airplane,Main Wing,48,Frpp_GP1_CgP1,124.5116424262701,142.2096125425655,34.95861150422452
9,Example Airplane,Main Wing,48,Brpp_GP1_CgP1,149.70116166650533,143.79690868308305,38.24728444725107
9,Example Airplane,Main Wing,48,Blpp_GP1_CgP1,152.9538932389302,102.24300848193454,31.644167157124006
9,Example Airplane,Main Wing,49,Flpp_GP1_CgP1,124.5116424262701,142.2096125425655,34.95861150422452
9,Example Airplane,Main Wing,49,Frpp_GP1_CgP1,118.86535120079392,180.81185057903195,43.06907213310991
9,Example Airplane,Main Wing,49,Brpp_GP1_CgP1,143.72119399658075,182.7984719365051,46.468558420936674
9,Example Airplane,Main Wing,49,Blpp_GP1_CgP1,149.70116166650533,143.79690868308305,38.24728444725107
9,Example Airplane,Main Wing,50,Flpp_GP1_CgP1,118.86535120079392,180.81185057903195,43.06907213310991
9,Example Airplane,Main Wing,50,Frpp_GP1_CgP1,103.26167771490299,223.70335650808826,52.27517227515829
9,Example Airplane,Main Wing,50,Brpp_GP1_CgP1,126.53462198563274,225.84240061936555,58.71301904972834
9,Example Airplane,Main Wing,50,Blpp_GP1_CgP1,143.72119399658075,182.7984719365051,46.468558420936674
9,Example Airplane,Main Wing,51,Flpp_GP1_CgP1,103.26167771490299,223.70335650808826,52.27517227515829
9,Example Airplane,Main Wing,51,Frpp_GP1_CgP1,82.4627959134892,263.1657773045196,51.39899233671501
9,Example Airplane,Main Wing,51,Brpp_GP1_CgP1,101.18594973507949,265.4143134734847,57.92979522465685
9,Example Airplane,Main Wing,51,Blpp_GP1_CgP1,126.53462198563274,225.84240061936555,58.71301904972834
9,Example Airplane,Main Wing,52,Flpp_GP1_CgP1,82.4627959134892,263.1657773045196,51.39899233671501
9,Example Airplane,Main Wing,52,Frpp_GP1_CgP1,45.588252669062356,297.1793058810108,42.17529932524549
9,Example Airplane,Main Wing,52,Brpp_GP1_CgP1,57.35881508608102,298.7928322243372,48.812054581915206
9,Example Airplane,Main Wing,52,Blpp_GP1_CgP1,101.18594973507949,265.4143134734847,57.92979522465685
9,Example Airplane,Main Wing,53,Flpp_GP1_CgP1,45.588252669062356,297.1793058810108,42.17529932524549
9,Example Airplane,Main Wing,53,Frpp_GP1_CgP1,7.148604654903991,309.65093254561697,25.007042795333987
9,Example Airplane,Main Wing,53,Brpp_GP1_CgP1,11.048462314587432,309.816941591368,27.903339526235477
9,Example Airplane,Main Wing,53,Blpp_GP1_CgP1,57.35881508608102,298.7928322243372,48.812054581915206
9,Example Airplane,Reflected Main Wing,0,Flpp_GP1_CgP1,-12.393712434263563,-308.81691366463326,10.583947795923395
9,Example Airplane,Reflected Main Wing,0,Frpp_GP1_CgP1,-13.0022414027071,-289.1513495309379,8.565030799300205
9,Example Airplane,Reflected Main Wing,0,Brpp_GP1_CgP1,-1.5402977642012807,-290.71801672985157,15.73150510036091
9,Example Airplane,Reflected Main Wing,0,Blpp_GP1_CgP1,-8.479518881019796,-308.98424725446995,13.460764062858521
9,Example Airplane,Reflected Main Wing,1,Flpp_GP1_CgP1,-13.0022414027071,-289.1513495309379,8.565030799300205
9,Example Airplane,Reflected Main Wing,1,Frpp_GP1_CgP1,-6.967804824277718,-252.53469136288888,8.887316001523715
9,Example Airplane,Reflected Main Wing,1,Brpp_GP1_CgP1,9.871089874712194,-254.51216266314026,19.410839120896796
9,Example Airplane,Reflected Main Wing,1,Blpp_GP1_CgP1,-1.5402977642012807,-290.71801672985157,15.73150510036091
9,Example Airplane,Reflected Main Wing,2,Flpp_GP1_CgP1,-6.967804824277718,-252.53469136288888,8.887316001523715
9,Example Airplane,Reflected Main Wing,2,Frpp_GP1_CgP1,-7.139693419846802,-213.94300080913675,6.376673267223367
9,Example Airplane,Reflected Main Wing,2,Brpp_GP1_CgP1,12.108123345709904,-215.47797828218168,20.997907921227302
9,Example Airplane,Reflected Main Wing,2,Blpp_GP1_CgP1,9.871089874712194,-254.51216266314026,19.410839120896796
9,Example Airplane,Reflected Main Wing,3,Flpp_GP1_CgP1,-7.139693419846802,-213.94300080913675,6.376673267223367
9,Example Airplane,Reflected Main Wing,3,Frpp_GP1_CgP1,-0.9309544674206365,-171.70231316747743,6.162404096324141
9,Example Airplane,Reflected Main Wing,3,Brpp_GP1_CgP1,22.435621504434014,-173.43398936154315,15.353190200095058
9,Example Airplane,Reflected Main Wing,3,Blpp_GP1_CgP1,12.108123345709904,-215.47797828218168,20.997907921227302
9,Example Airplane,Reflected Main Wing,4,Flpp_GP1_CgP1,-0.9309544674206365,-171.70231316747743,6.162404096324141
9,Example Airplane,Reflected Main Wing,4,Frpp_GP1_CgP1,1.062977174978331,-134.80235071621394,5.0648702518493085
9,Example Airplane,Reflected Main Wing,4,Brpp_GP1_CgP1,25.592196507237677,-136.2551439582552,11.709898191804523
9,Example Airplane,Reflected Main Wing,4,Blpp_GP1_CgP1,22.435621504434014,-173.43398936154315,15.353190200095058
9,Example Airplane,Reflected Main Wing,5,Flpp_GP1_CgP1,1.062977174978331,-134.80235071621394,5.0648702518493085
9,Example Airplane,Reflected Main Wing,5,Frpp_GP1_CgP1,2.982936596834268,-97.02907868832287,3.951267310886433
9,Example Airplane,Reflected Main Wing,5,Brpp_GP1_CgP1,27.816449720283817,-97.86315031706128,9.470992690055194
9,Example Airplane,Reflected Main Wing,5,Blpp_GP1_CgP1,25.592196507237677,-136.2551439582552,11.709898191804523
9,Example Airplane,Reflected Main Wing,6,Flpp_GP1_CgP1,2.982936596834268,-97.02907868832287,3.951267310886433
9,Example Airplane,Reflected Main Wing,6,Frpp_GP1_CgP1,2.787219604969001,-62.8830701120065,2.6320683778201217
9,Example Airplane,Reflected Main Wing,6,Brpp_GP1_CgP1,28.025920928843682,-63.355870837092716,7.598792490270256
9,Example Airplane,Reflected Main Wing,6,Blpp_GP1_CgP1,27.816449720283817,-97.86315031706128,9.470992690055194
9,Example Airplane,Reflected Main Wing,7,Flpp_GP1_CgP1,2.787219604969001,-62.8830701120065,2.6320683778201217
9,Example Airplane,Reflected Main Wing,7,Frpp_GP1_CgP1,0.3867920714839274,-26.01715767560932,1.0456257493081336
9,Example Airplane,Reflected Main Wing,7,Brpp_GP1_CgP1,26.36616520071396,-25.84951644249728,3.1143288165343206
9,Example Airplane,Reflected Main Wing,7,Blpp_GP1_CgP1,28.025920928843682,-63.35587083709272,7.598792490270256
9,Example Airplane,Reflected Main Wing,8,Flpp_GP1_CgP1,0.3867920714839274,-26.01715767560932,1.0456257493081336
9,Example Airplane,Reflected Main Wing,8,Frpp_GP1_CgP1,0.0,-0.5,4.780948299001901e-19
9,Example Airplane,Reflected Main Wing,8,Brpp_GP1_CgP1,26.077839919979876,-0.5026668908709294,-0.06508205722953683
9,Example Airplane,Reflected Main Wing,8,Blpp_GP1_CgP1,26.36616520071396,-25.84951644249728,3.1143288165343206
9,Example Airplane,Reflected Main Wing,9,Flpp_GP1_CgP1,-8.479518881019796,-308.98424725446995,13.460764062858521
9,Example Airplane,Reflected Main Wing,9,Frpp_GP1_CgP1,-1.5402977642012807,-290.71801672985157,15.73150510036091
9,Example Airplane,Reflected Main Wing,9,Brpp_GP1_CgP1,10.070230191305669,-292.30720079079043,22.64966101223342
9,Example Airplane,Reflected Main Wing,9,Blpp_GP1_CgP1,-4.5681845628564055,-309.151316283404,16.34148190997887
9,Example Airplane,Reflected Main Wing,10,Flpp_GP1_CgP1,-1.5402977642012807,-290.71801672985157,15.73150510036091
9,Example Airplane,Reflected Main Wing,10,Frpp_GP1_CgP1,9.871089874712194,-254.51216266314026,19.410839120896796
9,Example Airplane,Reflected Main Wing,10,Brpp_GP1_CgP1,27.684581863035024,-256.62729453535763,28.1332449799893
9,Example Airplane,Reflected Main Wing,10,Blpp_GP1_CgP1,10.070230191305669,-292.30720079079043,22.64966101223342
9,Example Airplane,Reflected Main Wing,11,Flpp_GP1_CgP1,9.871089874712194,-254.51216266314026,19.410839120896796
9,Example Airplane,Reflected Main Wing,11,Frpp_GP1_CgP1,12.108123345709904,-215.47797828218168,20.997907921227302
9,Example Airplane,Reflected Main Wing,11,Brpp_GP1_CgP1,34.058434174322535,-217.39726838299808,30.969072862795038
9,Example Airplane,Reflected Main Wing,11,Blpp_GP1_CgP1,27.684581863035024,-256.62729453535763,28.1332449799893
9,Example Airplane,Reflected Main Wing,12,Flpp_GP1_CgP1,12.108123345709904,-215.47797828218168,20.997907921227302
9,Example Airplane,Reflected Main Wing,12,Frpp_GP1_CgP1,22.435621504434014,-173.43398936154315,15.353190200095058
9,Example Airplane,Reflected Main Wing,12,Brpp_GP1_CgP1,46.611570899033836,-175.28835021147654,22.09660386919242
9,Example Airplane,Reflected Main Wing,12,Blpp_GP1_CgP1,34.058434174322535,-217.39726838299808,30.969072862795038
9,Example Airplane,Reflected Main Wing,13,Flpp_GP1_CgP1,22.435621504434014,-173.43398936154315,15.353190200095058
9,Example Airplane,Reflected Main Wing,13,Frpp_GP1_CgP1,25.592196507237677,-136.2551439582552,11.709898191804523
9,Example Airplane,Reflected Main Wing,13,Brpp_GP1_CgP1,50.184975873739596,-137.71868069075876,18.11351090890054
9,Example Airplane,Reflected Main Wing,13,Blpp_GP1_CgP1,46.611570899033836,-175.28835021147654,22.09660386919242
9,Example Airplane,Reflected Main Wing,14,Flpp_GP1_CgP1,25.592196507237677,-136.2551439582552,11.709898191804523
9,Example Airplane,Reflected Main Wing,14,Frpp_GP1_CgP1,27.816449720283817,-97.86315031706128,9.470992690055194
9,Example Airplane,Reflected Main Wing,14,Brpp_GP1_CgP1,52.711816466776526,-98.70876308312616,14.702728983755838
9,Example Airplane,Reflected Main Wing,14,Blpp_GP1_CgP1,50.184975873739596,-137.71868069075876,18.11351090890054
9,Example Airplane,Reflected Main Wing,15,Flpp_GP1_CgP1,27.816449720283817,-97.86315031706128,9.470992690055194
9,Example Airplane,Reflected Main Wing,15,Frpp_GP1_CgP1,28.025920928843682,-63.355870837092716,7.598792490270256
9,Example Airplane,Reflected Main Wing,15,Brpp_GP1_CgP1,53.56778083140262,-63.90499167023151,10.628857502155313
9,Example Airplane,Reflected Main Wing,15,Blpp_GP1_CgP1,52.711816466776526,-98.70876308312616,14.702728983755838
9,Example Airplane,Reflected Main Wing,16,Flpp_GP1_CgP1,28.025920928843682,-63.35587083709272,7.598792490270256
9,Example Airplane,Reflected Main Wing,16,Frpp_GP1_CgP1,26.36616520071396,-25.84951644249728,3.1143288165343206
9,Example Airplane,Reflected Main Wing,16,Brpp_GP1_CgP1,52.37319955559976,-25.69713302103079,4.802305656491265
9,Example Airplane,Reflected Main Wing,16,Blpp_GP1_CgP1,53.56778083140262,-63.90499167023151,10.628857502155313
9,Example Airplane,Reflected Main Wing,17,Flpp_GP1_CgP1,26.36616520071396,-25.84951644249728,3.1143288165343206
9,Example Airplane,Reflected Main Wing,17,Frpp_GP1_CgP1,26.077839919979876,-0.5026668908709294,-0.06508205722953683
9,Example Airplane,Reflected Main Wing,17,Brpp_GP1_CgP1,52.155731800214504,-0.5042696391229667,-0.10419507628879857
9,Example Airplane,Reflected Main Wing,17,Blpp_GP1_CgP1,52.37319955559976,-25.69713302103079,4.802305656491265
9,Example Airplane,Reflected Main Wing,18,Flpp_GP1_CgP1,-4.5681845628564055,-309.151316283404,16.34148190997887
9,Example Airplane,Reflected Main Wing,18,Frpp_GP1_CgP1,10.070230191305669,-292.30720079079043,22.64966101223342
9,Example Airplane,Reflected Main Wing,18,Brpp_GP1_CgP1,21.84085098271713,-293.9207460975876,29.28475501902559
9,Example Airplane,Reflected Main Wing,18,Blpp_GP1_CgP1,-0.6597231564186146,-309.3181196804985,19.226111794418973
9,Example Airplane,Reflected Main Wing,19,Flpp_GP1_CgP1,10.070230191305669,-292.30720079079043,22.64966101223342
9,Example Airplane,Reflected Main Wing,19,Frpp_GP1_CgP1,27.684581863035024,-256.62729453535763,28.1332449799893
9,Example Airplane,Reflected Main Wing,19,Brpp_GP1_CgP1,45.90178799248542,-258.80059171825843,35.99104832194535
9,Example Airplane,Reflected Main Wing,19,Blpp_GP1_CgP1,21.84085098271713,-293.9207460975876,29.28475501902559
9,Example Airplane,Reflected Main Wing,20,Flpp_GP1_CgP1,27.684581863035024,-256.62729453535763,28.1332449799893
9,Example Airplane,Reflected Main Wing,20,Frpp_GP1_CgP1,34.058434174322535,-217.39726838299808,30.969072862795038
9,Example Airplane,Reflected Main Wing,20,Brpp_GP1_CgP1,56.82954965938286,-219.44593447153997,39.02548551073527
9,Example Airplane,Reflected Main Wing,20,Blpp_GP1_CgP1,45.90178799248542,-258.80059171825843,35.99104832194535
9,Example Airplane,Reflected Main Wing,21,Flpp_GP1_CgP1,34.058434174322535,-217.39726838299808,30.969072862795038
9,Example Airplane,Reflected Main Wing,21,Frpp_GP1_CgP1,46.611570899033836,-175.28835021147654,22.09660386919242
9,Example Airplane,Reflected Main Wing,21,Brpp_GP1_CgP1,70.8853108706928,-177.15866510552297,28.494434357662143
9,Example Airplane,Reflected Main Wing,21,Blpp_GP1_CgP1,56.82954965938286,-219.44593447153997,39.02548551073527
9,Example Airplane,Reflected Main Wing,22,Flpp_GP1_CgP1,46.611570899033836,-175.28835021147654,22.09660386919242
9,Example Airplane,Reflected Main Wing,22,Frpp_GP1_CgP1,50.184975873739596,-137.71868069075876,18.11351090890054
9,Example Airplane,Reflected Main Wing,22,Brpp_GP1_CgP1,74.85283149206383,-139.19533176585085,24.216244045122448
9,Example Airplane,Reflected Main Wing,22,Blpp_GP1_CgP1,70.8853108706928,-177.15866510552297,28.494434357662143
9,Example Airplane,Reflected Main Wing,23,Flpp_GP1_CgP1,50.184975873739596,-137.71868069075876,18.11351090890054
9,Example Airplane,Reflected Main Wing,23,Frpp_GP1_CgP1,52.711816466776526,-98.70876308312616,14.702728983755838
9,Example Airplane,Reflected Main Wing,23,Brpp_GP1_CgP1,77.63785889095792,-99.56027908031456,19.78591621784564
9,Example Airplane,Reflected Main Wing,23,Blpp_GP1_CgP1,74.85283149206383,-139.19533176585085,24.216244045122448
9,Example Airplane,Reflected Main Wing,24,Flpp_GP1_CgP1,52.711816466776526,-98.70876308312616,14.702728983755838
9,Example Airplane,Reflected Main Wing,24,Frpp_GP1_CgP1,53.56778083140262,-63.90499167023151,10.628857502155313
9,Example Airplane,Reflected Main Wing,24,Brpp_GP1_CgP1,79.15666239487314,-64.4695052489699,13.258069460899723
9,Example Airplane,Reflected Main Wing,24,Blpp_GP1_CgP1,77.63785889095792,-99.56027908031456,19.78591621784564
9,Example Airplane,Reflected Main Wing,25,Flpp_GP1_CgP1,53.56778083140262,-63.90499167023151,10.628857502155313
9,Example Airplane,Reflected Main Wing,25,Frpp_GP1_CgP1,52.37319955559976,-25.69713302103079,4.802305656491265
9,Example Airplane,Reflected Main Wing,25,Brpp_GP1_CgP1,78.39999529352814,-25.558235556539156,6.154146239397939
9,Example Airplane,Reflected Main Wing,25,Blpp_GP1_CgP1,79.15666239487314,-64.4695052489699,13.258069460899723
9,Example Airplane,Reflected Main Wing,26,Flpp_GP1_CgP1,52.37319955559976,-25.69713302103079,4.802305656491265
9,Example Airplane,Reflected Main Wing,26,Frpp_GP1_CgP1,52.155731800214504,-0.5042696391229667,-0.10419507628879857
9,Example Airplane,Reflected Main Wing,26,Brpp_GP1_CgP1,78.23364978023987,-0.5048046065031471,-0.11725027027230552
9,Example Airplane,Reflected Main Wing,26,Blpp_GP1_CgP1,78.39999529352814,-25.558235556539156,6.154146239397939
9,Example Airplane,Reflected Main Wing,27,Flpp_GP1_CgP1,-0.6597231564186146,-309.3181196804985,19.226111794418973
9,Example Airplane,Reflected Main Wing,27,Frpp_GP1_CgP1,21.84085098271713,-293.9207460975876,29.28475501902559
9,Example Airplane,Reflected Main Wing,27,Brpp_GP1_CgP1,33.7686457541714,-295.55829598078697,35.62842558327361
9,Example Airplane,Reflected Main Wing,27,Blpp_GP1_CgP1,3.2458716202229034,-309.48465821993597,22.11463700703086
9,Example Airplane,Reflected Main Wing,28,Flpp_GP1_CgP1,21.84085098271713,-293.9207460975876,29.28475501902559
9,Example Airplane,Reflected Main Wing,28,Frpp_GP1_CgP1,45.90178799248542,-258.80059171825843,35.99104832194535
9,Example Airplane,Reflected Main Wing,28,Brpp_GP1_CgP1,64.13011459869958,-260.9755123200567,43.82283105520109
9,Example Airplane,Reflected Main Wing,28,Blpp_GP1_CgP1,33.7686457541714,-295.55829598078697,35.62842558327361
9,Example Airplane,Reflected Main Wing,29,Flpp_GP1_CgP1,45.90178799248542,-258.80059171825843,35.99104832194535
9,Example Airplane,Reflected Main Wing,29,Frpp_GP1_CgP1,56.82954965938286,-219.44593447153997,39.02548551073527
9,Example Airplane,Reflected Main Wing,29,Brpp_GP1_CgP1,79.97044412425905,-221.5607586020318,45.90663704308871
9,Example Airplane,Reflected Main Wing,29,Blpp_GP1_CgP1,64.13011459869958,-260.9755123200567,43.82283105520109
9,Example Airplane,Reflected Main Wing,30,Flpp_GP1_CgP1,56.82954965938286,-219.44593447153997,39.02548551073527
9,Example Airplane,Reflected Main Wing,30,Frpp_GP1_CgP1,70.8853108706928,-177.15866510552297,28.494434357662143
9,Example Airplane,Reflected Main Wing,30,Brpp_GP1_CgP1,94.56712414871654,-178.93563920451243,36.84165072329789
9,Example Airplane,Reflected Main Wing,30,Blpp_GP1_CgP1,79.97044412425905,-221.5607586020318,45.90663704308871
9,Example Airplane,Reflected Main Wing,31,Flpp_GP1_CgP1,70.8853108706928,-177.15866510552297,28.494434357662143
9,Example Airplane,Reflected Main Wing,31,Frpp_GP1_CgP1,74.85283149206383,-139.19533176585085,24.216244045122448
9,Example Airplane,Reflected Main Wing,31,Brpp_GP1_CgP1,99.59966197331363,-140.68614466824204,29.98889223853004
9,Example Airplane,Reflected Main Wing,31,Blpp_GP1_CgP1,94.56712414871654,-178.93563920451243,36.84165072329789
9,Example Airplane,Reflected Main Wing,32,Flpp_GP1_CgP1,74.85283149206383,-139.19533176585085,24.216244045122448
9,Example Airplane,Reflected Main Wing,32,Frpp_GP1_CgP1,77.63785889095792,-99.56027908031456,19.78591621784564
9,Example Airplane,Reflected Main Wing,32,Brpp_GP1_CgP1,102.56375779614109,-100.41178713230666,24.86917118510069
9,Example Airplane,Reflected Main Wing,32,Blpp_GP1_CgP1,99.59966197331363,-140.68614466824204,29.98889223853004
9,Example Airplane,Reflected Main Wing,33,Flpp_GP1_CgP1,77.63785889095792,-99.56027908031456,19.78591621784564
9,Example Airplane,Reflected Main Wing,33,Frpp_GP1_CgP1,79.15666239487314,-64.4695052489699,13.258069460899723
9,Example Airplane,Reflected Main Wing,33,Brpp_GP1_CgP1,104.85661751221875,-65.09337170792925,14.290626736329182
9,Example Airplane,Reflected Main Wing,33,Blpp_GP1_CgP1,102.56375779614109,-100.41178713230666,24.86917118510069
9,Example Airplane,Reflected Main Wing,34,Flpp_GP1_CgP1,79.15666239487314,-64.4695052489699,13.258069460899723
9,Example Airplane,Reflected Main Wing,34,Frpp_GP1_CgP1,78.39999529352814,-25.558235556539156,6.154146239397939
9,Example Airplane,Reflected Main Wing,34,Brpp_GP1_CgP1,104.44273709597567,-25.433626340242533,7.150255038243108
9,Example Airplane,Reflected Main Wing,34,Blpp_GP1_CgP1,104.85661751221875,-65.09337170792925,14.290626736329182
9,Example Airplane,Reflected Main Wing,35,Flpp_GP1_CgP1,78.39999529352814,-25.558235556539156,6.154146239397939
9,Example Airplane,Reflected Main Wing,35,Frpp_GP1_CgP1,78.23364978023987,-0.5048046065031471,-0.11725027027230552
9,Example Airplane,Reflected Main Wing,35,Brpp_GP1_CgP1,104.31156785410995,-0.5042755708091289,-0.10433983149512366
9,Example Airplane,Reflected Main Wing,35,Blpp_GP1_CgP1,104.44273709597567,-25.433626340242533,7.150255038243108
9,Example Airplane,Reflected Main Wing,36,Flpp_GP1_CgP1,3.2458716202229034,-309.48465821993597,22.11463700703086
9,Example Airplane,Reflected Main Wing,36,Frpp_GP1_CgP1,33.7686457541714,-295.55829598078697,35.62842558327361
9,Example Airplane,Reflected Main Wing,36,Brpp_GP1_CgP1,45.588252669062356,-297.1793058810108,42.17529932524549
9,Example Airplane,Reflected Main Wing,36,Blpp_GP1_CgP1,7.148604654903991,-309.65093254561697,25.007042795333987
9,Example Airplane,Reflected Main Wing,37,Flpp_GP1_CgP1,33.7686457541714,-295.55829598078697,35.62842558327361
9,Example Airplane,Reflected Main Wing,37,Frpp_GP1_CgP1,64.13011459869958,-260.9755123200567,43.82283105520109
9,Example Airplane,Reflected Main Wing,37,Brpp_GP1_CgP1,82.4627959134892,-263.1657773045196,51.39899233671501
9,Example Airplane,Reflected Main Wing,37,Blpp_GP1_CgP1,45.588252669062356,-297.1793058810108,42.17529932524549
9,Example Airplane,Reflected Main Wing,38,Flpp_GP1_CgP1,64.13011459869958,-260.9755123200567,43.82283105520109
9,Example Airplane,Reflected Main Wing,38,Frpp_GP1_CgP1,79.97044412425905,-221.5607586020318,45.90663704308871
9,Example Airplane,Reflected Main Wing,38,Brpp_GP1_CgP1,103.26167771490299,-223.70335650808826,52.27517227515829
9,Example Airplane,Reflected Main Wing,38,Blpp_GP1_CgP1,82.4627959134892,-263.1657773045196,51.39899233671501
9,Example Airplane,Reflected Main Wing,39,Flpp_GP1_CgP1,79.97044412425905,-221.5607586020318,45.90663704308871
9,Example Airplane,Reflected Main Wing,39,Frpp_GP1_CgP1,94.56712414871654,-178.93563920451243,36.84165072329789
9,Example Airplane,Reflected Main Wing,39,Brpp_GP1_CgP1,118.86535120079392,-180.81185057903195,43.06907213310991
9,Example Airplane,Reflected Main Wing,39,Blpp_GP1_CgP1,103.26167771490299,-223.70335650808826,52.27517227515829
9,Example Airplane,Reflected Main Wing,40,Flpp_GP1_CgP1,94.56712414871654,-178.93563920451243,36.84165072329789
9,Example Airplane,Reflected Main Wing,40,Frpp_GP1_CgP1,99.59966197331363,-140.68614466824204,29.98889223853004
9,Example Airplane,Reflected Main Wing,40,Brpp_GP1_CgP1,124.5116424262701,-142.2096125425655,34.95861150422452
9,Example Airplane,Reflected Main Wing,40,Blpp_GP1_CgP1,118.86535120079392,-180.81185057903195,43.06907213310991
9,Example Airplane,Reflected Main Wing,41,Flpp_GP1_CgP1,99.59966197331363,-140.68614466824204,29.98889223853004
9,Example Airplane,Reflected Main Wing,41,Frpp_GP1_CgP1,102.56375779614109,-100.41178713230666,24.86917118510069
9,Example Airplane,Reflected Main Wing,41,Brpp_GP1_CgP1,127.65671522469012,-101.29957027211847,29.011871419706296
9,Example Airplane,Reflected Main Wing,41,Blpp_GP1_CgP1,124.5116424262701,-142.2096125425655,34.95861150422452
9,Example Airplane,Reflected Main Wing,42,Flpp_GP1_CgP1,102.56375779614109,-100.41178713230666,24.86917118510069
9,Example Airplane,Reflected Main Wing,42,Frpp_GP1_CgP1,104.85661751221875,-65.09337170792925,14.290626736329182
9,Example Airplane,Reflected Main Wing,42,Brpp_GP1_CgP1,130.50627675708614,-65.68435946257267,16.215813384004058
9,Example Airplane,Reflected Main Wing,42,Blpp_GP1_CgP1,127.65671522469012,-101.29957027211847,29.011871419706296
9,Example Airplane,Reflected Main Wing,43,Flpp_GP1_CgP1,104.85661751221875,-65.09337170792925,14.290626736329182
9,Example Airplane,Reflected Main Wing,43,Frpp_GP1_CgP1,104.44273709597567,-25.433626340242533,7.150255038243108
9,Example Airplane,Reflected Main Wing,43,Brpp_GP1_CgP1,130.4986799980427,-25.326638704005514,7.708162824511458
9,Example Airplane,Reflected Main Wing,43,Blpp_GP1_CgP1,130.50627675708614,-65.68435946257267,16.215813384004058
9,Example Airplane,Reflected Main Wing,44,Flpp_GP1_CgP1,104.44273709597567,-25.433626340242533,7.150255038243108
9,Example Airplane,Reflected Main Wing,44,Frpp_GP1_CgP1,104.31156785410995,-0.5042755708091289,-0.10433983149512366
9,Example Airplane,Reflected Main Wing,44,Brpp_GP1_CgP1,130.3894602141573,-0.5026857813713411,-0.06554305570618484
9,Example Airplane,Reflected Main Wing,44,Blpp_GP1_CgP1,130.4986799980427,-25.326638704005514,7.708162824511458
9,Example Airplane,Reflected Main Wing,45,Flpp_GP1_CgP1,7.148604654903991,-309.65093254561697,25.007042795333987
9,Example Airplane,Reflected Main Wing,45,Frpp_GP1_CgP1,45.588252669062356,-297.1793058810108,42.17529932524549
9,Example Airplane,Reflected Main Wing,45,Brpp_GP1_CgP1,57.35881508608102,-298.7928322243372,48.812054581915206
9,Example Airplane,Reflected Main Wing,45,Blpp_GP1_CgP1,11.048462314587432,-309.816941591368,27.903339526235477
9,Example Airplane,Reflected Main Wing,46,Flpp_GP1_CgP1,45.588252669062356,-297.1793058810108,42.17529932524549
9,Example Airplane,Reflected Main Wing,46,Frpp_GP1_CgP1,82.4627959134892,-263.1657773045196,51.39899233671501
9,Example Airplane,Reflected Main Wing,46,Brpp_GP1_CgP1,101.18594973507949,-265.4143134734847,57.92979522465685
9,Example Airplane,Reflected Main Wing,46,Blpp_GP1_CgP1,57.35881508608102,-298.7928322243372,48.812054581915206
9,Example Airplane,Reflected Main Wing,47,Flpp_GP1_CgP1,82.4627959134892,-263.1657773045196,51.39899233671501
9,Example Airplane,Reflected Main Wing,47,Frpp_GP1_CgP1,103.26167771490299,-223.70335650808826,52.27517227515829
9,Example Airplane,Reflected Main Wing,47,Brpp_GP1_CgP1,126.53462198563274,-225.84240061936555,58.71301904972834
9,Example Airplane,Reflected Main Wing,47,Blpp_GP1_CgP1,101.18594973507949,-265.4143134734847,57.92979522465685
9,Example Airplane,Reflected Main Wing,48,Flpp_GP1_CgP1,103.26167771490299,-223.70335650808826,52.27517227515829
9,Example Airplane,Reflected Main Wing,48,Frpp_GP1_CgP1,118.86535120079392,-180.81185057903195,43.06907213310991
9,Example Airplane,Reflected Main Wing,48,Brpp_GP1_CgP1,143.72119399658075,-182.7984719365051,46.468558420936674
9,Example Airplane,Reflected Main Wing,48,Blpp_GP1_CgP1,126.53462198563274,-225.84240061936555,58.71301904972834
9,Example Airplane,Reflected Main Wing,49,Flpp_GP1_CgP1,118.86535120079392,-180.81185057903195,43.06907213310991
9,Example Airplane,Reflected Main Wing,49,Frpp_GP1_CgP1,124.5116424262701,-142.2096125425655,34.95861150422452
9,Example Airplane,Reflected Main Wing,49,Brpp_GP1_CgP1,149.70116166650533,-143.79690868308305,38.24728444725107
9,Example Airplane,Reflected Main Wing,49,Blpp_GP1_CgP1,143.72119399658075,-182.7984719365051,46.468558420936674
9,Example Airplane,Reflected Main Wing,50,Flpp_GP1_CgP1,124.5116424262701,-142.2096125425655,34.95861150422452
9,Example Airplane,Reflected Main Wing,50,Frpp_GP1_CgP1,127.65671522469012,-101.29957027211847,29.011871419706296
9,Example Airplane,Reflected Main Wing,50,Brpp_GP1_CgP1,152.9538932389302,-102.24300848193454,31.644167157124006
9,Example Airplane,Reflected Main Wing,50,Blpp_GP1_CgP1,149.70116166650533,-143.79690868308305,38.24728444725107
9,Example Airplane,Reflected Main Wing,51,Flpp_GP1_CgP1,127.65671522469012,-101.29957027211847,29.011871419706296
9,Example Airplane,Reflected Main Wing,51,Frpp_GP1_CgP1,130.50627675708614,-65.68435946257267,16.215813384004058
9,Example Airplane,Reflected Main Wing,51,Brpp_GP1_CgP1,156.11839843308886,-66.25786360224241,18.607828405786602
9,Example Airplane,Reflected Main Wing,51,Blpp_GP1_CgP1,152.9538932389302,-102.24300848193454,31.644167157124006
9,Example Airplane,Reflected Main Wing,52,Flpp_GP1_CgP1,130.50627675708614,-65.68435946257267,16.215813384004058
9,Example Airplane,Reflected Main Wing,52,Frpp_GP1_CgP1,130.4986799980427,-25.326638704005514,7.708162824511458
9,Example Airplane,Reflected Main Wing,52,Brpp_GP1_CgP1,156.56013901950502,-25.23506308904592,7.883300421069837
9,Example Airplane,Reflected Main Wing,52,Blpp_GP1_CgP1,156.11839843308886,-66.25786360224241,18.607828405786602
9,Example Airplane,Reflected Main Wing,53,Flpp_GP1_CgP1,130.4986799980427,-25.326638704005514,7.708162824511458
9,Example Airplane,Reflected Main Wing,53,Frpp_GP1_CgP1,130.3894602141573,-0.5026857813713411,-0.06554305570618484
9,Example Airplane,Reflected Main Wing,53,Brpp_GP1_CgP1,156.4673009013703,-0.5000316216027629,-0.000771684729637386
9,Example Airplane,Reflected Main Wing,53,Blpp_GP1_CgP1,156.56013901950502,-25.23506308904592,7.883300421069837
