Format Version,1.25,Take Name,5hz,Take Notes,,Capture Frame Rate,360.000000,Export Frame Rate,360.000000,Capture Start Time,2025-11-12 01.27.37.726 ,Capture Start Frame,325471,Total Frames in Take,2001,Total Exported Frames,751,Rotation Type,Quaternion,Length Units,Millimeters,Coordinate Space,Global

,Type,Marker,Marker,Marker,Marker,Marker,Marker,Marker,Marker,Marker,Marker,Marker,Marker,Marker,Marker,Marker,Marker,Marker,Marker,Marker,Marker,Marker,Marker,Marker,Marker,Marker,Marker,Marker,Marker,Marker,Marker,Marker,Marker,Marker,Marker,Marker,Marker,Marker,Marker,Marker,Marker,Marker,Marker,Marker,Marker,Marker,Marker,Marker,Marker,Marker,Marker,Marker,Marker,Marker,Marker,Marker,Marker,Marker,Marker,Marker,Marker,Marker,Marker,Marker,Marker,Marker,Marker,Marker,Marker,Marker,Marker,Marker,Marker,Marker,Marker,Marker,Marker,Marker,Marker,Marker,Marker,Marker,Marker,Marker,Marker,Marker,Marker,Marker,Marker,Marker,Marker,Marker,Marker,Marker,Marker,Marker,Marker,Marker,Marker,Marker,Marker,Marker,Marker,Marker,Marker,Marker,Marker,Marker,Marker,Marker,Marker,Marker,Marker,Marker,Marker,Marker,Marker,Marker
,Name,Rigid Body 001:A1,Rigid Body 001:A1,Rigid Body 001:A1,Rigid Body 001:A2,Rigid Body 001:A2,Rigid Body 001:A2,Rigid Body 001:A3,Rigid Body 001:A3,Rigid Body 001:A3,Rigid Body 001:B1,Rigid Body 001:B1,Rigid Body 001:B1,Rigid Body 001:B2,Rigid Body 001:B2,Rigid Body 001:B2,Rigid Body 001:B3,Rigid Body 001:B3,Rigid Body 001:B3,Rigid Body 001:B4,Rigid Body 001:B4,Rigid Body 001:B4,Rigid Body 001:B5,Rigid Body 001:B5,Rigid Body 001:B5,Rigid Body 001:C1,Rigid Body 001:C1,Rigid Body 001:C1,Rigid Body 001:C2,Rigid Body 001:C2,Rigid Body 001:C2,Rigid Body 001:C3,Rigid Body 001:C3,Rigid Body 001:C3,Rigid Body 001:C4,Rigid Body 001:C4,Rigid Body 001:C4,Rigid Body 001:C5,Rigid Body 001:C5,Rigid Body 001:C5,Rigid Body 001:D1,Rigid Body 001:D1,Rigid Body 001:D1,Rigid Body 001:D2,Rigid Body 001:D2,Rigid Body 001:D2,Rigid Body 001:D3,Rigid Body 001:D3,Rigid Body 001:D3,Rigid Body 001:D4,Rigid Body 001:D4,Rigid Body 001:D4,Rigid Body 001:D5,Rigid Body 001:D5,Rigid Body 001:D5,Rigid Body 001:E1,Rigid Body 001:E1,Rigid Body 001:E1,Rigid Body 001:E2,Rigid Body 001:E2,Rigid Body 001:E2,Rigid Body 001:E3,Rigid Body 001:E3,Rigid Body 001:E3,Rigid Body 001:E4,Rigid Body 001:E4,Rigid Body 001:E4,Rigid Body 001:E5,Rigid Body 001:E5,Rigid Body 001:E5,Rigid Body 001:F1,Rigid Body 001:F1,Rigid Body 001:F1,Rigid Body 001:F2,Rigid Body 001:F2,Rigid Body 001:F2,Rigid Body 001:F3,Rigid Body 001:F3,Rigid Body 001:F3,Rigid Body 001:F4,Rigid Body 001:F4,Rigid Body 001:F4,Rigid Body 001:F5,Rigid Body 001:F5,Rigid Body 001:F5,Rigid Body 001:G1,Rigid Body 001:G1,Rigid Body 001:G1,Rigid Body 001:G2,Rigid Body 001:G2,Rigid Body 001:G2,Rigid Body 001:G3,Rigid Body 001:G3,Rigid Body 001:G3,Rigid Body 001:G4,Rigid Body 001:G4,Rigid Body 001:G4,Rigid Body 001:G5,Rigid Body 001:G5,Rigid Body 001:G5,Rigid Body 001:H1,Rigid Body 001:H1,Rigid Body 001:H1,Rigid Body 001:H2,Rigid Body 001:H2,Rigid Body 001:H2,Rigid Body 001:H3,Rigid Body 001:H3,Rigid Body 001:H3,Rigid Body 001:H4,Rigid Body 001:H4,Rigid Body 001:H4,Rigid Body 001:I1,Rigid Body 001:I1,Rigid Body 001:I1,Rigid Body 001:I2,Rigid Body 001:I2,Rigid Body 001:I2
,ID,"71113C92C57C11F0:E57646421F9478B2","71113C92C57C11F0:E57646421F9478B2","71113C92C57C11F0:E57646421F9478B2","71113C8DC57C11F0:E57646421F9478B2","71113C8DC57C11F0:E57646421F9478B2","71113C8DC57C11F0:E57646421F9478B2","71113C8CC57C11F0:E57646421F9478B2","71113C8CC57C11F0:E57646421F9478B2","71113C8CC57C11F0:E57646421F9478B2","71113C74C57C11F0:E57646421F9478B2","71113C74C57C11F0:E57646421F9478B2","71113C74C57C11F0:E57646421F9478B2","71113C88C57C11F0:E57646421F9478B2","71113C88C57C11F0:E57646421F9478B2","71113C88C57C11F0:E57646421F9478B2","71113C8BC57C11F0:E57646421F9478B2","71113C8BC57C11F0:E57646421F9478B2","71113C8BC57C11F0:E57646421F9478B2","71113C8FC57C11F0:E57646421F9478B2","71113C8FC57C11F0:E57646421F9478B2","71113C8FC57C11F0:E57646421F9478B2","71113C8AC57C11F0:E57646421F9478B2","71113C8AC57C11F0:E57646421F9478B2","71113C8AC57C11F0:E57646421F9478B2","71113C76C57C11F0:E57646421F9478B2","71113C76C57C11F0:E57646421F9478B2","71113C76C57C11F0:E57646421F9478B2","71113C89C57C11F0:E57646421F9478B2","71113C89C57C11F0:E57646421F9478B2","71113C89C57C11F0:E57646421F9478B2","71113C7BC57C11F0:E57646421F9478B2","71113C7BC57C11F0:E57646421F9478B2","71113C7BC57C11F0:E57646421F9478B2","71113C83C57C11F0:E57646421F9478B2","71113C83C57C11F0:E57646421F9478B2","71113C83C57C11F0:E57646421F9478B2","71113C75C57C11F0:E57646421F9478B2","71113C75C57C11F0:E57646421F9478B2","71113C75C57C11F0:E57646421F9478B2","71113C93C57C11F0:E57646421F9478B2","71113C93C57C11F0:E57646421F9478B2","71113C93C57C11F0:E57646421F9478B2","71113C8EC57C11F0:E57646421F9478B2","71113C8EC57C11F0:E57646421F9478B2","71113C8EC57C11F0:E57646421F9478B2","71113C7CC57C11F0:E57646421F9478B2","71113C7CC57C11F0:E57646421F9478B2","71113C7CC57C11F0:E57646421F9478B2","71113C7FC57C11F0:E57646421F9478B2","71113C7FC57C11F0:E57646421F9478B2","71113C7FC57C11F0:E57646421F9478B2","71113C7AC57C11F0:E57646421F9478B2","71113C7AC57C11F0:E57646421F9478B2","71113C7AC57C11F0:E57646421F9478B2","71113C80C57C11F0:E57646421F9478B2","71113C80C57C11F0:E57646421F9478B2","71113C80C57C11F0:E57646421F9478B2","71113C72C57C11F0:E57646421F9478B2","71113C72C57C11F0:E57646421F9478B2","71113C72C57C11F0:E57646421F9478B2","71113C78C57C11F0:E57646421F9478B2","71113C78C57C11F0:E57646421F9478B2","71113C78C57C11F0:E57646421F9478B2","71113C81C57C11F0:E57646421F9478B2","71113C81C57C11F0:E57646421F9478B2","71113C81C57C11F0:E57646421F9478B2","71113C79C57C11F0:E57646421F9478B2","71113C79C57C11F0:E57646421F9478B2","71113C79C57C11F0:E57646421F9478B2","71113C86C57C11F0:E57646421F9478B2","71113C86C57C11F0:E57646421F9478B2","71113C86C57C11F0:E57646421F9478B2","71113C97C57C11F0:E57646421F9478B2","71113C97C57C11F0:E57646421F9478B2","71113C97C57C11F0:E57646421F9478B2","71113C98C57C11F0:E57646421F9478B2","71113C98C57C11F0:E57646421F9478B2","71113C98C57C11F0:E57646421F9478B2","71113C84C57C11F0:E57646421F9478B2","71113C84C57C11F0:E57646421F9478B2","71113C84C57C11F0:E57646421F9478B2","71113C7DC57C11F0:E57646421F9478B2","71113C7DC57C11F0:E57646421F9478B2","71113C7DC57C11F0:E57646421F9478B2","71113C77C57C11F0:E57646421F9478B2","71113C77C57C11F0:E57646421F9478B2","71113C77C57C11F0:E57646421F9478B2","71113C95C57C11F0:E57646421F9478B2","71113C95C57C11F0:E57646421F9478B2","71113C95C57C11F0:E57646421F9478B2","71113C94C57C11F0:E57646421F9478B2","71113C94C57C11F0:E57646421F9478B2","71113C94C57C11F0:E57646421F9478B2","71113C85C57C11F0:E57646421F9478B2","71113C85C57C11F0:E57646421F9478B2","71113C85C57C11F0:E57646421F9478B2","71113C82C57C11F0:E57646421F9478B2","71113C82C57C11F0:E57646421F9478B2","71113C82C57C11F0:E57646421F9478B2","71113C91C57C11F0:E57646421F9478B2","71113C91C57C11F0:E57646421F9478B2","71113C91C57C11F0:E57646421F9478B2","71113C96C57C11F0:E57646421F9478B2","71113C96C57C11F0:E57646421F9478B2","71113C96C57C11F0:E57646421F9478B2","71113C73C57C11F0:E57646421F9478B2","71113C73C57C11F0:E57646421F9478B2","71113C73C57C11F0:E57646421F9478B2","71113C87C57C11F0:E57646421F9478B2","71113C87C57C11F0:E57646421F9478B2","71113C87C57C11F0:E57646421F9478B2","71113C90C57C11F0:E57646421F9478B2","71113C90C57C11F0:E57646421F9478B2","71113C90C57C11F0:E57646421F9478B2","71113C7EC57C11F0:E57646421F9478B2","71113C7EC57C11F0:E57646421F9478B2","71113C7EC57C11F0:E57646421F9478B2"
,Parent,,,,,,,,,,,,,,,,,,,,,,,,,,,,,,,,,,,,,,,,,,,,,,,,,,,,,,,,,,,,,,,,,,,,,,,,,,,,,,,,,,,,,,,,,,,,,,,,,,,,,,,,,,,,,,,,,,,,,
,,Position,Position,Position,Position,Position,Position,Position,Position,Position,Position,Position,Position,Position,Position,Position,Position,Position,Position,Position,Position,Position,Position,Position,Position,Position,Position,Position,Position,Position,Position,Position,Position,Position,Position,Position,Position,Position,Position,Position,Position,Position,Position,Position,Position,Position,Position,Position,Position,Position,Position,Position,Position,Position,Position,Position,Position,Position,Position,Position,Position,Position,Position,Position,Position,Position,Position,Position,Position,Position,Position,Position,Position,Position,Position,Position,Position,Position,Position,Position,Position,Position,Position,Position,Position,Position,Position,Position,Position,Position,Position,Position,Position,Position,Position,Position,Position,Position,Position,Position,Position,Position,Position,Position,Position,Position,Position,Position,Position,Position,Position,Position,Position,Position,Position,Position,Position,Position
Frame,Time (Seconds),X,Y,Z,X,Y,Z,X,Y,Z,X,Y,Z,X,Y,Z,X,Y,Z,X,Y,Z,X,Y,Z,X,Y,Z,X,Y,Z,X,Y,Z,X,Y,Z,X,Y,Z,X,Y,Z,X,Y,Z,X,Y,Z,X,Y,Z,X,Y,Z,X,Y,Z,X,Y,Z,X,Y,Z,X,Y,Z,X,Y,Z,X,Y,Z,X,Y,Z,X,Y,Z,X,Y,Z,X,Y,Z,X,Y,Z,X,Y,Z,X,Y,Z,X,Y,Z,X,Y,Z,X,Y,Z,X,Y,Z,X,Y,Z,X,Y,Z,X,Y,Z,X,Y,Z
2750,2.083333,53.024181,309.094482,14.100482,120.545105,306.498016,-34.891689,180.382889,302.012695,-76.074127,75.920197,314.887909,42.012093,103.067169,316.959045,18.440884,131.789688,317.692780,-4.840886,163.978241,314.156830,-23.991659,198.473495,317.293335,-51.346897,97.323982,321.851654,67.374062,123.907845,326.927155,45.101929,151.842773,331.590332,21.066832,179.781067,335.767181,-1.989617,215.270706,336.792847,-27.670584,120.647751,329.991608,96.507790,146.230759,336.845001,72.256493,173.173584,343.641022,47.836384,200.038498,349.781677,24.338839,233.862579,353.741150,-2.175493,144.955933,337.460419,123.995453,167.716385,348.491119,100.978523,194.901459,355.287018,75.764763,220.511520,364.898926,51.356144,252.926849,370.428741,24.427753,173.344620,350.546295,154.626266,195.266144,361.538147,133.738678,219.507294,372.548920,108.885010,244.951630,380.708221,84.090805,270.250305,388.168182,61.994942,198.321045,354.466095,182.349319,218.647995,370.337036,161.476685,240.570816,383.454712,135.708649,256.572113,391.538574,118.476906,275.178223,399.388306,101.038414,222.855804,361.903687,209.378296,242.505585,376.969299,187.060486,258.486481,390.154602,170.226685,271.920654,400.122284,154.200638,239.193253,367.678040,221.326035,257.487457,382.443390,203.313232
2751,2.086111,53.095592,308.596863,14.189867,120.689392,306.088623,-34.704311,180.559952,301.589447,-75.834579,76.013832,313.276917,42.292110,103.224365,315.508301,18.799822,131.986542,316.261993,-4.438642,164.125549,313.039185,-23.706291,198.698502,316.069977,-50.909504,97.437897,319.182861,67.863983,124.087845,324.405121,45.665447,152.132248,329.192383,21.749241,180.189377,333.537140,-1.176686,215.715607,334.658295,-26.796041,120.756485,326.236084,97.219795,146.462906,333.214233,73.035843,173.540741,340.192749,48.781925,200.531143,346.504791,25.407541,234.464859,350.545441,-0.982207,145.066788,332.495331,124.848503,168.001465,343.725403,101.985687,195.298645,350.727814,76.918510,221.075928,360.596344,52.705959,253.650574,366.142487,25.953060,173.080032,343.532166,155.815674,195.585709,355.485321,135.107437,219.981781,366.770416,110.433464,245.586777,375.091309,85.735939,271.085876,382.662811,63.877285,198.468735,347.062683,183.595978,218.969711,363.213348,163.026382,241.109924,376.615723,137.504089,257.261749,384.889954,120.443314,276.034851,392.852905,103.189293,222.967621,353.352478,210.845245,242.785706,368.850708,188.784348,258.941376,382.220764,172.187851,272.509155,392.407013,156.482605,239.387466,358.470673,222.470627,257.800171,373.600464,205.171097
2752,2.088889,53.158142,308.062408,14.283916,120.834969,305.588959,-34.497608,180.745758,301.023621,-75.564293,76.082520,311.593964,42.562584,103.372269,313.941681,19.160633,132.189178,314.669464,-4.008886,164.270279,311.767242,-23.415022,198.948288,314.622772,-50.422478,97.505257,316.401703,68.339813,124.244675,321.701965,46.232037,152.423492,326.551758,22.460840,180.623459,331.013977,-0.312720,216.191116,332.207977,-25.861582,120.790421,322.314575,97.911850,146.658005,329.337433,73.815346,173.896881,336.421783,49.749847,201.045639,342.836548,26.526112,235.103928,346.898773,0.281406,145.073181,327.314270,125.674950,168.236099,338.635162,102.988808,195.677338,345.760529,78.095703,221.662766,355.797821,54.105484,254.414856,361.294159,27.549454,172.694580,336.162201,156.980911,195.828293,349.040710,136.465332,220.433640,360.486389,111.995537,246.234222,368.871735,87.426857,271.961700,376.491974,65.829628,198.453552,339.338470,184.812408,219.191681,355.644623,164.561432,241.607437,369.209564,139.310394,257.945801,377.604462,122.442780,276.911530,385.622253,105.395203,222.887375,344.439148,212.284775,242.933655,360.244904,190.496323,259.314697,373.692047,174.150391,273.063110,384.018860,158.783386,239.375122,348.840546,223.600647,257.968018,364.242065,207.015823
2753,2.091667,53.210808,307.493347,14.381935,120.974770,305.008179,-34.281105,180.927078,300.332062,-75.281830,76.124870,309.849884,42.818275,103.505539,312.272430,19.513477,132.389465,312.930756,-3.564240,164.407547,310.346283,-23.123741,199.211975,312.968628,-49.902718,97.524590,313.526276,68.791786,124.372475,318.837830,46.787327,152.705185,323.691406,23.182045,181.067596,328.223022,0.577713,216.679810,329.470551,-24.894400,120.748604,318.250824,98.567436,146.808243,325.242371,74.575745,174.228363,332.358459,50.714272,201.562729,338.809113,27.664011,235.755203,342.838440,1.577904,144.973663,321.948883,126.454323,168.410233,333.254913,103.962227,196.022018,340.422363,79.264656,222.248611,350.543030,55.515732,255.189865,355.928314,29.171932,172.196167,328.492920,158.089752,195.983856,342.245087,137.779175,220.845322,353.739685,113.530228,246.867935,362.098907,89.117676,272.844574,369.707764,67.799812,198.272125,331.339813,185.969620,219.303116,347.678955,166.045258,242.043869,361.285309,141.081909,258.599213,369.733582,124.425377,277.775543,377.750824,107.602448,222.612869,335.217682,213.662842,242.940933,351.203522,192.153793,259.591309,364.621277,176.064514,273.560394,375.013000,161.047882,239.151001,338.837799,224.699310,257.981476,354.425201,208.802155
2754,2.094444,53.253014,306.893250,14.482778,121.102631,304.356842,-34.064243,181.092041,299.533417,-75.005188,76.140015,308.056427,43.054295,103.619148,310.515167,19.849075,132.579391,311.063873,-3.117095,164.532471,308.783997,-22.838728,199.478302,311.126373,-49.366859,97.495743,310.576416,69.210648,124.465942,315.835388,47.317612,152.966293,320.637390,23.893755,181.505844,325.192932,1.470216,217.164398,326.476990,-23.921124,120.631973,314.070679,99.170670,146.906799,320.960114,75.298691,174.522369,328.037201,51.650574,202.063141,334.458923,28.791048,236.394257,338.405457,2.870820,144.769745,316.433685,127.167107,168.515213,327.623535,104.881416,196.317368,334.755768,80.394623,222.810074,344.876495,56.898819,255.945618,350.094849,30.776487,171.593491,320.581390,159.112839,196.044556,335.143494,139.016418,221.199570,346.579132,114.997704,247.461990,354.828766,90.764206,273.701324,362.368622,69.736908,197.926132,323.116852,187.039154,219.295853,339.369354,167.442368,242.400665,352.898163,142.774216,259.197449,361.335510,126.342255,278.594177,369.299896,109.758591,222.147568,325.745605,214.944931,242.802338,341.783203,193.715057,259.757843,355.067688,177.881805,273.978882,365.451019,163.222305,238.715103,328.520691,225.749542,257.835052,344.211700,210.485596
2755,2.097222,53.284611,306.266754,14.584921,121.213829,303.646118,-33.855309,181.231079,298.646210,-74.749695,76.127586,306.226044,43.266388,103.708611,308.685211,20.159138,132.751511,309.088745,-2.678884,164.640213,307.090759,-22.566563,199.736145,309.115875,-48.830521,97.419601,307.572968,69.588074,124.520149,312.719879,47.810341,153.196487,317.418365,24.578159,181.922562,321.954620,2.341555,217.628357,323.259644,-22.966568,120.442932,309.801819,99.707115,146.947876,316.524902,75.967316,174.766830,323.496399,52.536102,202.528000,329.825989,29.878479,236.997711,333.643097,4.126049,144.465454,310.805847,127.795700,168.543823,321.784149,105.723869,196.548630,328.808014,81.457031,223.324493,338.847137,58.219433,256.653412,343.847595,32.321968,170.896164,312.485748,160.024597,196.004593,327.785248,140.146500,221.479553,339.059235,116.361168,247.991104,347.122864,92.325127,274.499542,354.538239,71.592941,197.421982,314.723297,187.994339,219.164505,330.772797,168.719574,242.660568,344.109070,144.345688,259.716705,352.474792,128.147430,279.335693,360.336975,111.814156,221.500122,316.083099,216.097290,242.515869,332.045074,195.141052,259.802582,345.096344,179.556732,274.297394,355.400299,165.255325,238.072281,317.956177,226.733490,257.526978,333.668304,212.024338
2756,2.100000,53.305809,305.619537,14.686576,121.305466,302.887085,-33.660526,181.337814,297.687531,-74.526306,76.087776,304.372009,43.451073,103.769859,306.798401,20.436831,132.899246,307.026489,-2.259636,164.726105,305.279419,-22.313980,199.974915,306.957855,-48.307850,97.297997,304.537872,69.917084,124.530922,309.518341,48.254482,153.386642,314.064819,25.219145,182.302856,318.540283,3.170400,218.056503,319.851257,-22.053064,120.185249,305.473755,100.164162,146.926865,311.973175,76.566742,174.950562,318.777039,53.350586,202.939560,324.952606,30.900042,237.543900,328.596222,5.312730,144.067078,305.105072,128.325150,168.490540,315.783264,106.470001,196.702225,322.629730,82.426407,223.770844,332.506989,59.445927,257.286469,337.242981,33.771420,170.114273,304.265747,160.804169,195.860046,320.223572,141.142517,221.669495,331.239380,117.588211,248.431671,339.046722,93.763054,275.209045,346.284332,73.324341,196.770050,306.215912,188.811493,218.906448,321.949951,169.847229,242.808075,334.984131,145.759277,260.134552,343.221741,129.799545,279.970581,350.934631,113.723763,220.683655,306.292755,217.088425,242.082428,322.054688,196.396835,259.715942,334.777222,181.048355,274.496674,344.932739,167.098785,237.232178,307.219910,227.632828,257.058899,322.866119,213.380661
2757,2.102778,53.317150,304.958099,14.785804,121.376511,302.090240,-33.483650,181.409286,296.672302,-74.340889,76.021385,302.508209,43.605743,103.799393,304.870667,20.677288,133.017151,304.898834,-1.867866,164.785782,303.365417,-22.087654,200.184891,304.673370,-47.811310,97.133659,301.493866,70.192215,124.495209,306.258698,48.640884,153.529190,310.608307,25.802578,182.633041,314.982513,3.937839,218.435165,316.284393,-21.200077,119.864014,301.117401,100.531242,146.840729,307.342987,77.084595,175.063614,313.921143,54.076508,203.281784,319.882019,31.832582,238.013504,323.310577,6.403809,143.582779,299.373199,128.743958,168.351852,309.670044,107.103790,196.766678,316.273895,83.281059,224.130310,325.910492,60.550735,257.820953,330.339020,35.092953,169.258453,295.983551,161.435822,195.608658,312.515350,141.982605,221.755630,323.182404,118.651558,248.762665,330.668427,95.045425,275.802521,337.677460,74.892815,195.984024,297.655060,189.471313,218.521637,312.964905,170.800339,242.829880,325.593719,146.983597,260.430115,333.651337,131.263290,280.472229,341.168854,115.447205,219.714828,296.439880,217.890640,241.505875,311.881439,197.452988,259.490509,324.184692,182.321716,274.560211,334.123657,168.708511,236.208923,296.395691,228.429337,256.435455,311.880371,214.522720
2758,2.105556,53.319424,304.289612,14.880652,121.427643,301.265533,-33.326069,181.445480,295.613403,-74.194496,75.929893,300.649200,43.728817,103.794716,302.917908,20.877920,133.101196,302.727417,-1.510658,164.815186,301.365967,-21.893843,200.357407,302.283813,-47.351585,96.930237,298.464417,70.409683,124.411758,302.969238,48.962757,153.618362,307.080139,26.316765,182.901062,311.313293,4.627854,218.752518,312.590637,-20.423929,119.485619,296.765198,100.800003,146.688293,302.672974,77.511383,175.097839,308.970551,54.699650,203.541092,314.657806,32.656273,238.389969,317.832123,7.376324,143.022263,293.654724,129.044617,168.126633,303.495148,107.613312,196.733154,309.794556,84.003662,224.386536,319.113556,61.510464,258.236633,323.194672,36.259880,168.340271,287.705109,161.908920,195.250320,304.720123,142.650421,221.726868,314.953186,119.529709,248.966370,322.057648,96.145279,276.256531,328.789856,76.266006,195.080093,289.104553,189.959900,218.012634,303.884644,171.559448,242.715591,316.010742,147.993408,260.585541,323.841034,132.509720,280.818176,331.117645,116.950180,218.613205,286.593872,218.482315,240.792542,301.598541,198.286560,259.121429,313.396423,183.348907,274.474915,323.050446,170.045456,235.020828,285.573853,229.105988,255.663727,300.790558,215.425873
2759,2.108333,53.313633,303.621582,14.969283,121.460701,300.422729,-33.187473,181.448486,294.522339,-74.084831,75.815506,298.810272,43.819534,103.755005,300.955994,21.037998,133.148560,300.533295,-1.193748,164.810669,299.299683,-21.737930,200.484924,299.810608,-46.937527,96.692268,295.473785,70.567314,124.281570,299.678070,49.216148,153.650085,303.511108,26.752802,183.097412,307.563751,5.227959,218.998550,308.799683,-19.737522,119.057602,292.451202,100.964890,146.470566,298.002258,77.840775,175.047287,303.966156,55.209415,203.706650,309.323120,33.354851,238.659775,312.206451,8.211535,142.396622,287.996338,129.224030,167.816010,297.310211,107.990997,196.595886,303.245941,84.581665,224.526001,312.172424,62.306290,258.517181,315.869446,37.250320,167.372849,279.501251,162.217682,194.787308,296.899200,143.135529,221.575287,306.617554,120.207504,249.028717,313.284332,97.041885,276.551575,319.694153,77.417961,194.076263,280.632355,190.269867,217.384552,294.778320,172.111343,242.458420,306.309357,148.770233,260.586426,313.868347,133.516083,280.990631,320.858826,118.204979,217.400421,276.829742,218.850677,239.951035,291.282745,198.882233,258.606506,302.492889,184.110092,274.231689,311.792114,171.077408,233.690262,274.849976,229.648102,254.753143,289.679932,216.073776
2760,2.111111,53.300903,302.961884,15.050090,121.478111,299.571899,-33.066936,181.421280,293.410583,-74.008438,75.681259,297.007385,43.877819,103.681534,299.001221,21.157822,133.157700,298.336639,-0.921518,164.769043,297.185455,-21.623968,200.561279,297.275024,-46.576443,96.425049,292.546814,70.664513,124.107719,296.413147,49.400024,153.622269,299.930725,27.104567,183.215866,303.763336,5.729688,219.165161,304.938171,-19.150234,118.588524,288.211456,101.024544,146.190552,293.369995,78.069748,174.908783,298.948120,55.598991,203.770706,303.920563,33.916283,238.812485,306.477844,8.895163,141.718155,282.447052,129.283691,167.423508,291.167023,108.233887,196.352310,296.681885,85.007530,224.538406,305.142456,62.924831,258.650452,308.422150,38.047256,166.371613,271.449005,162.361176,194.224548,289.114960,143.433334,221.296310,298.241577,120.676674,248.939285,304.417877,97.721382,276.672272,310.461914,78.329819,192.992065,272.310455,190.401520,216.645096,285.716553,172.449600,242.055145,296.564087,149.302811,260.422516,303.809052,134.265793,280.976654,310.468658,119.190933,216.099731,267.229095,218.993713,238.992035,281.014099,199.232910,257.946350,291.556671,184.594269,273.825195,300.429413,171.781754,232.243271,264.322998,230.044571,253.715897,278.635498,216.458710
2761,2.113889,53.282433,302.318237,15.121812,121.482269,298.723999,-32.963932,181.366577,292.290344,-73.962776,75.530960,295.257172,43.904366,103.577530,297.070557,21.238379,133.128128,296.156433,-0.696893,164.687759,295.041565,-21.554588,200.581833,294.697906,-46.274597,96.134392,289.708771,70.702370,123.894653,293.202454,49.515938,153.534775,296.367188,27.368597,183.253296,299.939606,6.128345,219.246231,301.029510,-18.668230,118.087952,284.084839,100.983070,145.853333,288.815002,78.198723,174.682602,293.955505,55.865406,203.728485,298.491730,34.333496,238.840775,300.688629,9.417756,141.000320,277.057861,129.230103,166.954910,285.117096,108.343704,196.003006,290.155090,85.278511,224.416855,298.077148,63.358879,258.628510,300.909576,38.639210,165.354828,263.631836,162.343674,193.569626,281.430054,143.544983,220.888550,289.891357,120.936081,248.691360,295.526062,98.177254,276.607269,301.161987,78.990288,191.848434,264.214783,190.363022,215.804428,276.771240,172.574829,241.506165,286.849426,149.587708,260.087494,293.736572,134.749084,280.768341,300.020691,119.894585,214.735870,257.879669,218.920654,237.928406,270.875336,199.339981,257.144501,280.672241,184.799896,273.253601,289.045349,172.147614,230.709442,254.093353,230.289139,252.567200,267.746918,216.581757
2762,2.116667,53.259441,301.698334,15.183613,121.475319,297.890167,-32.878521,181.286453,291.173370,-73.946655,75.368988,293.576843,43.901150,103.447433,295.181244,21.281454,133.060440,294.010620,-0.521227,164.565201,292.885498,-21.531351,200.543518,292.099396,-46.037426,95.826698,286.985504,70.684258,123.647568,290.073578,49.567406,153.389175,292.847626,27.544138,183.208878,296.118439,6.422285,219.237625,297.094269,-18.295269,117.566544,280.112579,100.850365,145.465775,284.375702,78.231781,174.373047,289.026306,56.009571,203.578125,293.076721,34.604351,238.740250,294.878937,9.774940,140.257721,271.881439,129.074646,166.418182,279.211548,108.326797,195.551468,283.716095,85.396149,224.158081,291.027649,63.607372,258.447052,293.385223,39.020969,164.344009,256.139740,162.175171,192.832794,273.907166,143.477402,220.353882,281.632141,120.991211,248.281967,286.674347,98.409996,276.349579,291.859802,79.395584,190.668152,256.423859,190.169464,214.875229,268.015076,172.494675,240.815338,277.239716,149.629364,259.578918,283.722076,134.963867,280.362183,289.585968,120.310089,213.335358,248.873367,218.650970,236.775467,260.951477,199.213226,256.207642,269.925323,184.735092,272.518311,277.724945,172.177170,229.121552,244.261124,230.381516,251.325516,257.106049,216.452713
2763,2.119444,53.233093,301.109375,15.235132,121.459167,297.080414,-32.810890,181.182739,290.069611,-73.959518,75.200043,291.984131,43.871964,103.295952,293.350128,21.289585,132.956253,291.915436,-0.394241,164.400787,290.733765,-21.555088,200.444733,289.498871,-45.869549,95.509193,284.403351,70.616219,123.372284,287.053314,49.559422,153.188416,289.398071,27.633202,183.083481,292.324188,6.612335,219.136978,293.151184,-18.033504,117.036026,276.337463,100.641144,145.036316,280.090363,78.176842,173.987762,284.197601,56.036198,203.320465,287.713745,34.730934,238.509201,289.086884,9.967242,139.506210,266.970734,128.833069,165.823410,273.501068,108.193993,195.003738,277.412994,85.366058,223.762360,284.042755,63.674809,258.104950,285.899658,39.194031,163.363251,249.067688,161.871979,192.026886,266.608704,143.242905,219.697632,273.527496,120.853180,247.711899,277.925415,98.426331,275.896454,282.616913,79.548744,189.476028,249.016815,189.841095,213.872803,259.521240,172.223328,239.990021,267.808990,149.440369,258.898132,273.834747,134.916214,279.758881,279.232941,120.439560,211.926727,240.303360,218.212341,235.551300,251.328827,198.870285,255.146057,259.402374,184.417145,271.623962,266.555145,171.885468,227.515320,234.924332,230.328232,250.012665,246.805832,216.089828
2764,2.122222,53.204487,300.558167,15.276516,121.435760,296.302979,-32.760822,181.057419,288.986420,-74.000763,75.029076,290.496918,43.822159,103.127464,291.593475,21.265841,132.818008,289.885986,-0.314158,164.194901,288.601440,-21.625864,200.285202,286.915222,-45.774879,95.190071,281.988678,70.506744,123.075294,284.167267,49.498314,152.936600,286.043579,27.640453,182.879135,288.579895,6.701349,218.943588,289.217865,-17.883877,116.509178,272.801605,100.372925,144.574677,275.996643,78.045090,173.536072,279.505219,55.953491,202.958496,282.438721,34.719009,238.148605,283.348053,9.999553,138.762939,262.377197,128.523773,165.182602,268.035767,107.960297,194.368149,271.291840,85.198128,223.233551,277.169403,63.570553,257.603729,278.500183,39.166412,162.437668,242.514633,161.457397,191.167053,259.596832,142.859268,218.928436,265.638916,120.537971,246.985611,269.338623,98.238518,275.249237,273.490875,79.459023,188.299118,242.070786,189.401810,212.815094,251.362686,171.781021,239.040955,258.630951,149.040817,258.050262,264.142242,134.620346,278.962738,269.027679,120.293037,210.540939,232.261246,217.637985,234.276764,242.094055,198.335983,253.974014,249.189606,183.871124,270.578613,255.623672,171.299469,225.929001,226.177124,230.143021,248.653702,236.939407,215.519226
2765,2.125000,53.174648,300.050842,15.308447,121.407028,295.564209,-32.727497,180.912994,287.929077,-74.069206,74.861160,289.131958,43.757591,102.946068,289.926575,21.213776,132.649124,287.936127,-0.278016,163.948654,286.502502,-21.742767,200.065918,284.366577,-45.756294,94.878304,279.767120,70.366051,122.763779,281.439880,49.391705,152.638809,282.808197,27.572878,182.598785,284.907593,6.693888,218.658142,285.310822,-17.845812,115.999702,269.545013,100.064262,144.091904,272.130524,77.849426,173.027939,274.983795,55.772667,202.497162,277.285736,34.577766,237.661804,277.695770,9.880684,138.046295,258.149445,128.166824,164.509491,262.864380,107.644096,193.655319,265.397339,84.906456,222.578781,270.453003,63.308365,256.947449,271.230743,38.951694,161.592178,236.582779,160.962280,190.270432,252.932999,142.349213,218.058136,258.025757,120.066132,246.110947,260.970459,97.864029,274.412994,264.535614,79.141632,187.166534,235.658813,188.878189,211.722488,243.611465,171.193375,237.982132,249.778015,148.457077,257.044281,254.711029,134.098389,277.981903,259.033844,119.888168,209.211411,224.834091,216.964188,232.975586,233.333221,197.641434,252.709778,239.372345,183.128372,269.393768,245.018570,170.456482,224.402954,218.108521,229.846695,247.276642,227.598572,214.773849
2766,2.127778,53.144588,299.592926,15.332116,121.374687,294.869232,-32.709415,180.752136,286.901581,-74.162819,74.701485,287.904419,43.683838,102.756050,288.364044,21.137688,132.453842,286.078674,-0.281989,163.663834,284.449829,-21.903761,199.789017,281.869537,-45.814808,94.583344,277.762817,70.205345,122.445450,278.894409,49.248421,152.301178,279.714813,27.439375,182.245895,281.328339,6.596119,218.282776,281.445923,-17.916512,115.521935,266.604401,99.733635,143.600143,268.525238,77.603355,172.473679,270.666351,55.507465,201.943390,272.287201,34.319721,237.054718,272.161285,9.623304,137.375565,254.332489,127.783104,163.819260,258.033173,107.265953,192.877731,259.772888,84.509102,221.807846,263.937958,62.906132,256.142975,264.132446,38.568100,160.850586,231.378769,160.425583,189.355820,246.677460,141.740067,217.101349,250.745804,119.462456,245.098755,252.875305,97.325455,273.396271,255.802338,78.617844,186.108963,229.848907,188.298828,210.617477,236.338303,170.490906,236.830887,241.320618,147.720535,255.893112,245.606903,133.379745,276.828125,249.313248,119.249855,207.973709,218.102615,216.228027,231.674408,225.130539,196.822800,251.375046,230.034485,182.225830,268.084778,234.826935,169.401993,222.978943,210.801331,229.465942,245.912201,218.872772,213.892242
2767,2.130556,53.115288,299.189026,15.349057,121.339920,294.221954,-32.704540,180.577454,285.907166,-74.278488,74.555275,286.827332,43.606098,102.562469,286.919678,21.042847,132.237274,284.325470,-0.321610,163.342712,282.455109,-22.105576,199.457947,279.438751,-45.948559,94.314705,275.998047,70.036156,122.128456,276.552612,49.078129,151.930832,276.785034,27.250334,181.824661,277.862030,6.415814,217.820999,277.638916,-18.090204,115.090317,264.012482,99.398911,143.112274,265.211548,77.321167,171.884369,266.584442,55.173733,201.305832,267.474243,33.960453,236.335526,266.774078,9.243843,136.770264,250.967056,127.393394,163.128220,253.585068,106.847603,192.049820,254.461105,84.027679,220.932846,257.667969,62.385742,255.199905,257.244537,38.038227,160.236420,227.020844,159.893219,188.443588,240.888748,141.062836,216.075302,243.855392,118.755630,243.962723,245.105988,96.650246,272.211090,247.340927,77.915047,185.157928,224.703125,187.693237,209.524246,229.611801,169.708008,235.607559,233.327194,146.866791,254.613724,236.895325,132.500244,275.516510,239.926666,118.410042,206.864685,212.139923,215.465851,230.402588,217.567169,195.920105,249.994888,221.258408,181.205429,266.671051,225.134262,168.187653,221.699295,204.331253,229.031433,244.593185,210.847733,212.916946
2768,2.133333,53.087666,298.843079,15.360921,121.303398,293.625153,-32.710541,180.391434,284.948944,-74.412170,74.427567,285.912109,43.529366,102.371101,285.606262,20.935278,132.004913,282.687317,-0.391859,162.988235,280.529480,-22.343729,199.077347,277.086945,-46.152046,94.081635,274.492340,69.869606,121.821129,274.434387,48.890987,151.535736,274.038818,27.017296,181.340256,274.526947,6.162439,217.277847,273.906219,-18.357725,114.718872,261.797729,99.076706,142.641403,262.218079,77.018051,171.271698,262.768066,54.788918,200.595032,262.876740,33.518276,235.514755,261.562683,8.762165,136.249557,248.088989,127.017410,162.453400,249.559280,106.411118,191.187729,249.503769,83.486702,219.968018,251.686478,61.772800,254.130844,250.605637,37.388809,159.769485,223.584427,159.404037,187.555786,235.622726,140.350769,214.999664,237.409546,117.977684,242.719406,237.714905,95.870300,270.873047,239.201447,77.066536,184.344543,220.276749,187.090530,208.468475,223.497513,168.881760,234.335587,225.863953,145.934906,253.227295,228.641861,131.501236,274.065918,230.935501,117.407364,205.921097,207.010712,214.711945,229.191833,210.720291,194.975647,248.597549,213.124695,180.113327,265.176666,216.023804,166.869125,220.605499,198.765778,228.575378,243.354370,203.604218,211.892609
2769,2.136111,53.062527,298.558228,15.369256,121.265442,293.080475,-32.725136,180.196548,284.029846,-74.559219,74.323120,285.168091,43.458401,102.187836,284.435181,20.821182,131.762421,281.173981,-0.487235,162.604019,278.683380,-22.612732,198.653152,274.825256,-46.415977,93.892624,273.262268,69.715660,121.531754,272.557465,48.697136,151.124496,271.494781,26.752596,180.799271,271.340240,5.847275,216.660110,270.265503,-18.706701,114.420563,259.983704,98.781578,142.200623,259.571014,76.709595,170.648071,259.245636,54.371593,199.823196,258.523804,33.013775,234.605316,256.555267,8.201058,135.831268,245.728210,126.672897,161.812241,245.991089,105.978127,190.309250,244.941315,82.912804,218.930008,246.036896,61.096066,252.951508,244.254730,36.650223,159.460632,221.041046,158.977142,186.715759,230.931610,139.637527,213.896530,231.461914,117.163231,241.388428,230.754395,95.021248,269.401703,231.435226,76.110878,183.698212,216.617401,186.517899,207.477127,218.056564,168.050049,233.041290,218.995117,144.966629,251.759506,220.912460,130.428436,272.499054,222.403320,116.286774,205.177887,202.770462,213.997528,228.075378,204.662079,194.032532,247.214478,205.711700,178.998489,263.630371,207.576263,165.504089,219.736359,194.163132,228.129181,242.231628,197.217133,210.864334
2770,2.138889,53.040565,298.336792,15.375396,121.226234,292.589050,-32.746262,179.995529,283.152802,-74.714706,74.246124,284.602631,43.397449,102.018066,283.416107,20.706375,131.515182,279.794250,-0.601972,162.194550,276.927124,-22.906340,198.192398,272.663757,-46.727688,93.755058,272.320587,69.582649,121.268333,270.936951,48.506275,150.706223,269.170105,26.468988,180.209671,268.318329,5.483313,215.976654,266.736145,-19.121983,114.206657,258.588715,98.525368,141.802444,257.293640,76.411026,170.026596,256.044067,53.940929,199.004242,254.443802,32.469246,233.622559,251.780807,7.585674,135.531036,243.908188,126.374603,161.221939,242.911453,105.568916,189.433731,240.812485,82.333710,217.838013,240.762360,60.386662,251.680878,238.231552,35.855713,159.316925,219.322708,158.621033,185.947266,226.862976,138.955444,212.790298,226.064331,116.348442,239.992920,224.276993,94.141701,267.821228,224.095703,75.091133,183.244904,213.763840,185.999146,206.577530,213.344528,167.249878,231.754044,212.782990,144.005295,250.240570,213.773560,129.330566,270.843292,214.397476,115.099129,204.665955,199.464035,213.349411,227.086853,199.458572,193.132950,245.880249,199.095001,177.910919,262.066071,199.870132,164.150696,219.125854,190.570679,227.721405,241.260818,191.754471,209.876144
2771,2.141667,53.022327,298.180420,15.380412,121.185837,292.151367,-32.772148,179.791260,282.320740,-74.873627,74.200027,284.220795,43.349907,101.866524,282.556854,20.596008,131.268585,278.556061,-0.730268,161.765060,275.270813,-23.217579,197.703308,270.612122,-47.072044,93.674660,271.676331,69.476761,121.038269,269.585480,48.327213,150.290405,267.080963,26.179234,179.580719,265.477539,5.084884,215.238525,263.339935,-19.586023,114.086052,257.625244,98.316673,141.458511,255.405838,76.136375,169.421005,253.188461,53.516052,198.153824,250.664978,31.908009,232.584412,247.270142,6.942919,135.361206,242.645248,126.133591,160.699036,240.346725,105.201851,188.581696,237.153732,81.777054,216.714020,235.905594,59.676975,250.341599,232.577271,35.040432,159.345657,218.381836,158.342957,185.273621,223.458450,138.334045,211.707626,221.266525,115.569839,238.560257,218.335464,93.272224,266.160950,217.239014,74.053566,183.005432,211.744492,185.553406,205.796585,209.410721,166.515900,230.506195,207.287933,143.094574,248.705597,207.292236,128.257828,269.131378,206.989944,113.899979,204.410065,197.124268,212.788879,226.258926,195.167801,192.316177,244.632080,193.346085,176.899750,260.523010,192.982193,162.866180,218.800888,188.023346,227.376114,240.476105,187.275848,208.968872
2772,2.144444,53.008217,298.089966,15.385117,121.144348,291.767578,-32.801369,179.587036,281.536865,-75.031029,74.187195,284.025208,43.318027,101.737228,281.863556,20.494461,131.027710,277.466370,-0.866341,161.321625,273.724854,-23.538580,197.195084,268.680542,-47.432549,93.655174,271.334290,69.401825,120.848022,268.512695,48.167545,149.886703,265.242401,25.895744,178.923080,262.834961,4.667230,214.459122,260.101685,-20.079330,114.064735,257.099945,98.160706,141.179077,253.923477,75.897736,168.845383,250.702118,53.115307,197.289459,247.215652,31.353697,231.511551,243.056366,6.300672,135.330017,241.948181,125.956833,160.259079,238.318451,104.892975,187.774658,233.998657,81.269028,215.582855,231.508530,58.999264,248.960312,227.335098,34.240326,159.551926,218.182816,158.147583,184.716736,220.752609,137.798645,210.677368,217.115707,114.862717,237.122528,212.982986,92.454002,264.455872,210.924408,73.045914,182.993744,210.576462,185.194321,205.160110,206.297516,165.879013,229.332947,202.567734,142.276566,247.194626,201.535873,127.260033,267.402832,200.256653,112.746811,204.426727,195.770752,212.330948,225.621979,191.838028,191.616241,243.509354,188.530838,176.010468,259.045868,186.987259,161.704956,218.779297,186.542130,227.111496,239.908264,183.830536,208.177856
2773,2.147222,52.998436,298.065399,15.390067,121.101891,291.437347,-32.832932,179.386444,280.804626,-75.182083,74.208763,284.016174,43.302773,101.633499,281.340332,20.405224,130.797363,276.531372,-1.004434,160.871170,272.299866,-23.860563,196.678009,266.880463,-47.792458,93.698082,271.295074,69.359261,120.702927,267.725342,48.033356,149.504868,263.668396,25.630215,178.249100,260.408905,4.246144,213.654266,257.049408,-20.581078,114.145401,257.013123,98.059181,140.972595,252.857803,75.704605,168.314041,248.606293,52.755459,196.430679,244.124664,30.829498,230.427399,239.175293,5.686732,135.441040,241.818115,125.847099,159.916138,236.843185,104.655579,187.034622,231.377426,80.833069,214.472214,227.611816,58.384174,247.567856,222.550629,33.490711,159.936707,218.696182,158.036224,184.296616,218.772324,137.369141,209.730499,213.656067,114.259369,235.717224,208.273697,91.727119,262.747589,205.214951,72.115372,183.215546,210.264877,184.929642,204.691956,204.039017,165.364746,228.272003,198.676331,141.589493,245.752747,196.571396,126.384315,265.704651,194.276367,111.695801,204.722580,195.409332,211.984268,225.202499,189.505798,191.059937,242.552307,184.707047,175.282288,257.684143,181.956711,160.716125,219.067978,186.133224,226.939301,239.583221,181.456314,207.531326
2774,2.150000,52.992973,298.105804,15.395588,121.058693,291.160156,-32.866241,179.193161,280.127930,-75.322205,74.264511,284.191315,43.303837,101.557701,280.989502,20.330841,130.582047,275.756592,-1.138974,160.421463,271.007385,-24.174208,196.163498,265.225403,-48.135777,93.802536,271.554993,69.348152,120.607071,267.227295,47.929089,149.154633,262.372131,25.393215,177.573151,258.219910,3.837713,212.842300,254.214966,-21.069963,114.327156,257.359100,98.010605,140.845276,252.215240,75.563393,167.841217,246.919952,52.450924,195.599091,241.421448,30.357296,229.358124,235.665100,5.127347,135.692917,242.248856,125.803352,159.682343,235.932220,104.499367,186.383636,229.316071,80.488609,213.412521,224.254608,57.859272,246.199463,218.271835,32.824455,160.495697,219.894379,158.006561,184.030670,217.536194,137.059189,208.899567,210.927673,113.787193,234.387253,204.262634,91.128799,261.084686,200.177399,71.306435,183.667618,210.803131,184.761688,204.412613,202.659454,164.991577,227.362411,195.661545,141.065018,244.429398,192.463287,125.672546,264.091644,189.128677,110.798737,205.293381,196.032318,211.751541,225.021423,188.194504,190.665405,241.800003,181.921677,174.745361,256.490356,177.955292,159.940216,219.661453,186.788269,226.865173,239.520538,180.178329,207.049408
2775,2.152778,52.991585,298.209503,15.401828,121.015007,290.935516,-32.900875,179.011002,279.511414,-75.447128,74.352913,284.546051,43.319801,101.511192,280.811615,20.272854,130.386230,275.147217,-1.264767,159.981476,269.860535,-24.470139,195.664352,263.731903,-48.447937,93.965332,272.106689,69.365532,120.563171,267.019623,47.857437,148.845505,261.365906,25.193737,176.911987,256.291443,3.458056,212.044235,251.634628,-21.525118,114.605499,258.126617,98.010582,140.800797,251.997269,75.477272,167.440796,245.659760,52.213120,194.818283,239.136169,29.956770,228.332184,232.565643,4.645549,136.079483,243.227585,125.821289,159.567322,235.591324,104.429924,185.843170,227.836090,80.250084,212.436752,221.474701,57.447929,244.894623,214.548965,32.270340,161.218445,221.749344,158.052994,183.932709,217.054520,136.875809,208.217377,208.964813,113.466972,233.180130,201.004120,90.691139,259.522247,195.880753,70.658806,184.337479,212.173813,184.688049,204.337357,202.171585,164.769821,226.642319,193.562225,140.725952,243.276291,189.270218,125.158356,262.624420,184.890442,110.099838,206.123703,197.619675,211.630508,225.092010,187.913162,190.441742,241.287292,180.207901,174.418976,255.516861,175.037064,159.406265,220.541458,188.485336,226.889191,239.731430,180.007294,206.743561
2776,2.155556,52.993805,298.373962,15.408821,120.971222,290.763123,-32.936352,178.843811,278.960480,-75.552933,74.471222,285.073761,43.348354,101.494232,280.805725,20.231850,130.214249,274.708313,-1.377064,159.561646,268.874512,-24.739130,195.194992,262.419830,-48.716194,94.181114,272.939270,69.406868,120.572594,267.101196,47.819466,148.586578,260.660980,25.038918,176.285080,254.650497,3.123076,211.284012,249.348984,-21.926899,114.972313,259.299805,98.052597,140.840103,252.200958,75.446350,167.125839,244.839645,52.050102,194.113480,237.299561,29.644775,227.380234,229.918091,4.260434,136.589615,244.735733,125.894112,159.577271,235.820282,104.448380,185.432846,226.953979,80.126335,211.579926,219.308517,57.168655,243.697128,211.434647,31.852577,162.088272,224.231400,158.167313,184.012009,217.329056,136.819565,207.714493,207.793655,113.311539,232.145020,198.548019,90.438591,258.119446,192.392487,70.204697,185.204086,214.350449,184.702682,204.474594,202.576126,164.701614,226.145645,192.405685,140.584686,242.343704,187.040588,124.864326,261.365234,181.630417,109.632355,207.187805,200.140732,211.614975,225.417557,188.656265,190.389618,241.041138,179.582886,174.310776,254.811020,173.241379,159.129990,221.677673,191.190872,227.007156,240.216293,180.938019,206.616577
2777,2.158333,52.998974,298.596069,15.416526,120.927902,290.643219,-32.971981,178.695190,278.481354,-75.636208,74.615601,285.766235,43.386524,101.506096,280.969757,20.207621,130.070419,274.445221,-1.471522,159.174225,268.066956,-24.972012,194.771133,261.311676,-48.929882,94.442528,274.039551,69.466644,120.635284,267.469055,47.814907,148.386169,260.267517,24.934038,175.714478,253.326767,2.848053,210.588364,247.401657,-22.257240,115.416107,260.859283,98.128883,140.961517,252.819778,75.468414,166.907791,244.470871,51.966595,193.510803,235.942047,29.434942,226.535614,227.765472,3.988091,137.207672,246.750153,126.013290,159.713852,236.612701,104.551788,185.168945,226.680923,80.120682,210.876968,217.789749,57.034611,242.653885,208.982864,31.591181,163.082535,227.308685,158.339645,184.272079,218.353134,136.885406,207.415894,207.430191,113.325142,231.327881,196.935196,90.385666,256.934723,189.773544,69.966591,186.238815,217.299194,184.796906,204.824661,203.862503,164.781754,225.898453,192.205978,140.643158,241.675171,185.808594,124.800438,260.371582,179.403183,109.415962,208.450851,203.556259,211.695984,225.990311,190.404404,190.502625,241.077515,180.047028,174.417725,254.410355,172.589935,159.113617,223.029938,194.862289,227.211777,240.962921,182.949463,206.663681
2778,2.161111,53.006252,298.872162,15.424827,120.885788,290.576721,-33.006626,178.568481,278.081238,-75.694046,74.781212,286.614197,43.430969,101.545189,281.300903,20.199364,129.959320,274.363831,-1.544114,158.833008,267.456970,-25.159573,194.408569,260.430695,-49.080536,94.740547,275.392487,69.539047,120.749680,268.119110,47.842403,148.251755,260.194336,24.882776,175.223724,252.351044,2.646705,209.985870,245.836823,-22.499874,115.922371,262.783325,98.231369,141.160980,253.844772,75.539879,166.795883,244.561813,51.964481,193.035370,235.091888,29.337234,225.833511,226.151779,3.842721,137.913849,249.244186,126.169518,159.973465,237.956558,104.733948,185.062881,227.022369,80.231636,210.359375,216.946762,57.053116,241.811829,207.245422,31.501606,164.173523,230.947556,158.559296,184.709122,220.111679,137.063812,207.337555,207.878754,113.503944,230.766220,196.193741,90.536293,256.020691,188.073715,69.956383,187.406921,220.980713,184.960434,205.378983,206.010025,164.999466,225.915588,192.963089,140.894089,241.302261,185.591675,124.964546,259.689575,178.244873,109.456207,209.870575,207.820465,211.862747,226.791626,193.126266,190.769058,241.399338,181.585083,174.728149,254.337631,173.085770,159.347473,224.550751,199.450424,227.494003,241.946777,186.006973,206.874374
2779,2.163889,53.014668,299.198456,15.433521,120.845901,290.565277,-33.038635,178.467117,277.768219,-75.723740,74.962334,287.607574,43.478191,101.609154,281.796051,20.205860,129.885681,274.470551,-1.591137,158.552490,267.064026,-25.292879,194.122009,259.798492,-49.161644,95.064957,276.982086,69.618553,120.912506,269.046326,47.899647,148.189438,260.448578,24.887415,174.835327,251.751755,2.529950,209.504333,244.695084,-22.641079,116.474045,265.049011,98.352402,141.432343,255.265625,75.656624,166.796387,245.117661,52.043350,192.708694,234.772491,29.357510,225.307297,225.117645,3.835929,138.685074,252.188919,126.353607,160.347107,239.835312,104.986626,185.120117,227.977768,80.453957,210.051422,216.799500,57.225571,241.212311,206.266281,31.593449,165.329620,235.112869,158.815887,185.310959,222.581635,137.342636,207.484161,209.132126,113.837639,230.484787,196.337097,90.885101,255.418686,187.327820,70.175934,188.669037,225.351837,185.182434,206.119629,208.989059,165.340332,226.198166,194.663269,141.323181,241.240540,186.389862,125.344917,259.348816,178.171661,109.746460,211.398682,212.882706,212.103683,227.793091,196.781143,191.173737,241.995499,184.167831,175.224304,254.597778,174.713501,159.813080,226.187622,204.901413,227.844040,243.133041,190.065704,207.234085
2780,2.166667,53.023197,299.571014,15.442358,120.809387,290.611053,-33.066032,178.394852,277.551025,-75.722473,75.152489,288.735931,43.524799,101.695137,282.452271,20.225754,129.854141,274.771820,-1.609426,158.345917,266.905609,-25.364233,193.923950,259.433319,-49.168484,95.404648,278.792114,69.700333,121.118698,270.244843,47.983593,148.203308,261.035156,24.948820,174.567566,251.551865,2.504948,209.166672,244.008499,-22.671225,117.052063,267.632965,98.485161,141.767380,257.071136,75.814316,166.911743,246.139786,52.200783,192.546005,234.999832,29.497282,224.983047,224.694382,3.974609,139.495529,255.554016,126.557228,160.820908,242.229340,105.300629,185.339386,229.540527,80.779549,209.967209,217.357681,57.547905,240.884949,206.075821,31.869080,166.516663,239.768646,159.100250,186.056717,225.733032,137.708435,207.848694,211.172760,114.311447,230.493423,197.364349,91.419807,255.153778,187.553329,70.618118,189.982544,230.366669,185.452454,207.019394,212.761963,165.788254,226.733047,197.280319,141.911606,241.488129,188.187149,125.923332,259.360229,179.180923,110.271080,212.982864,218.688797,212.407104,228.957901,201.320892,191.699539,242.841187,187.754303,175.884735,255.176788,177.441147,160.486359,227.885178,211.158188,228.251938,244.479111,195.073334,207.725754
2781,2.169444,53.030811,299.986176,15.451044,120.777489,290.716553,-33.086906,178.354950,277.437103,-75.687813,75.344620,289.988586,43.567692,101.800415,283.267609,20.257830,129.868317,275.273682,-1.596820,158.223328,266.995697,-25.368557,193.822754,259.347809,-49.098824,95.747765,280.806244,69.780197,121.362007,271.708313,48.090813,148.294861,261.956512,25.066145,174.431763,251.766647,2.574481,208.987061,243.797318,-22.586348,117.636032,270.511200,98.623657,142.155899,259.249176,76.008240,167.139801,247.625107,52.432156,192.554352,235.781219,29.753536,224.875092,224.899963,4.259215,140.317490,259.308167,126.773041,161.377441,245.116898,105.666092,185.712784,231.698120,81.197845,210.109146,218.620056,58.010811,240.843033,206.687439,32.322739,167.698975,244.877823,159.404358,186.917923,229.529770,138.147278,208.413895,213.974838,114.907555,230.787033,199.261520,92.122879,255.232239,188.749619,71.267609,191.303146,235.976959,185.760681,208.043076,217.284103,166.326172,227.494339,200.777618,142.637405,242.027222,190.953979,126.676796,259.716156,181.253296,111.007385,214.569458,225.181702,212.761566,230.242126,206.690872,192.328293,243.899689,192.293625,176.685715,256.044189,181.222885,161.339661,229.587082,218.160492,228.707626,245.936279,200.970795,208.330658
2782,2.172222,53.036530,300.440460,15.459184,120.751404,290.884186,-33.099789,178.349197,277.431183,-75.618584,75.531403,291.354828,43.604069,101.922882,284.240906,20.300997,129.930267,275.980988,-1.552749,158.189987,267.343384,-25.304495,193.821457,259.547852,-48.953842,96.082031,283.008118,69.854401,121.635788,273.429810,48.217552,148.462891,263.212402,25.236254,174.431702,252.403580,2.736565,208.969635,244.069382,-22.388979,118.205460,273.659027,98.762421,142.586319,261.786011,76.232529,167.473953,249.565933,52.730141,192.732422,237.115280,30.118362,224.984955,225.738358,4.682951,141.122589,263.418427,126.994225,161.997116,248.474045,106.071983,186.226395,234.432251,81.695625,210.468231,220.574707,58.599579,241.082825,208.097443,32.940201,168.840729,250.401443,159.720825,187.860931,233.930420,138.644424,209.154877,217.505432,115.605225,231.347443,202.003250,92.971733,255.642090,190.898956,72.101334,192.586655,242.131485,186.097275,209.150543,222.504639,166.935593,228.447098,205.110062,143.475540,242.827621,194.649658,127.577827,260.392822,184.354904,111.926292,216.105988,232.301102,213.155212,231.597382,212.830383,193.040451,245.126053,197.726517,177.601151,257.157593,186.002075,162.341934,231.237854,225.844070,229.200211,247.451630,207.691849,209.028900
2783,2.175000,53.039429,300.930511,15.466168,120.732033,291.115662,-33.103924,178.377792,277.535400,-75.515266,75.705750,292.823547,43.631260,102.060799,285.370331,20.353724,130.039886,276.895874,-1.478799,158.246414,267.952393,-25.174814,193.918060,260.033264,-48.738323,96.395561,285.380554,69.919075,121.933144,275.400879,48.359356,148.703369,264.798889,25.453079,174.564667,253.462646,2.984251,209.109818,244.821945,-22.088022,118.741142,277.050293,98.895874,143.046265,264.665253,76.479408,167.903580,251.949249,53.084095,193.071594,238.992432,30.578587,225.303116,227.201096,5.231626,141.883575,267.849640,127.213669,162.659485,252.273743,106.505348,186.861679,237.718643,82.256401,211.026688,223.199783,59.293957,241.586899,210.287643,33.699055,169.907700,256.297394,160.041870,188.850174,238.888535,139.183472,210.041962,221.725067,116.380325,232.146484,205.554031,93.938187,256.356567,193.968750,73.088615,193.791275,248.774994,186.451447,210.300323,228.367477,167.595825,229.551514,210.225281,144.397583,243.851212,199.224075,128.593933,261.354584,188.439224,112.992249,217.543518,239.982346,213.575012,232.974197,219.672699,193.814270,246.471542,203.986511,178.601822,258.468475,191.713425,163.457962,232.784988,234.139206,229.717010,248.971130,215.162842,209.798691
2784,2.177778,53.038719,301.452545,15.471049,120.719704,291.411133,-33.099331,178.439621,277.749451,-75.379921,75.861435,294.382782,43.646610,102.212029,286.651398,20.413431,130.194458,278.016327,-1.379020,158.389069,268.820923,-24.986143,194.106766,260.798645,-48.460258,96.677795,287.904846,69.969780,122.246544,277.609406,48.510384,149.009338,266.706482,25.707287,174.822540,254.936569,3.305661,209.396698,246.043869,-21.697992,119.226425,280.656830,99.017693,143.522812,267.865967,76.738731,168.414734,254.755768,53.479851,193.557480,241.394974,31.115799,225.812057,229.269424,5.884201,142.576279,272.563904,127.423347,163.344177,256.484222,106.950874,187.596817,241.526337,82.860130,211.760895,226.464737,60.068394,242.328979,213.228912,34.569725,170.869415,262.519897,160.358307,189.851273,244.353241,139.745682,211.043259,226.587738,117.205177,233.149826,209.869415,94.988693,257.339478,197.914352,74.191940,194.879730,255.847870,186.810486,211.452637,234.811539,168.283447,230.766617,216.064438,145.371429,245.056152,204.619110,129.687790,262.558624,193.449127,114.163658,218.838806,248.155960,214.005875,234.325607,227.145828,194.625183,247.887451,211.000931,179.655045,259.926422,198.284561,164.648270,234.181305,242.970337,230.242798,250.443436,223.303589,210.615692
2785,2.180556,53.033760,302.002228,15.472417,120.714111,291.768616,-33.086693,178.532364,278.070740,-75.216072,75.993408,296.019653,43.647465,102.373329,288.075592,20.476305,130.388626,279.335052,-1.259870,158.610992,269.941406,-24.748388,194.378845,261.833893,-48.130539,96.920341,290.560699,70.001160,122.567421,280.038513,48.663074,149.370804,268.918976,25.986523,175.192825,256.810425,3.684452,209.814835,247.716782,-21.238073,119.647980,284.448303,99.120476,144.002533,271.361267,76.998230,168.990540,257.958923,53.900032,194.171143,244.296829,31.707052,226.489014,231.915894,6.613945,143.181091,277.520508,127.613632,164.031448,261.068085,107.391113,188.408218,245.817307,83.483589,212.643616,230.331024,60.892937,243.278152,216.883881,35.517052,171.701355,269.020050,160.658661,190.833267,250.269943,140.309753,212.126480,232.040878,118.049042,234.320129,214.896927,96.085381,258.550140,202.682465,75.368286,195.821533,263.286774,187.159286,212.571747,241.771545,168.972366,232.052643,222.562698,146.362015,246.399887,210.769623,130.818054,263.958862,199.318665,115.394211,219.956528,256.748291,214.430176,235.609833,235.173264,195.445694,249.328094,218.691895,180.725052,261.482330,205.637238,165.869781,235.387695,252.257172,230.759232,251.823013,232.028992,211.452469
2786,2.183333,53.024166,302.574371,15.468258,120.714409,292.184235,-33.067307,178.652649,278.494263,-75.028557,76.098038,297.720306,43.631199,102.540268,289.630066,20.537487,130.614868,280.839233,-1.129832,158.902313,271.300598,-24.474072,194.722809,263.123962,-47.762535,97.117371,293.326111,70.007095,122.886482,282.666107,48.808334,149.775314,271.413025,26.276020,175.659241,259.061829,4.100769,210.344971,249.815384,-20.731205,119.996292,288.392456,99.195763,144.471924,275.118469,77.244133,169.612183,261.525146,54.324936,194.890015,247.664108,32.326107,227.307312,235.104950,7.389951,143.683899,282.676880,127.773300,164.702713,265.982391,107.807060,189.271561,250.546722,84.101326,213.645248,234.752762,61.734596,244.400146,221.207413,36.501949,172.386322,275.746643,160.928986,191.769791,256.580994,140.852295,213.259842,238.025772,118.879158,235.619003,220.577087,97.187584,259.946289,208.213181,76.571037,196.594589,271.025970,187.480148,213.627640,249.179047,169.634232,233.372284,229.649994,147.332169,247.840668,217.604309,131.941055,265.508606,205.974640,116.634644,220.871109,265.683258,214.827347,236.792328,243.675598,196.245621,250.752625,226.977478,181.773849,263.090332,213.688599,167.077164,236.375565,261.916901,231.244461,253.072525,241.250916,212.278625
2787,2.186111,53.009880,303.163361,15.455920,120.719337,292.652222,-33.043159,178.795929,279.012238,-74.823479,76.172935,299.470215,43.595306,102.707443,291.298523,20.591337,130.863937,282.511078,-0.998779,159.250565,272.879547,-24.177559,195.124939,264.648712,-47.371490,97.265564,296.178192,69.981140,123.194443,285.466400,48.936096,150.208847,274.160065,26.559523,176.202667,261.661743,4.532544,210.964859,252.307922,-20.202936,120.265770,292.456329,99.234383,144.918350,279.100891,77.461861,170.260071,265.415253,54.733536,195.688782,251.455872,32.944859,228.237457,238.793640,8.178968,144.076416,287.989624,127.889870,165.341263,271.180023,108.179039,190.162704,255.664169,84.686813,214.734665,239.677505,62.559059,245.657623,226.145889,37.483158,172.914886,282.647736,161.153091,192.639297,263.226532,141.348434,214.412949,244.478668,119.662086,237.007965,226.844238,98.253670,261.484619,214.439789,77.752090,197.186295,278.999664,187.752762,214.596741,256.963806,170.239273,234.691498,237.252075,148.243958,249.338196,225.046875,133.012436,267.161346,213.337753,117.834702,221.568115,274.884552,215.173721,237.846970,252.572327,196.992615,252.126068,235.773239,182.762360,264.708862,222.352585,168.224258,237.128616,271.866943,231.672882,254.164154,250.880600,213.061066
2788,2.188889,52.991215,303.763367,15.432505,120.727440,293.165375,-33.016884,178.956985,279.614349,-74.607872,76.216850,301.254456,43.537502,102.868965,293.062073,20.631815,131.125748,284.328491,-0.877198,159.641556,274.654358,-23.874159,195.570038,266.383789,-46.973465,97.363869,299.093719,69.917091,123.482719,288.410828,49.036110,150.656708,277.127289,26.820412,176.801941,264.575439,4.956857,211.650208,255.157120,-19.679962,120.454498,296.606995,99.226952,145.330856,283.269501,77.636642,170.914856,269.585938,55.104568,196.540787,255.625275,33.534824,229.248199,242.932404,8.947371,144.355957,293.415833,127.950195,165.932861,276.611633,108.487396,191.058426,261.115295,85.213806,215.879898,245.047134,63.332275,247.010895,231.637436,38.419220,173.285339,289.672089,161.313293,193.425217,270.145844,141.772949,215.557312,251.332397,120.365135,238.449081,233.627747,99.242813,263.120422,221.288208,78.863953,197.593475,287.143463,187.954880,215.462036,265.055267,170.757477,235.979889,245.292099,149.060303,250.854218,233.017365,133.989044,268.871948,221.324036,118.945053,222.044556,284.277954,215.443024,238.756760,261.784027,197.652893,253.419724,244.994019,183.651489,266.300781,231.540894,169.265823,237.643250,282.027191,232.015640,255.080795,260.831299,213.764313
2789,2.191667,52.968613,304.369171,15.395493,120.737137,293.715698,-32.991634,179.130219,280.288330,-74.389320,76.229607,303.058197,43.455822,103.018921,294.899872,20.652941,131.389969,286.265778,-0.775365,160.060165,276.596954,-23.579065,196.042450,268.301666,-46.584293,97.413139,302.049805,69.809280,123.743744,291.468872,49.098614,151.104141,280.278595,27.042866,177.435211,267.763763,5.351174,212.376205,258.321777,-19.188599,120.563957,300.812469,99.164421,145.700668,287.584167,77.754211,171.558304,273.990784,55.417671,197.419205,260.120514,34.068596,230.307861,247.466583,9.662907,144.524673,298.914185,127.941177,166.466171,282.226807,108.713333,191.937042,266.842987,85.657555,217.049286,250.799210,64.022003,248.419525,237.613358,39.270527,173.502838,296.770508,161.391205,194.115967,277.278168,142.101242,216.667160,258.517700,120.957687,239.905960,240.853455,100.116890,264.808563,228.677826,79.861893,197.821609,295.396149,188.063492,216.212738,273.384064,171.159988,237.211121,253.692352,149.746262,252.353455,241.433868,134.830734,270.597778,229.846619,119.919289,222.307846,293.793243,215.607727,239.513672,271.234344,198.192352,254.611557,254.556030,184.403625,267.833771,241.164703,170.159256,237.927353,292.321777,232.242264,255.815811,271.020966,214.351395
2790,2.194444,52.942379,304.976227,15.343068,120.746780,294.294403,-32.970886,179.310257,281.020660,-74.175491,76.212021,304.867249,43.348553,103.151802,296.789795,20.649361,131.646698,288.294800,-0.702575,160.491409,278.676086,-23.306328,196.527069,270.372681,-46.218765,97.415787,305.024170,69.652954,123.970947,294.608429,49.114937,151.536865,283.575073,27.212818,178.081284,271.184143,5.694416,213.118958,261.758759,-18.753462,120.598457,305.042023,99.038628,146.021057,292.003967,77.801674,172.173706,278.580994,55.654472,198.298233,264.885895,34.521278,231.385498,252.337601,10.295911,144.588913,304.445312,127.850693,166.932739,287.975067,108.839890,192.778915,272.788696,85.995934,218.212540,256.868195,64.599144,249.844376,244.000275,40.001244,173.578293,303.896576,161.368729,194.704681,284.563812,142.310669,217.720001,265.964905,121.412300,241.344772,248.445099,100.841934,266.505737,236.524170,80.705742,197.883148,303.700165,188.056458,216.844040,281.883484,171.420090,238.363388,262.375885,150.270401,253.804382,250.214066,135.501587,272.299408,238.817154,120.715828,222.373672,303.364899,215.641068,240.117599,280.851624,198.578461,255.686310,264.378784,184.983765,269.280853,251.136658,170.865921,237.998016,302.680450,232.322784,256.372192,281.374207,214.785645
2791,2.197222,52.912590,305.580475,15.274065,120.754822,294.892944,-32.958195,179.492401,281.797333,-73.973724,76.165756,306.668182,43.214348,103.262886,298.708984,20.616888,131.886932,290.386047,-0.666484,160.921265,280.858978,-23.068005,197.009766,272.565704,-45.890030,97.375328,307.994995,69.444710,124.158875,297.796448,49.078197,151.941910,286.976227,27.318624,178.720383,274.791687,5.967927,213.856476,265.424133,-18.396418,120.564316,309.266266,98.843170,146.287048,296.487793,77.768417,172.746368,283.306427,55.799599,199.154007,269.863190,34.871746,232.451706,257.484436,10.820210,144.557938,309.971893,127.668709,167.326721,293.806152,108.853203,193.566757,278.893280,86.210388,219.342133,263.187347,65.038895,251.248901,250.722137,40.580803,173.526703,311.006805,161.229553,195.188736,291.945038,142.381699,218.696915,273.605103,121.705849,242.735275,256.326141,101.389328,268.172272,244.741409,81.361420,197.795425,312.001953,187.914185,217.356201,290.490326,171.514481,239.419571,271.268097,150.606079,255.179947,259.277313,135.971146,273.941528,248.147522,121.299583,222.263336,312.932465,215.519150,240.574799,290.569611,198.781998,256.635040,274.386719,185.361099,270.620850,261.373138,171.352554,237.878448,313.038513,232.230392,256.760223,291.822784,215.033173
2792,2.200000,52.879059,306.178497,15.188045,120.759987,295.503204,-32.956856,179.672760,282.604584,-73.790581,76.093079,308.448792,43.052528,103.348465,300.635345,20.552835,132.103195,292.510681,-0.672597,161.337204,283.112701,-22.873619,197.477692,274.848602,-45.609184,97.295738,310.941193,69.183281,124.303398,301.000092,48.983932,152.308304,290.441528,27.351578,179.334488,278.540588,6.156415,214.569183,269.273987,-18.135656,120.468933,313.456879,98.574081,146.495438,300.994965,77.646965,173.263947,288.116852,55.841522,199.965240,274.993530,35.103584,233.479431,262.844910,11.214220,144.442734,315.458405,127.388107,167.644730,299.670959,108.743683,194.285934,285.098450,86.286705,220.413773,269.690338,65.321823,252.599991,257.701782,40.984982,173.365158,318.060547,160.960754,195.568695,299.366669,142.299149,219.582840,281.372223,121.820465,244.051208,264.421631,101.736755,269.772705,253.244080,81.802246,197.578186,320.251068,187.621445,217.753281,299.145264,171.424530,240.367065,280.298157,150.732361,256.457886,268.546082,136.215103,275.493225,257.751465,121.643082,222.000870,322.439484,215.223328,240.895660,300.327332,198.779022,257.453918,284.509766,185.510437,271.838135,271.795837,171.592194,237.594803,323.335785,231.943832,256.994720,302.304718,215.065521
2793,2.202778,52.841209,306.766937,15.085681,120.761421,296.118195,-32.969421,179.848404,283.429413,-73.631348,75.996620,310.197784,42.863354,103.406067,302.548615,20.456059,132.289825,294.641937,-0.723983,161.728745,285.405853,-22.729805,197.919632,277.189789,-45.384838,97.180969,313.842163,68.870186,124.402031,304.188141,48.830215,152.627594,293.932861,27.306181,179.907761,282.385590,6.248770,215.240067,273.264648,-17.984938,120.319962,317.586761,98.230431,146.644424,305.486450,77.433533,173.716751,292.963928,55.773136,200.713760,280.219666,35.205719,234.444763,268.357452,11.462164,144.254898,320.870941,127.005547,167.885284,305.522583,108.506721,194.924683,291.348358,86.215805,221.406876,276.312958,65.434700,253.868408,264.862610,41.196789,173.111084,325.018982,160.554504,195.847275,306.777130,142.053207,220.366394,289.204285,121.744293,245.270279,272.659882,101.868866,271.275787,261.947784,82.010025,197.251465,328.399719,187.169205,218.041443,307.792542,171.137741,241.197128,289.400085,150.634766,257.620453,277.947266,136.216415,276.928040,267.546051,121.727226,221.610458,331.832367,214.742188,241.092377,310.068085,198.552597,258.142456,294.683411,185.413773,272.921509,282.332458,171.565414,237.173325,333.515381,231.449692,257.092102,312.762665,214.862076
2794,2.205556,52.798222,307.342041,14.968841,120.758598,296.732300,-32.997269,180.016998,284.260468,-73.499802,75.879250,311.904541,42.648106,103.434563,304.431335,20.326748,132.443176,296.756683,-0.821215,162.087784,287.709961,-22.640219,198.326401,279.559998,-45.222725,97.034744,316.678467,68.509583,124.453995,307.332855,48.617275,152.893921,297.416077,27.180176,180.426987,286.283844,6.238605,215.854721,277.353607,-17.953114,120.124916,321.629822,97.814400,146.733719,309.926361,77.128220,174.097778,297.803223,55.591946,201.384735,285.488037,35.172585,235.327774,273.962830,11.554730,144.005615,326.176605,126.522003,168.048676,311.317688,108.142876,195.474182,297.591156,85.993965,222.304428,282.994720,65.370987,255.029175,272.130127,41.207077,172.780762,331.844452,160.009323,196.028305,314.128601,141.639984,221.039490,297.044464,121.471870,246.374069,280.973785,101.777618,272.654388,270.770569,81.975609,196.833878,336.401276,186.555939,218.227417,316.379730,170.649048,241.903778,298.513336,150.306030,258.653381,287.412842,135.965942,278.223724,277.452942,121.541794,221.114502,341.058899,214.073105,241.176956,319.737762,198.094116,258.701782,304.847290,185.061462,273.862823,292.915985,171.261261,236.638306,343.521545,230.744080,257.067657,323.141571,214.411911
2795,2.208333,52.749599,307.900085,14.840087,120.751198,297.341095,-33.040607,180.176483,285.088623,-73.398315,75.744019,313.559174,42.409134,103.434227,306.269379,20.166109,132.561401,298.835968,-0.962576,162.408600,290.000671,-22.605890,198.691208,281.934845,-45.125744,96.860840,319.431946,68.107361,124.460297,310.410614,48.346947,153.103836,300.862152,26.974365,180.881989,290.196167,6.124365,216.401733,281.501129,-18.044033,119.890907,325.561371,97.331245,146.764313,314.282990,76.734657,174.402664,302.595673,55.299732,201.967072,290.750336,35.003777,236.112747,279.605988,11.488826,143.705231,331.343536,125.943108,168.136673,317.017303,107.657188,195.928452,303.780457,85.622780,223.093002,289.680359,65.130615,256.062073,279.434753,41.014446,172.388626,338.499695,159.330688,196.116257,321.377502,141.061813,221.596848,304.841858,121.004112,247.347702,289.301941,101.462204,273.885742,279.635162,81.698601,196.341782,344.209412,185.788086,218.317337,324.856903,169.961365,242.483063,307.582184,149.746216,259.545349,296.879974,135.462784,279.361847,287.399048,121.085449,220.532486,350.066620,213.222977,241.159973,329.283478,197.404190,259.133362,314.944397,184.452972,274.655670,303.483704,170.677902,236.010880,353.298035,229.833496,256.934326,333.386658,213.714798
2796,2.211111,52.695507,308.437653,14.702186,120.739082,297.941345,-33.098877,180.324661,285.907715,-73.328133,75.594193,315.152191,42.149780,103.406570,308.051758,19.976089,132.644150,300.865143,-1.144555,162.687698,292.258728,-22.625917,199.009689,284.296722,-45.094528,96.663315,322.085999,67.670502,124.423592,313.402435,48.022453,153.256058,304.247131,26.692337,181.265671,294.087738,5.908939,216.872803,285.671265,-18.256695,119.624710,329.357666,96.789162,146.738464,318.529083,76.259254,174.629547,307.308075,54.901962,202.453217,295.964691,34.703335,236.788315,285.238220,11.266619,143.363007,336.340454,125.278946,168.152390,322.587616,107.058250,196.284378,309.876160,85.108635,223.762650,296.320953,64.719261,256.951965,286.713989,40.624352,171.947067,344.947296,158.530807,196.115784,328.483398,140.327164,222.035278,312.550873,120.348045,248.179581,297.588989,100.928543,274.951904,288.471069,81.186226,195.789230,351.777161,184.879944,218.316513,333.175995,169.085388,242.932434,316.555298,148.962692,260.287415,306.290863,134.713898,280.327789,297.317017,120.365128,219.880890,358.801941,212.208023,241.050125,338.652252,196.493088,259.438507,324.919647,183.596603,275.294830,313.976044,169.822388,235.308777,362.786987,228.734879,256.702576,343.442230,212.781006
2797,2.213889,52.636696,308.951599,14.557971,120.722275,298.530731,-33.170975,180.459457,286.714783,-73.289642,75.433342,316.674591,41.874226,103.353981,309.770050,19.759382,132.692245,302.833557,-1.362649,162.923721,294.469849,-22.698166,199.279663,286.634796,-45.128105,96.446602,324.625366,67.207031,124.347755,316.292816,47.648426,153.350876,307.551453,26.340145,181.573776,297.928589,5.598755,217.262360,289.831665,-18.585684,119.332886,332.995728,96.198853,146.659576,322.641479,75.710648,174.778656,311.912903,54.406982,202.838959,301.096283,34.278889,237.347473,290.818573,10.894258,142.987503,341.136780,124.543610,168.100143,327.999146,106.357430,196.541367,315.843964,84.462059,224.306885,302.874390,64.147209,257.688751,293.914764,40.047810,171.466980,351.149323,157.627914,196.031647,335.408081,139.450256,222.353302,320.130707,119.516113,248.861359,305.785736,100.188293,275.839874,297.216614,80.451805,195.188431,359.056763,183.853088,218.229645,341.289978,168.039124,243.250610,325.384521,147.969528,260.872772,315.592377,133.733231,281.110596,307.145691,119.394905,219.173950,367.209564,211.052872,240.854797,347.790436,195.380035,259.618713,334.719543,182.508698,275.776245,324.336273,168.709976,234.547272,371.928192,227.474747,256.381042,353.251129,211.630524
2798,2.216667,52.574348,309.439026,14.410320,120.700859,299.107208,-33.255444,180.579422,287.509674,-73.282669,75.265343,318.117798,41.587212,103.279419,311.417328,19.519503,132.707611,304.734283,-1.612141,163.117172,296.624176,-22.819647,199.500702,288.943756,-45.224586,96.215530,327.035339,66.725952,124.237373,319.068939,47.231010,153.389954,310.759308,25.925770,181.804794,301.694031,5.202582,217.567307,293.952454,-19.021990,119.021965,336.453156,95.573212,146.531998,326.600098,75.099388,174.851959,316.387360,53.825298,203.123108,306.117279,33.740517,237.786865,296.314880,10.380737,142.587051,345.702148,123.754303,167.985168,333.225464,105.568405,196.700943,321.654205,83.696991,224.722382,309.305084,63.428104,258.266968,300.993866,39.299839,170.958603,357.067566,156.645004,195.868958,342.114410,138.450226,222.551102,327.543915,118.525391,249.387848,313.848816,99.257622,276.541565,305.820374,79.512848,194.550888,365.999481,182.734741,218.061676,349.152252,166.846878,243.437759,334.024200,146.786728,261.297272,324.735535,132.540192,281.703094,316.830322,118.194199,218.425064,375.233124,209.788864,240.580994,356.643921,194.091782,259.676361,344.291412,181.212265,276.097473,334.509766,167.362671,233.740646,380.659546,226.087402,255.977875,362.754791,210.291367
2799,2.219444,52.509911,309.897186,14.262106,120.675011,299.668915,-33.350586,180.684158,288.294159,-73.306244,75.094269,319.473450,41.294125,103.186119,312.987732,19.260628,132.692902,306.562958,-1.888382,163.270065,298.714935,-22.986715,199.673645,291.220978,-45.381516,95.975227,329.301544,66.237007,124.097511,321.719421,46.777878,153.376068,313.857422,25.458406,181.959274,305.363983,4.730429,217.786621,298.006256,-19.554104,118.698753,339.707855,94.926888,146.361099,330.386719,74.437706,174.852951,320.712250,53.168739,203.306900,311.006012,33.099590,238.106049,301.702393,9.737081,142.170456,350.006714,122.930244,167.813782,338.241852,104.706680,196.766464,327.280548,82.829979,225.008774,315.583466,62.577663,258.684845,307.917542,38.397694,170.432648,362.663788,155.608200,195.633621,348.565430,137.350098,222.630844,334.755066,117.396591,249.757141,321.740173,98.155701,277.053223,314.241425,78.388947,193.888779,372.556488,181.555756,217.818604,356.716400,165.537399,243.495895,342.430145,145.438965,261.559692,333.674957,131.158417,282.102051,326.323151,116.785675,217.648438,382.815613,208.451691,240.236664,365.158203,192.660492,259.615692,353.583496,179.735504,276.258698,344.444031,165.807755,232.904007,388.918030,224.612442,255.501984,371.893799,208.797607
2800,2.222222,52.445015,310.323364,14.116145,120.644966,300.214233,-33.454674,180.773956,289.070251,-73.358322,74.924225,320.733154,41.001087,103.077614,314.475952,18.987354,132.651260,308.316284,-2.186631,163.385361,300.737091,-23.195044,199.800079,293.463928,-45.595814,95.731163,331.409668,65.750458,123.933563,324.233398,46.298046,153.313004,316.834534,24.947748,182.039612,308.922485,4.192585,217.921234,301.969330,-20.169300,118.370667,342.737823,94.275780,146.153259,333.983978,73.739143,174.786560,324.871002,52.449791,203.393646,315.745819,32.368092,238.306763,306.962555,8.975610,141.747498,354.021027,122.091866,167.593353,343.023804,103.789375,196.743042,332.698669,81.879349,225.168304,321.684753,61.612602,258.944092,314.659882,37.359245,169.901108,367.900085,154.545456,195.333130,354.724335,136.175674,222.596893,341.730042,116.152985,249.970688,329.426514,96.903503,277.375183,322.449280,77.099983,193.216248,378.679443,180.348648,217.508530,363.936188,164.142395,243.429520,350.559418,143.954147,261.661926,342.368195,129.614380,282.308136,335.583344,115.193741,216.860504,389.900452,207.079254,239.831833,373.278931,191.121948,259.443329,362.544617,178.110336,276.263153,354.088165,164.076431,232.054840,396.640900,223.092102,254.964355,380.608521,207.187134
2801,2.225000,52.381382,310.714874,13.975193,120.611084,300.741669,-33.565968,180.848709,289.838837,-73.435463,74.759293,321.888397,40.714802,102.957710,315.876587,18.704670,132.586075,309.990784,-2.501925,163.466461,302.685852,-23.439308,199.881851,295.669067,-45.863548,95.489304,333.345398,65.276825,123.751213,326.599976,45.801373,153.205536,319.680206,24.403419,182.049713,312.357178,3.598883,217.973740,305.822418,-20.854952,118.046066,345.521515,93.636299,145.915939,337.374481,73.017990,174.659210,328.848511,51.681080,203.388260,320.323334,31.558376,238.392593,312.080811,8.109251,141.329285,357.716278,121.260170,167.332550,347.546448,102.835190,196.637650,337.885315,80.864258,225.205658,327.587891,60.549858,259.049194,321.201202,36.202061,169.378021,372.739594,153.484985,194.977020,360.554565,134.954132,222.456207,348.435120,114.819557,250.033173,336.878113,95.522896,277.511200,330.421631,75.665390,192.549988,384.321503,179.146118,217.142075,370.765717,162.695236,243.246002,358.369934,142.362427,261.609375,350.774567,127.936844,282.325775,344.575409,113.443954,216.080841,396.432312,205.709610,239.379257,380.952179,189.513840,259.169159,371.124573,176.371048,276.117676,363.392487,162.202881,231.214127,403.766846,221.568848,254.378891,388.840057,205.499863
2802,2.227778,52.320812,311.069092,13.841857,120.573936,301.249542,-33.682533,180.907623,290.599213,-73.533081,74.603607,322.930786,40.442116,102.830460,317.183777,18.418076,132.501038,311.582092,-2.829110,163.516907,304.555969,-23.713005,199.920975,297.831665,-46.179996,95.256218,335.094879,64.826637,123.556580,328.807953,45.298176,153.059341,322.384674,23.834629,181.994675,315.658447,2.958532,217.948242,309.551422,-21.599270,117.734406,348.038300,93.024536,145.657623,340.540558,72.289009,174.478592,332.630402,50.875412,203.296982,324.726868,30.683180,238.368698,317.045166,7.151186,140.928207,361.064728,120.456055,167.041229,351.784424,101.863968,196.459106,342.817627,79.804245,225.127686,333.274231,59.406422,259.007111,327.525513,34.943268,168.879608,377.147217,152.453949,194.577271,366.020416,133.712952,222.218369,354.837128,113.422379,249.952423,344.067749,94.036255,277.468201,338.141876,74.104126,191.909470,389.437897,177.979950,216.732681,377.159912,161.229721,242.955841,365.820068,140.695541,261.410889,358.854553,126.156258,282.163147,353.266907,111.563385,215.332397,402.358246,204.379395,238.894775,388.125031,187.874481,258.806152,379.273743,174.553558,275.832855,372.308014,160.223572,230.406525,410.237762,220.083115,253.762955,396.531006,203.776123
2803,2.230556,52.265133,311.383759,13.718506,120.534286,301.735870,-33.801922,180.949539,291.349487,-73.646362,74.461479,323.852325,40.189762,102.700134,318.391144,18.133533,132.399948,313.085083,-3.162923,163.540634,306.341522,-24.008837,199.919525,299.945679,-46.539833,95.039024,336.644867,64.410072,123.356224,330.845734,44.799049,152.881073,324.938293,23.250172,181.880707,318.817963,2.280651,217.850021,313.145508,-22.391176,117.445824,350.268921,92.455780,145.387604,343.464386,71.567024,174.253403,336.201904,50.046410,203.127167,328.945129,29.755730,238.241745,321.844635,6.114924,140.557785,364.040283,119.699493,166.730515,355.712128,100.896149,196.217850,347.472900,78.718956,224.942947,338.726349,58.199516,258.826843,333.618683,33.599911,168.424072,381.091003,151.477081,194.148163,371.087311,132.479248,221.895447,360.902893,111.988243,249.739075,350.969482,92.466423,277.255859,345.595886,72.435371,191.316452,393.987122,176.879822,216.296417,383.075562,159.779144,242.572571,372.868866,138.986221,261.078644,366.569580,124.304344,281.831970,361.625824,109.581276,214.640976,407.629150,203.122574,238.397263,394.746765,186.241547,258.370514,386.943481,172.694839,275.422943,380.786713,158.176605,229.660126,416.000122,218.671478,253.137283,403.626526,202.055466
2804,2.233333,52.216198,311.656860,13.607308,120.493050,302.198273,-33.921177,180.973648,292.088104,-73.771683,74.337257,324.645782,39.964088,102.571144,319.492249,17.857233,132.286758,314.494080,-3.498075,163.541885,308.036224,-24.319292,199.880066,302.004639,-46.937435,94.845116,337.983246,64.036606,123.157135,332.701691,44.314709,152.677994,327.331451,22.658806,181.714691,321.827698,1.574936,217.685379,316.595581,-23.219568,117.190704,352.196075,91.944084,145.115707,346.128326,70.866570,173.992874,339.547638,49.209003,202.887207,332.966339,28.789965,238.019623,326.468353,5.014662,140.231995,366.619293,119.008858,166.412506,359.304199,99.952431,195.925720,351.828583,77.628159,224.661591,343.927277,56.946968,258.519379,339.466919,32.189613,168.030838,384.542633,150.576050,193.705902,375.722290,131.279480,221.501663,366.599731,110.544365,249.406128,357.557617,90.837357,276.886292,352.768860,70.679741,190.793976,397.932007,175.872513,215.851593,388.472076,158.375488,242.112610,379.476349,137.267548,260.627838,373.881287,122.414192,281.347382,369.618896,107.529831,214.033981,412.200897,201.969727,237.907852,400.769684,184.651215,257.881073,394.086365,170.832825,274.905518,388.781281,156.101364,229.005051,421.006134,217.365845,252.525238,410.075043,200.376007
2805,2.236111,52.175800,311.887054,13.510345,120.451233,302.634125,-34.037315,180.979721,292.814362,-73.907059,74.235085,325.304901,39.770802,102.447838,320.480927,17.595255,132.165359,315.803467,-3.829291,163.525284,309.633728,-24.636862,199.805634,304.001465,-47.366894,94.681664,339.099609,63.714558,122.966423,334.364471,43.855713,152.457611,329.554565,22.069735,181.503937,324.678802,0.852028,217.461655,319.892303,-24.072561,116.979050,353.804962,91.501617,144.851913,348.515747,70.201675,173.706482,342.651825,48.379211,202.586319,336.778137,27.800735,237.711395,330.904572,3.865817,139.964737,368.781250,118.400223,166.099823,362.536163,99.053230,195.595444,355.862396,76.551949,224.294876,348.859833,55.667534,258.097351,345.055969,30.731302,167.719406,387.478607,149.768875,193.267822,379.894196,130.139420,221.052887,371.895569,109.118256,248.968277,363.805450,89.175224,276.374023,359.642792,68.860832,190.365036,401.240234,174.981354,215.417725,393.312103,157.049072,241.594467,385.603882,135.572769,260.076294,380.751373,120.520416,280.727386,377.210266,105.444824,213.538834,416.035339,200.947525,237.449081,406.150238,183.137360,257.358521,400.656647,169.005981,274.300995,396.245392,154.038437,228.471573,425.214447,216.193405,251.951599,415.828979,198.774063
2806,2.238889,52.145504,312.073303,13.429480,120.409821,303.041687,-34.147808,180.967896,293.528351,-74.051628,74.158554,325.824768,39.614635,102.334297,321.351837,17.353241,132.039413,317.008209,-4.151458,163.495682,311.127625,-24.953907,199.699768,305.928375,-47.821609,94.555191,339.985504,63.450932,122.790901,335.823792,43.432064,152.227371,331.598145,21.492777,181.256104,327.361389,0.123675,217.187180,323.025421,-24.936905,116.820007,355.084076,91.138161,144.605774,350.611572,69.585472,173.403946,345.498932,47.573353,202.234482,340.367188,26.804033,237.327255,335.140442,2.685542,139.768631,370.509735,117.887077,165.804916,365.385162,98.218170,195.240128,359.552704,75.510750,223.854919,353.506012,54.381420,257.574860,350.370056,29.246052,167.507645,389.880493,149.069824,192.851334,383.573883,129.084061,220.566147,376.759003,107.737709,248.441406,369.684204,87.509140,275.736053,366.193939,67.007065,190.050858,403.885437,174.225586,215.014572,397.561920,155.828430,241.038162,391.213837,133.935699,259.443970,387.141052,118.659248,279.992676,384.360840,103.366058,213.180862,419.101074,200.078232,237.043411,410.849457,181.731415,256.824402,406.610535,167.253021,273.631470,403.133484,152.029800,228.087906,428.591187,215.176315,251.441299,420.845062,197.284302
2807,2.241667,52.126488,312.215088,13.366090,120.369728,303.420532,-34.250668,180.938492,294.230042,-74.204903,74.110374,326.201965,39.499123,102.234032,322.100830,17.136152,131.912277,318.104309,-4.459995,163.457962,312.511444,-25.262487,199.566650,307.776550,-48.293972,94.471146,340.634735,63.251190,122.636696,337.071106,43.052731,151.994354,333.453156,20.938108,180.978973,329.864502,-0.597387,216.871368,325.983185,-25.797731,116.721107,356.025421,90.860970,144.385986,352.402954,69.029816,173.095032,348.074432,46.807171,201.842239,343.719116,25.817190,236.878448,339.161255,1.493125,139.654099,371.792664,117.480141,165.539490,367.830902,97.465340,194.872879,362.878784,74.524971,223.354660,357.846344,53.110577,256.967438,355.391052,27.758017,167.410172,391.735657,148.489441,192.472946,386.735016,128.137146,220.059006,381.159454,106.430931,247.842422,375.162628,85.871368,274.991791,372.391388,65.152885,189.869156,405.848206,173.619812,214.660782,401.191986,154.739655,240.464310,396.269318,132.390961,258.752747,393.010986,116.868462,279.166595,391.027924,101.337379,212.981155,421.375092,199.379211,236.711777,414.832825,180.462524,256.300262,411.906158,165.612717,272.920532,409.400238,150.118958,227.877716,431.111420,214.331070,251.017868,425.084320,195.939697
2808,2.244444,52.119488,312.312378,13.320935,120.331650,303.771118,-34.344307,180.891907,294.919434,-74.366371,74.092110,326.434814,39.426388,102.149834,322.725128,16.948107,131.786942,319.088806,-4.751275,163.416962,313.778839,-25.554470,199.410873,309.536407,-48.775627,94.433540,341.043579,63.119061,122.508888,338.099792,42.725231,151.765045,335.111450,20.415781,180.680710,332.176880,-1.297926,216.524750,328.752411,-26.638618,116.687637,356.624817,90.674667,144.199951,353.879944,68.544662,172.789490,350.364990,46.095516,201.420761,346.818176,24.858782,236.377594,342.949646,0.310294,139.628342,372.622864,117.187141,165.313766,369.856659,96.810532,194.506546,365.821533,73.614357,222.807861,361.859802,51.878666,256.292114,360.097290,26.294886,167.436829,393.037811,148.034302,192.147461,389.354919,127.320213,219.548920,385.067322,105.226196,247.189316,380.207031,84.296707,274.163300,378.196899,63.338333,189.832382,407.117188,173.173584,214.372986,404.177582,153.805511,239.893707,400.733887,130.973419,258.025970,398.320740,115.186935,278.275116,397.165283,99.405685,212.954575,422.843475,198.862228,236.472321,418.070618,179.357422,255.807129,416.502991,164.123398,272.192841,414.999603,148.350906,227.858032,432.760529,213.668015,250.702286,428.512421,194.771194
2809,2.247222,52.124763,312.365356,13.294194,120.296066,304.093964,-34.427486,180.828568,295.595856,-74.535141,74.104195,326.523193,39.397129,102.083687,323.223236,16.792255,131.666016,319.959625,-5.022651,163.377304,314.923859,-25.822075,199.237610,311.198212,-49.258091,94.444641,341.210785,63.056282,122.411354,338.905609,42.455463,151.545410,336.565613,19.935404,180.369949,334.286957,-1.964747,216.158813,331.318420,-27.441977,116.722206,356.882050,90.581047,144.053329,355.035614,68.137650,172.496658,352.358032,45.452515,200.981873,349.647064,23.948259,235.838974,346.484741,-0.838743,139.694839,372.998108,117.012497,165.136169,371.450012,96.266579,194.153412,368.363220,72.797333,222.229370,365.523193,50.710663,255.567993,364.462646,24.887512,167.591965,393.787445,147.707016,191.887390,391.415436,126.651558,219.053223,388.454071,104.151146,246.501740,384.781219,82.821404,273.275696,383.565796,61.607346,189.946686,407.689819,172.891327,214.165146,406.498932,153.045105,239.347244,404.571777,129.716995,257.288727,403.028534,113.653938,277.346863,402.723694,97.618980,213.108414,423.502747,198.533081,236.339554,420.538513,178.439667,255.365494,420.362152,162.821869,271.474762,419.884521,146.770966,228.037521,433.535034,213.191132,250.512268,431.100739,193.806427
2810,2.250000,52.142200,312.374603,13.285514,120.263237,304.389465,-34.499279,180.749313,296.257935,-74.709717,74.145943,326.468475,39.410698,102.036774,323.594818,16.670759,131.551819,320.714508,-5.271994,163.343262,315.941132,-26.058378,199.052414,312.751831,-49.732914,94.504906,341.137695,63.062542,122.346642,339.486359,42.247734,151.340805,337.808960,19.505936,180.055786,336.183167,-2.585113,215.785782,333.665344,-28.189787,116.824577,356.800598,90.579018,143.949982,355.866119,67.813828,172.225494,354.041565,44.891476,200.538284,352.186798,23.105391,235.278885,349.741577,-1.927913,139.853363,372.921021,116.957138,165.013199,372.602814,95.842834,193.825134,370.487518,72.090576,221.635757,368.810486,49.632389,254.816559,368.456177,23.568909,167.873993,393.991089,147.506287,191.702820,392.903259,126.145157,218.589111,391.292572,103.231499,245.801422,388.846710,81.481621,272.357574,388.447571,60.005348,190.211273,407.572510,172.772675,214.048035,408.141144,152.473358,238.846069,407.748444,128.652939,256.567627,407.091431,112.307373,276.413574,407.651520,96.024002,213.441483,423.359772,198.391907,236.323883,422.218445,177.728378,254.995316,423.447266,161.741302,270.794373,424.007385,145.422409,228.415543,433.442841,212.898392,250.461304,432.827881,193.067810
2811,2.252778,52.171333,312.340820,13.294031,120.233368,304.657349,-34.558990,180.655487,296.903320,-74.887856,74.215790,326.273346,39.465195,102.009598,323.840393,16.584925,131.446396,321.350952,-5.497031,163.318604,316.825317,-26.257370,198.861237,314.186523,-50.191425,94.612961,340.827972,63.135601,122.316101,339.841492,42.104736,151.156342,338.835144,19.135523,179.747696,337.853790,-3.146928,215.418411,335.776062,-28.864534,116.992020,356.387390,90.665001,143.892029,356.370087,67.575691,171.984467,355.403961,44.424458,200.103683,354.416382,22.349644,234.715591,352.691284,-2.930543,140.100052,372.398682,117.018448,164.949509,373.310364,95.545387,193.532837,372.178925,71.508736,221.045609,371.692078,48.669861,254.062119,372.041901,22.372700,168.275345,393.660400,147.427582,191.601440,393.809357,125.810562,218.173782,393.557159,102.489632,245.112518,392.363281,80.311760,271.441040,392.787354,58.576691,190.618713,406.779633,172.813019,214.029327,409.093872,152.100677,238.411362,410.231628,127.807945,255.890869,410.466583,111.181381,275.510010,411.895844,94.663567,213.944092,422.431000,198.434021,236.431427,423.099457,177.237274,254.715652,425.726013,160.908905,270.180969,427.322540,144.343201,228.982071,432.502319,212.782684,250.557449,433.681488,192.570862
2812,2.255556,52.211498,312.265228,13.318312,120.206909,304.896576,-34.606064,180.549316,297.528168,-75.066544,74.311394,325.941650,39.557602,102.002144,323.961029,16.535412,131.351868,321.865692,-5.694890,163.306519,317.571136,-26.413849,198.670578,315.490265,-50.624393,94.765778,340.287292,63.271561,122.319946,339.971558,42.027493,150.996841,339.637726,18.831371,179.455582,339.286804,-3.638549,215.069672,337.632050,-29.450254,117.219643,355.651672,90.833580,143.880234,356.547852,67.423592,171.781830,356.433655,44.061859,199.693008,356.312805,21.699627,234.169281,355.301483,-3.820613,140.427948,371.442505,117.190262,164.948334,373.570312,95.377319,193.287231,373.422089,71.064247,220.480194,374.134827,47.848495,253.331924,375.178650,21.331503,168.782608,392.809845,147.464462,191.588776,394.128204,125.653076,217.824158,395.224365,101.943451,244.461624,395.289764,79.342735,270.561798,396.527496,57.362324,191.155502,405.331757,173.004715,214.113846,409.350677,151.932785,238.063538,411.993256,127.202362,255.287231,413.113678,110.303772,274.673187,415.404816,93.574165,214.598663,420.740540,198.651443,236.663818,423.177582,176.974258,254.543716,427.172150,160.344208,269.663391,429.789703,143.563126,229.718185,430.740662,212.833069,250.802094,433.658783,192.323425
2813,2.258333,52.261932,312.149384,13.356215,120.184753,305.105560,-34.640160,180.434143,298.127167,-75.242104,74.429794,325.477875,39.684082,102.014252,323.957642,16.522573,131.270645,322.254486,-5.861879,163.309525,318.173096,-26.523415,198.487457,316.649567,-51.021931,94.958801,339.522949,63.465267,122.357475,339.877563,42.015602,150.867233,340.209381,18.599834,179.189804,340.469177,-4.048511,214.752487,339.214264,-29.933470,117.500755,354.604309,91.078377,143.914230,356.400757,67.356453,171.625504,357.118927,43.812271,199.322266,357.851227,21.172726,233.661880,357.536346,-4.573499,140.827164,370.067139,117.463875,165.011337,373.382202,95.339256,193.098602,374.201843,70.767319,219.963058,376.102753,47.192093,252.655899,377.820953,20.475582,169.376907,391.453857,147.610092,191.667664,393.857513,125.674232,217.555832,396.273621,101.605675,243.876434,397.586212,78.600418,269.757751,399.610687,56.397675,191.803055,403.253143,173.338699,214.303162,408.909058,151.970825,237.820557,413.011108,126.849350,254.783905,414.997711,109.694405,273.939880,418.130768,92.783905,215.380905,418.317657,199.034424,237.017624,422.455627,176.941757,254.492996,427.766907,160.058334,269.267395,431.376892,143.102356,230.597260,428.190643,213.036377,251.188843,432.766266,192.326157
2814,2.261111,52.321930,311.995483,13.404741,120.168556,305.281921,-34.661068,180.314804,298.692780,-75.410065,74.567665,324.887024,39.840534,102.045776,323.830719,16.546885,131.205566,322.511749,-5.993361,163.329468,318.625854,-26.582624,198.319397,317.649139,-51.373665,95.186203,338.543121,63.710930,122.427399,339.560211,42.068016,150.772522,340.541565,18.446777,178.961334,341.386719,-4.365434,214.479416,340.504028,-30.303474,117.827034,353.256836,91.392914,143.992645,355.930298,67.372437,171.522797,357.447693,43.682491,199.008102,359.005646,20.784803,233.216537,359.358154,-5.166516,141.285248,368.288544,117.830025,165.138184,372.747009,95.429840,192.976151,374.503662,70.626015,219.518631,377.559631,46.721493,252.065063,379.921387,19.831615,170.034180,389.603851,147.858841,191.837387,392.998291,125.872208,217.381683,396.688232,101.483925,243.383789,399.215912,78.104584,269.066162,401.983704,55.710850,192.538544,400.569519,173.805634,214.594666,407.771088,152.211578,237.695801,413.269775,126.755028,254.404190,416.090515,109.364876,273.343475,420.032867,92.311638,216.261322,415.193695,199.572784,237.483658,420.943085,177.137558,254.571350,427.500549,160.054367,269.013184,432.062012,142.971497,231.586914,424.887787,213.378799,251.703796,431.017822,192.574188
2815,2.263889,52.390816,311.806213,13.460247,120.160912,305.421875,-34.668434,180.198059,299.214783,-75.564873,74.721397,324.173950,40.023087,102.096779,323.579407,16.609196,131.160187,322.630035,-6.083735,163.367401,318.924225,-26.589205,198.174103,318.472687,-51.669083,95.440758,337.356445,64.002670,122.528023,339.019135,42.183777,150.717804,340.624207,18.377895,178.781647,342.023560,-4.578073,214.262695,341.482941,-30.551432,118.188606,351.620453,91.771370,144.112869,355.137817,67.469421,171.479691,357.408234,43.677631,198.766541,359.750610,20.549612,232.855927,360.729828,-5.579917,141.787308,366.122284,118.280396,165.326035,371.666962,95.646393,192.926987,374.314850,70.646217,219.169556,378.472198,46.453213,251.588943,381.434998,19.421354,170.725449,387.265198,148.207489,192.092667,391.554993,126.242577,217.310272,396.456207,101.581200,243.007462,400.147003,77.868698,268.519989,403.600861,55.321693,193.336014,397.306335,174.396835,214.980087,405.944183,152.648392,237.696365,412.761444,126.919525,254.165497,416.371643,109.319427,272.910767,421.079376,92.167252,217.207108,411.399719,200.256744,238.046310,418.655273,177.556015,254.778885,426.372437,160.328735,268.912354,431.833221,143.172516,232.651093,420.866852,213.846924,252.326691,428.432892,193.059128
2816,2.266667,52.467888,311.584015,13.519227,120.165337,305.519806,-34.660931,180.092468,299.678772,-75.699104,74.887047,323.343079,40.228310,102.167450,323.201630,16.710705,131.138626,322.600250,-6.126769,163.423660,319.063324,-26.542227,198.059158,319.103424,-51.898022,95.714119,335.971344,64.334991,122.657196,338.253082,42.362339,150.707718,340.446533,18.398645,178.661896,342.363037,-4.675799,214.113998,342.132690,-30.668934,118.574142,349.705505,92.209023,144.270889,354.024384,67.645203,171.500153,356.989929,43.801258,198.611176,360.063416,20.477926,232.599838,361.618530,-5.798180,142.316467,363.582916,118.807823,165.569305,370.144989,95.985481,192.954987,373.625488,70.831398,218.934021,378.813110,46.398476,251.251877,382.323608,19.260279,171.416763,384.434082,148.656631,192.423401,389.535187,126.778976,217.344604,395.570648,101.896484,242.765778,400.354126,77.900139,268.144897,404.426697,55.241821,194.167358,393.487427,175.104340,215.444962,403.440674,153.272049,237.821838,411.485260,127.338287,254.077591,415.828064,109.556282,272.659607,421.248718,92.352821,218.183685,406.964569,201.077087,238.683731,415.612152,178.189270,255.106949,424.390930,160.872986,268.965332,430.689148,143.699783,233.752014,416.159729,214.428101,253.032303,425.034149,193.770599
2817,2.269444,52.552109,311.330292,13.579328,120.185867,305.567047,-34.635361,180.008041,300.065735,-75.802666,75.060265,322.398285,40.453197,102.257690,322.694031,16.852657,131.144928,322.412140,-6.116257,163.497772,319.038788,-26.442156,197.981506,319.525085,-52.051247,95.997162,334.395447,64.703156,122.812065,337.260010,42.603424,150.745728,339.998016,18.513716,178.611542,342.389343,-4.649745,214.043625,342.435883,-30.647959,118.971031,347.520935,92.702065,144.461151,352.590454,67.897514,171.585449,356.184113,44.055225,198.551498,359.926178,20.576675,232.462799,361.998535,-5.810906,142.854294,360.683899,119.406021,165.859863,368.184387,96.443077,193.059891,372.429230,71.182129,218.823410,378.562775,46.562710,251.069992,382.559296,19.356647,172.069153,381.094055,149.211685,192.815002,386.949036,127.473396,217.481476,394.029663,102.425179,242.669693,399.819550,78.200363,267.956757,404.437286,55.474976,195.003235,389.134583,175.920502,215.969345,400.276581,154.071762,238.064133,409.446747,128.003006,254.141922,414.454163,110.068260,272.597534,420.529663,92.863785,219.155975,401.914215,202.024841,239.368866,411.836792,179.027725,255.537781,421.571869,161.675217,269.161133,428.637848,144.541016,234.851685,410.794373,215.110611,253.791367,420.846222,194.696808
2818,2.272222,52.641918,311.044952,13.639825,120.226410,305.552307,-34.586559,179.954895,300.352631,-75.863182,75.236168,321.342957,40.695103,102.366776,322.052368,17.035799,131.182343,322.055542,-6.046847,163.588577,318.846741,-26.290838,197.947052,319.722992,-52.121101,96.280396,332.635468,65.103195,122.988861,336.037415,42.906532,150.833374,339.269196,18.726135,178.636765,342.089325,-4.494108,214.058670,342.378540,-30.482740,119.365616,345.074982,93.246910,144.676895,350.835968,68.223717,171.733780,354.984406,44.439110,198.591858,359.326508,20.848289,232.452621,361.852448,-5.613424,143.381287,357.437561,120.069016,166.187271,365.788696,97.014244,193.237167,370.723297,71.695786,218.841354,377.710022,46.945335,251.050018,382.125305,19.711264,172.638214,377.212646,149.883621,193.249512,383.808624,128.315948,217.711960,391.836273,103.159012,242.721298,398.534485,78.764488,267.960419,403.620850,56.016983,195.813965,384.267883,176.837357,216.529388,396.469757,155.035248,238.408478,406.656738,128.901337,254.351624,412.251251,110.842667,272.721802,418.921051,93.689354,220.089294,396.272552,203.090485,240.071518,407.353607,180.059402,256.046509,417.936432,162.720551,269.479889,425.694702,145.678619,235.912979,404.794983,215.883270,254.571823,415.894775,195.824051
2819,2.275000,52.735226,310.726746,13.701349,120.289948,305.463318,-34.508648,179.941864,300.515808,-75.868172,75.409538,320.180328,40.951431,102.492958,321.272156,17.259605,131.252502,321.521423,-5.914944,163.694244,318.484222,-26.091431,197.960098,319.684875,-52.102188,96.554276,330.697662,65.531281,123.182823,334.583252,43.270107,150.969742,338.252930,19.036383,178.739716,341.453766,-4.207117,214.161652,341.951752,-30.171759,119.743546,342.375763,93.839218,144.910248,348.761017,68.620255,171.940201,353.387238,44.949383,198.731415,358.257812,21.290148,232.570190,361.171021,-5.207315,143.877457,353.856079,120.790276,166.539337,362.962677,97.691956,193.478394,368.508728,72.365860,218.984100,376.251404,47.539570,251.189713,381.015137,20.317516,173.073364,372.737244,150.689590,193.706970,380.127502,129.294067,218.022522,388.997894,104.085403,242.914078,396.498993,79.580795,268.149841,401.977203,56.855511,196.570480,378.906677,177.845459,217.099655,392.039673,156.147934,238.835327,403.130188,130.016357,254.692764,409.227051,111.860756,273.020508,416.430298,94.812126,220.950272,390.062775,204.262726,240.760590,402.187683,181.268692,256.604065,413.509216,163.990387,269.897095,421.879639,147.089783,236.900253,398.183777,216.734497,255.341019,410.206329,197.135605
2820,2.277778,52.829647,310.373505,13.765340,120.377785,305.289276,-34.396801,179.974670,300.534729,-75.808052,75.575027,318.913757,41.219337,102.633339,320.350311,17.521641,131.354996,320.803131,-5.719502,163.812363,317.949158,-25.848293,198.022873,319.401917,-51.991993,96.809593,328.588745,65.983025,123.388016,332.897186,43.690563,151.151428,336.945435,19.441557,178.918518,340.477844,-3.791624,214.350647,341.152039,-29.718531,120.090309,339.432312,94.473030,145.152542,346.366699,69.081978,172.196838,351.392700,45.578415,198.964478,356.719116,21.894110,232.810196,359.952393,-4.600856,144.323257,349.952576,121.561623,166.902649,359.713348,98.466003,193.772202,365.790436,73.181259,219.241913,374.190399,48.332230,251.479507,379.230713,21.161306,173.339035,367.637238,151.635071,194.167114,375.921051,130.391464,218.396912,385.526062,105.186699,243.234695,393.721161,80.630432,268.510529,399.515686,57.969921,197.245331,373.071198,178.932861,217.654922,387.007843,157.391846,239.322372,398.885315,131.326019,255.146378,405.394623,113.097359,273.474792,413.072174,96.207619,221.707672,383.309570,205.527573,241.406296,396.364777,182.635284,257.180695,408.316833,165.461258,270.386963,417.216034,148.745544,237.780258,390.983063,217.651596,256.067200,403.809021,198.610519
2821,2.280556,52.922688,309.983032,13.833561,120.489220,305.022491,-34.248592,180.055084,300.395538,-75.678398,75.727516,317.547333,41.495399,102.783981,319.285980,17.817411,131.487350,319.897247,-5.462480,163.940048,317.240723,-25.566856,198.135178,318.869415,-51.791496,97.037918,326.316864,66.452881,123.597542,330.982056,44.161572,151.372437,335.347321,19.934853,179.167786,339.161560,-3.255395,214.619797,339.980957,-29.131598,120.391769,336.255371,95.140167,145.394623,343.656769,69.601791,172.493134,349.005646,46.313862,199.281464,354.715332,22.646317,233.162170,358.201508,-3.809263,144.700684,345.742554,122.372322,167.263214,356.051544,99.322350,194.105087,362.578125,74.125786,219.600830,371.536591,49.303699,251.904312,376.781006,22.220997,173.436142,361.949646,152.694931,194.610703,371.207092,131.587494,218.817627,381.436768,106.439728,243.665359,390.216003,81.887405,269.022186,396.253052,59.331543,197.813568,366.784485,180.084061,218.171753,381.398132,158.744858,239.846512,393.943848,132.802719,255.690598,400.772278,114.520653,274.061401,408.867432,97.844162,222.333389,376.040894,206.867477,241.981842,389.912292,184.133606,257.748169,402.387695,167.103699,270.924805,411.729950,150.609970,238.522827,383.217377,218.620911,256.720703,396.733917,200.222641
2822,2.283333,53.011948,309.553345,13.907691,120.621262,304.659912,-34.064869,180.180161,300.093140,-75.481201,75.862465,316.086304,41.775574,102.940125,318.081482,18.140577,131.645187,318.804260,-5.148896,164.073929,316.359436,-25.253483,198.294022,318.087219,-51.505749,97.231903,323.892090,66.933914,123.803902,328.844727,44.673901,151.624680,333.464233,20.505543,179.479004,337.510101,-2.611048,214.959991,338.445221,-28.424463,120.635292,332.858154,95.830040,145.627151,340.638672,70.170761,172.816513,346.236450,47.138756,199.669525,352.257324,23.527493,233.611252,355.930206,-2.854518,144.994522,341.244720,123.208572,167.607071,351.992493,100.243156,194.462387,358.886932,75.178131,220.043854,368.305603,50.428341,252.444916,373.681427,23.467848,173.381577,355.740479,153.829239,195.020355,366.006897,132.857254,219.266739,376.750610,107.815819,244.185516,386.004761,83.319046,269.660980,392.212372,60.904377,198.253311,360.073456,181.279724,218.629410,375.238007,160.180374,240.385132,388.331268,134.413361,256.302124,395.383453,116.092384,274.754333,403.842529,99.683174,222.803284,368.289459,208.261307,242.464249,382.860779,185.732971,258.281738,395.752686,168.881912,271.487854,405.450897,152.640442,239.101685,374.914398,219.628754,257.275116,389.016235,201.940521
2823,2.286111,53.095219,309.083130,13.988972,120.768692,304.203918,-33.850212,180.342255,299.632355,-75.225487,75.976120,314.537262,42.055294,103.096573,316.742310,18.483324,131.822617,317.528778,-4.786578,164.210342,315.307312,-24.915306,198.493546,317.060272,-51.144070,97.385529,321.326904,67.417931,123.999550,326.495972,45.215843,151.898575,331.306610,21.139450,179.841125,335.533722,-1.875561,215.359100,336.557373,-27.615433,120.810860,329.256714,96.529800,145.841080,337.324097,70.778374,173.153397,343.100800,48.032349,200.113327,349.361542,24.513744,234.138977,353.157135,-1.764582,145.193069,336.481476,124.053772,167.920715,347.556488,101.207298,194.828857,354.737488,76.312271,220.551682,364.518921,51.675262,253.078766,369.953949,24.866953,173.188278,349.069336,154.999802,195.380585,360.346161,134.172272,219.726242,371.493469,109.281509,244.772659,381.115387,84.886818,270.399994,387.423431,62.645988,198.546356,352.969879,182.496704,219.010208,368.558990,161.667679,240.916733,382.077545,136.119843,256.956940,389.257385,117.768631,275.525269,398.030396,101.679893,223.097916,360.093689,209.684357,242.834503,375.244965,187.398209,258.760742,388.446075,170.754059,272.054718,398.412567,154.788788,239.494995,366.105927,220.662064,257.708038,380.696106,203.727768
2824,2.288889,53.170620,308.572357,14.077985,120.924469,303.662445,-33.612747,180.529694,299.027740,-74.926743,76.065567,312.908386,42.329575,103.247932,315.276855,18.836798,132.012665,316.079346,-4.385612,164.345352,314.088348,-24.560080,198.725357,315.798248,-50.719559,97.494263,318.635956,67.895897,124.177414,323.950104,45.774036,152.183640,328.889160,21.819826,180.241150,333.247742,-1.069411,215.802521,334.335907,-26.726915,120.911758,325.470245,97.224777,146.027908,333.729553,71.412926,173.490097,339.619354,48.971180,200.595795,346.049774,25.577736,234.724030,349.907532,-0.572097,145.288147,331.478638,124.889297,168.191650,342.768768,102.191208,195.189392,350.155609,77.498482,221.103210,360.203918,53.009434,253.780121,365.627716,26.378572,172.866882,341.993927,156.170059,195.677765,354.255615,135.501755,220.178192,365.696533,110.799530,245.402649,375.582489,86.547707,271.209595,381.923676,64.508774,198.678940,345.510529,183.709000,219.299393,361.397400,163.172806,241.420868,375.218140,137.880112,257.630585,382.429443,119.501205,276.343964,391.470673,103.784569,223.203217,351.497620,211.108688,243.077652,367.104797,189.090485,259.167877,380.506805,172.673706,272.604492,390.654144,157.002960,239.686020,356.828674,221.708374,258.001526,371.819061,205.543945
2825,2.291667,53.236637,308.022308,14.174559,121.080597,303.047913,-33.363159,180.728561,298.301392,-74.604805,76.128830,311.209290,42.593182,103.388824,313.696198,19.191601,132.207642,314.468018,-3.957609,164.474823,312.708344,-24.196003,198.979416,314.314880,-50.247768,97.555069,315.835846,68.358421,124.331055,321.224335,46.334297,152.468842,326.230499,22.528288,180.664673,330.672180,-0.215460,216.273819,331.804443,-25.784140,120.934593,321.520447,97.899010,146.179947,329.876465,72.061813,173.813431,335.817627,49.930168,201.098663,342.348846,26.690050,235.343094,346.212799,0.687257,145.275162,326.265320,125.695587,168.408798,337.659119,103.169975,195.529282,345.172241,78.704613,221.675964,355.393921,54.393112,254.521011,360.739136,27.959795,172.426880,334.571106,157.305786,195.899841,347.771057,136.813599,220.604904,359.396576,112.330185,246.050278,369.447296,88.256096,272.057800,375.758514,66.441872,198.642639,337.737305,184.888748,219.484955,353.794647,164.659851,241.878006,367.794495,139.649643,258.298340,374.941650,121.239578,277.178772,384.209961,105.944328,223.110855,342.550690,212.503769,243.182510,358.485474,190.768631,259.487976,371.979553,174.591858,273.116058,382.221771,159.228851,239.663376,347.126038,222.754715,258.142120,362.436096,207.346039
2826,2.294444,53.292160,307.436005,14.277773,121.229187,302.375610,-33.113327,180.924438,297.479401,-74.281204,76.164696,309.450928,42.840897,103.514053,312.013397,19.538328,132.399567,312.710083,-3.514916,164.594559,311.175354,-23.831556,199.244827,312.626617,-49.745289,97.566444,312.944763,68.796135,124.454521,318.338623,46.882359,152.743057,323.352936,23.245773,181.096390,327.831146,0.662249,216.755676,328.990631,-24.813488,120.878693,317.431213,98.536087,146.290497,325.790649,72.711914,174.111191,331.725708,50.883907,201.602890,338.290283,27.820517,235.971848,342.109711,1.976639,145.152985,320.873627,126.452950,168.562515,332.261993,104.118523,195.834412,339.823273,79.897774,222.246613,350.127808,55.787556,255.271759,355.331787,29.566557,171.877396,326.857330,158.375885,196.036438,340.933350,138.075729,220.989182,352.636169,113.832977,246.689667,362.757263,89.965797,272.911377,368.980377,68.393372,198.434586,329.696411,186.007492,219.557266,345.797424,166.092606,242.269516,359.854279,141.383148,258.935089,366.843079,122.933098,277.997101,376.301971,108.105392,222.818573,333.306580,213.837296,243.141556,349.437500,192.390564,259.707367,362.915405,176.459106,273.567749,373.168701,161.412354,239.421204,337.049896,223.786530,258.120575,352.603668,209.089981
2827,2.297222,53.336483,306.817780,14.386049,121.363136,301.662018,-32.875000,181.104233,296.588806,-73.976646,76.172523,307.645142,43.067825,103.618752,310.242920,19.868095,132.580551,310.823486,-3.069809,164.700256,309.499695,-23.475302,199.510361,310.751801,-49.228588,97.528229,309.982422,69.200104,124.542229,315.315765,47.404526,152.995300,320.282135,23.953505,181.520782,324.752441,1.539688,217.230972,325.924530,-23.840845,120.745415,313.228394,99.120201,146.353912,321.502228,73.349922,174.372299,327.378204,51.807907,202.089188,333.910095,28.939337,236.586044,337.638702,3.259882,144.923584,315.338318,127.142563,168.644424,326.616211,105.012756,196.091293,334.149689,81.045967,222.791718,344.449982,57.154762,256.002655,349.454620,31.155743,171.227448,318.909088,159.352936,196.078857,333.788269,139.257385,221.314148,345.463837,115.268517,247.294617,355.565857,91.631958,273.737030,361.647919,70.312523,198.057129,321.438202,187.037399,219.509109,337.457642,167.435974,242.577896,351.451508,143.036209,259.515961,358.190521,124.533295,278.766571,367.807312,110.215096,222.329926,323.822266,215.076157,242.950546,340.016510,193.915176,259.813446,353.371704,178.227417,273.937775,363.555420,163.500870,238.959259,326.661377,224.787155,257.931824,342.383240,210.732346
2828,2.300000,53.369308,306.173218,14.497293,121.476852,300.923553,-32.658562,181.257126,295.655121,-73.708694,76.152229,305.804626,43.269634,103.698586,308.400085,20.173006,132.743210,308.828369,-2.633742,164.787720,307.694061,-23.135700,199.765030,308.709930,-48.713276,97.441467,306.969696,69.562279,124.589104,312.181091,47.888248,153.215302,317.046356,24.633797,181.922531,321.466431,2.393847,217.683380,322.637573,-22.890387,120.537720,308.939880,99.636948,146.365768,317.045044,73.962738,174.586838,322.813293,52.679501,202.538757,329.247894,30.018103,237.162521,332.842865,4.502922,144.591583,309.696472,127.747360,168.647552,320.764740,105.830467,196.287216,328.197052,82.119530,223.288589,338.408966,58.459045,256.684998,343.160736,32.687019,170.486328,310.783630,160.213730,196.020096,326.386047,140.330139,221.563446,337.933899,116.600296,247.839371,347.931763,93.212547,274.502502,353.825104,72.151398,197.517334,313.016296,187.952530,219.335648,328.831818,168.657333,242.786972,342.646027,144.567017,260.016632,349.048676,125.996246,279.455780,358.792908,112.223465,221.654114,314.157471,216.187744,242.608505,330.282990,195.303925,259.795471,343.412048,179.851730,274.205170,353.448730,165.444519,238.282806,316.031036,225.738022,257.574860,331.840973,212.232086
2829,2.302778,53.390717,305.509033,14.609058,121.566635,300.174957,-32.471954,181.375610,294.699860,-73.489990,76.104240,303.942780,43.442848,103.749794,306.500641,20.446527,132.881088,306.746033,-2.216812,164.852829,305.773315,-22.820856,199.998413,306.521210,-48.213539,97.308212,303.928436,69.875961,124.590889,308.961853,48.322586,153.393997,313.675751,25.270540,182.287186,318.005127,3.203518,218.097855,319.161896,-21.983873,120.260002,304.595306,100.073898,146.322830,312.455994,74.537827,174.745743,318.071716,53.478554,202.933914,324.345612,31.030663,237.679764,327.766876,5.674710,144.163864,303.987701,128.252930,168.566589,314.754211,106.552170,196.410263,322.014740,83.092194,223.716171,332.056915,59.668190,257.292175,336.506226,34.124043,169.663864,302.539886,160.939606,195.855255,318.781006,141.268951,221.721649,330.105835,117.796181,248.299316,339.918365,94.669540,275.177460,345.580078,73.866264,196.826523,304.487671,188.730011,219.034622,319.981110,169.727676,242.882263,333.503265,145.938065,260.413574,339.489838,127.284828,280.035522,349.331146,114.084442,220.805069,304.374359,217.141235,242.117599,320.301819,196.522278,259.644470,333.105499,181.291702,274.350739,342.920959,167.196854,237.402405,305.238220,226.619232,257.052429,321.047302,213.551987
2830,2.305556,53.401131,304.832672,14.718754,121.630867,299.428528,-32.320061,181.455612,293.738983,-73.327255,76.029556,302.073700,43.585075,103.769165,304.560669,20.683786,132.988968,304.598724,-1.827556,164.891617,303.754578,-22.538294,200.201065,304.206268,-47.741905,97.131523,300.881348,70.136108,124.544685,305.686371,48.698616,153.524002,310.201660,25.849501,182.601547,314.401215,3.949874,218.460938,315.529327,-21.140234,119.917969,300.226105,100.420944,146.223206,307.774445,75.063560,174.840561,313.195221,54.188065,203.258728,319.246674,31.953812,238.118637,322.456482,6.747836,143.649307,298.254059,128.648315,168.398239,308.633545,107.161827,196.449799,315.654633,83.941795,224.055893,325.448090,60.754417,257.800507,329.549469,35.434776,168.770599,294.239563,161.516571,195.581558,311.031219,142.053162,221.775269,322.042725,118.829109,248.651932,331.592163,95.969955,275.734650,336.983856,75.418526,195.999466,295.912811,189.351059,218.606400,310.970367,170.622772,242.851486,324.093109,147.117432,260.685211,329.593842,128.370743,280.479828,339.498413,115.756805,219.800705,294.538177,217.909180,241.483063,310.142029,197.541122,259.354218,322.525879,182.512878,274.358032,332.048767,168.715714,236.333649,294.369873,227.410706,256.370758,310.076813,214.660141
2831,2.308333,53.401291,304.152100,14.823828,121.669922,298.693604,-32.204548,181.496368,292.782867,-73.221405,75.929810,300.212158,43.695129,103.754539,302.596436,20.881704,133.063019,302.408752,-1.473004,164.900391,301.656372,-22.294628,200.364670,301.786072,-47.309067,96.915436,297.852173,70.339363,124.449455,302.383545,49.009804,153.599731,306.655426,26.358711,182.854156,310.687561,4.616940,218.760773,311.770966,-20.375273,119.518562,295.865692,100.670685,146.066360,303.041748,75.529617,174.863480,308.225952,54.794422,203.499695,313.995026,32.767651,238.462769,316.957550,7.699047,143.058487,292.540009,128.926529,168.141708,302.453125,107.647522,196.396820,309.169739,84.650749,224.292099,318.638275,61.694809,258.189850,322.351105,36.591064,167.818146,285.948547,161.935425,195.198563,303.197601,142.667419,221.713501,313.809998,119.677727,248.877655,323.021576,97.086632,276.150696,328.108917,76.775558,195.053619,287.356140,189.802185,218.053879,301.867981,171.324081,242.685074,314.488647,148.079773,260.812256,319.447205,129.236496,280.767120,329.373291,117.204987,218.662033,284.718323,218.469803,240.712769,299.876526,198.337784,258.921021,311.751007,183.488007,274.214294,320.911804,169.964020,235.096756,283.519165,228.093338,255.539124,299.008209,215.531357
2832,2.311111,53.392216,303.475372,14.921963,121.685814,297.976562,-32.124172,181.499588,291.836456,-73.168594,75.807411,298.373688,43.772881,103.705338,300.624542,21.038837,133.100815,300.198151,-1.158798,164.875717,299.498230,-22.095205,200.482071,299.282043,-46.923946,96.664925,294.865356,70.484062,124.306557,299.082336,49.252316,153.617630,303.068054,26.788750,183.036011,306.896332,5.192240,218.987335,307.916382,-19.701454,119.069839,291.549347,100.818886,145.853195,298.300385,75.927345,174.807892,303.205536,55.287472,203.646332,308.634674,33.455948,238.698929,311.315338,8.509547,142.403412,286.892487,129.085114,167.798752,296.264648,108.001862,196.244568,302.613586,85.206383,224.412170,311.683655,62.471539,258.444061,314.973267,37.568642,166.819885,277.738159,162.191544,194.708557,295.342987,143.102158,221.528839,305.474091,120.327003,248.960571,314.275482,97.998749,276.406464,319.027679,77.911354,194.008362,278.886475,190.076294,217.382629,292.745087,171.819611,242.376755,304.764893,148.807037,260.778748,309.142120,129.876663,280.880493,319.034698,118.400002,217.412155,274.989960,218.809814,239.816895,289.582275,198.897110,258.344147,300.862000,184.198105,273.910919,309.591888,170.911377,233.716248,272.783875,228.650406,254.569534,287.924408,216.148590
2833,2.313889,53.375130,302.810577,15.011240,121.681808,297.281128,-32.075356,181.468491,290.900909,-73.161980,75.665619,296.574738,43.819092,103.622940,298.662018,21.154957,133.100967,297.987976,-0.889232,164.814529,297.299713,-21.943750,200.547440,296.716064,-46.594025,96.385620,291.946411,70.570274,124.119507,295.811951,49.425137,153.576172,299.469604,27.132952,183.140945,303.058044,5.667393,219.132538,303.993103,-19.128119,118.580826,287.314697,100.865349,145.586060,293.593384,76.250114,174.669220,298.174805,55.660606,203.691376,303.209045,34.006802,238.817245,305.573578,9.165050,141.697281,281.360809,129.126389,167.373764,290.120483,108.222237,195.988983,296.039398,85.601166,224.406494,304.639893,63.072025,258.551056,307.477539,38.348351,165.791794,269.686127,162.284927,194.116547,287.531128,143.353531,221.217178,297.101715,120.768616,248.888779,305.422394,98.692062,276.486908,309.811188,78.807205,192.884689,270.577057,190.173508,216.600815,283.674988,172.104370,241.923645,294.997711,149.288925,260.572296,298.774261,130.297318,280.807709,308.560516,119.320335,216.075775,265.434845,218.926422,238.807663,279.340057,199.212204,257.625336,289.942719,184.633392,273.443298,298.172821,171.536499,232.220642,262.264526,229.068893,253.476501,276.912170,216.503586
2834,2.316667,53.351414,302.165466,15.090266,121.661880,296.608978,-32.053253,181.406647,289.975494,-73.194038,75.508423,294.832489,43.835495,103.510468,296.726196,21.230930,133.063110,295.797913,-0.667214,164.714371,295.079498,-21.842390,200.556427,294.110138,-46.325665,96.083656,289.121338,70.599716,123.893173,292.601257,49.529922,153.475433,295.889160,27.387716,183.165604,299.201416,6.038022,219.190506,300.026672,-18.662117,118.061554,283.201721,100.814880,145.268875,288.963867,76.493668,174.445953,293.173553,55.910885,203.630600,297.760620,34.413120,238.810898,299.774200,9.656023,140.954529,275.996826,129.057785,166.873474,284.073273,108.310860,195.629288,289.499786,85.832932,224.268570,297.561218,63.489235,258.502747,299.922546,38.917980,164.753235,261.877533,162.220566,193.430313,279.826172,143.423447,220.777908,288.759125,121.001175,248.654602,296.529938,99.158714,276.381348,300.527588,79.451950,191.705139,262.505219,190.101837,215.719452,274.732574,172.180298,241.326401,285.263245,149.523102,260.184540,288.438446,130.512558,280.541107,298.027008,119.952705,214.679077,256.140991,218.828110,237.699249,269.234283,199.284912,256.769379,279.079315,184.793747,272.810547,286.740448,171.829498,230.641968,252.062683,229.340988,252.277313,266.062073,216.597336
2835,2.319444,53.322536,301.547394,15.158248,121.629944,295.961151,-32.053001,181.317215,289.059784,-73.258606,75.340370,293.164856,43.825119,103.372200,294.834473,21.268742,132.987701,293.646057,-0.494190,164.573608,292.855286,-21.792128,200.506302,291.485870,-46.124104,95.765770,286.416534,70.576057,123.633224,289.478546,49.570538,153.317169,292.355133,27.552691,183.108994,295.353363,6.303154,219.157379,296.040924,-18.308500,117.523148,279.252625,100.677452,144.907104,284.454193,76.656403,174.140808,288.240570,56.039253,203.462372,292.330048,34.672440,238.675827,293.957092,9.978237,140.190643,270.854279,128.891617,166.306885,278.175323,108.274483,195.168533,283.046509,85.904846,223.995193,290.499817,63.721813,258.294647,292.363007,39.273315,163.727036,254.404282,162.009003,192.660339,272.292053,143.319336,220.213776,280.511932,121.030045,248.254562,287.664001,99.396996,276.083466,291.241608,79.841690,190.494034,254.751266,189.876877,214.752319,265.993500,172.056107,240.589264,275.637512,149.515228,259.611877,278.224670,130.539795,280.077423,287.508270,120.292427,213.249954,247.200790,218.533752,236.508118,259.352264,199.125748,255.784149,268.359680,184.688644,272.015228,275.382507,171.793060,229.015457,242.279236,229.465134,250.991943,255.467392,216.439957
2836,2.322222,53.289955,300.963104,15.214980,121.589531,295.338684,-32.070557,181.202972,288.154541,-73.351341,75.166306,291.589935,43.792328,103.212883,293.003967,21.271269,132.876343,291.549072,-0.370066,164.391647,290.643585,-21.793194,200.395767,288.864105,-45.993301,95.439636,283.858612,70.505333,123.346039,286.470795,49.552471,153.104431,288.894775,27.630560,182.971863,291.539246,6.464757,219.031204,292.057617,-18.070446,116.977829,275.510498,100.467461,144.507828,280.105682,76.739677,173.760269,283.413544,56.050648,203.187363,286.955750,34.786369,238.410507,288.160217,10.132807,139.422256,265.986938,128.643890,165.684906,272.478668,108.124298,194.613358,276.730225,85.825119,223.586609,283.505859,63.773991,257.925415,284.849701,39.417458,162.738464,247.363724,161.667206,191.819565,264.992523,143.054276,219.530899,272.424530,120.866615,247.689255,278.888306,99.411476,275.591217,282.014282,79.979210,189.277527,247.395950,189.520172,213.716171,257.533630,171.746964,239.719940,266.196472,149.279022,258.855804,268.215271,130.396408,279.417572,277.076263,120.343231,211.818390,238.708282,218.070908,235.253296,249.782974,198.753357,254.681015,257.872375,184.336212,271.063324,264.188049,171.442612,227.379089,233.012497,229.446960,249.643463,245.222702,216.050232
2837,2.325000,53.255020,300.418884,15.260799,121.543709,294.743347,-32.102772,181.066788,287.261444,-73.469032,74.991287,290.125336,43.742161,103.037300,291.251251,21.242025,132.731644,289.522217,-0.293197,164.168900,288.459686,-21.845057,200.224915,286.264801,-45.935795,95.113861,281.473938,70.395851,123.038696,283.603760,49.482468,152.841476,285.534271,27.626572,182.756363,287.783386,6.527483,218.811615,288.095673,-17.948502,116.438919,272.017609,100.202042,144.079636,275.957855,76.747910,173.313110,278.729065,55.953793,202.808441,281.673889,34.760399,238.015900,282.418854,10.125421,138.667130,261.447113,128.332901,165.020340,267.034729,107.875740,193.973129,270.600220,85.606506,223.046616,276.627686,63.655102,257.396606,277.429779,39.359329,161.813477,240.857071,161.219406,190.923111,257.991028,142.646729,218.738647,264.559662,120.527512,246.962875,270.264374,99.213188,274.906616,272.902893,79.873451,188.083801,240.517746,189.057220,212.630539,249.428177,171.274048,238.729706,257.015625,148.835434,257.923004,258.483704,130.098419,278.566437,266.800568,120.117180,210.416702,230.756165,217.473389,233.956619,240.615646,198.193542,253.474915,247.705292,183.761581,269.964325,253.246872,170.805313,225.773010,224.356857,229.299805,248.258148,235.422775,215.454666
2838,2.327778,53.218994,299.920563,15.296548,121.495140,294.177551,-32.147102,180.911697,286.382690,-73.608932,74.820503,288.787231,43.679668,102.850281,289.592224,21.185179,132.557266,287.579529,-0.260555,163.906555,286.317810,-21.946306,199.995132,283.706757,-45.952408,94.797737,279.288269,70.257668,122.718887,280.901764,49.368526,152.533707,282.298523,27.548157,182.465714,284.109039,6.498333,218.499878,284.171356,-17.940105,115.920685,268.813690,99.899498,143.632645,272.048126,76.688629,172.809326,274.222534,55.760548,202.330719,276.519073,34.603935,237.495499,276.765503,9.965663,137.944244,257.283844,127.978462,164.327560,261.893585,107.547729,193.259369,264.704376,85.265686,222.382553,269.912384,63.379219,256.712524,270.146851,39.112762,160.977646,234.989136,160.697723,189.987930,251.350021,142.120331,217.849457,256.978363,120.034035,246.083008,261.851227,98.819389,274.035278,263.961365,79.539261,186.942886,234.190933,188.516174,211.517517,241.751175,170.663849,237.633286,248.169525,148.211624,256.825348,249.095139,129.660751,277.532593,256.748810,119.634468,209.079636,223.432922,216.778748,232.642685,231.938293,197.478333,252.184479,237.945099,182.995819,268.731354,242.648544,169.918762,224.239044,216.401367,229.044266,246.865250,226.160873,214.686523
2839,2.330556,53.183044,299.473236,15.323525,121.445892,293.644135,-32.201214,180.740707,285.520721,-73.768089,74.659248,287.590149,43.609669,102.657028,288.042114,21.105658,132.357651,285.733856,-0.268051,163.606491,284.230804,-22.094543,199.708862,281.206909,-46.041786,94.500969,277.325775,70.101982,122.394806,278.388062,49.219784,152.187637,279.211212,27.404621,182.104065,280.538147,6.385828,218.098648,280.299438,-18.040068,115.437950,265.935150,99.578224,143.178223,268.411407,76.572266,172.259766,269.927673,55.485214,201.761536,271.524475,34.330181,236.855270,271.230621,9.666894,137.273346,253.542389,127.601280,163.622330,257.102631,107.161415,192.485443,259.088837,84.822739,221.604858,263.406067,62.964878,255.880295,263.041595,38.696270,160.255692,229.869446,160.142731,189.032745,245.130524,141.502930,216.878571,249.739960,119.411766,245.060593,253.705658,98.253082,272.986176,255.240860,78.997444,185.886368,228.484436,187.926987,210.401276,234.574539,169.947281,236.448868,239.731049,147.439941,255.579651,240.108307,129.099213,276.328033,246.987228,118.923195,207.843933,216.820724,216.025864,231.338760,223.836227,196.644608,250.831848,228.676682,182.075653,267.381409,232.481766,168.829010,222.819839,209.228653,228.707169,245.496414,217.527588,213.784698
2840,2.333333,53.148296,299.081390,15.343330,121.397217,293.145813,-32.262745,180.556717,284.678406,-73.942978,74.512802,286.546814,43.536858,102.463112,286.615173,21.009132,132.137878,283.996765,-0.310930,163.271118,282.210419,-22.286215,199.369736,278.780121,-46.199951,94.233269,275.608612,69.940224,122.074959,276.084259,49.046204,151.810745,276.294556,27.206816,181.676422,277.090637,6.198918,217.612015,276.494934,-18.240950,115.005531,263.414276,99.255875,142.728714,265.079926,76.411720,171.676056,265.876709,55.144165,201.110153,266.722290,33.955734,236.103729,265.843781,9.246297,136.674332,250.263367,127.222122,162.921509,252.705627,106.738976,191.666290,253.798035,84.300690,220.726425,257.154175,62.434799,254.910049,256.153198,38.133015,159.672821,225.619553,159.601944,188.078354,239.390915,140.825439,215.843842,242.902161,118.690247,243.909836,245.882782,97.542587,271.771637,246.790802,78.274559,184.946381,223.460831,187.320282,209.307602,227.967438,169.158951,235.197769,231.770920,146.557190,254.207291,231.578232,128.432785,274.968658,237.581711,118.018829,206.747269,210.993835,215.252914,230.074448,216.390640,195.732605,249.442383,219.983063,181.042862,265.935455,222.833633,167.588608,221.557861,202.913925,228.319473,244.184814,209.609604,212.792267
2841,2.336111,53.115768,298.748749,15.357640,121.349724,292.684845,-32.329296,180.362320,283.858704,-74.129532,74.386307,285.668213,43.465954,102.274223,285.324066,20.901634,131.903534,282.378876,-0.384026,162.903519,280.267242,-22.516499,198.982376,276.439117,-46.420059,94.003960,274.156067,69.783325,121.767998,274.010162,48.858147,151.411423,273.569183,26.966763,181.188675,273.784363,5.946755,217.045654,272.774109,-18.532663,114.637627,261.278870,98.948753,142.296997,262.082947,76.221588,171.070618,262.100128,54.755386,200.387695,262.143463,33.499996,235.251938,260.634491,8.724697,136.166367,247.481949,126.860527,162.242401,248.742096,106.302620,190.818542,248.874619,83.725037,219.762390,251.201248,61.815319,253.814941,249.520920,37.450638,159.249527,222.315964,159.114990,187.147644,234.186172,140.120590,214.765686,236.520966,117.902313,242.648224,238.436676,96.721069,270.407654,238.660690,77.402962,184.154266,219.175018,186.725555,208.263321,221.995377,168.335831,233.904312,224.357620,145.603714,252.734009,223.559097,127.686096,273.474121,228.598709,116.963707,205.826752,206.017410,214.495728,228.881134,209.677719,194.784622,248.044571,211.944901,179.943481,264.418976,213.789230,166.254578,220.494095,197.523895,227.913712,242.964752,202.488358,211.754807
2842,2.338889,53.086376,298.478302,15.368034,121.303604,292.263306,-32.398643,180.160156,283.065033,-74.323280,74.284546,284.963440,43.401531,102.095772,284.179962,20.789141,131.660416,280.889862,-0.481836,162.507507,278.411133,-22.779400,198.552567,274.194733,-46.692421,93.821457,272.984039,69.640953,121.482368,272.183167,48.665863,150.998627,271.054016,26.697258,180.647720,270.635651,5.639493,216.407150,269.154602,-18.902058,114.347084,259.551636,98.670959,141.895996,259.446564,76.017372,170.456497,258.626587,54.337921,199.607025,257.818054,32.984604,234.313507,255.632843,8.126100,135.766861,245.227127,126.533775,161.602402,245.246841,105.873665,189.960159,244.359146,83.122971,218.730011,245.591278,61.135803,252.611633,243.184891,36.680840,158.994415,219.926193,158.699692,186.265076,229.567444,139.421875,213.666946,230.650589,117.083321,241.296814,231.421005,95.825691,268.913940,230.902161,76.421036,183.538971,215.673309,186.169662,207.295914,216.718857,167.515457,232.595810,217.557236,144.622543,251.189529,216.106537,126.890793,271.868378,220.106232,115.806244,205.116943,201.946152,213.786255,227.791183,203.768021,193.843597,246.669983,204.640259,178.826385,262.862122,205.431549,164.886353,219.666290,193.115265,227.521545,241.870895,196.239044,210.718597
2843,2.341667,53.060898,298.272186,15.375888,121.258698,291.882904,-32.468849,179.953018,282.300842,-74.519630,74.211617,284.439240,43.347633,101.932678,283.191895,20.677221,131.414352,279.538300,-0.598632,162.087616,276.651642,-23.067814,198.087112,272.056580,-47.004871,93.692795,272.104431,69.521027,121.226028,270.617889,48.478954,150.581650,268.766388,26.411402,180.061600,267.660248,5.288974,215.706192,265.656067,-19.333128,114.144699,258.249451,98.433815,141.538193,257.193298,75.814529,169.847229,255.482697,53.911228,198.782654,253.775146,32.432831,233.304596,250.870163,7.477063,135.490570,243.520844,126.255928,161.018372,242.249878,105.471954,189.110275,240.289948,82.522469,217.648926,240.367355,60.427784,251.320358,237.186783,35.858536,158.911072,218.376114,158.362473,185.455643,225.581268,138.761871,212.572754,225.343353,116.269974,239.880310,224.889999,94.896881,267.315063,223.570282,75.372856,183.125183,212.991898,185.675369,206.432617,212.191833,166.733871,231.302551,211.433456,143.658310,249.607559,209.278870,126.085327,270.180298,212.174347,114.599663,204.647552,198.823059,213.151245,226.837006,198.725540,192.951324,245.353134,198.144272,177.741699,261.299896,197.841690,163.543945,219.106796,189.732971,227.171478,240.937683,190.929153,209.728592
2844,2.344444,53.039936,298.131836,15.382331,121.214638,291.545197,-32.538330,179.744034,281.570221,-74.713821,74.170738,284.100067,43.307392,101.789223,282.366974,20.570807,131.170944,278.331604,-0.728578,161.649155,274.998291,-23.373590,197.594009,270.033722,-47.343403,93.623169,271.525055,69.429214,121.006081,269.326050,48.305984,150.169998,266.721924,26.122133,179.439560,264.873932,4.908631,214.954575,262.300232,-19.807621,114.038628,257.383087,98.245338,141.235016,255.341705,75.627487,169.256714,252.693024,53.494484,197.930832,250.043396,31.868860,232.244034,246.379486,6.805888,135.348572,242.377350,126.037270,160.506409,239.776321,105.115570,188.289124,236.702713,81.951210,216.541168,235.571609,59.723774,249.965134,231.569702,35.020592,159.003662,217.612396,158.108582,184.743744,222.268707,138.170609,211.510529,220.649353,115.499100,238.427811,218.899094,93.977356,265.641022,216.724289,74.306717,182.931671,211.155777,185.260239,205.699890,208.461136,166.023911,230.057846,206.047470,142.755630,248.025696,203.136703,125.313026,268.444763,204.875061,113.399986,204.441360,196.677841,212.611099,226.049881,194.606262,192.146408,244.131210,192.528519,176.738953,259.772736,191.098572,162.286011,218.840149,187.408310,226.886917,240.197922,186.617111,208.826324
2845,2.347222,53.023888,298.057709,15.388219,121.171036,291.251312,-32.605961,179.536606,280.877533,-74.901176,74.163902,283.947815,43.282772,101.669052,281.710358,20.474026,130.935318,277.276367,-0.865696,161.198151,273.460602,-23.687708,197.082413,268.135712,-47.692879,93.615616,271.249237,69.368759,120.828560,268.316345,48.154186,149.773300,264.935089,25.841848,178.792221,262.293213,4.512985,214.166275,259.111511,-20.305649,114.033890,256.957001,98.110031,140.996490,253.905945,75.468788,168.699127,250.280075,53.105888,197.069611,246.651245,31.316879,231.153397,242.195770,6.141562,135.347595,241.803009,125.883896,160.081589,237.846420,104.820488,187.517639,233.630280,81.435364,215.431412,231.244949,59.055740,248.573944,226.378433,34.204308,159.274246,217.594238,157.940765,184.152557,219.663895,137.673874,210.509766,216.616119,114.806007,236.973557,213.505402,93.110756,263.928345,210.427979,73.272919,182.969788,210.177750,184.936157,205.122864,205.566010,165.414078,228.897964,201.457230,141.957062,246.485748,197.741684,124.618729,266.703705,198.282318,112.263763,204.511917,195.525879,212.179367,225.458603,191.456284,191.462067,243.043747,187.859406,175.864380,258.326202,185.278137,161.167633,218.880722,186.157455,226.684860,239.680923,183.350250,208.047424
2846,2.350000,53.012897,298.049530,15.394124,121.127640,291.002136,-32.671070,179.334381,280.227509,-75.077179,74.191811,283.981903,43.274452,101.575081,281.225525,20.390137,130.712082,276.378479,-1.003917,160.741547,272.048889,-24.000647,196.562775,266.373566,-48.037792,93.670830,271.276093,69.340446,120.698265,267.594482,48.029221,149.401138,263.419159,25.582047,178.131897,259.936066,4.117159,213.357513,256.117767,-20.806314,114.132004,256.969421,98.028870,140.830673,252.895599,75.348381,168.188705,248.264282,52.761829,196.218918,243.627365,30.800186,230.057129,238.356171,5.512509,135.489471,241.796234,125.797707,159.757614,236.475449,104.599800,186.817154,231.101837,80.998016,214.346848,227.426712,58.453648,247.178986,221.659729,33.445713,159.720993,218.287277,157.858658,183.703186,217.792908,137.291641,209.601868,213.287781,114.222588,235.557373,208.767715,92.339745,262.220917,204.749939,72.321449,183.242279,210.058350,184.709244,204.724579,203.537704,164.927353,227.861481,197.715897,141.300369,245.033829,193.154663,124.045235,265.006653,192.471848,111.245560,204.862091,195.368240,211.863068,225.088043,189.309982,190.924347,242.131409,184.195312,175.157730,257.010529,180.451019,160.237167,219.230743,185.981110,226.575684,239.410751,181.163925,207.419830
2847,2.352778,53.006828,298.106110,15.400380,121.084351,290.798370,-32.733330,179.141113,279.625336,-75.237549,74.253799,284.199188,43.281883,101.509377,280.914154,20.321445,130.505539,275.643341,-1.137389,160.287384,270.774841,-24.302933,196.047043,264.760681,-48.362946,93.787193,271.600525,69.342781,120.618645,267.163330,47.935028,149.063065,262.186584,25.352915,177.472870,257.822449,3.736501,212.547012,253.350708,-21.288416,114.330910,257.412598,97.999580,140.743362,252.315216,75.273071,167.739441,246.663666,52.476086,195.400604,241.000809,30.340322,228.982483,234.900070,4.945299,135.771133,242.348236,125.776825,159.546158,235.673401,104.462791,186.208817,229.142090,80.657631,213.317184,224.154587,57.944157,245.816849,217.462631,32.777916,160.336884,219.659836,157.858597,183.413940,216.673096,137.037155,208.819229,210.703323,113.775261,234.224579,204.745163,91.703606,260.570312,199.762527,71.499672,183.742615,210.786713,184.580536,204.525009,202.398346,164.579971,226.987823,194.869339,140.815826,243.719482,189.433441,123.629944,263.410858,187.520279,110.395485,205.483429,196.192474,211.663620,224.957184,188.188431,190.550751,241.433350,181.582886,174.648956,255.877853,176.678909,159.532867,219.879486,186.865433,226.563858,239.404572,180.080246,206.962845
2848,2.355556,53.005272,298.225372,15.407139,121.041138,290.640625,-32.792542,178.960632,279.076843,-75.378304,74.347931,284.594330,43.303455,101.472916,280.776245,20.269257,130.319855,275.075897,-1.260773,159.845154,269.651978,-24.585331,195.548981,263.313660,-48.653973,93.960815,272.213806,69.372360,120.591682,267.023071,47.873772,148.768311,261.248962,25.162960,176.831833,255.975159,3.386275,211.756393,250.847046,-21.731016,114.624962,258.273560,98.017136,140.737625,252.164368,75.246330,167.364716,245.493576,52.259186,194.638397,238.801178,29.956421,227.959335,231.868942,4.463514,136.184601,243.443863,125.816376,159.456100,235.444382,104.414383,185.712677,227.770599,80.427162,212.374695,221.465240,57.549957,244.528442,213.838562,32.229950,161.109100,221.680664,157.934052,183.299164,216.312790,136.916443,208.193420,208.894592,113.483269,233.024384,201.494354,91.235558,259.034515,195.538849,70.849365,184.455215,212.342041,184.546707,204.538895,202.159180,164.380447,226.314560,192.953201,140.523972,242.593277,186.629410,123.401871,261.978912,183.501556,109.756027,206.356476,197.974625,211.577957,225.077103,188.098343,190.349915,240.983551,180.053375,174.356323,254.978531,174.010300,159.080307,220.803864,188.783905,226.648972,239.670715,180.106674,206.686783
2849,2.358333,53.007561,298.404633,15.414439,120.998100,290.529358,-32.848454,178.796753,278.588440,-75.495773,74.471092,285.160126,43.336731,101.465622,280.810211,20.233921,130.159195,274.680786,-1.369294,159.426208,268.696045,-24.838646,195.084274,262.052643,-48.897793,94.185722,273.104370,69.424438,120.617912,267.171509,47.846039,148.525543,260.616730,25.018814,176.227890,254.420105,3.081460,211.010605,248.647995,-22.113913,115.005051,259.535095,98.074615,140.813583,252.438126,75.268631,167.076660,244.766571,52.118206,193.957565,237.058289,29.664742,227.020187,229.305893,4.087279,136.717239,245.062668,125.909149,159.492523,235.786209,104.455025,185.346786,227.001541,80.313911,211.553711,219.394363,57.289299,243.358826,210.840912,31.826437,162.018906,224.317795,158.076294,183.367599,216.711243,136.928619,207.752472,207.884125,113.357559,232.006393,199.065079,90.960052,257.674408,192.147873,70.403687,185.356293,214.695511,184.601151,204.773422,202.819458,164.329514,225.873672,191.990387,140.434631,241.702850,184.783859,123.379494,260.773346,180.480515,109.358200,207.452286,200.681320,211.599640,225.448929,189.031845,190.322220,240.806839,179.620712,174.286148,254.356171,172.477402,158.891357,221.970200,191.699951,226.826996,240.206375,181.234818,206.593460
2850,2.361111,53.012829,298.640503,15.422236,120.955490,290.465057,-32.900661,178.653061,278.167206,-75.586761,74.619156,285.887970,43.378693,101.486534,281.013397,20.215094,130.027725,274.462830,-1.458632,159.043945,267.924683,-25.053446,194.669861,261.000641,-49.083206,94.454155,274.258362,69.493538,120.696358,267.604889,47.851147,148.342651,260.299011,24.925369,175.682770,253.185959,2.836515,210.337570,246.797775,-22.418245,115.458893,261.176971,98.164131,140.968567,253.128021,75.338295,166.885559,244.492264,52.057030,193.384094,235.801407,29.478312,226.199905,227.255188,3.833632,137.352219,247.180191,126.046570,159.655457,236.690430,104.581268,185.125839,226.843689,80.320061,210.888458,217.975220,57.175301,242.355408,208.523270,31.587492,163.042389,227.538147,158.275116,183.620667,217.858459,137.066910,207.517761,207.683823,113.400604,231.215591,197.496323,90.890961,256.548523,189.649384,70.184891,186.415436,217.811966,184.734848,205.226425,204.366516,164.421066,225.688004,191.989868,140.547348,241.088043,183.924515,123.569847,259.849792,178.506561,109.218704,208.733826,204.271790,211.719482,226.062836,190.967331,190.460953,240.915985,180.281494,174.434052,254.043579,172.094666,158.964645,223.336838,195.569519,227.091110,240.996338,183.440765,206.677399
2851,2.363889,53.020035,298.929138,15.430400,120.913895,290.448456,-32.948433,178.532867,277.820892,-75.648643,74.787071,286.768219,43.426018,101.534042,281.382660,20.211981,129.929840,274.427246,-1.524805,158.713089,267.356873,-25.220261,194.322189,260.180542,-49.201618,94.756874,275.660583,69.574089,120.824585,268.318512,47.887413,148.226578,260.303741,24.885998,175.219849,252.302887,2.664714,209.766418,245.340149,-22.627594,115.971405,263.177185,98.277657,141.197235,254.223465,75.452362,166.799438,244.677490,52.076958,192.942627,235.057343,29.406372,225.534058,225.760254,3.716756,138.068924,249.769150,126.219627,159.939545,238.143127,104.786552,185.060150,227.300201,80.443512,210.409454,217.235489,57.215134,241.564163,206.935226,31.527796,164.151581,231.307739,158.519913,184.051483,219.735901,137.320175,207.501373,208.294449,113.607285,230.687363,196.813370,91.031296,255.707657,188.089859,70.203613,187.597198,221.651398,184.937241,205.885757,206.776901,164.643829,225.768250,192.946548,140.852631,240.775955,184.063370,123.969284,259.250671,177.609940,109.339806,210.157822,208.699509,211.926331,226.898529,193.871750,190.753891,241.310028,182.016342,174.787094,254.058746,172.858459,159.287827,224.856308,200.342865,227.432236,242.013855,186.687592,206.927216
2852,2.366667,53.028034,299.266602,15.438724,120.874275,290.481262,-32.990639,178.439423,277.558075,-75.679161,74.969025,287.790833,43.475323,101.605949,281.914795,20.223475,129.870300,274.580017,-1.564234,158.448181,267.011078,-25.330444,194.055466,259.612854,-49.247257,95.083603,277.294952,69.660828,120.998497,269.306976,47.952240,148.182785,260.637268,24.902657,174.861572,251.799133,2.576834,209.323975,244.313446,-22.729425,116.525200,265.512665,98.407570,141.492401,255.712723,75.607285,166.823761,245.326172,52.177208,192.653549,234.847809,29.453863,225.054733,224.859009,3.746877,138.843826,252.800552,126.419533,160.334274,240.126328,105.062317,185.154510,228.368835,80.678734,210.139679,217.194229,57.409817,241.023895,206.116867,31.655148,165.315659,235.591904,158.800446,184.644623,222.317657,137.674652,207.704742,209.706146,113.966515,230.443665,197.026642,91.374702,255.189117,187.499359,70.459442,188.862259,226.170151,185.197021,206.729355,210.017517,164.983459,226.111359,194.842194,141.334396,240.777496,185.196365,124.565536,259.001129,177.801086,109.711769,211.676270,213.913528,212.207687,227.926651,197.702896,191.185120,241.973740,184.792191,175.326080,254.402130,174.747559,159.840210,226.477417,205.966095,227.839905,243.223099,190.928848,207.326965
2853,2.369444,53.035706,299.649078,15.446960,120.837921,290.565887,-33.025894,178.376007,277.387573,-75.676216,75.158546,288.945282,43.523392,101.699623,282.607361,20.248278,129.853531,274.927460,-1.574053,158.261505,266.903564,-25.377260,193.880478,259.313629,-49.216972,95.423241,279.145325,69.749039,121.212685,270.564514,48.042377,148.214813,261.304016,24.975809,174.625610,251.697418,2.579725,209.030563,243.745956,-22.716450,117.101173,268.160156,98.547028,141.845200,257.583557,75.799179,166.960495,246.438889,52.355137,192.530457,235.187149,29.621149,224.784943,224.578491,3.928375,139.650986,256.244324,126.638176,160.824860,242.619461,105.398865,185.407349,230.041885,81.017418,210.091980,217.859955,57.754562,240.760147,206.093765,31.969368,166.501678,240.355225,159.107483,185.376846,225.571762,138.115280,208.118881,211.899750,114.463112,230.491211,198.132111,91.907509,255.012817,187.889664,70.942360,190.168472,231.321823,185.503006,207.725769,214.047012,165.424179,226.700638,197.647079,141.972290,241.086594,187.304596,125.340134,259.107056,179.072052,110.315987,213.238159,219.859634,212.550720,229.110016,202.411469,191.736450,242.878479,188.564575,176.028015,255.055939,177.725006,160.595795,228.146713,212.381897,228.302826,244.581497,196.111115,207.857544
2854,2.372222,53.041973,300.072937,15.454854,120.806244,290.705231,-33.052940,178.345078,277.316528,-75.638298,75.348648,290.221130,43.567287,101.812485,283.458527,20.285101,129.882874,275.475433,-1.552632,158.161453,267.046478,-25.356874,193.803345,259.292908,-49.110363,95.763992,281.195557,69.834518,121.461151,272.084961,48.154335,148.323730,262.306061,25.104086,174.522507,252.012436,2.675489,208.897049,243.653656,-22.587418,117.679314,271.096008,98.690063,142.245453,259.823120,76.023537,167.207336,248.012054,52.605846,192.578445,236.080994,29.903872,224.735031,224.931702,4.258577,140.462982,260.069397,126.868073,161.393387,245.600067,105.785728,185.810440,232.306168,81.448639,210.267715,219.230026,58.239098,240.781525,206.874329,32.461884,167.675415,245.561264,159.432678,186.218994,229.461487,138.626419,208.725677,214.848358,115.078926,230.821747,200.112640,92.610260,255.179169,189.254227,71.634041,191.472260,237.057449,185.844345,208.835938,218.817093,165.949432,227.508057,201.322220,142.743027,241.682297,190.356659,126.269844,259.555878,181.398666,111.127060,214.791687,226.480576,212.942474,230.404785,207.941681,192.388351,243.984695,193.279587,176.867371,255.987106,181.741119,161.524948,229.809921,219.529572,228.809296,246.041000,202.174377,208.498093
2855,2.375000,53.045868,300.534821,15.462059,120.780510,290.902222,-33.070957,178.347763,277.349487,-75.565147,75.532249,291.607666,43.604294,101.942482,284.466980,20.332594,129.959717,276.228241,-1.500145,158.151611,267.447083,-25.269058,193.825058,259.554199,-48.930176,96.093735,283.429413,69.913246,121.737740,273.861359,48.284317,148.507736,263.642365,25.283730,174.555176,252.750610,2.861209,208.924622,244.040695,-22.347252,118.239876,274.295898,98.831131,142.681946,262.416809,76.274452,167.557434,250.037247,52.921516,192.794312,237.526230,30.292692,224.902634,225.918045,4.727540,141.252136,264.243134,127.101990,162.020126,249.043610,106.211166,186.349503,235.142700,81.958359,210.657318,221.290970,58.847549,241.080429,208.450623,33.115936,168.802414,251.171432,159.768112,187.138611,233.945770,139.191101,209.499908,218.518082,115.792793,231.414474,202.939560,93.458244,255.671051,191.569656,72.508553,192.730591,243.324951,186.210007,210.016495,224.273666,166.541397,228.497803,205.820816,143.620438,242.532700,194.310974,127.326904,260.319885,184.742737,112.113388,216.286362,233.715530,213.369644,231.762589,214.231216,193.119843,245.245758,198.875381,177.816315,257.152100,186.736481,162.594620,231.413635,227.344101,229.346741,247.549667,209.051056,209.226700
2856,2.377778,53.046524,301.031403,15.468013,120.761490,291.158752,-33.079746,178.383682,277.488251,-75.457924,75.702675,293.093964,43.631763,102.087662,285.630127,20.388840,130.083130,277.187134,-1.419038,158.231155,268.107208,-25.117435,193.942261,260.095581,-48.682259,96.400932,285.829742,69.981056,122.035812,275.884460,48.427589,148.762070,265.307648,25.507975,174.720001,253.910568,3.128867,209.106628,244.901566,-22.006710,118.764572,277.733856,98.964424,143.142731,265.347076,76.543953,167.999969,252.500504,53.290855,193.167862,239.511337,30.773069,225.275375,227.525513,5.318399,141.992325,268.730530,127.332123,162.684662,252.921936,106.661453,187.005585,238.526138,82.529007,211.242462,224.019318,59.558449,241.637070,210.801346,33.907127,169.849915,257.143951,160.105148,188.102859,238.979248,139.790604,210.411804,222.868210,116.579941,232.239914,206.574234,94.421501,256.458191,194.798447,73.532845,193.903168,250.068390,186.587997,211.223618,230.357620,167.180054,229.630280,211.089279,144.574997,243.599258,199.117172,128.478714,261.360748,189.054153,113.237328,217.675507,241.499191,213.817642,233.134064,221.211517,193.907822,246.612427,205.283218,178.844177,258.502228,192.643936,163.767838,232.907425,235.755051,229.900986,249.054199,216.665497,210.020187
2857,2.380556,53.043159,301.558960,15.471770,120.749306,291.475311,-33.079689,178.451431,277.732758,-75.319199,75.854111,294.668091,43.647049,102.245361,286.942200,20.450893,130.249527,278.348877,-1.314217,158.395447,269.023254,-24.909256,194.148468,260.910461,-48.375355,96.675575,288.377899,70.033073,122.347786,278.141052,48.577843,149.078888,267.290497,25.766813,175.007828,255.483063,3.465470,209.430939,246.223129,-21.581686,119.237549,281.381531,99.083237,143.615356,268.591431,76.821587,168.520584,255.381042,53.699001,193.683609,242.016617,31.325422,225.834229,229.732834,6.008126,142.660919,273.493652,127.549423,163.366745,257.201935,107.120544,187.756638,242.424149,83.139275,211.999130,227.382675,60.345108,242.424500,213.895538,34.804371,170.789062,263.433105,160.433456,189.080368,244.512161,140.403732,211.429428,227.851105,117.411949,233.263580,210.969452,95.465149,257.502808,198.892456,74.667549,194.954727,257.227692,186.964508,212.416672,237.005280,167.842468,230.865158,217.067566,145.573669,244.840393,204.717056,129.688126,262.634216,194.272598,114.455864,218.918396,249.761398,214.269913,234.472519,228.808441,194.726730,248.036697,212.428528,179.917297,259.987732,199.389908,165.003845,234.246552,244.686295,230.455551,250.503632,224.934845,210.853516
2858,2.383333,53.035072,302.113098,15.471874,120.743370,291.850403,-33.071651,178.548553,278.080627,-75.152840,75.981918,296.317139,43.647518,102.411751,288.393372,20.514681,130.452850,279.704865,-1.192859,158.636688,270.186157,-24.654884,194.434357,261.987854,-48.020844,96.909943,291.053375,70.063568,122.664993,280.612762,48.727039,149.447647,269.572784,26.047401,175.405014,257.451080,3.853662,209.881256,247.985535,-21.092413,119.646217,285.208160,99.179825,144.086899,272.121735,77.094849,169.102234,258.650940,54.128017,194.321869,245.014099,31.925842,226.555557,232.510513,6.768604,143.239929,278.491821,127.743095,164.046921,261.844879,107.570274,188.578903,246.797241,83.764748,212.899490,231.340591,61.176571,243.411850,217.694595,35.771313,171.596985,269.989746,160.740417,190.042831,250.490509,141.007034,212.520538,233.412445,118.257477,234.448441,216.070267,96.550270,258.764191,203.795929,75.868401,195.857025,264.739197,187.323486,213.560471,244.149216,168.502762,232.163559,223.689606,146.580551,246.213928,211.045578,130.914413,264.093781,200.329391,115.722099,219.982407,258.428101,214.707321,235.737045,236.943619,195.548264,249.474243,220.231903,180.999237,261.560699,206.895218,166.258774,235.394470,254.057083,230.990936,251.852966,233.771332,211.699005
2859,2.386111,53.021801,302.688599,15.466208,120.742538,292.280457,-33.057053,178.671463,278.526794,-74.963974,76.082657,298.027161,43.630589,102.581856,289.969788,20.575130,130.685028,281.241241,-1.063914,158.944183,271.581146,-24.367153,194.788101,263.311920,-47.632420,97.098808,293.834076,70.066238,122.978134,283.276703,48.865795,149.855820,272.130005,26.334938,175.894394,259.790405,4.272877,210.437805,250.162216,-20.562521,119.981659,289.181366,99.245483,144.544510,275.904419,77.349815,169.726105,262.275421,54.557800,195.059708,248.468262,32.547344,227.412033,235.821152,7.568006,143.716888,283.682648,127.900917,164.707184,266.807007,107.991173,189.448044,251.599487,84.379005,213.913284,235.845261,62.019054,244.564896,222.151840,36.767982,172.258118,276.762543,161.011307,190.965775,256.856842,141.575546,213.653625,239.491959,119.083488,235.756409,221.814926,97.635437,260.200623,209.446899,77.088089,196.590195,272.537292,187.646408,214.626282,251.719360,169.132599,233.489105,230.884155,147.558121,247.678436,218.031708,132.114975,265.692413,207.148895,116.986977,220.844742,267.423035,215.108002,236.894516,245.536285,196.341599,250.885910,228.610336,182.051727,263.176575,215.076370,167.486938,236.325409,263.784515,231.484283,253.066071,243.084991,212.525955
2860,2.388889,53.003330,303.279907,15.451943,120.745361,292.760345,-33.037926,178.815521,279.063446,-74.758858,76.154068,299.783508,43.593777,102.749908,291.654602,20.626467,130.936783,282.939362,-0.937433,159.304886,273.188110,-24.060596,195.195663,264.861572,-47.225368,97.239311,296.697021,70.034729,123.278130,286.106537,48.984001,150.289703,274.932648,26.613649,176.456390,262.470642,4.700756,211.077789,252.720184,-20.017805,120.238777,293.268005,99.270981,144.976303,279.902405,77.572006,170.372757,266.214417,54.967144,195.871765,252.336884,33.161465,228.373459,239.620071,8.372535,144.084793,289.023102,128.009888,165.331665,272.041199,108.363281,190.340042,256.779846,84.955017,215.008865,240.842484,62.837757,245.846115,227.212021,37.752651,172.764542,283.699646,161.229645,191.828903,263.551147,142.083725,214.798691,246.024567,119.856522,237.149185,228.135773,98.678658,261.768982,215.776688,78.278419,197.143677,280.556396,187.912521,215.592331,259.644409,169.702118,234.808441,238.576202,148.468643,249.193909,225.599426,133.247040,267.383636,214.649750,118.200996,221.493530,276.670227,215.447464,237.920807,254.505508,197.073822,252.238541,237.479065,183.035431,264.794678,223.846756,168.642395,237.025818,273.786102,231.909393,254.117462,252.786850,213.300430
2861,2.391667,52.980213,303.881378,15.425912,120.750359,293.283356,-33.017033,178.975525,279.680176,-74.544518,76.194946,301.571259,43.534756,102.909859,293.428650,20.662651,131.198257,284.776550,-0.823839,159.704102,274.982330,-23.750469,195.641785,266.611786,-46.815498,97.330643,299.618958,69.963051,123.556702,289.073669,49.071484,150.734940,277.947388,26.867676,177.069778,265.455933,5.114549,211.776810,255.621078,-19.484690,120.415970,297.435242,99.247139,145.372070,284.076721,77.746887,171.023239,270.423920,55.334858,196.731415,256.572235,33.739849,229.407974,243.856323,9.148393,144.341812,294.470612,128.056961,165.906967,277.498260,108.667038,191.232010,262.283356,85.466545,216.154190,246.272751,63.598686,247.215759,232.811737,38.683964,173.115646,290.750214,161.377823,192.616348,270.512360,142.506500,215.927887,252.942139,120.544144,238.588974,234.960373,99.639320,263.424561,222.709030,79.392487,197.515930,288.732697,188.099716,216.443649,267.853699,170.181229,236.091797,246.688522,149.275589,250.722504,233.669113,134.269302,269.122437,222.746368,119.316063,221.927704,286.095978,215.699234,238.801117,263.772400,197.710754,253.505798,246.753662,183.911209,266.379028,233.118149,169.680634,237.494217,283.982056,232.237610,254.992874,262.791626,213.985764
2862,2.394444,52.953259,304.487946,15.385376,120.756126,293.841675,-32.997704,179.146088,280.364655,-74.328308,76.205147,303.375824,43.451427,103.055908,295.271301,20.677916,131.459641,286.726776,-0.733157,160.126556,276.935150,-23.451698,196.111145,268.534637,-46.418137,97.373756,302.577179,69.845886,123.806763,292.147919,49.118599,151.177109,281.137512,27.081915,177.712585,268.705933,5.492324,212.510391,258.823395,-18.988745,120.514877,301.651154,99.165291,145.723663,288.387482,77.860573,171.659637,274.856964,55.640965,197.612000,261.121979,34.255733,230.483688,248.474274,9.863517,144.490707,299.983795,128.029633,166.422440,283.128265,108.884140,192.102600,268.052612,85.889389,217.317856,252.072601,64.270111,248.633667,238.881256,39.522953,173.317276,297.865692,161.438141,193.316605,277.679535,142.820160,217.016327,260.174957,121.116249,240.039581,242.212891,100.479980,265.122223,230.161346,80.386589,197.713577,297.005310,188.185547,217.171783,276.278473,170.540939,237.313507,255.143463,149.944946,252.229385,242.159210,135.143509,270.866333,231.350220,120.287529,222.155792,295.630951,215.836334,239.529572,273.261932,198.218384,254.668350,256.352203,184.641327,267.898956,242.802841,170.559921,237.739883,294.297394,232.439407,255.688690,273.019989,214.543976
2863,2.397222,52.923042,305.095032,15.328505,120.761345,294.426880,-32.983585,179.322235,281.103699,-74.117493,76.185471,305.183258,43.341957,103.182922,297.160767,20.667278,131.711594,288.761902,-0.674236,160.557312,279.015350,-23.177891,196.589142,270.600708,-46.047401,97.371048,305.549530,69.678848,124.022392,295.297638,49.116848,151.602280,284.463715,27.242750,178.363144,272.176880,5.813961,213.255417,262.284088,-18.553514,120.539688,305.884827,99.018074,146.024933,292.794373,77.900589,172.265640,279.464264,55.867702,198.488022,265.930206,34.685165,231.569473,253.414871,10.488788,144.537979,305.523041,127.916725,166.870270,288.881134,108.998436,192.932587,274.028534,86.202339,218.470154,258.175873,64.823845,250.061066,245.346527,40.234753,173.380630,305.000366,161.393661,193.922455,284.992767,143.003647,218.042679,267.653351,121.546265,241.467560,249.816010,101.167671,266.819000,238.047745,81.221878,197.749542,305.317291,188.148880,217.774017,284.853119,170.754684,238.452713,263.864685,150.446381,253.683746,250.988190,135.835709,272.576141,240.371094,121.076126,222.193878,305.210693,215.833237,240.107788,282.904175,198.564743,255.713669,266.196777,185.191162,269.329529,252.815659,171.242661,237.780258,304.662506,232.486557,256.210236,283.399445,214.938324
2864,2.400000,52.889790,305.698822,15.254324,120.764740,295.030609,-32.978226,179.499710,281.883698,-73.918907,76.137535,306.980560,43.204983,103.286667,299.074951,20.626968,131.945694,290.853119,-0.654073,160.982712,281.190369,-22.940516,197.062256,272.779388,-45.715740,97.326004,308.514740,69.458969,124.198959,298.490875,49.059525,151.997910,287.885376,27.338743,179.001221,275.822845,6.061960,213.990891,265.959747,-18.199688,120.496506,310.106689,98.800163,146.271698,297.257233,77.856758,172.826889,284.195587,56.000534,199.336121,270.938782,35.008129,232.635986,258.616608,10.998974,144.492905,311.050720,127.709236,167.245377,294.707550,108.997025,193.705322,280.152130,86.387970,219.584122,264.515594,65.236244,251.461868,252.130859,40.789986,173.320526,312.111420,161.229416,194.430283,292.394348,143.039490,218.989456,275.309021,121.812218,242.843353,257.692871,101.674942,268.475616,246.281799,81.865700,197.640991,313.615448,187.971588,218.252274,293.515778,170.799622,239.493286,272.778809,150.754395,255.059189,260.076538,136.317474,274.216980,249.718872,121.649483,222.062866,314.775452,215.667908,240.543198,292.634644,198.721741,256.635071,276.214203,185.530655,270.651520,263.075470,171.696671,237.638046,315.013245,232.354507,256.569275,293.864044,215.135757
2865,2.402778,52.853363,306.295990,15.162681,120.765244,295.645355,-32.984821,179.675003,282.691345,-73.738693,76.063538,308.755463,43.039944,103.364075,300.992737,20.554585,132.154984,292.972321,-0.677336,161.390823,283.427979,-22.748259,197.518280,275.039398,-45.433517,97.242592,311.452057,69.185379,124.333168,301.695831,48.942257,152.353485,291.362579,27.361265,179.608856,279.597626,6.222231,214.698151,269.806702,-17.944395,120.392570,314.288361,98.508942,146.461517,301.736816,77.721985,173.331451,289.000916,56.029015,200.135635,276.089355,35.209465,233.656494,264.016968,11.373871,144.366257,316.531067,127.401276,167.545151,300.559662,108.871277,194.406952,286.365784,86.433395,220.636215,271.025818,65.489151,252.803207,259.156494,41.165817,173.153809,319.158752,160.933853,194.839264,299.829651,142.915176,219.843063,283.076965,121.897583,244.141571,265.768982,101.980682,270.057648,254.778595,82.292625,197.407104,321.850006,187.640411,218.611450,302.208038,170.658264,240.423477,281.816437,150.849335,256.333923,269.348572,136.566986,275.758545,259.305878,121.983063,221.785828,324.269318,215.324051,240.846588,302.393585,198.667206,257.430023,286.336517,185.635956,271.850464,273.506012,171.896713,237.338394,325.289856,232.024750,256.781281,304.353699,215.109543
2866,2.405556,52.813175,306.883209,15.054559,120.762093,296.264709,-33.005829,179.845230,283.514038,-73.582008,75.966095,310.496796,42.847279,103.413300,302.895081,20.449060,132.334259,295.094025,-0.746167,161.772095,285.697845,-22.606678,197.946533,277.349915,-45.208565,97.124702,314.341461,68.860062,124.423248,304.882416,48.763241,152.661163,294.858063,27.304974,180.170868,283.456818,6.284765,215.360825,273.781433,-17.800486,120.235565,318.402832,98.144867,146.593414,306.196228,77.493019,173.770157,293.833130,55.947159,200.869019,281.325256,35.279552,234.607788,269.554291,11.599314,144.169159,321.929932,126.990852,167.768982,306.392334,108.617561,195.026611,292.614777,86.330795,221.606659,277.643066,65.570740,254.056152,266.346527,41.346764,172.897232,326.104218,160.500519,195.150467,307.247589,142.623764,220.593277,290.896729,121.792030,245.340942,273.973816,102.070831,271.535278,263.455841,82.485359,197.067108,329.973389,187.148605,218.857788,310.874878,170.319885,241.235062,290.912964,150.718369,257.490326,278.733337,136.569962,277.175262,269.049194,122.060608,221.385635,333.638977,214.792816,241.029831,312.125000,198.386658,258.098480,296.500336,185.490829,272.915405,284.036163,171.825409,236.906235,335.435333,231.486893,256.862396,314.811707,214.841537
2867,2.408333,52.768375,307.456726,14.932201,120.754814,296.883575,-33.042564,180.007965,284.340668,-73.452835,75.848114,312.194183,42.628563,103.433800,304.765808,20.310528,132.480240,297.196259,-0.860297,162.119263,287.972839,-22.518408,198.338501,279.682831,-45.045994,96.975998,317.163666,68.487785,124.468918,308.023499,48.522991,152.915756,298.338562,27.167894,180.675201,287.359619,6.244012,215.965118,277.841675,-17.776056,120.033112,322.424591,97.711449,146.667694,310.601471,77.170815,174.136581,298.649292,55.753353,201.522186,286.593414,35.214355,235.470688,275.169769,11.667486,143.912323,327.214783,126.480522,167.917694,312.163879,108.237167,195.556274,298.848938,86.077751,222.479431,284.308228,65.475777,255.196121,273.626831,41.324982,172.566422,332.910492,159.929413,195.366058,314.601166,142.164215,221.232849,298.713196,121.491638,246.424103,282.242157,101.938736,272.883453,272.235107,82.435310,196.638718,337.939117,186.497040,218.997604,319.464203,169.781555,241.922348,300.009033,150.355682,258.514282,288.165405,136.320068,278.446320,278.872681,121.873917,220.883209,342.831757,214.074295,241.104065,321.774902,197.874390,258.641052,306.646088,185.087830,273.837830,294.599823,171.474152,236.364212,345.393707,230.740082,256.826935,325.182861,214.323944
2868,2.411111,52.718395,308.012482,14.798609,120.743134,297.498047,-33.095222,180.160858,285.162750,-73.353981,75.712677,313.837708,42.386494,103.426239,306.591858,20.140251,132.591431,299.261139,-1.017340,162.427307,290.230225,-22.483780,198.688095,282.015808,-44.948479,96.800171,319.900665,68.075142,124.471176,311.095825,48.224018,153.114517,301.775574,26.951141,181.112961,291.269775,6.098916,216.500153,281.948486,-17.874369,119.792557,326.329437,97.214890,146.685593,314.922607,76.760216,174.426941,303.411835,55.449982,202.084610,291.846191,35.014889,236.230484,280.809784,11.576374,143.605560,332.354126,125.877365,167.993317,317.837311,107.735588,195.990662,305.023346,85.677002,223.242157,290.967682,65.205215,256.203522,280.928955,41.099907,172.175018,339.540405,159.227448,195.488983,321.847198,141.541428,221.756882,306.476990,120.998764,247.377258,290.514313,101.585114,274.081543,281.042999,82.142326,196.137466,345.700623,185.694565,219.036667,327.926300,169.048340,242.481522,309.050354,149.762787,259.394653,297.584991,135.818512,279.555054,288.707733,121.422714,220.296738,351.794830,213.177933,241.078796,331.290009,197.134003,259.058472,316.716797,184.428574,274.611115,305.135437,170.843170,235.731918,355.108276,229.793747,256.686523,335.411438,213.559753
2869,2.413889,52.663330,308.546783,14.656973,120.726921,298.105164,-33.163242,180.301849,285.975098,-73.287071,75.563080,315.417969,42.124771,103.392273,308.362732,19.940540,132.667770,301.274567,-1.213230,162.693130,292.452209,-22.501579,198.991486,284.333923,-44.917004,96.601242,322.535736,67.629677,124.432220,314.079926,47.870796,153.256592,305.145538,26.658573,181.478210,295.155670,5.852641,216.957947,286.067139,-18.094004,119.520973,330.094177,96.663704,146.649429,319.133301,76.269180,174.639847,308.089142,55.042812,202.549377,297.042816,34.686275,236.876892,286.427887,11.328585,143.257782,337.317200,125.192795,167.999039,323.379883,107.121704,196.327011,311.098907,85.135910,223.886032,297.574127,64.765381,257.064178,288.192596,40.677177,171.734924,345.956207,158.408127,195.522842,328.945374,140.765778,222.162567,314.143738,120.321533,248.190002,298.736877,101.017265,275.113861,289.812622,81.614014,195.576889,353.210815,184.757629,218.980469,336.213257,168.132889,242.910294,317.986755,148.948044,260.123169,306.937927,135.073257,280.489044,298.493103,120.714188,219.641876,360.473755,212.122345,240.961990,340.617065,196.178040,259.351257,326.657593,183.523239,275.230103,315.585144,169.940948,235.026047,364.520355,228.667252,256.450256,345.440369,212.562271
2870,2.416667,52.603882,309.056213,14.510411,120.706139,298.702637,-33.245567,180.429489,286.775848,-73.252670,75.402863,316.925903,41.847851,103.334305,310.069794,19.714642,132.710281,303.226227,-1.443040,162.915604,294.625916,-22.569593,199.246811,286.629761,-44.951473,96.383644,325.053375,67.159760,124.355148,316.959656,47.469734,153.342651,308.429199,26.296494,181.767685,298.990295,5.511830,217.333221,290.167389,-18.429430,119.225166,333.696350,96.068558,146.562531,323.210754,75.707870,174.775894,312.654663,54.540325,202.912964,302.149902,34.236683,237.403870,291.986053,10.929999,142.877396,342.073425,124.441719,167.939011,328.762451,106.407349,196.564911,317.041626,84.465668,224.405518,304.086884,64.166771,257.768890,295.367615,40.067261,171.256927,352.119568,157.490738,195.471771,335.857239,139.852722,222.449036,321.673309,119.473091,248.855240,306.862213,100.247871,275.969055,298.484833,80.864189,194.969147,360.421844,183.709106,218.834549,344.278015,167.054565,243.207932,326.771545,147.926132,260.694122,316.175293,134.097946,281.239716,308.174164,119.761963,218.932724,368.812653,210.934082,240.760712,349.702026,195.027313,259.520569,336.415192,182.389511,275.691376,325.894287,168.783325,234.261597,373.569153,227.388718,256.125885,355.211243,211.353699
2871,2.419444,52.541157,309.537903,14.361887,120.680817,299.288605,-33.340763,180.543640,287.565704,-73.250443,75.235863,318.352814,41.560692,103.255219,311.705811,19.466629,132.720932,305.109314,-1.701819,163.095337,296.742493,-22.684889,199.453537,288.901184,-45.051048,96.152260,327.438812,66.674545,124.243797,319.721375,47.028954,153.374451,311.610870,25.873207,181.980469,302.750946,5.085501,217.623093,294.222351,-18.872066,118.911880,337.113586,95.442245,146.429184,327.134308,75.088104,174.837418,317.086243,53.953098,203.174820,307.141174,33.676228,237.808914,297.455139,10.388751,142.472946,346.592651,123.641716,167.818344,333.957825,105.606819,196.705948,322.821686,83.680748,224.798340,310.471893,63.422939,258.313232,302.414734,39.284035,170.751572,357.991425,156.499268,195.340729,342.545166,138.821823,222.617264,329.028442,118.470695,249.369141,314.848541,99.293343,276.640656,307.009949,79.910690,194.326385,367.285400,182.576553,218.605209,352.073975,165.838318,243.375366,335.360291,146.717239,261.104645,325.252380,132.910721,281.802032,317.702026,118.584587,218.183151,376.754486,209.645706,240.482239,358.490295,193.709656,259.568848,345.937500,181.051254,275.993713,336.010712,167.392288,233.453323,382.192169,225.993149,255.721100,364.664551,209.963669
2872,2.422222,52.476551,309.988953,14.214294,120.651085,299.861145,-33.447098,180.645172,288.346832,-73.279129,75.066132,319.690155,41.268806,103.158257,313.264130,19.201176,132.702377,306.919342,-1.984788,163.234329,298.795929,-22.843985,199.612061,291.148132,-45.214294,95.912338,329.677429,66.183937,124.102615,322.352966,46.557961,153.354782,314.677490,25.398254,182.117554,306.418579,4.584024,217.826675,298.208405,-19.411348,118.588120,340.323578,94.799408,146.254715,330.884949,74.422813,174.828217,321.364929,53.293137,203.336868,311.996460,33.016125,238.092148,302.813751,9.714794,142.053619,350.844910,122.812088,167.643188,338.940094,104.736244,196.753647,328.412140,82.798004,225.065048,316.700623,62.549511,258.696594,309.304077,38.343575,170.230133,363.532837,155.460434,195.135956,348.971741,137.696045,222.670242,336.173767,117.334808,249.731171,322.659241,98.172539,277.126251,315.348999,78.772713,193.661850,373.753265,181.390503,218.299927,359.554840,164.513535,243.415421,343.709778,145.346161,261.354767,334.127655,131.533325,282.174622,327.033295,117.203712,217.408340,384.242218,208.293427,240.134979,366.926605,192.258072,259.500549,355.173004,179.537277,276.138611,345.883850,165.794937,232.617264,390.326141,224.519806,255.244797,373.740021,208.427368
2873,2.425000,52.411640,310.406677,14.070517,120.617134,300.418274,-33.562691,180.734741,289.121338,-73.336563,74.897797,320.929535,40.978436,103.047020,314.738647,18.923325,132.657684,308.652679,-2.287184,163.335373,300.781799,-23.042793,199.723434,293.370667,-45.439232,95.669518,331.754791,65.698250,123.936661,324.842834,46.067078,153.287430,317.617645,24.881643,182.181473,309.976990,4.018369,217.944977,302.106049,-20.035831,118.261597,343.304169,94.155891,146.045547,334.444244,73.725571,174.753540,325.474121,52.573112,203.402817,316.699921,32.268185,238.255737,308.046204,8.919609,141.629654,354.800659,121.973282,167.420929,343.683685,103.813263,196.713455,333.788208,81.835640,225.208725,322.749298,61.563236,258.921478,316.013123,37.263073,169.705475,368.705902,154.402008,194.865494,355.099945,136.500488,222.613205,343.075134,116.088150,249.943817,330.261749,96.905792,277.427246,323.473633,77.469276,192.990768,379.777985,180.182892,217.928085,366.674622,163.112671,243.333298,351.777374,143.841278,261.447418,342.761322,129.990723,282.359406,336.130096,115.642662,216.625870,391.219391,206.914978,239.729584,374.956024,190.708710,259.322906,364.070374,177.880264,276.130554,355.463745,164.022629,231.772110,397.908630,223.009979,254.708344,382.377472,206.783508
2874,2.427778,52.348152,310.788483,13.933298,120.579353,300.958099,-33.685493,180.812012,289.890198,-73.419571,74.735054,322.062469,40.696381,102.925407,316.123413,18.638399,132.590103,310.305664,-2.604237,163.401672,302.695618,-23.276257,199.788956,295.567780,-45.723198,95.429886,333.656677,65.227913,123.751633,327.179626,45.566757,153.177109,320.421173,24.333363,182.176010,313.411835,3.399651,217.980606,305.900696,-20.734249,117.940994,346.033752,93.527847,145.809204,337.793823,73.010445,174.620102,329.398590,51.805859,203.377884,321.238647,31.444557,238.303574,313.140259,8.015690,141.212494,358.430878,121.146416,167.160141,348.163330,102.856636,196.592743,338.926605,80.812408,225.234573,328.597046,60.481239,258.992889,322.524170,36.060169,169.192383,373.474518,153.351151,194.539597,360.893524,135.261368,222.453705,349.698944,114.755074,250.012604,337.626160,95.514442,277.548126,331.363556,76.018967,192.330612,385.313599,178.985748,217.501419,373.388306,161.669952,243.136902,359.520874,142.233276,261.388580,351.113983,128.310913,282.361542,344.959442,113.925591,215.856323,397.631592,205.547745,239.279541,382.524506,189.099182,259.046082,372.578522,176.115509,275.977234,364.700378,162.110291,230.939850,404.879181,221.504684,254.126312,390.517853,205.072266
2875,2.430556,52.287884,311.132050,13.805024,120.538246,301.478424,-33.813099,180.875534,290.652802,-73.524063,74.582237,323.080780,40.429554,102.797523,317.412292,18.352026,132.503143,311.874084,-2.931155,163.436554,304.532623,-23.538078,199.810074,297.736938,-46.062675,95.200066,335.369415,64.783226,123.553925,329.352081,45.067154,153.029556,323.078430,23.762997,182.106003,316.709961,2.738937,217.937607,309.582062,-21.495871,117.635872,348.491882,92.930946,145.554153,340.915375,72.291786,174.435822,333.123840,51.004307,203.268646,325.601379,30.557625,238.241180,318.085297,7.016210,140.814758,361.707825,120.352455,166.870636,352.353821,101.885971,196.400589,343.804962,79.747482,225.149765,334.225037,59.320709,258.918091,328.821960,34.752769,168.707764,377.804993,152.333496,194.170822,366.317566,134.004990,222.201828,356.012207,113.361000,249.945755,344.724304,94.020775,277.495728,339.002808,74.440880,191.701187,390.316254,177.830292,217.034439,379.652039,160.219772,242.837021,366.898529,140.554352,261.187256,359.146118,126.524612,282.189209,353.492035,112.077522,215.123413,403.427307,204.227371,238.801437,389.579773,187.467361,258.683502,380.646667,174.280151,275.689575,373.543610,160.095581,230.145966,411.180481,220.043259,253.516556,398.104156,203.334106
2876,2.433333,52.232700,311.435425,13.687714,120.494499,301.976685,-33.942680,180.923615,291.407562,-73.645798,74.443756,323.976715,40.184620,102.667625,318.599182,18.069990,132.400482,313.353271,-3.263107,163.443420,306.286987,-23.821041,199.788467,299.873871,-46.453205,94.987221,336.880188,64.374092,123.350479,331.349030,44.578094,152.851334,325.580536,23.179493,181.977356,319.859283,2.047187,217.821228,313.142120,-22.310095,117.356392,350.659515,92.380051,145.289597,343.790894,71.584030,174.209656,336.635071,50.182011,203.082840,329.777191,29.620359,238.075470,322.870728,5.935163,140.449951,364.605743,119.611336,166.563385,356.230103,100.921349,196.147552,348.401215,78.660515,224.963196,339.615204,58.099331,258.706299,334.891632,33.359406,168.270081,381.666687,151.372543,193.773758,371.338501,132.757614,221.869980,361.982361,111.932266,249.753998,351.528412,92.448502,277.279053,346.376465,72.755363,191.124161,394.745300,176.745895,216.544174,385.424164,158.795868,242.447327,373.869049,138.837769,260.855408,366.818146,124.664734,281.853607,361.699768,110.125229,214.453110,408.558990,202.986923,238.314590,396.072144,185.850357,258.251465,388.225037,172.412415,275.281799,381.943604,158.018295,229.418716,416.759552,218.661911,252.900177,405.082031,201.608719
2877,2.436111,52.184433,311.697021,13.583197,120.448891,302.450226,-34.071495,180.955017,292.153229,-73.781609,74.323982,324.743378,39.967670,102.539993,319.678284,17.798044,132.285965,314.738007,-3.595185,163.425995,307.952484,-24.117527,199.726334,301.972412,-46.889359,94.798653,338.177368,64.009712,123.148628,333.159668,44.109207,152.649597,327.918854,22.591526,181.796921,322.848663,1.335369,217.637909,316.573334,-23.165739,117.112778,352.519684,91.888985,145.025238,346.402924,70.901505,173.951141,339.917175,49.353489,202.829208,333.754547,28.646791,237.814667,327.485352,4.787813,140.131943,367.101410,118.941429,166.250183,359.767822,99.982941,195.845413,352.693604,77.571594,224.685135,344.749298,56.835796,258.368530,340.717834,31.899855,167.898636,385.032654,150.489105,193.364426,375.924072,131.545410,221.472580,367.577240,110.496048,249.450027,358.010254,90.823257,276.909149,353.467926,70.984871,190.622116,398.564301,175.759140,216.049500,390.665680,157.430557,241.984039,380.392090,137.117569,260.407959,374.090607,122.765984,281.368652,369.553589,108.098495,213.872467,412.984161,201.856232,237.840195,401.955383,184.283676,257.768707,395.265320,170.551361,274.771118,389.851410,155.919769,228.787872,421.569000,217.392944,252.300476,411.400543,199.934418
2878,2.438889,52.144783,311.915497,13.493253,120.402237,302.897308,-34.197437,180.969208,292.889465,-73.929848,74.226929,325.374908,39.784061,102.418816,320.644012,17.541752,132.163406,316.023132,-3.922346,163.388412,309.522430,-24.419752,199.626587,304.024414,-47.364613,94.641396,339.250977,63.698189,122.955681,334.773804,43.669823,152.431732,330.084625,22.008221,181.572357,325.667389,0.614823,217.395187,319.866638,-24.050325,116.914719,354.057953,91.470085,144.770813,348.735077,70.258209,173.670288,342.954773,48.534119,202.517303,337.520599,27.652384,237.468231,331.916748,3.591125,139.873917,369.174927,118.358902,165.943192,362.943512,99.090675,195.506821,356.660828,76.501137,224.326874,349.608398,55.550201,257.917450,346.283875,30.395899,167.612396,387.880585,149.700653,192.959518,380.043915,130.394211,221.025467,372.764984,109.080452,249.048203,364.140747,89.172859,276.399078,360.256958,69.155006,190.217163,401.742188,174.893127,215.570068,395.340759,156.154343,241.465393,386.428406,135.428192,259.862152,380.923981,120.864784,280.750854,377.021210,106.031258,213.407913,416.666168,200.861343,237.400345,407.186859,182.801239,257.255554,401.721069,168.736603,274.177307,397.219116,153.842773,228.282684,425.568054,216.264114,251.741882,417.012634,198.348068
2879,2.441667,52.115185,312.089996,13.419492,120.355415,303.317444,-34.319092,180.966141,293.616486,-74.089821,74.155968,325.866730,39.638172,102.307938,321.491730,17.306301,132.036423,317.204071,-4.239597,163.335083,310.989655,-24.719664,199.492935,306.019745,-47.871197,94.521629,340.093140,63.446247,122.778519,336.182434,43.268734,152.205048,332.068787,21.439394,181.312027,328.304779,-0.102482,217.101685,323.010712,-24.949553,116.770760,355.263153,91.133270,144.535736,350.772278,69.667465,173.377075,345.732544,47.739754,202.157410,341.061127,26.654205,237.046722,336.150726,2.364116,139.687683,370.810699,117.877014,165.654266,365.735291,98.263718,195.144760,360.282440,75.469620,223.900711,354.172485,54.264191,257.367493,351.571503,28.871735,167.428345,390.193481,149.021011,192.575714,383.669708,129.329254,220.545441,377.514313,107.714317,248.564255,369.889526,87.527458,275.764099,366.718750,67.295464,189.929291,404.253937,174.166855,215.125381,399.417480,154.995361,240.910934,391.940247,133.804337,259.237579,387.278320,118.999397,280.019257,384.065338,103.962402,213.083435,419.575378,200.024170,237.016708,411.728058,181.435043,256.732971,407.548035,167.007736,273.522064,404.000122,151.831146,227.929749,428.723572,215.298050,251.248840,421.874969,196.885132
2880,2.444444,52.096657,312.220123,13.363079,120.309204,303.711578,-34.435352,180.946030,294.334381,-74.261139,74.113472,326.215790,39.533161,102.210663,322.217621,17.096325,131.908401,318.276886,-4.542503,163.270569,312.346710,-25.008848,199.329865,307.946564,-48.400238,94.444405,340.698212,63.259064,122.623154,337.377960,42.913803,151.976532,333.862640,20.895279,181.024826,330.750092,-0.804104,216.767212,325.991425,-25.847105,116.687759,356.128082,90.885376,144.328491,352.501495,69.141449,173.081345,348.235809,46.986362,201.760498,344.360260,25.670860,236.561951,340.170563,1.128210,139.582733,371.997864,117.505463,165.394424,368.123749,97.519882,194.772217,363.539215,74.497055,223.419739,358.420349,53.001007,256.734772,356.559753,27.354282,167.360046,391.960114,148.460205,192.228806,386.775574,128.374573,220.049683,381.794769,106.427017,248.015167,375.224731,85.919327,275.021912,372.822754,65.440277,189.774780,406.081665,173.594711,214.733704,402.868225,153.978912,240.340927,396.890747,132.280960,258.555573,393.112244,117.210014,279.195618,390.642944,101.935715,212.918518,421.690338,199.361557,236.709244,415.545105,180.214676,256.221954,412.704346,165.403748,272.828461,410.148651,149.929688,227.750748,431.011200,214.511734,250.844391,425.948517,195.579422
2881,2.447222,52.089787,312.305756,13.324619,120.264275,304.081085,-34.545300,180.909225,295.043152,-74.443321,74.100670,326.420715,39.470818,102.129601,322.819061,16.915751,131.782455,319.238556,-4.827531,163.199478,313.586182,-25.278721,199.142593,309.792023,-48.942142,94.413315,341.062805,63.140110,122.494492,338.354553,42.611691,151.752792,335.457825,20.386179,180.720093,332.992401,-1.477577,216.402740,328.791901,-26.724823,116.670326,356.649567,90.730171,144.156372,353.911804,68.690605,172.792572,350.450653,46.289597,201.338150,347.400665,24.722139,236.027451,343.955688,-0.092452,139.565521,372.730865,117.250076,165.173447,370.092438,96.874939,194.401886,366.413483,73.602516,222.898071,362.329193,51.785309,256.037415,361.223969,25.873373,167.416306,393.175323,148.024490,191.933167,389.338806,127.552238,219.555389,385.576904,105.247810,247.419235,380.112488,84.382439,274.193024,378.532684,63.627510,189.764709,407.215698,173.185883,214.411331,405.670044,153.126709,239.775894,401.243958,130.892868,257.839386,398.382751,115.538475,278.304718,396.705536,99.998962,212.926346,422.999023,198.884644,236.494888,418.609833,179.166504,255.742966,417.150513,163.962280,272.121033,415.618927,148.183563,227.760437,432.416748,213.915802,250.549133,429.199951,194.461868
2882,2.450000,52.094711,312.347107,13.304208,120.221123,304.427399,-34.648197,180.856323,295.742188,-74.635536,74.117592,326.481750,39.451488,102.066628,323.294525,16.767660,131.661407,320.086395,-5.091941,163.126450,314.701050,-25.521158,198.937027,311.542480,-49.486912,94.430313,341.186157,63.090897,122.396217,339.108215,42.367786,151.539963,336.846710,19.922140,180.407562,335.020782,-2.110913,216.020370,331.392944,-27.563223,116.720406,356.828400,90.668495,144.025040,354.995331,68.323090,172.519806,352.363831,45.664383,200.902710,350.163422,23.828466,235.458725,347.481140,-1.271264,139.639023,373.009308,117.112823,164.999649,371.628479,96.342079,194.046082,368.888672,72.803925,222.350861,365.874451,50.642643,255.295700,365.534973,24.461197,167.600388,393.840424,147.716141,191.701218,391.340332,126.881081,219.079727,388.832306,104.204865,246.796494,384.516510,82.951775,273.301697,383.805908,61.898521,189.903656,407.655151,172.944061,214.171890,407.805054,152.456314,239.236588,404.964386,129.673645,257.114166,403.045013,114.027039,277.375000,402.199677,98.201965,213.112289,423.499969,198.598221,236.386658,420.900696,178.312653,255.315811,420.849548,162.718246,271.426025,420.364655,146.637283,227.965042,432.937164,213.514420,250.380066,431.602997,193.558807
2883,2.452778,52.111179,312.344727,13.301455,120.180099,304.751282,-34.743481,180.788239,296.430267,-74.836426,74.163155,326.400635,39.474129,102.022888,323.643463,16.654247,131.547729,320.817474,-5.333294,163.055893,315.684998,-25.729059,198.719955,313.183624,-50.023972,94.495567,341.069885,63.110916,122.330765,339.636627,42.186066,151.343796,338.022125,19.512619,180.097260,336.824066,-2.692791,215.633148,333.773529,-28.342417,116.837173,356.668976,90.698441,143.938492,355.746735,68.044563,172.271713,353.962738,45.124390,200.467346,352.628113,23.010153,234.873489,350.717682,-2.380253,139.802475,372.837860,117.092194,164.879852,372.722351,95.931473,193.716507,370.948486,72.117844,221.794724,369.029510,49.598568,254.532242,369.459106,23.150896,167.909790,393.962708,147.533691,191.543320,392.765381,126.375664,218.639923,391.533875,103.323990,246.169083,388.397766,81.662239,272.376587,388.593353,60.296825,190.189316,407.408264,172.867691,214.026077,409.259979,151.980942,238.744095,408.017700,128.653976,256.407196,407.053558,112.715988,276.438904,407.068298,96.593887,213.473145,423.202271,198.501373,236.393265,422.403320,177.670029,254.959427,423.767822,161.702377,270.771332,424.339600,145.332504,228.361420,432.580597,213.305847,250.349487,433.139984,192.890228
2884,2.455556,52.138664,312.299469,13.315469,120.141602,305.052734,-34.830627,180.706558,297.105164,-75.043877,74.235481,326.180450,39.536514,101.998894,323.866211,16.576900,131.443863,321.428375,-5.548849,162.991974,316.531952,-25.896452,198.498993,314.700104,-50.541924,94.607513,340.717896,63.197792,122.299355,339.938904,42.068924,151.169571,338.977081,19.166124,179.799210,338.390869,-3.212166,215.254761,335.911377,-29.043316,117.017242,356.179016,90.815788,143.899109,356.163177,67.858231,172.056534,355.235413,44.681469,200.046204,354.772797,22.286648,234.291321,353.632935,-3.391684,140.051498,372.225403,117.184059,164.819397,373.367950,95.649948,193.424500,372.576721,71.559021,221.248047,371.765320,48.677845,253.772354,372.958710,21.974974,168.336075,393.554443,147.472488,191.467590,393.603607,126.045731,218.253128,393.656006,102.627380,245.561615,391.714722,80.547173,271.451477,392.839294,58.866623,190.612579,406.490997,172.951172,213.981476,410.025726,151.709091,238.319580,410.371918,127.859604,255.747253,410.364197,111.640907,275.532623,411.252472,95.220238,213.997192,422.124359,198.588547,236.518921,423.110199,177.250107,254.691895,425.875763,160.939545,270.186035,427.499634,144.305313,228.936813,431.365082,213.283493,250.463837,433.802521,192.468903
2885,2.458333,52.176449,312.212494,13.344769,120.106270,305.330811,-34.909130,180.613663,297.763367,-75.255066,74.332146,325.825195,39.635490,101.994743,323.963470,16.536407,131.352234,321.914825,-5.735162,162.938446,317.235870,-26.018391,198.282684,316.075165,-51.028572,94.762962,340.136169,63.347466,122.302101,340.015320,42.017056,151.022324,339.704529,18.889944,179.523376,339.709442,-3.657837,214.899002,337.783936,-29.648857,117.255043,355.368591,91.014671,143.908005,356.243530,67.765282,171.881973,356.170349,44.345200,199.654358,356.574371,21.675970,233.733398,356.192291,-4.279436,140.378464,371.184082,117.382263,164.821915,373.562012,95.501045,193.180939,373.757385,71.139809,220.731430,374.050079,47.903893,253.043716,375.992615,20.964159,168.865204,392.630737,147.525940,191.479782,393.848755,125.896278,217.936035,395.175385,102.132576,245.000946,394.424591,79.636696,270.564819,396.482697,57.650558,191.158463,404.925171,173.186356,214.042313,410.097504,151.644547,237.983368,411.999176,127.309975,255.163635,412.936249,110.830376,274.695282,414.694397,94.120193,214.664978,420.292053,198.851166,236.763565,423.019714,177.059082,254.529510,427.149017,160.447464,269.698853,429.805603,143.584015,229.669724,429.316406,213.437561,250.722763,433.591003,192.300308
2886,2.461111,52.223763,312.085571,13.387145,120.075172,305.583893,-34.978592,180.513000,298.400055,-75.466530,74.450294,325.339355,39.767319,102.010361,323.935883,16.533241,131.275482,322.271820,-5.888060,162.898773,317.790802,-26.090973,198.080078,317.290894,-51.471165,94.957214,339.332245,63.554676,122.338158,339.866699,42.029831,150.906906,340.197052,18.690107,179.279755,340.767578,-4.018599,214.579407,339.369995,-30.144917,117.543175,354.249207,91.288368,143.965164,355.987976,67.765221,171.755142,356.756531,44.123001,199.307678,358.008545,21.194447,233.222168,358.359741,-5.019649,140.772903,369.728119,117.679298,164.889130,373.303925,95.485291,192.996033,374.475220,70.869919,220.267471,375.850006,47.298248,252.376495,378.516479,20.146681,169.477890,391.206604,147.686981,191.582962,393.498291,125.928162,217.703827,396.072052,101.851791,244.514923,396.485443,78.956055,269.758057,399.461456,56.686459,191.806976,402.735687,173.564041,214.208923,409.474854,151.786591,237.753265,412.877319,127.017319,254.684006,414.734924,110.304810,273.965851,417.341095,93.324265,215.450653,417.735687,199.279190,237.122467,422.135925,177.098221,254.485336,427.570160,160.235825,269.335571,431.226166,143.187653,230.531403,426.465271,213.756470,251.118362,432.513947,192.383347
2887,2.463889,52.279808,311.920959,13.439536,120.050011,305.809631,-35.038734,180.409286,299.008545,-75.674171,74.586784,324.727814,39.928009,102.045647,323.783813,16.567825,131.216537,322.493469,-6.002829,162.875931,318.191345,-26.111483,197.900452,318.328735,-51.856873,95.184319,338.314484,63.813469,122.406097,339.493835,42.106071,150.828003,340.446655,18.571726,179.078598,341.552185,-4.283615,214.308975,340.649750,-30.520306,117.872711,352.832947,91.630028,144.069290,355.397400,67.856377,171.682465,356.983063,44.020695,199.022186,359.050842,20.856508,232.780869,360.098389,-5.590876,141.222015,367.872681,118.067230,165.020569,372.595001,95.600929,192.878845,374.716034,70.756630,219.879456,377.130951,46.879765,251.801849,380.484741,19.547407,170.150192,389.293854,147.949692,191.776611,392.553192,126.138702,217.568649,396.330170,101.791954,244.130035,397.859192,78.524307,269.071136,401.717865,56.004265,192.534500,399.948578,174.074997,214.477127,408.161926,152.130646,237.642548,412.991333,126.986954,254.331863,415.733093,110.076355,273.379608,419.148071,92.852905,216.323792,414.486938,199.862518,237.585678,420.468231,177.364487,254.567123,427.129944,160.306595,269.116119,431.739655,143.126144,231.488052,422.843964,214.228363,251.635559,430.586273,192.711639
2888,2.466667,52.343849,311.721313,13.498257,120.033249,306.004425,-35.089176,180.308777,299.579956,-75.873001,74.738182,323.995361,40.113747,102.100555,323.506744,16.640713,131.178864,322.572754,-6.074336,162.872269,318.432648,-26.078625,197.752716,319.170227,-52.173374,95.436989,337.091492,64.117798,122.503967,338.897064,42.244667,150.790161,340.444580,18.539457,178.930344,342.049011,-4.442548,214.100403,341.604492,-30.765736,118.233330,351.131348,92.033432,144.217667,354.472961,68.036316,171.669342,356.839417,44.042923,198.812958,359.677673,20.674278,232.432083,361.372437,-5.974650,141.710968,365.632935,118.538399,165.213181,371.438049,95.844704,192.836227,374.467743,70.804916,219.588959,377.861298,46.663414,251.349152,381.854187,19.186537,170.853836,386.897736,148.310776,192.055756,391.017639,126.522469,217.538071,395.938843,101.955353,243.868393,398.514069,78.353600,268.538818,403.203461,55.624603,193.314865,396.588989,174.710388,214.837448,406.167572,152.668930,237.657913,412.333710,127.218262,254.124100,415.912048,110.149780,272.964111,420.081909,92.716583,217.251266,410.576263,200.591690,238.137604,418.031372,177.851639,254.775055,425.828094,160.655121,269.051575,431.335114,143.400925,232.503067,418.483337,214.841614,252.253799,427.827209,193.275299
2889,2.469444,52.415070,311.489044,13.559778,120.028030,306.163147,-35.128731,180.219070,300.102203,-76.056610,74.900688,323.146240,40.321148,102.174980,323.103119,16.752659,131.166138,322.501465,-6.097136,162.889450,318.510712,-25.992659,197.644928,319.798065,-52.409569,95.706909,335.671753,64.461983,122.629326,338.075653,42.444820,150.797333,340.181763,18.597601,178.844849,342.243195,-4.485975,213.965439,342.216064,-30.872934,118.613518,349.154816,92.493401,144.406052,353.215729,68.302170,171.719238,356.316376,44.192966,198.692505,359.868378,20.656864,232.195068,362.150757,-6.156774,142.223358,363.023315,119.085793,165.461166,369.836517,96.212517,192.872070,373.720642,71.017326,219.412964,378.015106,46.659153,251.042343,382.588531,19.078136,171.556442,384.013458,148.770798,192.410522,388.899139,127.072098,217.613998,394.892273,102.340302,243.744919,398.427002,78.449127,268.186981,403.881805,55.558807,194.120453,392.680145,175.461792,215.275162,403.504272,153.391251,237.798569,410.904236,127.705856,254.069244,415.261902,110.523697,272.736969,420.121338,92.916946,218.199051,406.031311,201.457703,238.756943,414.844238,178.551056,255.100342,423.673187,161.271851,269.141296,430.012329,144.005630,233.539215,413.411072,215.585129,252.948608,424.258392,194.062531
2890,2.472222,52.492359,311.225494,13.621700,120.037758,306.278137,-35.154560,180.148575,300.559540,-76.216415,75.070053,322.184235,40.547356,102.268555,322.570160,16.904503,131.182007,322.270172,-6.065800,162.928329,318.422302,-25.855421,197.583725,320.197021,-52.556301,95.985046,334.062622,64.841240,122.779053,337.028107,42.706032,150.852280,339.649017,18.749754,178.829956,342.121216,-4.406444,213.913620,342.468658,-30.835112,119.000671,346.912201,93.005783,144.628632,351.626251,68.650742,171.832779,355.406494,44.472332,198.669022,359.606720,20.809561,232.083176,362.409729,-6.128482,142.741455,360.057343,119.702965,165.756256,367.794067,96.699753,192.986237,372.468506,71.393616,219.361221,377.574341,46.871113,250.896576,382.661804,19.229097,172.221207,380.623047,149.334915,192.826431,386.207733,127.778633,217.791962,393.189911,102.941505,243.765488,397.585052,78.809341,268.029877,403.730194,55.809208,194.923050,388.242859,176.320862,215.770996,400.187134,154.285675,238.056015,408.709229,128.440277,254.166779,413.780853,111.191292,272.704376,419.256927,93.447960,219.133224,400.876953,202.451385,239.417831,410.928528,179.452011,255.525589,420.680939,162.143311,269.372742,427.780640,144.927063,234.559799,407.650940,216.447983,253.691940,419.902954,195.060013
2891,2.475000,52.574127,310.930603,13.683211,120.065407,306.339447,-35.162018,180.105286,300.933044,-76.341858,75.241554,321.112427,40.789909,102.380333,321.903748,17.096674,131.229187,321.869446,-5.975628,162.988968,318.165405,-25.670246,197.573730,320.355011,-52.607040,96.262085,332.270691,65.251587,122.949150,335.752106,43.027584,150.955887,338.838013,18.998030,178.890015,341.672455,-4.199659,213.950500,342.350555,-30.648510,119.381454,344.411346,93.566887,144.878250,349.704773,69.078156,172.007629,354.104614,44.880180,198.745453,358.882019,21.133192,232.102386,362.134308,-5.887057,143.246613,356.747589,120.383659,166.087967,365.314667,97.300804,193.174225,370.708618,71.930252,219.435242,376.529846,47.297199,250.916779,382.059601,19.638653,172.806488,376.692261,150.013626,193.285202,382.955902,128.631393,218.061478,390.836090,103.749771,243.926483,395.985382,79.426071,268.069000,402.739899,56.369251,195.694580,383.296173,177.278625,216.302338,396.232941,155.338623,238.415253,405.760620,129.408142,254.407410,411.475037,112.140205,272.861206,417.490143,94.296616,220.020889,395.135956,203.562469,240.091721,406.307281,180.541016,256.026978,416.872009,163.252548,269.724823,424.656525,146.146423,235.529587,401.223907,217.418961,254.453278,414.785278,196.252609
2892,2.477778,52.658348,310.603119,13.744814,120.112953,306.336090,-35.145660,180.095520,301.202728,-76.422112,75.410049,319.933807,41.046444,102.508461,321.099731,17.328335,131.308914,321.290680,-5.823595,163.070602,317.738953,-25.441824,197.617386,320.263550,-52.558502,96.528671,330.302094,65.689201,123.134636,334.245850,43.407616,151.106781,337.742065,19.342094,179.025391,340.890106,-3.865317,214.076920,341.855377,-30.313679,119.742256,341.659851,94.172501,145.146484,347.452148,69.578911,172.238403,352.408356,45.412510,198.919495,357.689209,21.623503,232.251480,361.317719,-5.436267,143.719772,353.106537,121.120903,166.444092,362.403656,98.007980,193.427765,368.442047,72.619667,219.629044,374.880524,47.928867,251.098099,380.778259,20.298164,173.264938,372.166809,150.823410,193.766251,379.158691,129.617218,218.407318,387.839996,104.751381,244.216263,393.634216,80.284515,268.294250,400.915161,57.223515,196.407959,377.858612,178.324448,216.844894,391.660248,156.534241,238.856461,402.074829,130.591568,254.774750,408.357178,113.351982,273.192657,414.832062,95.442757,220.830734,388.830688,204.778549,240.749619,401.004181,181.800690,256.577484,412.270020,164.578598,270.172119,420.661285,147.639648,236.415375,394.150330,218.485764,255.201614,408.930817,197.621979
2893,2.480556,52.742756,310.241058,13.807800,120.180939,306.257721,-35.100647,180.122955,301.350494,-76.448380,75.570358,318.651642,41.314205,102.649933,320.155121,17.596708,131.420395,320.527863,-5.609238,163.171768,317.143127,-25.176006,197.714569,319.918579,-52.411133,96.775848,328.163666,66.149521,123.329376,332.509583,43.842045,151.301041,336.357727,19.778177,179.232651,339.771729,-3.407656,214.289444,340.981598,-29.835979,120.069878,338.666443,94.816841,145.423706,344.871552,70.144875,172.516815,350.318970,46.061211,199.184113,356.028900,22.270691,232.522949,359.960541,-4.786727,144.142426,349.147614,121.905846,166.811096,359.069153,98.810196,193.735809,365.673828,73.449638,219.930923,372.632172,48.751114,251.428101,378.822937,21.191092,173.563004,367.014832,151.769882,194.248352,374.834076,130.719437,218.811234,384.215210,105.927322,244.617523,390.544769,81.363205,268.686798,398.269958,58.348030,197.037903,371.950104,179.445053,217.374451,386.490082,157.853256,239.357254,397.672089,131.967651,255.247620,404.445709,114.801712,273.676849,411.301422,96.858864,221.533905,381.985321,206.084244,241.363892,395.043976,183.209061,257.149475,406.900879,166.095428,270.688019,415.819763,149.376846,237.186569,386.452728,219.634201,255.907089,402.367188,199.145218
2894,2.483333,52.825077,309.842316,13.873800,120.268341,306.095917,-35.023857,180.188034,301.362488,-76.415680,75.717529,317.270142,41.589745,102.800690,319.069427,17.896851,131.560715,319.578400,-5.335196,163.290207,316.379303,-24.879591,197.862793,319.320129,-52.169403,96.995499,325.863739,66.626740,123.526337,330.546783,44.323895,151.532379,334.686066,20.298464,179.505051,338.319580,-2.835737,214.580994,339.732788,-29.225771,120.352325,335.441864,95.491776,145.699341,341.970032,70.764633,172.832108,347.842804,46.813526,199.528580,353.907593,23.059246,232.904510,358.069733,-3.955992,144.497635,344.886597,122.726852,167.174835,355.323273,99.692360,194.085403,362.413666,74.402901,220.325272,369.796722,49.742641,251.889252,376.205627,22.293318,173.700684,361.273163,152.829514,194.710953,370.003296,131.917221,219.253708,379.979340,107.252892,245.109787,386.735809,82.634117,269.222900,394.825195,59.711025,197.561691,365.593536,180.623840,217.868195,380.746643,159.272247,239.894440,392.576508,133.507736,255.802155,399.764404,116.457985,274.287720,406.923126,98.510086,222.104584,374.627686,207.460663,241.909607,388.453857,184.738998,257.716705,400.793121,167.771088,271.247040,410.160156,151.321152,237.815781,378.158997,220.848160,256.541809,395.125824,200.794159
2895,2.486111,52.903191,309.405060,13.944411,120.372551,305.845276,-34.914562,180.287796,301.230042,-76.323807,75.847183,315.794678,41.868927,102.955933,317.845337,18.221878,131.725098,318.443939,-5.007274,163.423004,315.450226,-24.560091,198.056976,318.472870,-51.841972,97.180634,323.412811,67.113663,123.717979,328.364929,44.843296,151.792465,332.733490,20.891071,179.833054,336.540863,-2.163335,214.941284,338.117798,-28.498440,120.579369,331.999542,96.186424,145.962357,338.759308,71.423477,173.171799,344.991669,47.652210,199.939148,351.337372,23.968307,233.379776,355.658783,-2.968228,144.771133,340.342072,123.569191,167.521072,351.182922,100.635414,194.462265,358.676453,75.457237,220.793976,366.391541,50.876278,252.460663,372.944092,23.573805,173.692551,355.008026,153.964539,195.135315,364.691376,133.185562,219.715134,375.154663,108.697647,245.670792,382.231384,84.063004,269.876434,390.606384,61.273872,197.959625,358.816254,181.840515,218.305740,374.458099,160.763351,240.445145,386.816406,135.177597,256.413239,394.342407,118.283150,274.997101,401.727234,100.354836,222.520645,366.791046,208.885178,242.365005,381.265259,186.358459,258.255463,393.978577,169.567505,271.825653,403.714539,153.428696,238.279617,369.304413,222.109879,257.080627,387.243286,202.535461
2896,2.488889,52.975277,308.928284,14.020884,120.489464,305.503845,-34.774773,180.415985,300.951050,-76.177765,75.955727,314.232147,42.147049,103.110405,316.488739,18.563341,131.907288,317.130188,-4.634058,163.566605,314.359894,-24.225489,198.289749,317.385620,-51.441364,97.325630,320.823547,67.601830,123.896835,325.975403,45.388042,152.071548,330.511200,21.540621,180.205002,334.447937,-1.408377,215.357178,336.151245,-27.673992,120.742836,328.355896,96.887306,146.202057,335.255920,72.104134,173.522491,341.782654,48.556293,200.399841,348.336212,24.972540,233.929123,352.747620,-1.853314,144.951965,335.536316,124.415466,167.836060,346.670013,101.617004,194.851028,354.482635,76.586105,221.316971,362.439789,52.119923,253.118484,369.062042,24.995621,173.549408,348.279297,155.138184,195.504761,358.927795,134.495926,220.176498,369.768311,110.226105,246.277161,377.061157,85.610245,270.619873,385.644043,62.992088,198.215424,351.651001,183.071136,218.669434,367.657501,162.294754,240.987274,380.425140,136.938080,257.055420,388.214600,120.234146,275.775604,395.749481,102.345886,222.764526,358.514740,210.331696,242.711807,373.514740,188.031052,258.744659,386.493591,171.441422,272.402130,396.519958,155.649582,238.559372,359.933746,223.400864,257.501984,378.761871,204.331131
2897,2.491667,53.039909,308.412048,14.103912,120.613899,305.073700,-34.609150,180.563675,300.529785,-75.987282,76.040405,312.590942,42.418995,103.258743,315.008240,18.911758,132.099991,315.646790,-4.226234,163.716919,313.113953,-23.883999,198.551712,316.071198,-50.983063,97.426315,318.111053,68.081909,124.056038,323.392914,45.944408,152.359055,328.035217,22.229248,180.607559,332.057770,-0.591953,215.813446,333.853271,-26.776039,120.836792,324.530182,97.578835,146.408661,331.480804,72.787720,173.870361,338.238037,49.502022,200.893036,344.927246,26.043375,234.530319,349.362488,-0.645408,145.032654,330.495331,125.246422,168.106995,341.811401,102.612442,195.235535,349.858154,77.759659,221.872635,357.970490,53.437927,253.836456,364.590118,26.517387,173.280151,341.145416,156.314529,195.804886,352.746429,135.817307,220.619888,363.852722,111.798752,246.904602,371.260956,87.232254,271.423920,379.975616,64.816681,198.316849,344.135864,184.289032,218.944443,360.382904,163.831802,241.499527,373.441742,138.746597,257.703125,381.421906,122.263794,276.592804,389.031982,104.431946,222.823776,349.844330,211.770828,242.935287,365.244659,189.717148,259.165588,378.380249,173.345917,272.955414,388.619690,157.930176,238.641953,350.103363,224.701492,257.788239,369.729797,206.139648
2898,2.494444,53.096066,307.857910,14.193547,120.740150,304.560303,-34.424294,180.720352,299.975739,-75.765388,76.099319,310.881042,42.679409,103.395660,313.414948,19.257189,132.295395,314.006958,-3.795797,163.869263,311.719391,-23.543829,198.832245,314.545593,-50.484211,97.479973,315.292542,68.544182,124.189644,320.635376,46.498051,152.643982,325.325226,22.937685,181.026382,329.391846,0.262949,216.293396,331.248627,-25.830370,120.857643,320.544098,98.244064,146.573303,327.459076,73.454765,174.201553,334.384644,50.463966,201.399902,341.138702,27.150549,235.159470,345.535553,0.618830,145.009201,325.248688,126.041992,168.322495,336.638763,103.596001,195.599411,344.834808,78.946114,222.438309,353.018372,54.792789,254.586136,359.566010,28.095163,172.892822,333.664673,157.459274,196.023544,346.185852,137.117416,221.028366,357.445526,113.373695,247.528137,364.873138,88.883369,272.257355,373.646454,66.696068,198.256287,336.314026,185.465927,219.118668,352.677826,165.338303,241.961380,365.911438,140.558792,258.331055,374.011200,124.322464,277.417358,381.623962,106.559547,222.691513,340.830994,213.170715,243.024063,356.503174,191.375320,259.501129,369.686890,175.232483,273.464142,380.063660,160.215164,238.520142,339.884003,225.990250,257.925751,360.201050,207.917633
2899,2.497222,53.143162,307.268951,14.289177,120.862602,303.971832,-34.227890,180.875290,299.302612,-75.526672,76.131340,309.113770,42.922970,103.516060,311.721771,19.590017,132.485489,312.226837,-3.355226,164.018570,310.184906,-23.212950,199.120148,312.827057,-49.962315,97.485298,312.386841,68.979042,124.292686,317.723389,47.034813,152.915268,322.404724,23.646313,181.446518,326.475311,1.132712,216.779724,328.365723,-24.863420,120.803955,316.421417,98.865585,146.688065,323.219635,74.086304,174.502472,330.253662,51.416355,201.901215,337.003082,28.263687,235.792038,341.303680,1.902108,144.880783,319.829285,126.782310,168.472824,331.188202,104.542191,195.926514,339.449829,80.113358,222.990814,347.623749,56.147068,255.338104,354.033997,29.684500,172.395462,325.895447,158.540710,196.150787,339.288940,138.363998,221.385864,350.590240,114.908699,248.122543,357.946625,90.517914,273.087708,366.709717,68.578270,198.031036,328.233215,186.573227,219.182632,344.590790,166.778168,242.353195,357.885406,142.330261,258.914185,366.035339,126.359673,278.217468,373.581818,108.674942,222.366486,331.530273,214.498077,242.970154,347.343811,192.963928,259.735687,360.468567,177.052643,273.906860,370.908539,162.449387,238.192764,329.362366,227.242722,257.904968,350.235229,209.621353
2900,2.500000,53.180984,306.649597,14.389598,120.976257,303.318481,-34.027863,181.018417,298.526276,-75.285622,76.135918,307.301422,43.144703,103.615143,309.942841,19.901808,132.662476,310.325073,-2.916615,164.159393,308.520752,-22.898884,199.404266,310.935394,-49.434330,97.442307,309.414154,69.377518,124.361046,314.680054,47.541409,153.162231,319.300110,24.336214,181.853012,323.336548,1.994244,217.255203,325.235046,-23.900877,120.676178,312.188049,99.426430,146.745697,318.794891,74.664978,174.760208,325.879669,52.334412,202.377808,332.556732,29.353601,236.403748,336.707642,3.168199,144.649460,314.272705,127.448830,168.549850,325.500061,105.427002,196.201538,333.745972,81.230545,223.507187,341.831573,57.465023,256.063110,348.043762,31.242352,171.796539,317.896881,159.530487,196.178955,332.102661,139.525970,221.676453,343.335968,116.363106,248.662857,350.536896,92.092072,273.882477,359.224762,70.413078,197.643356,319.945068,187.583374,219.129303,336.174957,168.116592,242.656494,349.421051,144.018158,259.427948,357.552948,128.325592,278.961334,364.968689,110.725922,221.852921,322.001007,215.719574,242.768921,337.824860,194.442825,259.855408,350.786163,178.759735,274.262451,361.216949,164.579086,237.664474,318.639648,228.431702,257.720398,339.896606,211.208466
2901,2.502778,53.209663,306.005585,14.493114,121.077110,302.611664,-33.831520,181.141281,297.663818,-75.055092,76.113037,305.457062,43.340363,103.688545,308.093079,20.186089,132.819153,308.321899,-2.490903,164.285995,306.738861,-22.608503,199.673828,308.891479,-48.916042,97.352097,306.395782,69.731773,124.391266,311.530884,48.006031,153.374893,316.040070,24.990076,182.231339,320.005798,2.825919,217.703415,321.888336,-22.966507,120.476440,307.871857,99.910812,146.740005,314.220428,75.176086,174.962875,321.300110,53.195435,202.811401,327.838959,30.393064,236.971451,331.790863,4.383295,144.319748,308.617065,128.025116,168.547180,319.618378,106.229004,196.410538,327.770355,82.269447,223.965454,335.691101,58.713387,256.733063,341.649170,32.728722,171.105408,309.729523,160.404144,196.102676,324.677795,140.574493,221.884705,335.736877,117.699036,249.124939,342.704956,93.565285,274.610138,351.256256,72.153679,197.100098,311.504669,188.471191,218.954224,327.488037,169.321640,242.854233,340.580902,145.582626,259.848816,348.627655,130.172348,279.618317,355.853729,112.663254,221.160126,312.304565,216.802994,242.418991,328.008972,195.774750,259.848724,340.706207,180.310516,274.510895,351.057037,166.552933,236.945297,307.827637,229.528091,257.370361,329.253967,212.639435
2902,2.505556,53.229580,305.343567,14.597673,121.162460,301.863068,-33.644840,181.237640,296.731812,-74.844971,76.063179,303.594360,43.506714,103.732430,306.187805,20.438660,132.949356,306.238342,-2.087436,164.392532,304.852722,-22.347881,199.918747,306.716431,-48.421703,97.216782,303.353760,70.035431,124.380608,308.303284,48.418785,153.544632,312.654755,25.592810,182.567963,316.514618,3.608274,218.109314,318.357361,-22.081402,120.208290,303.502686,100.305038,146.666214,309.534332,75.608192,175.100296,316.554474,53.979630,203.185028,322.891357,31.357397,237.473999,326.598480,5.517036,143.898285,302.902893,128.497772,168.460373,313.590240,106.929993,196.541412,321.573578,83.205521,224.345642,329.255157,59.861591,257.322296,334.907227,34.107811,170.332169,301.456146,161.141769,195.918854,317.068726,141.484253,221.996277,327.850983,118.882339,249.486237,334.516510,94.901382,275.241272,342.872894,73.758102,196.412109,302.970490,189.215149,218.655334,318.591644,170.365402,242.931305,331.432251,146.988007,260.155212,339.327271,131.854858,280.160034,346.311127,114.441971,220.301804,302.504730,217.718353,241.922226,317.962769,196.926971,259.706177,330.300018,181.666794,274.634094,340.500854,168.322586,236.049805,297.042694,230.502563,256.856842,318.379974,213.879120
2903,2.508333,53.241333,304.670929,14.701024,121.230965,301.084290,-33.471989,181.303680,295.745483,-74.661446,75.987381,301.727386,43.641674,103.743782,304.242798,20.657162,133.048218,304.095795,-1.713952,164.473175,302.877258,-22.122164,200.129929,304.431488,-47.963844,97.039429,300.311005,70.283798,124.327232,305.025635,48.771969,153.664398,309.174835,26.131828,182.850967,312.894836,4.324509,218.459366,314.672913,-21.263561,119.876541,299.112823,100.598907,146.521591,304.776917,75.953484,175.164139,311.683716,54.670509,203.483643,317.756836,32.224991,237.892731,321.176392,6.543245,143.393509,297.173065,128.857132,168.287140,307.465088,107.515472,196.584396,315.208527,84.018578,224.630463,322.579315,60.882542,257.808044,327.877319,35.348644,169.487518,293.142548,161.728729,195.626465,309.333282,142.234879,221.998886,319.739349,119.884003,249.726517,326.040222,96.069511,275.749542,334.146240,75.190201,195.593430,294.404602,189.798309,218.232910,309.551300,171.225327,242.875183,322.045746,148.203598,260.328491,329.722046,133.331329,280.561493,336.418640,116.022369,219.295380,292.668060,218.439331,241.283310,307.756653,197.872543,259.420959,319.643280,182.796814,274.616486,329.623596,169.843643,234.996323,286.398712,231.327637,256.185303,307.351105,214.898087
2904,2.511111,53.245625,303.995514,14.800873,121.282639,300.286224,-33.315350,181.338043,294.718628,-74.507195,75.887352,299.871033,43.744270,103.721100,302.274384,20.840088,133.112122,301.915527,-1.376780,164.522339,300.828491,-21.935543,200.299530,302.057465,-47.553101,96.824089,297.291107,70.473915,124.230469,301.726593,49.060341,153.728714,305.630798,26.597155,183.070557,309.177734,4.960883,218.741852,310.864441,-20.527681,119.487167,294.737732,100.787216,146.305817,299.989746,76.207977,175.148056,306.729156,55.255020,203.694611,312.478790,32.977753,238.212112,315.570679,7.440262,142.815292,291.472748,129.097839,168.027466,301.293732,107.974998,196.531906,308.728790,84.693062,224.805923,315.720306,61.753967,258.171326,320.620178,36.425404,168.583054,284.858734,162.155853,195.226593,301.532104,142.811829,221.882874,311.465424,120.681740,249.828751,317.346436,97.044853,276.112274,325.149536,76.420517,194.660629,285.872467,190.209244,217.689499,300.435699,171.884995,242.676758,312.493439,149.203812,260.353790,319.882935,134.564316,280.802368,326.255859,117.371124,218.161179,282.865143,218.945663,240.509552,297.464813,198.591492,258.989075,308.815186,183.676498,274.445923,318.502014,171.076767,233.806046,276.000061,231.979874,255.364441,296.247772,215.673950
2905,2.513889,53.243244,303.325348,14.895048,121.318481,299.479645,-33.176033,181.341110,293.663727,-74.382637,75.765549,298.040741,43.814468,103.664825,300.299774,20.986265,133.138702,299.718201,-1.080995,164.534988,298.723175,-21.791277,200.420990,299.614594,-47.198242,96.575699,294.318451,70.604355,124.091125,298.434814,49.281303,153.733719,302.052643,26.981415,183.219803,305.393799,5.507016,218.947083,306.959351,-19.885288,119.047295,290.416321,100.870468,146.021225,295.215515,76.371483,175.047882,301.732086,55.723583,203.808167,307.100739,33.601551,238.419739,309.826782,8.191042,142.174850,285.849487,129.219147,167.683472,295.127472,108.302452,196.378326,302.187592,85.218109,224.861603,308.734955,62.459526,258.396790,313.196930,37.317978,167.631927,276.679871,162.419220,194.722687,293.727417,143.206650,221.641739,303.094604,121.261002,249.779526,308.505737,97.809174,276.311035,315.956116,77.426750,193.632355,277.443390,190.442734,217.029953,291.315887,172.334702,242.331177,302.846924,149.967758,260.220215,309.880920,135.522751,280.866913,315.902557,118.462288,216.921661,273.171783,219.225876,239.610519,287.165070,199.071426,258.409180,297.897736,184.290207,274.113983,307.214600,171.990021,232.502289,265.935059,232.442093,254.405884,285.154205,216.192749
2906,2.516667,53.235012,302.668274,14.981645,121.340057,298.674805,-33.054619,181.314209,292.592834,-74.287643,75.625229,296.252960,43.853130,103.577438,298.336792,21.095148,133.126678,297.523682,-0.830384,164.507004,296.578094,-21.691805,200.489029,297.122314,-46.906139,96.299858,291.418213,70.675194,123.911621,295.179016,49.434811,153.677475,298.469788,27.279823,183.294815,301.572083,5.956016,219.067627,302.983643,-19.345333,118.565407,286.190491,100.854645,145.672806,290.497253,76.447372,174.861877,296.732819,56.070198,203.817688,301.665894,34.086754,238.506302,303.989166,8.783372,141.484573,280.352997,129.225113,167.259491,289.017426,108.496094,196.120132,295.637329,85.587585,224.790375,301.679413,62.989212,258.473145,305.667419,38.012463,166.649796,268.687561,162.519897,194.120773,285.982452,143.416794,221.272293,294.693604,121.615318,249.569412,299.588135,98.351059,276.331451,306.638123,78.193756,192.529022,269.190460,190.500534,216.261719,282.264618,172.571594,241.837799,293.176056,150.479477,259.920868,299.787598,136.184479,280.743866,305.437531,119.278244,215.600967,263.670105,219.279343,238.597961,276.938629,199.308258,257.683197,286.975250,184.631607,273.616272,295.842041,172.561966,231.109756,256.271698,232.705276,253.324066,274.158020,216.449509
2907,2.519444,53.221725,302.031921,15.059154,121.349159,297.881470,-32.951515,181.259048,291.516815,-74.222382,75.470306,294.524841,43.862133,103.462723,296.403564,21.167185,133.075928,295.350311,-0.627294,164.435471,294.409698,-21.638884,200.499527,294.598145,-46.681408,96.002647,288.616486,70.688293,123.695679,291.987335,49.522980,153.560089,294.910736,27.490377,183.293915,297.740356,6.304216,219.098221,298.962311,-18.914650,118.051476,282.103424,100.750130,145.267975,285.877808,76.442238,174.591080,291.770294,56.292374,203.719681,296.216644,34.428452,238.465393,298.100983,9.210310,140.758118,275.035034,129.124435,166.761795,283.014282,108.558594,195.756409,289.129181,85.800087,224.587997,294.608643,63.339001,258.392822,298.089203,38.501377,165.655228,260.970490,162.464157,193.429642,278.360535,143.445450,220.774841,286.329803,121.746170,249.193283,290.662292,98.665855,276.163452,297.265503,78.713280,191.372879,261.190491,190.391953,215.394989,273.355713,172.599655,241.199982,283.549011,150.729126,259.452942,289.675720,136.538315,280.426056,294.937439,119.809807,214.224823,254.447815,219.117096,237.485977,266.869659,199.306213,256.816132,276.134125,184.704224,272.952148,284.468018,172.784210,229.654297,247.055435,232.769928,252.136292,263.349823,216.448395
2908,2.522222,53.204185,301.423431,15.126562,121.347603,297.108307,-32.866951,181.177444,290.445007,-74.187317,75.305161,292.874329,43.844711,103.324860,294.517578,21.203730,132.987335,293.215210,-0.472582,164.318741,292.233887,-21.633690,200.449707,292.057556,-46.526192,95.690720,285.939575,70.647896,123.448051,288.887482,49.549637,153.383591,291.403076,27.613993,183.216492,293.925110,6.550468,219.035538,294.919769,-18.597828,117.517036,278.198334,100.570251,144.816360,281.399475,76.365364,174.239532,286.881989,56.390736,203.513428,290.793610,34.626160,238.293396,292.203918,9.470199,140.010529,269.948212,128.929977,166.198746,277.168365,108.496834,195.289566,282.713074,85.858940,224.253006,287.575653,63.509949,258.151428,290.516418,38.783394,164.669724,253.624557,162.263885,192.660767,270.924988,143.301468,220.153076,278.070618,121.662460,248.650253,281.795105,98.755493,275.801056,287.905182,78.983650,190.188095,253.522995,190.133804,214.443008,264.663391,172.429306,240.424500,274.033661,150.715134,258.817383,279.619446,136.585052,279.910675,284.476349,120.055870,212.820877,245.596497,218.760605,236.291321,257.044586,199.077621,255.816574,265.461975,184.520752,272.124481,273.179016,172.662643,228.162811,238.311890,232.646576,250.862961,252.822281,216.202362
2909,2.525000,53.183216,300.849487,15.183407,121.337204,296.362091,-32.800797,181.071411,289.384766,-74.182915,75.134499,291.319458,43.805355,103.167709,292.695709,21.206758,132.862976,291.134430,-0.365670,164.156326,290.065796,-21.676731,200.338196,289.514160,-46.440483,95.371658,283.414215,70.560883,123.174377,285.906067,49.520035,153.151642,287.973602,27.654284,183.062286,290.151550,6.695351,218.878006,290.879425,-18.396814,116.975128,274.516815,100.330086,144.329315,277.103546,76.228256,173.814362,282.103485,56.368713,203.200562,285.435364,34.683273,237.989426,286.337860,9.566036,139.258560,265.145081,128.657928,165.580521,271.529602,108.321861,194.725739,276.437836,85.771919,223.786835,280.631042,63.507504,257.747925,282.999512,38.862835,163.716782,246.751724,161.937439,191.828186,263.738861,142.999191,219.414017,269.982819,121.379845,247.943542,273.051117,98.628242,275.242432,278.620514,79.009468,189.000900,246.267532,189.748566,213.421921,256.262115,172.077133,239.521210,264.699524,150.446701,258.018768,269.694458,136.337555,279.199188,274.125366,120.022980,211.419067,237.209091,218.239914,235.033676,247.551041,198.642303,254.696930,255.046341,184.101059,271.139954,262.063995,172.217209,226.663742,230.054932,232.355118,249.527695,242.669373,215.732742
2910,2.527778,53.159660,300.316284,15.229796,121.319786,295.648499,-32.752434,180.943359,288.341858,-74.209122,74.963303,289.877563,43.749229,102.994926,290.953979,21.178858,132.705917,289.122894,-0.304640,163.948898,287.919769,-21.767590,200.164948,286.980530,-46.422508,95.054008,281.066742,70.436363,122.881172,283.068726,49.440777,152.869202,284.648010,27.617069,182.831421,286.443481,6.740943,218.625717,286.863403,-18.310719,116.439980,271.098145,100.045578,143.819672,273.029510,76.043991,173.325272,277.469086,56.233006,202.784805,280.178436,34.606728,237.555405,280.540131,9.504834,138.520569,260.676758,128.326889,164.919159,266.147125,108.048622,194.074631,270.350922,85.550766,223.193802,273.822723,63.341484,257.183960,275.585358,38.749191,162.820724,240.458954,161.510788,190.948486,256.864746,142.558167,218.567795,262.131714,120.919884,247.080109,264.492249,98.298523,274.489899,269.470795,78.801552,187.839722,239.501144,189.261993,212.350616,248.225937,171.565491,238.502762,255.619049,149.944901,257.065308,259.976929,135.819702,278.297272,263.952515,119.725151,210.052002,229.376984,217.590820,233.735657,238.477158,198.027222,253.473495,244.973755,183.471085,270.008728,251.213257,171.480453,225.188232,222.300903,231.923050,248.157181,232.985184,215.068497
2911,2.530556,53.134411,299.829468,15.266409,121.297218,294.972076,-32.720753,180.795959,287.321045,-74.264938,74.796776,288.564575,43.681568,102.810402,289.307739,21.123520,132.520172,287.194763,-0.286382,163.697998,285.809387,-21.904827,199.931213,284.468903,-46.468838,94.747086,278.922485,70.284973,122.575745,280.399689,49.319752,152.542252,281.450623,27.509964,182.525024,282.822968,6.691268,218.280533,282.892059,-18.335772,115.926628,267.978882,99.733192,143.301117,269.214905,75.826691,172.783371,273.012878,55.995041,202.272018,275.057404,34.406918,236.995819,274.845337,9.297400,137.816193,256.591797,127.957153,164.228409,261.068756,107.695602,193.348648,264.498413,85.210892,222.481064,267.196747,63.026161,256.464447,268.317383,38.456791,162.005402,234.858353,161.018326,190.040359,250.364365,142.002869,217.627579,254.580948,120.309090,246.070358,256.178436,97.786926,273.550201,260.511597,78.376991,186.734894,233.296158,188.701706,211.250153,240.627792,170.921814,237.384567,246.867340,149.241684,255.968719,250.543060,135.065109,277.214691,254.022903,119.183678,208.755005,222.187363,216.852142,232.422745,229.910217,197.265503,252.166245,235.329590,182.662674,268.744873,240.717255,170.495453,223.771790,215.087280,231.383163,246.781021,223.862534,214.245178
2912,2.533333,53.108414,299.394043,15.294437,121.271088,294.336823,-32.704243,180.632034,286.326508,-74.348045,74.640236,287.394653,43.607384,102.618919,287.771667,21.045389,132.310471,285.363037,-0.306791,163.405975,283.747864,-22.085945,199.639496,281.991638,-46.574768,94.460602,277.005127,70.118118,122.265999,277.921936,49.166004,152.177872,278.404358,27.342154,182.145981,279.310181,6.552893,217.846039,278.984100,-18.465410,115.450432,265.192566,99.409508,142.787827,265.694550,75.590889,172.200272,268.769409,55.671467,201.670105,270.105347,34.097507,236.317780,269.285553,8.958276,137.165802,252.935028,127.569649,163.524048,256.340729,107.284058,192.562057,258.925140,84.771515,221.658432,260.797424,62.580296,255.597260,261.236328,38.004601,161.294510,230.073746,160.501465,189.124420,244.298218,141.361969,216.609406,247.391708,119.578011,244.927933,248.168396,97.120552,272.434113,251.795975,77.759109,185.718124,227.719254,188.096634,210.143585,233.538589,170.177704,236.184860,238.520279,148.377380,254.744324,241.468170,134.115250,275.965118,244.399628,118.427002,207.565567,215.720993,216.063278,231.123276,221.935104,196.395248,250.798706,226.197906,181.713364,267.366272,230.665436,169.313263,222.455734,208.487030,230.771759,245.431488,215.391418,213.303528
2913,2.536111,53.082668,299.014374,15.315404,121.242470,293.745789,-32.701057,180.454391,285.362366,-74.454781,74.498978,286.380127,43.531471,102.426056,286.359650,20.950129,132.082001,283.639771,-0.361043,163.075836,281.747711,-22.307285,199.293457,279.562042,-46.735073,94.204262,275.336060,69.947296,121.960281,275.656952,48.989372,151.783997,275.530701,27.124220,181.699310,275.923431,6.335079,217.327438,275.157288,-18.690456,115.026558,262.769165,99.090630,142.293976,262.500122,75.350922,171.588043,264.772614,55.282272,200.988907,265.353638,33.695145,235.530838,263.891022,8.505578,136.589676,249.746582,127.184975,162.823456,252.007065,106.837143,191.730789,253.674866,84.255531,220.738419,254.668091,62.026833,254.593338,254.381561,37.416115,160.709335,226.186264,159.997559,188.222885,238.724670,140.667374,215.531937,240.622726,118.760254,243.669647,240.519577,96.332199,271.156342,243.375946,76.977554,184.821365,222.830841,187.476105,209.055817,227.025848,169.367706,234.924759,230.652557,147.397278,253.410904,232.825821,133.017548,274.566193,235.145004,117.490463,206.522034,210.050781,215.262192,229.868271,214.633072,195.457947,249.397507,217.661072,180.665558,265.894867,221.145142,167.990433,221.285873,202.601822,230.126556,244.143158,207.657394,212.287399
2914,2.538889,53.058140,298.694000,15.330914,121.212082,293.201172,-32.709099,180.265747,284.432617,-74.580429,74.378136,285.531555,43.458485,102.237732,285.084290,20.843878,131.840378,282.035858,-0.443847,162.711304,279.820892,-22.563927,198.897842,277.194336,-46.944054,93.987305,273.933838,69.783234,121.667114,273.624115,48.800049,151.369370,272.849670,26.867893,181.191772,272.679810,6.049328,216.731567,271.428772,-18.999361,114.669334,260.734436,98.791359,141.833282,259.659637,75.120384,170.959305,261.054443,54.848511,200.239990,260.832642,33.219086,234.647034,258.690887,7.960770,136.107132,247.060852,126.822098,162.145004,248.108582,106.378609,190.872086,248.789978,83.688644,219.736038,248.851273,61.392319,253.466873,247.792267,36.719120,160.265121,223.173813,159.530106,187.359192,233.698792,139.952286,214.416367,234.330048,117.891525,242.315643,233.287704,95.458595,269.735626,235.304199,76.068100,184.075745,218.684219,186.868591,208.013611,221.152939,168.528473,233.628540,223.336060,146.349045,251.991119,224.687302,131.823303,273.039398,226.322052,116.415894,205.661926,205.240356,214.483856,228.690781,208.080475,194.496933,247.992538,209.799149,179.565491,264.357086,212.240982,166.586395,220.308060,197.536804,229.484146,242.952438,200.740341,211.242081
2915,2.541667,53.035740,298.435852,15.342463,121.180397,292.704620,-32.726204,180.068878,283.540894,-74.719803,74.282379,284.857483,43.392838,102.059601,283.956421,20.732716,131.591385,280.561249,-0.549582,162.316788,277.978760,-22.849739,198.458664,274.902649,-47.194580,93.818039,272.813568,69.635315,121.394981,271.840576,48.608105,150.943176,270.380005,26.585684,180.631363,269.595306,5.708692,216.066788,267.815796,-19.378448,114.391602,259.109192,98.524452,141.418488,257.197021,74.911606,170.327271,257.644409,54.391323,199.436630,256.571594,32.690750,233.681183,253.714584,7.348373,135.735474,244.905655,126.497459,161.507126,244.681564,105.931145,190.004333,244.311188,83.098145,218.668900,243.388824,60.706173,252.235565,241.508560,35.945206,159.974503,220.975098,159.114716,186.557358,229.271149,139.249405,213.286270,228.567139,117.008789,240.889557,226.526718,94.539169,268.195038,227.635147,75.071953,183.509857,215.324219,186.300232,207.044952,215.978104,167.697296,232.323517,216.639191,145.280807,250.511444,217.121567,130.585907,271.410370,217.995972,115.251190,205.019791,201.342819,213.759018,227.624634,202.347610,193.555344,246.616806,202.689392,178.461792,262.783936,204.034714,165.161499,219.563995,193.381012,228.877777,241.896347,194.713394,210.212631
2916,2.544444,53.016262,298.241882,15.351343,121.147682,292.257416,-32.750286,179.866806,282.690765,-74.867493,74.215736,284.364380,43.338364,101.896812,282.985107,20.622288,131.340668,279.224670,-0.672419,161.897385,276.232117,-23.157503,197.983231,272.700928,-47.477459,93.703354,271.986572,69.511024,121.151901,270.320587,48.422962,150.515030,268.138885,26.290407,180.027039,266.685486,5.327236,215.343246,264.336639,-19.812124,114.204018,257.908783,98.299904,141.060989,255.131577,74.735115,169.705521,254.569534,53.931419,198.593872,252.599274,32.133148,232.650833,248.992752,6.695500,135.489182,243.301636,126.224144,160.927597,241.757187,105.515450,189.146683,240.276840,82.511581,217.557266,238.321823,59.999668,250.920746,235.572250,35.129009,159.850021,219.548798,158.764679,185.841095,225.486801,138.589355,212.167511,223.384964,116.149261,239.418716,220.289627,93.615318,266.562408,220.425507,74.034454,183.148148,212.785904,185.793228,206.177963,211.553787,166.910202,231.040146,210.626968,144.240158,249.002625,210.195404,129.358978,269.709534,210.235291,114.049355,204.624893,198.399216,213.112930,226.703445,197.497101,192.674210,245.306122,196.405441,177.403610,261.211456,196.605530,163.775299,219.088364,190.202560,228.335556,241.010818,189.641617,209.241943
2917,2.547222,53.000351,298.113464,15.358597,121.113937,291.860565,-32.779476,179.662781,281.885681,-75.018143,74.181313,284.056244,43.297966,101.753860,282.177490,20.517538,131.093765,278.033783,-0.806470,161.458939,274.591461,-23.479067,197.480270,270.603729,-47.781570,93.648254,271.460052,69.415611,120.945068,269.075531,48.252968,150.094666,266.142090,25.994692,179.388687,263.966003,4.919667,214.572952,261.011353,-20.283058,114.114517,257.142731,98.124603,140.770477,253.477631,74.599243,169.107941,251.854294,53.488491,197.728607,248.944214,31.570091,231.576416,244.558075,6.030987,135.378967,242.261871,126.011398,160.423187,239.361237,105.149887,188.319016,236.722733,81.955688,216.424164,233.690506,59.304832,249.547913,230.027283,34.307041,159.901779,218.865189,158.489883,185.233276,222.384369,137.999542,211.088196,218.831802,115.349258,237.934448,214.629166,92.729378,264.870972,213.735001,73.003632,183.009079,211.093094,185.364685,205.439835,207.925751,166.200211,229.811935,205.360916,143.272842,247.500153,203.974213,128.194855,267.972961,203.112457,112.866692,204.499008,196.437042,212.564423,225.959030,193.582275,191.890335,244.098740,191.016174,176.438385,259.680939,190.030197,162.484955,218.906845,188.049103,227.879257,240.328918,185.580048,208.368195
2918,2.550000,52.988464,298.051025,15.365012,121.079048,291.514709,-32.812225,179.460373,281.129272,-75.166542,74.180969,283.934814,43.273373,101.634468,281.538574,20.422529,130.855789,276.995209,-0.945864,161.007965,273.067169,-23.805590,196.959885,268.626556,-48.094448,93.655617,271.236847,69.351868,120.780571,268.113678,48.105042,149.691803,264.404022,25.710543,178.727585,261.453094,4.501052,213.770187,257.862885,-20.772333,114.127747,256.814423,98.002045,140.554474,252.244446,74.509842,168.548508,249.520813,53.080570,196.859680,245.634842,31.025263,230.481064,240.445557,5.384088,135.411133,241.791580,125.864281,160.009308,237.513977,104.850128,187.541855,233.681549,81.455223,215.295334,229.534149,58.653252,248.146790,224.919952,33.516197,160.135590,218.900131,158.296143,184.754852,219.994888,137.502731,210.078384,214.952972,114.642769,236.472321,209.597855,91.922897,263.159973,207.627029,72.028473,183.103439,210.257462,185.025925,204.856262,205.132339,165.595978,228.675247,200.898514,142.421234,246.044571,198.522522,127.142876,266.244080,196.703583,111.760254,204.654434,195.469376,212.125397,225.419983,190.645508,191.234360,243.034683,186.583969,175.609192,258.239014,184.382584,161.343445,219.034103,186.948090,227.523666,239.879089,182.572083,207.622955
2919,2.552778,52.980835,298.054230,15.371117,121.042923,291.220154,-32.847340,179.263336,280.425385,-75.307709,74.215302,283.999054,43.265045,101.541550,281.071411,20.340363,130.631393,276.114716,-1.084865,160.551895,271.670044,-24.127920,196.433487,266.786377,-48.402699,93.725937,271.315521,69.320129,120.663162,267.440125,47.984459,149.316071,262.937927,25.448935,178.056549,259.164764,4.086617,212.951721,254.918243,-21.259701,114.244827,256.921112,97.932343,140.418198,251.436172,74.470108,168.041245,247.588669,52.723366,196.007767,242.699783,30.521286,229.390640,236.692474,4.783069,135.586975,241.888031,125.783669,159.699554,236.229721,104.628410,186.836227,231.182343,81.031837,214.199219,225.891068,58.074562,246.751587,220.298981,32.792244,160.551651,219.630676,158.184937,184.424133,218.341156,137.115997,209.169861,211.789749,114.059708,235.072235,205.247635,91.234497,261.475098,202.168365,71.156487,183.433197,210.278336,184.782608,204.450592,203.203339,165.120529,227.668716,197.291885,141.722046,244.681564,193.903259,126.247498,264.574402,191.087234,110.784607,205.092453,195.494888,211.801346,225.110153,188.716660,190.729218,242.154312,183.162308,174.951859,256.936798,179.731827,160.396957,219.471939,186.907745,227.276886,239.683716,180.648453,207.030106
2920,2.555556,52.977432,298.121704,15.377230,121.005531,290.977051,-32.883884,179.075500,279.778442,-75.436989,74.283508,284.245605,43.272224,101.477036,280.777405,20.273136,130.424866,275.397308,-1.218063,160.099289,270.412231,-24.436914,195.913818,265.101074,-48.692436,93.857361,271.690430,69.318520,120.596077,267.056763,47.894665,148.976929,261.756134,25.219496,177.390366,257.121246,3.691609,212.137222,252.209549,-21.724112,114.463150,257.454163,97.912537,140.364426,251.052139,74.480682,167.599823,246.074921,52.429661,195.195328,240.168015,30.078924,228.333786,233.338638,4.254035,135.902725,242.541138,125.766678,159.505096,235.516602,104.492798,186.223236,229.250122,80.702995,213.166794,222.798538,57.594952,245.401184,216.215683,32.168259,161.143677,221.032593,158.153656,184.255981,217.437256,136.850372,208.395004,209.377823,113.624016,233.777802,201.628540,90.697632,259.868134,197.427521,70.430885,183.990738,211.143463,184.635208,204.242416,202.158646,164.789795,226.831558,194.585434,141.204071,243.460724,190.175369,125.545738,263.022003,186.341141,109.988365,205.802460,196.498795,211.592331,225.046906,187.812347,190.389374,241.496078,180.793045,174.492706,255.827606,176.138885,159.681946,220.208466,187.918671,227.141129,239.757782,179.826477,206.605469
2921,2.558333,52.977940,298.251404,15.383521,120.966911,290.785370,-32.920998,178.900742,279.193329,-75.550003,74.383514,284.668793,43.293159,101.441788,280.656036,20.221973,130.240402,274.847687,-1.340503,159.660248,269.307861,-24.723494,195.415131,263.590576,-48.949932,94.045753,272.352356,69.343353,120.580917,266.962830,47.837318,148.683517,260.870178,25.030266,176.746063,255.345795,3.331180,211.349686,249.774475,-22.144346,114.776421,258.399628,97.937141,140.393494,251.087692,74.540016,167.237213,244.993866,52.208900,194.446396,238.068939,29.716381,227.341705,230.425949,3.819899,136.349548,243.734406,125.807465,159.433945,235.376617,104.446884,185.723465,227.905518,80.481377,212.231293,220.292938,57.236065,244.138443,212.723251,31.673119,161.898621,223.079117,158.196381,184.260803,217.288330,136.710571,207.784897,207.745514,113.351974,232.634888,198.786774,90.338509,258.395355,193.471542,69.887703,184.759125,212.830612,184.580200,204.245743,202.006973,164.611771,226.200714,192.813095,140.886093,242.432343,187.389938,125.064644,261.648315,182.537292,109.410416,206.762390,198.454666,211.494293,225.239136,187.935272,190.220917,241.092773,179.503632,174.246918,254.962646,173.652084,159.222366,221.218658,189.956619,227.114090,240.106918,180.109299,206.356827
2922,2.561111,52.981804,298.440430,15.390078,120.927269,290.644958,-32.957787,178.742889,278.675720,-75.642792,74.512016,285.261200,43.325363,101.435631,280.705811,20.187134,130.082047,274.470612,-1.447643,159.246796,268.373413,-24.978363,194.953339,262.277222,-49.162369,94.284836,273.289124,69.389725,120.617706,267.155304,47.812561,148.444473,260.290771,24.887590,176.143066,253.864792,3.020254,210.615646,247.655670,-22.499697,115.174805,259.739594,97.999100,140.503601,251.535233,74.645058,166.964935,244.357117,52.067123,193.786057,236.431839,29.448839,226.447342,227.997330,3.499644,136.913803,245.446243,125.898140,159.490204,235.805618,104.489975,185.355698,227.164139,80.374565,211.427277,218.409210,57.014423,243.009003,209.875122,31.330299,162.796814,225.740646,158.304749,184.443008,217.890106,136.695312,207.366440,206.911865,113.251328,231.688721,196.762665,90.174767,257.114136,190.362091,69.553802,185.713028,215.309464,184.611008,204.467102,202.745392,164.586594,225.807159,191.996094,140.776031,241.642654,185.585999,124.819229,260.512421,179.735901,109.076866,207.939926,201.326599,211.500092,225.685684,189.074509,190.222290,240.967850,179.305099,174.218277,254.385803,172.303085,159.028427,222.466537,192.985779,227.190338,240.725647,181.484924,206.284409
2923,2.563889,52.988220,298.685364,15.396921,120.887100,290.556122,-32.993225,178.605453,278.232086,-75.711853,74.664734,286.013977,43.365906,101.457497,280.924286,20.168266,129.954025,274.271362,-1.535206,158.872955,267.627594,-25.191853,194.545425,261.185059,-49.318653,94.566475,274.486511,69.452179,120.705040,267.629791,47.819496,148.267639,260.027313,24.796234,175.602982,252.707062,2.773161,209.964035,245.897858,-22.771210,115.645287,261.453491,98.090683,140.690887,252.385345,74.791954,166.792572,244.173492,52.007343,193.239380,235.284943,29.288141,225.684357,226.095062,3.308260,137.577515,247.651398,126.029892,159.673126,236.793991,104.617744,185.135315,227.036102,80.385284,210.788208,217.179077,56.941048,242.058746,207.722290,31.157320,163.812622,228.985077,158.469223,184.800003,219.229446,136.798126,207.159485,206.885773,113.321648,230.979797,195.587784,90.214737,256.078735,188.151764,69.445732,186.820114,218.543488,184.718887,204.903824,204.359436,164.707733,225.671951,192.141525,140.871460,241.129028,184.787781,124.812424,259.665131,177.980728,108.999657,209.294525,205.071426,211.600342,226.374298,191.206161,190.385437,241.132324,180.191788,174.400497,254.128250,172.104843,159.097122,223.907867,196.961823,227.361908,241.596207,183.926895,206.382080
2924,2.566667,52.996174,298.982574,15.403998,120.847343,290.519684,-33.026035,178.491898,277.870117,-75.754059,74.836449,286.917511,43.411667,101.505630,281.309113,20.164637,129.860825,274.256256,-1.599099,158.553879,267.090363,-25.354307,194.207611,260.337524,-49.410130,94.881042,275.929169,69.525276,120.840233,268.381653,47.856499,148.159836,260.088074,24.759640,175.148636,251.902100,2.602801,209.423233,244.542938,-22.943445,116.172028,263.519196,98.204407,140.949799,253.627808,74.976761,166.727310,244.449203,52.030277,192.829498,234.653625,29.242514,225.085251,224.758453,3.256963,138.318924,250.322067,126.193893,159.976730,238.327347,104.823257,185.072906,227.525482,80.512009,210.342865,216.628159,57.021107,241.330292,206.309921,31.165556,164.915604,232.778473,158.679901,185.321564,221.285492,137.009018,207.174438,207.665665,113.555695,230.539032,195.282318,90.457642,255.334671,186.880249,69.569656,188.043045,222.491730,184.893997,205.542908,206.824081,164.963791,225.803314,193.242432,141.161575,240.915680,185.003586,125.036850,259.144073,177.297256,109.177765,210.779694,209.640762,211.784058,227.281754,194.295258,190.697647,241.582581,182.142319,174.779572,254.204483,173.051315,159.414490,225.492844,201.834381,227.618912,242.689316,187.396317,206.638763
2925,2.569444,53.004547,299.328156,15.411189,120.809311,290.537323,-33.054646,178.405624,277.598236,-75.766571,75.021233,287.961731,43.459602,101.577721,281.858032,20.175304,129.806976,274.432281,-1.635586,158.304001,266.780640,-25.457136,193.953522,259.754608,-49.430912,95.217751,277.601288,69.603943,121.019478,269.406219,47.921406,148.126343,260.479767,24.779959,174.801544,251.477356,2.519425,209.017288,243.625198,-23.005909,116.736893,265.914124,98.333412,141.273285,255.252213,75.195717,166.773651,245.187805,52.134922,192.575180,234.558197,29.316175,224.677521,224.019989,3.352762,139.113312,253.428970,126.382027,160.390106,240.388000,105.098099,185.172852,228.630417,80.749786,210.111801,216.773422,57.254021,240.857834,205.672882,31.359762,166.071915,237.085663,158.927399,185.989792,224.031189,137.316071,207.410980,209.240295,113.941299,230.384262,195.853378,90.894981,254.913803,186.571732,69.922058,189.340881,227.110168,185.126144,206.361145,210.105164,165.340332,226.195526,195.278976,141.629639,241.010803,186.225906,125.477371,258.969910,177.692795,109.599907,212.345337,214.982819,212.039749,228.374847,198.297989,191.143219,242.300034,185.121796,175.336517,254.610214,175.118744,159.959015,227.168167,207.548721,227.950180,243.966095,191.844772,207.039948
2926,2.572222,53.012230,299.718475,15.418349,120.774429,290.611450,-33.077366,178.349823,277.424591,-75.746895,75.212601,289.136353,43.506882,101.671410,282.569550,20.199345,129.796738,274.806458,-1.641744,158.134949,266.714447,-25.494036,193.792969,259.450867,-49.377766,95.564972,279.487030,69.683708,121.237999,270.699005,48.011688,148.170532,261.206970,24.857843,174.578720,251.454742,2.529384,208.762924,243.168289,-22.953434,117.320030,268.615204,98.471664,141.652985,257.248169,75.445251,166.932846,246.389771,52.318501,192.488190,235.011734,29.508966,224.479385,223.901352,3.597425,139.933655,256.942047,126.587166,160.898209,242.956223,105.433029,185.432831,230.343170,81.090897,210.104996,217.621506,57.633938,240.662186,205.831863,31.737503,167.245819,241.870773,159.203323,186.779907,227.434494,137.706589,207.858139,211.589767,114.462830,230.518402,197.295059,91.512268,254.830780,187.233536,70.491028,190.670334,232.352310,185.405548,207.326538,214.161530,165.821335,226.829407,198.220078,142.255096,241.405502,188.432724,126.113327,259.144684,179.157333,110.246948,213.939514,221.043365,212.356018,229.612244,203.163498,191.704865,243.252747,189.084381,176.049377,255.323166,178.268265,160.704468,228.878448,214.046875,228.344162,245.380051,197.216339,207.568924
2927,2.575000,53.018204,300.150085,15.425303,120.744049,290.744812,-33.092648,178.326706,277.355225,-75.693398,75.403641,290.431122,43.550880,101.784714,283.442688,20.235916,129.833160,275.384918,-1.616009,158.054062,266.903137,-25.461874,193.731079,259.434601,-49.250221,95.910530,281.570648,69.760574,121.490501,272.255035,48.124516,148.293091,262.271667,24.991949,174.489944,251.848221,2.634252,208.668121,243.184753,-22.786102,117.900894,271.599335,98.613716,142.079102,259.604553,75.721268,167.201859,248.051437,52.575817,192.571915,236.018707,29.816059,224.497467,224.411514,3.986694,140.751862,260.830170,126.802994,161.483032,246.010361,105.817863,185.843536,232.649948,81.524864,210.321030,219.168152,58.149895,240.748230,206.791519,32.288738,168.400970,247.096817,159.500244,187.661987,231.459030,138.167160,208.495956,214.686539,115.101799,230.929916,199.589264,92.289825,255.082123,188.856155,71.257240,191.987030,238.169113,185.722672,208.400635,218.946167,166.389465,227.674881,202.025482,143.014450,242.076004,191.589615,126.919525,259.652832,181.665268,111.093330,215.510300,227.765533,212.721542,230.946777,208.834793,192.364304,244.398819,193.975555,176.894028,256.306580,182.448929,161.621262,230.567764,221.267563,228.789185,246.879456,203.448441,208.207489
2928,2.577778,53.021564,300.619781,15.431740,120.719154,290.939850,-33.099323,178.337128,277.393616,-75.605736,75.587265,291.835266,43.588913,101.915993,284.476166,20.283901,129.917557,276.171417,-1.558713,158.064163,267.352844,-25.361177,193.768417,259.708344,-49.050819,96.242226,283.835999,69.830711,121.771194,274.067993,48.256435,148.491837,263.672241,25.178308,174.537338,252.663406,2.830465,208.732773,243.677109,-22.509289,118.459427,274.842224,98.754158,142.540527,262.308014,76.018181,167.573120,250.163849,52.898579,192.821548,237.574677,30.227621,224.727325,225.547607,4.509918,141.540146,265.060486,127.023323,162.124695,249.525955,106.240837,186.389526,235.530594,82.037903,210.747833,221.398239,58.785503,241.105881,208.541229,32.995655,169.501953,252.724472,159.810822,188.603470,236.064209,138.682892,209.298065,218.496063,115.836533,231.595428,202.707016,93.202667,255.648529,191.414902,72.194183,193.247482,244.508118,186.067505,209.541885,224.406769,167.025726,228.695099,206.647324,143.881012,242.988297,195.652084,127.866211,260.464905,185.177963,112.107430,217.007477,235.088669,213.124451,232.328568,215.248932,193.101776,245.690750,199.733490,177.843719,257.514740,187.600479,162.676422,232.181686,229.145126,229.272980,248.410156,210.472015,208.935791
2929,2.580556,53.021553,301.124084,15.437085,120.700325,291.198059,-33.096859,178.380753,277.540833,-75.485001,75.756691,293.337402,43.618149,102.063293,285.666748,20.341368,130.048859,277.166260,-1.472478,158.163834,268.064423,-25.196239,193.901505,260.269379,-48.785202,96.548683,286.265869,69.889915,122.073425,276.128204,48.402683,148.761383,265.402039,25.409733,174.716583,253.897873,3.109290,208.949921,244.639267,-22.133734,118.977386,278.317871,98.887009,143.024857,265.340820,76.328186,168.034866,252.711716,53.274929,193.225647,239.666855,30.728603,225.156006,227.296555,5.149938,142.272751,269.597290,127.241180,162.802338,253.474030,106.688019,187.050598,238.957657,82.612350,211.365631,224.286713,59.518749,241.714188,211.057983,33.832924,170.515869,258.710785,160.126633,189.571793,241.204758,139.236450,210.234299,222.976791,116.641663,232.483871,206.609970,94.220314,256.499725,194.872849,73.268333,194.411591,251.312668,186.428589,210.708908,230.485748,167.708618,229.850266,212.031021,144.824432,244.103058,200.567398,128.918854,261.542572,189.645737,113.251656,218.384949,242.947418,213.551300,233.708420,222.337112,193.895309,247.079529,206.289871,178.868546,258.898346,193.655334,163.832916,233.669739,237.608414,229.781525,249.918701,218.211288,209.731903
2930,2.583333,53.017582,301.659149,15.440333,120.687584,291.519165,-33.085457,178.456116,277.796051,-75.333702,75.906036,294.925171,43.635643,102.223648,287.007477,20.405197,130.223312,278.365051,-1.362383,158.348053,269.033203,-24.974941,194.123672,261.110291,-48.462135,96.820183,288.841248,69.933212,122.389267,278.421204,48.556644,149.093246,267.448364,25.675724,175.018158,255.541534,3.457040,209.307343,246.057648,-21.675421,119.439285,281.997559,99.005280,143.518768,268.679474,76.640991,168.571869,255.672516,53.689419,193.767639,242.274185,31.298876,225.764252,229.636398,5.883441,142.927643,274.401672,127.447975,163.495102,257.819916,107.143074,187.803558,242.896179,83.226639,212.149643,227.800003,60.322449,242.545837,214.309586,34.768585,171.414413,265.008881,160.437225,190.536514,246.830566,139.807632,211.272858,228.080231,117.488152,233.560287,211.251556,95.307358,257.599457,199.183640,74.439781,195.444763,258.521851,186.792175,211.863190,237.120605,168.413589,231.100677,218.115799,145.810806,245.379349,206.275497,130.038269,262.842743,195.009445,114.482994,219.603119,251.271332,213.986191,235.040985,230.025223,194.719864,248.518021,213.570328,179.935135,260.408295,200.539719,165.049530,234.987991,246.580551,230.298065,251.355774,226.584366,210.571045
2931,2.586111,53.009300,302.220215,15.439914,120.680527,291.900787,-33.066177,178.560623,278.156158,-75.155731,76.030647,296.585083,43.638443,102.392822,288.487213,20.471050,130.434555,279.758026,-1.235796,158.608521,270.248932,-24.708288,194.425095,262.218689,-48.093357,97.049316,291.541168,69.954727,122.709656,280.927368,48.709862,149.476166,269.791748,25.962959,175.428207,257.576447,3.855718,209.788239,247.911240,-21.155048,119.833168,285.850189,99.100922,144.008499,272.294495,76.944305,169.166458,259.016479,54.123554,194.427139,245.367661,31.914062,226.528122,232.536819,6.681918,143.487701,279.432007,127.633232,164.182907,262.523254,107.587593,188.623779,247.304031,83.856026,213.072189,231.897049,61.165176,243.569809,218.256180,35.765415,172.175934,271.568787,160.729691,191.470734,252.887039,140.373566,212.381744,233.751328,118.344070,234.787994,216.577835,96.424576,258.908234,204.293304,75.663666,196.319931,266.071350,187.141800,212.971054,244.244476,169.113312,232.408249,224.834976,146.803391,246.776276,212.709641,131.181747,264.320496,201.201675,115.754189,220.631088,259.986053,214.410248,236.287216,238.235016,195.547150,249.962875,221.495346,181.007126,261.997833,208.174423,166.281708,236.101669,255.980316,230.802551,252.678925,235.504623,211.425247
2932,2.588889,52.996716,302.801880,15.433575,120.678398,292.338318,-33.040936,178.690521,278.615143,-74.956299,76.127190,298.302856,43.623688,102.565514,290.091125,20.533522,130.674133,281.330231,-1.101878,158.933990,271.695557,-24.409737,194.793137,263.576813,-47.693172,97.231262,294.343170,69.948059,123.025063,283.622711,48.852497,149.896942,272.406830,26.256100,175.929352,259.977386,4.284172,210.371933,250.171753,-20.596962,120.150955,289.843140,99.165077,144.480942,276.151642,77.224495,169.799606,262.707733,54.556709,195.180908,248.910797,32.546864,227.419983,235.959549,7.513207,143.941513,284.645111,127.784851,164.847382,267.539185,108.001816,189.486572,252.133011,84.473778,214.103378,236.529953,62.012836,244.751633,222.849686,36.782635,172.786392,278.338745,160.988632,192.351730,259.315887,140.909622,213.529831,239.929367,119.175903,236.129654,222.528152,97.530617,260.384674,210.140472,76.892159,197.018936,273.895355,187.458313,214.004745,251.787598,169.778458,233.737350,232.116714,147.763901,248.253815,219.797119,132.304779,265.930328,208.147781,117.015587,221.448380,269.015198,214.801437,237.416229,246.885956,196.345993,251.375793,229.981537,182.046341,263.623383,216.475464,167.483185,236.987442,265.724487,231.271133,253.854904,244.883057,212.263077
2933,2.591667,52.980228,303.398285,15.418436,120.680214,292.825531,-33.012478,178.840988,279.164215,-74.741783,76.193558,300.063782,43.588688,102.735733,291.801422,20.586523,130.932343,283.061890,-0.970889,159.310852,273.351685,-24.094353,195.213013,265.161865,-47.277443,97.363586,297.223877,69.906776,123.326355,286.480225,48.974041,150.341248,275.263245,26.538700,176.501541,262.713043,4.719570,211.034927,252.804337,-20.027544,120.388397,293.943420,99.188393,144.924347,280.213623,77.467262,170.452042,266.705597,54.967247,196.003754,252.860580,33.168655,228.409439,239.858917,8.343464,144.283218,289.997620,127.889740,165.472702,272.819641,108.365532,190.368027,257.330261,85.052650,215.211929,241.644363,62.830502,246.053680,228.033295,37.778015,173.239532,285.266876,161.196640,193.161209,266.056427,141.390320,214.687454,246.549164,119.950020,237.547714,229.036087,98.583862,261.985229,216.655960,78.076828,197.533203,281.928223,187.720123,214.942932,259.678833,170.378769,235.055237,239.885284,148.654175,249.773163,227.460526,133.362793,267.627014,215.767105,118.217270,222.045639,278.282959,215.134659,238.406036,255.897369,197.083054,252.724228,238.943558,183.013702,265.245026,225.355225,168.607712,237.634476,275.730682,231.676468,254.860703,254.631042,213.049942
2934,2.594444,52.960510,304.003632,15.391388,120.684914,293.354889,-32.984169,179.006638,279.792084,-74.519310,76.228867,301.853271,43.530991,102.897324,293.598358,20.623800,131.198975,284.929260,-0.853399,159.723923,275.191315,-23.777744,195.669006,266.947205,-46.862328,97.445938,300.159729,69.824875,123.605293,289.470734,49.064037,150.794144,278.326691,26.794281,177.122910,265.746552,5.138865,211.752441,255.769409,-19.473471,120.544853,298.118469,99.161629,145.328873,284.441620,77.658386,171.105072,270.965820,55.333710,196.869141,257.168243,33.751080,229.464752,244.183044,9.139168,144.512314,295.447052,127.934425,166.045792,278.315186,108.658951,191.245499,262.839661,85.566231,216.365860,247.180618,63.584202,247.436447,233.742310,38.710178,173.536453,292.302338,161.335037,193.885330,273.047150,141.790558,215.827057,253.542419,120.634064,239.005142,236.030350,99.544365,263.665283,223.763245,79.170944,197.863449,290.106598,187.904251,215.770798,267.847351,170.884338,236.332687,248.062698,149.437439,251.297684,235.619003,134.313126,269.366638,223.974533,119.311172,222.424484,287.716187,215.382751,239.243927,265.190765,197.723785,253.982010,248.296234,183.870636,266.827026,234.724335,169.611069,238.044266,285.919525,231.988495,255.684219,264.663361,213.748688
2935,2.597222,52.938103,304.612762,15.349738,120.691444,293.918427,-32.959774,179.182037,280.485748,-74.296227,76.233307,303.656982,43.448410,103.044418,295.460541,20.639494,131.463882,286.905365,-0.759511,160.157700,277.184875,-23.474907,196.145599,268.903961,-46.463249,97.479622,303.127655,69.697144,123.854691,292.563416,49.112705,151.240967,281.559448,27.007355,177.770966,269.036926,5.519995,212.500122,259.024689,-18.960283,120.622849,302.336761,99.076111,145.686783,288.795776,77.784401,171.741150,275.441193,55.636017,197.750626,261.780396,34.267479,230.554337,248.875519,9.868774,144.632751,300.952759,127.905891,166.556412,283.975586,108.863640,192.098190,268.602905,85.990318,217.533798,253.074890,64.242531,248.860504,239.906097,39.540535,173.684662,299.396759,161.384918,194.514664,280.227295,142.086426,216.923889,260.839325,121.198250,240.466553,243.436172,100.375481,265.380493,231.379883,80.131523,198.018311,298.370422,187.987564,216.479797,276.224396,171.266617,237.544586,256.570709,150.079758,252.793762,244.190079,135.116394,271.107727,232.682083,120.253021,222.595871,297.245941,215.517975,239.925797,274.691589,198.234009,255.129700,257.956787,184.580200,268.338806,244.493790,170.452209,238.228790,296.216644,232.176300,256.323486,274.900543,214.321091
2936,2.600000,52.913059,305.221130,15.291698,120.698730,294.507904,-32.943245,179.362259,281.231476,-74.079773,76.207962,305.461365,43.339077,103.171852,297.365753,20.628639,131.717606,288.961365,-0.698106,160.597229,279.300507,-23.199169,196.628296,271.001953,-46.094223,97.467278,306.105225,69.519600,124.068466,295.726257,49.111511,151.667786,284.921478,27.164234,178.423859,272.539703,5.842803,213.255142,262.527008,-18.511335,120.627403,306.567780,98.924477,145.992157,293.235718,77.833481,172.344406,280.082397,55.856487,198.622971,266.639984,34.694180,231.647903,253.876572,10.503787,144.652206,306.476074,127.792389,166.997101,289.750610,108.963501,192.907562,274.560699,86.303795,218.686096,259.260742,64.777863,250.288101,246.450073,40.234974,173.696655,306.504517,161.328491,195.043884,287.537964,142.256424,217.956665,268.370087,121.616508,241.899277,251.176956,101.045242,267.088837,239.420090,80.920906,198.012512,306.663696,187.948471,217.067017,284.744598,171.499695,238.670517,265.332672,150.551086,254.231689,253.091431,135.738037,272.812073,241.800354,121.004089,222.577896,306.808289,215.514236,240.454987,284.330566,198.581512,256.154724,267.846588,185.108505,269.755524,254.577225,171.094574,238.207962,306.553040,232.210480,256.785187,285.270325,214.730133
2937,2.602778,52.884781,305.824890,15.216551,120.705681,295.115326,-32.938286,179.542999,282.015320,-73.876701,76.154648,307.253571,43.201653,103.275436,299.291626,20.587566,131.951736,291.067932,-0.676134,161.029037,281.505432,-22.961432,197.103836,273.210144,-45.767445,97.412445,309.070679,69.290123,124.241844,298.926971,49.053822,152.062347,288.371887,27.253632,179.061325,276.208740,6.089827,213.996933,266.233093,-18.146975,120.565254,310.782257,98.701515,146.240997,297.721375,77.796196,172.901031,284.839142,55.980827,199.463104,271.688416,35.011604,232.717056,259.124573,11.019611,144.580719,311.980560,127.584564,167.363098,295.590790,108.945839,193.657776,280.654236,86.489449,219.796051,265.670990,65.167343,251.684067,253.297363,40.765228,173.588196,313.582886,161.150604,195.471191,294.922577,142.282562,218.907822,276.066803,121.867416,243.274277,259.176147,101.527397,268.751740,247.796997,81.508179,197.864655,314.934143,187.768723,217.534286,293.346588,171.561569,239.694870,274.275116,150.826508,255.586151,262.242889,136.149384,274.445374,251.240189,121.532692,222.392975,316.343903,215.349350,240.840454,294.044128,198.738129,257.050598,277.892487,185.426270,271.058258,264.892700,171.507111,238.006454,316.865112,232.065765,257.082214,295.707581,214.942474
2938,2.605556,52.852268,306.420410,15.124673,120.711166,295.733551,-32.947807,179.720825,282.823730,-73.692940,76.075684,309.021637,43.035656,103.352104,301.217041,20.514080,132.159393,293.197296,-0.698104,161.441605,283.767242,-22.769794,197.560165,275.496765,-45.492916,97.318947,312.003143,69.009026,124.371513,302.133759,48.935440,152.414658,291.871002,27.267225,179.665573,279.997711,6.247095,214.707275,270.099548,-17.883778,120.444031,314.951935,98.404930,146.430923,302.213898,77.666496,173.399734,289.662018,55.998859,200.250809,276.867188,35.205196,233.736191,264.557526,11.396659,144.429596,317.431519,127.276466,167.652115,301.448517,108.802338,194.336014,286.826843,86.534668,220.840347,272.239349,65.393814,253.016327,260.370239,41.110065,173.376480,320.591461,160.840500,195.797424,302.327881,142.151566,219.763702,283.864929,121.935081,244.566422,267.359222,101.802315,270.334717,256.424225,81.870377,197.594711,323.132782,187.435272,217.886719,301.973328,171.435364,240.606369,283.328857,150.887222,256.836151,271.567871,136.328857,275.977844,260.914734,121.815369,222.065125,325.797455,215.007187,241.094360,303.773956,198.681625,257.815308,288.026947,185.510300,272.232971,275.363739,171.665680,237.650711,327.093628,231.723358,257.231140,306.153320,214.931168
2939,2.608333,52.814503,307.004333,15.017471,120.714081,296.356171,-32.973526,179.892868,283.644043,-73.533264,75.973747,310.754547,42.841644,103.400139,303.122986,20.407408,132.335693,295.324493,-0.765966,161.825653,286.055725,-22.629469,197.986816,277.830566,-45.278076,97.190613,314.882507,68.679192,124.455811,305.316833,48.754791,152.717377,295.382080,27.200075,180.221802,283.862640,6.304837,215.370255,274.083374,-17.733841,120.271622,319.049988,98.035538,146.561066,306.676880,77.442253,173.831802,294.504303,55.904808,200.969223,282.120239,35.265949,234.683258,270.115112,11.621376,144.210205,322.795776,126.866386,167.863876,307.279114,108.529846,194.932510,293.025726,86.432060,221.799377,278.902313,65.446587,254.256577,267.591675,41.256020,173.078384,327.491547,160.393158,196.025162,309.704285,141.855743,220.514099,291.704620,121.809807,245.754547,275.655640,101.857613,271.807648,265.217163,81.993332,197.222153,331.212952,186.941620,218.131149,310.571655,171.110840,241.397217,292.429901,150.721313,257.964722,280.994476,136.262711,277.383942,270.741119,121.837502,221.617722,335.116180,214.479446,241.229691,313.465698,198.397537,258.449341,298.187683,185.345123,273.269257,285.919647,171.554245,237.166290,337.182007,231.173141,257.249084,316.552856,214.677963
2940,2.611111,52.770779,307.573059,14.897167,120.713577,296.977875,-33.015911,180.056747,284.465332,-73.401245,75.851814,312.441956,42.621357,103.419098,304.993561,20.268021,132.477737,297.428375,-0.879328,162.174255,288.344116,-22.543005,198.375504,280.183411,-45.127525,97.031296,317.689972,68.305473,124.494736,308.449707,48.512703,152.965714,298.872498,27.050688,180.718353,287.763794,6.257834,215.972687,278.143433,-17.704523,120.055679,323.050873,97.597107,146.631912,311.077545,77.125206,174.191284,299.324280,55.697289,201.605133,287.395630,35.190376,235.540253,275.740051,11.686589,143.933273,328.041504,126.357285,167.999588,313.041779,108.130241,195.440353,299.203247,86.179565,222.657196,285.600494,65.321709,255.380814,274.887756,41.197556,172.709366,334.245789,159.810043,196.157898,317.006165,141.393661,221.151886,299.531799,121.488380,246.821182,283.999908,101.688393,273.144745,274.094757,81.871964,196.764572,339.129120,186.289001,218.274597,319.091522,170.585327,242.062103,301.519562,150.324280,258.958252,290.456207,135.945465,278.642548,280.641785,121.593391,221.071915,344.248383,213.766815,241.258316,323.067047,197.880402,258.954193,308.316559,184.924103,274.159332,296.494751,171.165543,236.576096,347.074829,230.415039,257.151337,326.853210,214.174942
2941,2.613889,52.720974,308.122925,14.766444,120.709084,297.594543,-33.074417,180.210403,285.279419,-73.299194,75.713036,314.074188,42.377777,103.409760,306.816071,20.097425,132.584427,299.491852,-1.035731,162.482742,290.610443,-22.510801,198.720413,282.532684,-45.043304,96.845032,320.407928,67.894127,124.489761,311.510010,48.212051,153.157227,302.314575,26.820786,181.146942,291.666351,6.105354,216.504379,282.242554,-17.798662,119.803398,326.930420,97.096130,146.645309,315.387482,76.720314,174.474716,304.085663,55.378937,202.149048,292.647156,34.979912,236.293442,281.380432,11.590821,143.608505,333.137817,125.756699,168.061783,318.700378,107.609596,195.855408,305.317383,85.780151,223.401611,292.280243,65.021484,256.370117,282.190369,40.936424,172.282928,340.817596,159.099060,196.199661,324.191376,140.770004,221.672348,307.298065,120.973869,247.752655,292.332703,101.296921,274.325073,282.981689,81.509575,196.237274,346.835846,185.486588,218.323288,327.485352,169.864136,242.597473,310.544189,149.699036,259.805908,299.891846,135.379730,279.736420,290.545563,121.085510,220.445908,353.142059,212.879364,241.190292,332.526276,197.134476,259.331238,318.358398,184.249573,274.897095,307.027679,170.501343,235.899689,356.715820,229.459595,256.950439,337.001434,213.425140
2942,2.616667,52.665581,308.650665,14.628150,120.700348,298.203003,-33.147858,180.352188,286.081360,-73.228226,75.560776,315.641876,42.114922,103.373962,308.580658,19.898001,132.656052,301.501587,-1.231029,162.748535,292.837769,-22.531830,199.017914,284.863129,-45.025536,96.636108,323.020050,67.452385,124.443520,314.479126,47.857578,153.291367,305.685425,26.514982,181.502304,295.540375,5.850786,216.958191,286.348450,-18.014864,119.521622,330.665314,96.541534,146.604233,319.582367,76.235085,174.680893,308.757812,54.955906,202.595108,297.835388,34.639946,236.933334,286.991577,11.337028,143.244858,338.054413,125.076340,168.054047,324.223389,106.977242,196.175827,311.331665,85.241257,224.024200,298.894836,64.553459,257.211029,289.440308,40.480392,171.810852,347.170166,158.274490,196.154648,331.220398,139.995407,222.072800,314.960480,120.275063,248.538666,300.600708,100.691757,275.332733,291.810760,80.916283,195.653519,354.286835,184.551270,218.282578,335.706940,168.960022,243.001221,319.454376,148.855377,260.499634,309.245453,134.575363,280.652588,300.387756,120.323479,219.755295,361.743835,211.836014,241.033859,341.791138,196.173477,259.581787,328.259857,183.332611,275.477905,317.460327,169.571854,235.153656,366.046875,228.327484,256.656281,346.943207,212.441833
2943,2.619444,52.605591,309.153259,14.485120,120.687248,298.800690,-33.234612,180.481384,286.869629,-73.188347,75.398621,317.135986,41.837482,103.314217,310.279449,19.672947,132.693924,303.447937,-1.460200,162.971054,295.014221,-22.604225,199.266129,287.166779,-45.073177,96.409119,325.511078,66.988304,124.359421,317.341858,47.455666,153.368927,308.966217,26.140364,181.781708,299.360138,5.500882,217.329697,290.433105,-18.347851,119.217003,334.233032,95.944481,146.512756,323.641083,75.679092,174.810577,313.315002,54.437180,202.940613,302.927887,34.178902,237.454407,292.536835,10.931687,142.850754,342.761261,124.331467,167.980911,329.582703,106.245239,196.401733,317.214172,84.574043,224.520050,305.404480,63.929214,257.895172,296.588623,39.841812,171.303741,353.266052,157.355988,196.027603,338.055328,139.085739,222.352539,322.480011,119.405670,249.172394,308.756683,99.886406,276.156860,300.524536,80.107208,195.025223,361.434692,183.506500,218.157455,343.710999,167.892487,243.272766,328.203705,147.809280,261.033905,318.465790,133.548050,281.381866,310.110382,119.322838,219.014053,369.999023,210.663284,240.796143,350.808563,195.019394,259.707672,337.968750,182.191788,275.898834,327.737488,168.394455,234.352814,375.007599,227.048019,256.277283,356.622498,211.247192
2944,2.622222,52.542328,309.627960,14.340112,120.669830,299.385254,-33.332775,180.598495,287.645203,-73.178642,75.230438,318.547882,41.550568,103.233521,311.905701,19.426245,132.700272,305.324646,-1.718222,163.151413,297.131958,-22.725454,199.464706,289.441040,-45.184658,96.169121,327.866486,66.510742,124.241547,320.085114,47.014225,153.391907,312.141571,25.705793,181.984650,303.104034,5.064680,217.616608,294.471375,-18.789160,118.896294,337.611328,95.318123,146.375870,327.544617,75.063553,174.866196,317.735382,53.833935,203.185501,307.899078,33.607269,237.854324,297.987427,10.384245,142.434814,347.228241,123.539879,167.847794,334.751801,105.428154,196.534927,322.936188,83.792740,224.887283,311.776062,63.163094,258.418701,303.597046,39.036091,170.772156,359.066925,156.367630,195.823990,344.658905,138.061325,222.512756,329.820343,118.383499,249.650345,316.759186,98.897835,276.791534,309.076599,79.100388,194.364273,368.231049,182.380722,217.953522,351.452148,166.686447,243.413376,336.747955,146.581985,261.406281,327.506012,132.317856,281.919464,319.661987,118.103523,218.236053,377.851776,209.393417,240.484589,359.524933,193.700638,259.712128,347.433441,180.851837,276.159149,337.806610,166.992401,233.511826,383.536041,225.656952,255.821762,365.981812,209.870636
2945,2.625000,52.477329,310.072083,14.195862,120.648232,299.954620,-33.440357,180.704865,288.410553,-73.197433,75.060303,319.869080,41.259750,103.135254,313.453308,19.162502,132.677979,307.127472,-2.000257,163.292053,299.185669,-22.892134,199.614365,291.685913,-45.358131,95.921684,330.072205,66.029282,124.094505,322.696899,46.542580,153.363342,315.198700,25.221024,182.112396,306.753876,4.552561,217.818497,298.440857,-19.328127,118.566719,340.778046,94.677269,146.199387,331.274719,74.401115,174.851608,321.999878,53.158878,203.331955,312.729462,32.936676,238.133377,303.321625,9.706168,142.006424,351.425415,122.721077,167.661163,339.704651,104.542625,196.578949,328.471344,82.913795,225.126877,317.982147,62.271088,258.781586,310.436584,38.080219,170.227371,364.534210,155.336105,195.550629,350.993896,136.945923,222.556747,336.946533,117.229500,249.972488,324.572052,97.745316,277.235077,317.431335,77.914856,193.683929,374.627319,181.205246,217.677826,358.884979,165.370895,243.426559,345.044098,145.198685,261.617401,336.323029,130.908051,282.264587,328.998138,116.687981,217.436707,385.245819,208.062042,240.107986,367.886322,192.249985,259.600677,356.602997,179.341736,276.260925,347.617523,165.393295,232.647034,391.569458,224.194138,255.299271,374.962341,208.347122
2946,2.627778,52.412262,310.482971,14.055135,120.622795,300.506927,-33.555462,180.801559,289.167847,-73.242302,74.892372,321.091187,40.971230,103.023117,314.916290,18.886713,132.630310,308.852936,-2.301448,163.396103,301.170898,-23.099751,199.716553,293.901276,-45.591312,95.672859,332.114258,65.553947,123.923592,325.165497,46.051033,153.287201,318.126465,24.696079,182.167679,310.294037,3.975638,217.936661,302.322205,-19.952982,118.236313,343.711212,94.037704,145.990067,334.812775,73.705742,174.772049,326.091187,52.425533,203.384048,317.403839,32.179222,238.294022,308.523468,8.909822,141.576096,355.323059,121.895645,167.428650,344.415222,103.606995,196.539169,333.794769,81.955002,225.242264,323.999603,61.269806,258.986755,317.085785,36.991646,169.682388,369.629730,154.289169,195.216217,357.023346,135.765274,222.490143,343.824524,115.966827,250.142044,332.163116,96.449615,277.489746,325.562164,76.569717,192.999634,380.575623,180.012375,217.339569,365.963867,163.977509,243.318405,353.050110,143.687454,261.671082,344.876587,129.344391,282.420349,338.081329,115.099625,216.634033,392.125519,206.706268,239.677444,375.838928,190.702866,259.381622,365.426941,177.693451,276.209412,357.121613,163.628189,231.777710,399.045502,222.701126,254.721817,383.504608,206.715195
2947,2.630556,52.348896,310.857910,13.920570,120.593994,301.040405,-33.676170,180.888458,289.917816,-73.309967,74.730881,322.205872,40.691696,102.901131,316.288513,18.604206,132.560684,310.497101,-2.616925,163.467010,303.083160,-23.342518,199.773010,296.085785,-45.881107,95.429100,333.978912,65.094917,123.734772,327.479462,45.550167,153.168411,320.914581,24.141058,182.154449,313.710327,3.345295,217.973892,306.100433,-20.651886,117.913940,346.389374,93.415291,145.755417,338.139709,72.992371,174.634125,329.993073,51.647625,203.347137,321.910004,31.347227,238.340591,313.580902,8.007908,141.155579,358.892242,121.084648,167.159256,348.857239,102.640907,196.422775,338.882965,80.934799,225.239151,329.808807,60.175983,259.039886,323.528198,35.787762,169.152237,374.317169,153.254028,194.831741,362.711060,134.545959,222.321075,350.420837,114.620117,250.165344,339.503357,95.032608,277.561035,333.448944,75.083969,192.329620,386.029785,178.833908,216.950470,372.643555,162.539322,243.097809,360.724426,142.078430,261.574585,353.128235,127.654564,282.393005,346.879822,113.362457,215.849396,398.436676,205.363068,239.206970,383.329315,189.096252,259.066376,373.855011,175.941208,276.013153,366.270874,161.730896,230.926743,405.903534,221.218903,254.104614,391.549561,205.015121
2948,2.633333,52.289070,311.194519,13.794461,120.562561,301.553070,-33.800201,180.964325,290.659302,-73.396187,74.580185,323.204956,40.427959,102.773506,317.563782,18.320625,132.472626,312.055359,-2.941863,163.508347,304.917175,-23.613525,199.785599,298.236359,-46.223484,95.197235,335.652985,64.662193,123.534721,329.627319,45.050312,153.012772,323.553040,23.565985,182.077728,316.989594,2.672916,217.934387,309.764221,-21.413515,117.609314,348.792297,92.825241,145.503784,341.236542,72.276207,174.445831,333.689880,50.838840,203.227844,326.236877,30.453356,238.278915,318.483612,7.013535,140.757782,362.105438,120.308701,166.863159,353.004517,101.664803,196.238770,343.713348,79.871849,225.125183,335.392029,59.006561,258.948883,329.750061,34.485958,168.653885,378.562836,152.256348,194.410477,368.022034,133.314651,222.060074,356.702606,113.215019,250.051529,346.565491,93.517105,277.457275,341.074982,73.476997,191.694534,390.946136,177.700333,216.524765,378.879822,161.089722,242.776535,368.026093,140.403183,261.338165,361.040558,125.867874,282.192047,355.365051,111.501701,215.107132,404.127899,204.068024,238.713516,390.305176,187.467606,258.669403,381.837646,174.121017,275.684204,375.017578,159.737564,230.120529,412.086456,219.785889,253.466248,399.039856,203.287308
2949,2.636111,52.234665,311.490753,13.678761,120.529373,302.042389,-33.924809,181.027588,291.390106,-73.496407,74.444679,324.080902,40.186596,102.644554,318.735931,18.041794,132.369736,313.522522,-3.271452,163.523865,306.667175,-23.905159,199.756424,300.348389,-46.613594,94.984436,337.124023,64.265373,123.330620,331.597748,44.561436,152.826965,326.032532,22.980509,181.943466,320.119415,1.969796,217.823517,313.304749,-22.226820,117.332672,350.901123,92.281952,145.244370,344.084656,71.572266,174.216293,337.166321,50.013111,203.033829,330.373596,29.510864,238.116226,323.221527,5.940643,140.396393,364.937225,119.587311,166.551743,356.831543,100.699326,195.997696,348.264404,78.784851,224.909592,340.732483,57.779068,258.723755,335.738190,33.104004,168.205917,382.336456,151.319427,193.967636,372.922424,132.097931,221.719803,362.637634,111.778015,249.812241,353.323181,91.926903,277.189331,348.424347,71.769432,191.116684,395.284424,176.640228,216.079010,384.630249,159.661575,242.368973,374.914825,138.694305,260.975098,368.576874,124.015198,281.829742,363.509460,109.544685,214.433701,409.151703,202.854156,238.216660,396.716553,185.853867,258.207855,389.325897,172.270187,275.237701,383.314148,157.686432,229.388123,417.541870,218.436798,252.828217,405.920807,201.571182
2950,2.638889,52.187550,311.745056,13.575307,120.495453,302.505798,-34.047253,181.077332,292.108276,-73.607056,74.328659,324.826874,39.973698,102.518578,319.799011,17.773495,132.255783,314.893280,-3.600804,163.517685,308.326996,-24.209564,199.687988,302.415771,-47.045956,94.797890,338.380798,63.913383,123.129852,333.379944,44.093246,152.618271,328.344269,22.393728,181.758514,323.088013,1.247227,217.647736,316.713379,-23.080212,117.094246,352.699219,91.798782,144.986816,346.666473,70.895264,173.955276,340.407349,49.185097,202.773743,334.308838,28.534002,237.860977,327.783752,4.804545,140.085281,367.364929,118.938202,166.237274,360.313690,99.764793,195.711288,352.514923,77.692841,224.602890,345.813293,56.512085,258.376160,341.479004,31.660612,167.827408,385.611664,150.463745,193.519669,377.379974,130.922440,221.314713,368.194336,110.336342,249.461121,359.749939,90.287369,276.770294,355.479584,69.984230,190.618896,399.008698,175.679443,215.631271,389.855347,158.286743,241.891754,381.351410,136.985138,260.501099,375.700500,122.129219,281.320923,371.284332,107.521782,213.856293,413.465851,201.750946,237.737656,402.517059,184.290756,257.700897,396.272339,170.427109,274.691681,391.113861,155.617462,228.759506,422.223236,217.202240,252.214157,412.141266,199.905045
2951,2.641667,52.149445,311.956299,13.485955,120.461906,302.941528,-34.165295,181.113266,292.812866,-73.725891,74.236008,325.437225,39.794598,102.399712,320.747620,17.521315,132.134399,316.162415,-3.924869,163.494232,309.890289,-24.518730,199.583313,304.431213,-47.514431,94.644386,339.413696,63.614182,122.939667,334.963867,43.655193,152.394226,330.480042,21.814482,181.530426,325.884521,0.516774,217.414505,319.980286,-23.960722,116.903664,354.172607,91.387436,144.740891,348.965485,70.259476,173.672791,343.398163,48.370075,202.457031,338.030151,27.538385,237.522766,332.158356,3.622363,139.837555,369.369598,118.376747,165.932220,363.427612,98.880989,195.391876,356.443848,76.615723,224.216568,350.617065,55.225651,257.919250,346.957672,30.176214,167.536682,388.366730,149.706528,193.083359,381.364288,129.814636,220.860519,373.341644,108.918037,249.013184,365.817902,88.626366,276.215485,362.219666,68.147964,190.222977,402.088623,174.840347,215.200134,394.518890,156.995575,241.363129,387.297821,135.309494,259.933899,382.374573,120.244637,280.682709,378.658539,105.467346,213.401047,417.034424,200.783905,237.298355,407.664154,182.812347,257.168701,402.631500,168.630981,274.066193,398.371033,153.572159,228.263596,426.090851,216.108704,251.648422,417.653839,198.326126
2952,2.644444,52.121746,312.123596,13.412419,120.429832,303.349182,-34.277203,181.135727,293.503571,-73.851562,74.169861,325.907684,39.653545,102.291710,321.577301,17.290413,132.009033,317.325378,-4.238662,163.458160,311.350616,-24.824371,199.446075,306.385986,-48.011875,94.529869,340.215118,63.374378,122.766785,336.340607,43.256210,152.162231,332.431976,21.251886,181.267349,328.498566,-0.209462,217.132309,323.093658,-24.853565,116.769241,355.310760,91.057251,144.515808,350.966827,69.678513,173.378922,346.124573,47.583408,202.093781,341.524017,26.541121,237.112289,336.331451,2.413366,139.664581,370.936554,117.915459,165.648499,366.151855,98.066902,195.051804,360.030060,75.574478,223.762939,355.125275,53.941566,257.367798,352.157471,28.673935,167.349670,390.585236,149.061462,192.675049,384.847748,128.799850,220.373734,378.048950,107.551933,248.484619,371.497498,86.974777,275.542572,368.618164,66.291992,189.948135,404.500183,174.141144,214.803711,398.588501,155.816559,240.802261,392.717346,133.701584,259.292908,388.561646,118.398163,279.934448,385.596954,103.420464,213.091171,419.828674,199.974274,236.919861,412.119843,181.450897,256.631836,408.360168,166.921341,273.382660,405.041321,151.593613,227.926041,429.112732,215.177826,251.154755,422.415070,196.870850
2953,2.647222,52.105427,312.246613,13.355973,120.400291,303.729492,-34.381470,181.145248,294.180298,-73.982857,74.132324,326.235565,39.553459,102.197746,322.284668,17.085320,131.882874,318.378845,-4.537868,163.414139,312.701324,-25.117971,199.280670,308.269806,-48.529984,94.459023,340.779724,63.199028,122.617004,337.503052,42.904236,151.929382,334.192444,20.715494,180.977875,330.920166,-0.918931,216.810776,326.039551,-25.742191,116.697365,356.106842,90.814705,144.319855,352.657959,69.164703,173.083496,348.573151,46.840271,201.694672,344.775421,25.560663,236.641388,340.286682,1.199231,139.575104,372.055939,117.563530,165.396988,368.467743,97.340103,194.703262,363.252899,74.590355,223.255081,359.318268,52.683346,256.737885,357.058441,27.180250,167.278503,392.256470,148.538513,192.309784,387.806549,127.901237,219.871124,382.286346,106.267471,247.892670,376.757141,85.366287,274.771515,374.642578,64.452950,189.809479,406.226929,173.595306,214.458679,402.036102,154.775558,240.228745,397.574310,132.196045,258.598969,394.223022,116.628090,279.097931,392.059448,101.424850,212.944977,421.828400,199.338394,236.621216,415.850708,180.236343,256.110443,413.417480,165.337524,272.663757,411.080597,149.726379,227.767227,431.265991,214.425766,250.755249,426.386139,195.574097
2954,2.650000,52.100986,312.325226,13.317296,120.374191,304.083832,-34.476635,181.142578,294.842651,-74.118408,74.124329,326.419861,39.495762,102.120277,322.867493,16.909777,131.758820,319.320526,-4.819237,163.366882,313.936005,-25.391109,199.092148,310.071075,-49.059563,94.435066,341.104553,63.091434,122.494942,338.445984,42.605812,151.702209,335.754333,20.215019,180.670990,333.139465,-1.599031,216.460480,328.802338,-26.608686,116.691986,356.557800,90.663414,144.159912,354.028961,68.728416,172.795959,350.731201,46.155472,201.270905,347.768097,24.616468,236.123459,344.004120,0.004032,139.574768,372.723236,117.326347,165.187103,370.359924,96.715851,194.358276,366.092804,73.683708,222.707092,363.174225,51.475899,256.047333,361.636566,25.724915,167.330399,393.375671,148.143890,192.000702,390.221039,127.138969,219.369553,386.024628,105.094078,247.256012,381.562805,83.836563,273.925201,380.254059,62.672100,189.816559,407.260559,173.211121,214.179718,404.838165,153.895081,239.662460,401.833435,130.827576,257.874725,399.318420,114.973534,278.198395,398.000153,99.527908,212.974243,423.022949,198.886917,236.418350,418.828949,179.195374,255.624084,417.764648,163.917587,271.933350,416.444061,148.015869,227.800430,432.537720,213.862564,250.469269,429.533813,194.467606
2955,2.652778,52.108490,312.359680,13.296535,120.352226,304.413269,-34.561409,181.128693,295.489746,-74.256493,74.145668,326.461151,39.480457,102.061058,323.324646,16.766651,131.639481,320.148712,-5.080408,163.320953,315.048828,-25.635963,198.886444,311.777161,-49.590786,94.459587,341.189117,63.052929,122.403938,339.166107,42.365982,151.486771,337.110840,19.759909,180.356018,335.146729,-2.237629,216.093002,331.364563,-27.434147,116.754387,356.664459,90.604065,144.041168,355.073029,68.377548,172.525192,352.586700,45.543102,200.834503,350.484192,23.728479,235.573593,347.460327,-1.146256,139.665634,372.938782,117.205307,165.026520,371.817169,96.206375,194.028595,368.531342,72.873314,222.134445,366.669037,50.345001,255.316101,365.863281,24.340174,167.507095,393.943970,147.879959,191.758957,392.075897,126.529541,218.886047,389.235474,104.059883,246.595123,385.878296,82.421898,273.029724,385.407684,60.993607,189.972763,407.601624,172.991669,213.979218,406.976105,153.193481,239.123627,405.459930,129.629608,257.145050,403.805389,113.473328,277.264648,403.367676,97.778770,213.182785,423.412231,198.624344,236.323364,421.033081,178.350372,255.192017,421.365112,162.696930,271.217316,421.085571,146.506958,228.030365,432.926208,213.491913,250.312454,431.832397,193.577927
2956,2.655556,52.127636,312.350342,13.293354,120.334969,304.718323,-34.634686,181.104935,296.120056,-74.394905,74.195190,326.361481,39.506317,102.021057,323.656067,16.657911,131.527161,320.861420,-5.319307,163.280655,316.034393,-25.845678,198.670395,313.374542,-50.113087,94.532417,341.035309,63.082829,122.346062,339.661804,42.188316,151.288544,338.255737,19.358973,180.042572,336.931976,-2.823388,215.720810,333.707062,-28.199184,116.883141,356.431335,90.634628,143.967102,355.786194,68.117340,172.279572,354.128174,45.015976,200.398285,352.904175,22.916470,235.008865,350.627869,-2.224700,139.846191,372.707977,117.198265,164.921173,372.832001,95.820396,193.725662,370.550842,72.176102,221.554337,369.775513,49.316647,254.566788,369.705170,23.059481,167.804565,393.968079,147.745422,191.593719,393.359558,126.085434,218.437851,391.891815,103.190384,245.932663,389.665222,81.157440,272.114746,390.053253,59.462158,190.274750,407.259247,172.935211,213.867065,408.435730,152.684723,238.633072,408.419922,128.632477,256.437073,407.639374,112.164551,276.330017,408.105896,96.225815,213.565948,423.006348,198.549469,236.344315,422.448792,177.718277,254.832901,424.185242,161.706467,270.543640,424.958466,145.241608,228.452576,432.440399,213.311707,250.295853,433.265045,192.924805
2957,2.658333,52.157852,312.297974,13.306917,120.323013,304.998657,-34.695465,181.073196,296.731018,-74.530800,74.271019,326.123993,39.570999,102.000710,323.862457,16.584742,131.424088,321.455872,-5.533480,163.249817,316.887421,-26.014437,198.451797,314.848145,-50.614998,94.651733,340.647339,63.178532,122.322250,339.932892,42.074787,151.112610,339.182709,19.020100,179.740326,338.484955,-3.345589,215.357040,335.808594,-28.884911,117.074333,355.865997,90.750740,143.939713,356.166779,67.950699,172.067017,355.344604,44.585114,199.976196,355.006592,22.199402,234.448334,353.475830,-3.204637,140.111404,372.039948,117.300476,164.875488,373.400116,95.563286,193.460739,372.133911,71.606865,220.986145,372.463318,48.416180,253.824860,373.124115,21.915876,168.213028,393.458649,147.735962,191.512314,394.063660,125.814873,218.042358,393.967987,102.507072,245.293640,392.883514,80.075592,271.213623,394.136261,58.120396,190.712799,406.249969,173.036346,213.850830,409.206757,152.378265,238.211884,410.681641,127.861488,255.780014,410.775604,111.080177,275.431732,412.156281,94.913712,214.110809,421.824493,198.656662,236.485046,423.068390,177.310440,254.564911,426.195404,160.970963,269.941895,428.017883,144.255951,229.053253,431.099030,213.315063,250.425156,433.823883,192.520721
2958,2.661111,52.198410,312.203735,13.335814,120.317116,305.253113,-34.742859,181.036179,297.319000,-74.660835,74.370720,325.752777,39.671326,102.000000,323.944733,16.547762,131.332596,321.928223,-5.719635,163.231842,317.602234,-26.137402,198.239227,316.181427,-51.084213,94.814163,340.031372,63.335842,122.332390,339.980072,42.025803,150.963928,339.885071,18.750151,179.459091,339.794495,-3.793655,215.015182,337.646851,-29.474277,117.322006,354.978363,90.946381,143.959946,356.214661,67.878639,171.895020,356.224915,44.259441,199.583359,356.768250,21.595022,233.912704,355.970398,-4.060790,140.453171,370.946777,117.505524,164.892502,373.519470,95.437416,193.244919,373.263428,71.178047,220.451523,374.699005,47.667496,253.118362,376.077911,20.940422,168.717087,392.428223,147.845581,191.520203,394.182556,125.722069,217.716690,395.440491,102.026489,244.705048,395.492706,79.204582,270.362823,397.600159,57.006569,191.271408,404.595764,173.287292,213.935654,409.282257,152.278809,237.880646,412.217041,127.335533,255.203781,413.171509,110.246559,274.609131,415.461761,93.880135,214.796967,419.892853,198.937500,236.745285,422.890320,177.132706,254.404541,427.371185,160.507706,269.441528,430.223907,143.578049,229.809952,428.928436,213.491928,250.699646,433.509949,192.371094
2959,2.663889,52.248535,312.069244,13.377906,120.318428,305.479767,-34.776180,180.997375,297.878937,-74.781242,74.491501,325.252289,39.803623,102.018799,323.903839,16.547405,131.255295,322.273560,-5.873526,163.229446,318.173218,-26.210747,198.041794,317.356384,-51.507919,95.014931,339.195068,63.549431,122.375526,339.804230,42.040672,150.847397,340.355072,18.555145,179.208954,340.848450,-4.156997,214.708572,339.200073,-29.953276,117.618446,353.779846,91.214508,144.027634,355.930450,67.900925,171.770599,356.757935,44.046070,199.235794,358.164215,21.119707,233.424149,358.075256,-4.769882,140.860611,369.442078,117.806290,164.973648,373.189911,95.442703,193.088852,373.922729,70.899567,219.973999,376.447144,47.092312,252.477402,378.520996,20.160950,169.296143,390.888153,148.067932,191.620270,393.713623,125.807526,217.476547,396.288635,101.759880,244.194336,397.453705,78.567177,269.600342,400.389374,56.152676,191.930283,402.321564,173.679337,214.123611,408.659332,152.386414,237.657440,413.003662,127.066345,254.736542,414.789948,109.681755,273.900482,417.971100,93.153206,215.597748,417.241943,199.382278,237.120056,421.918610,177.186096,254.365234,427.694794,160.325867,269.069214,431.544342,143.226730,230.692917,425.959564,213.830719,251.110947,432.331879,192.474716
2960,2.666667,52.307468,311.896759,13.430204,120.328598,305.676086,-34.795044,180.961365,298.404358,-74.887886,74.630234,324.627289,39.964153,102.057083,323.739777,16.584278,131.195389,322.485291,-5.989973,163.244766,318.594604,-26.231800,197.868759,318.354187,-51.873314,95.247864,338.146790,63.813454,122.450272,339.405853,42.118488,150.767944,340.583710,18.440634,179.000351,341.632996,-4.425076,214.449951,340.448212,-30.311148,117.954430,352.282471,91.547737,144.141663,355.314941,68.016518,171.700272,356.931885,43.950886,198.949890,359.168823,20.788219,233.005417,359.753082,-5.311001,141.320435,367.540222,118.195709,165.118301,372.412537,95.577271,193.001938,374.096497,70.778999,219.577316,377.672638,46.709160,251.932465,380.407227,19.601160,169.924744,388.845398,148.398148,191.811707,392.657410,126.068581,217.334579,396.495911,101.713364,243.787079,398.731262,78.179993,268.962524,402.452789,55.583267,192.665359,399.453156,174.203842,214.412369,407.339691,152.696823,237.555588,413.025818,127.058777,254.401886,415.601318,109.395187,273.339325,419.642029,92.750916,216.482010,413.903656,199.981155,237.599060,420.162811,177.467361,254.454880,427.156586,160.426926,268.845703,431.956787,143.211487,231.667419,422.224823,214.319733,251.643356,430.304810,192.824997
2961,2.669444,52.374481,311.688934,13.489104,120.349808,305.838470,-34.799149,180.933838,298.886536,-74.976250,74.783470,323.882294,40.149406,102.114990,323.451385,16.659342,131.156677,322.555237,-6.063038,163.279129,318.860931,-26.199255,197.728989,319.156128,-52.168247,95.505524,336.895081,64.122078,122.554832,338.784424,42.258667,150.730392,340.560730,18.411953,178.844070,342.132721,-4.587458,214.251648,341.372498,-30.539343,118.319298,350.497803,91.939247,144.299454,354.368927,68.223953,171.689423,356.735321,43.978764,198.740921,359.757263,20.613140,232.678329,360.967987,-5.666336,141.817322,365.255432,118.667145,165.323318,371.189667,95.838058,192.991196,373.771667,70.821564,219.282669,378.343842,46.532188,251.511627,381.693481,19.279764,170.573029,386.298523,148.834122,192.088943,391.017853,126.500038,217.298676,396.050690,101.888542,243.504547,399.295776,78.053368,268.480896,403.747070,55.315048,193.450119,396.015442,174.852524,214.793900,405.330475,153.202423,237.581497,412.275696,127.311676,254.216644,415.584381,109.388596,272.951385,420.442871,92.681725,217.416168,409.908356,200.724854,238.165863,417.637695,177.970139,254.673508,425.756012,160.805893,268.782379,431.449829,143.533325,232.696182,417.754944,214.947540,252.275589,427.447876,193.411850
2962,2.672222,52.448746,311.448090,13.551170,120.384613,305.961975,-34.787735,180.921204,299.314270,-75.041031,74.947334,323.021362,40.356258,102.192619,323.036285,16.773848,131.143356,322.473572,-6.086423,163.333038,318.966888,-26.113327,197.630325,319.744629,-52.381947,95.779320,335.448181,64.469887,122.686928,337.938293,42.461021,150.738815,340.275452,18.474073,178.750381,342.331573,-4.634321,214.125259,341.955017,-30.630165,118.701096,348.436310,92.383362,144.496857,353.092896,68.521523,171.741364,356.157837,44.133186,198.621338,359.907990,20.603994,232.461395,361.688812,-5.822182,142.334274,362.601562,119.214561,165.582703,369.524261,96.221344,193.060104,372.938629,71.029861,219.105911,378.435669,46.570236,251.237213,382.344025,19.209431,171.206726,383.234344,149.377625,192.441360,388.802032,127.094788,217.370575,394.946869,102.283012,243.361084,399.125153,78.191490,268.178925,404.239227,55.356857,194.256577,392.031311,175.617294,215.253983,402.643524,153.893295,237.733536,410.752869,127.819138,254.189102,414.726288,109.657234,272.752472,420.353394,92.945984,218.365814,405.283356,201.604599,238.798233,414.362335,178.685776,255.011414,423.501587,161.453018,268.878113,430.023315,144.185211,233.741425,412.577271,215.702988,252.982056,423.782867,194.223297
2963,2.675000,52.529079,311.175537,13.614118,120.435371,306.039520,-34.758865,180.929840,299.673462,-75.075775,75.117493,322.047943,40.581989,102.289742,322.490631,16.929022,131.159286,322.229858,-6.054136,163.406158,318.907837,-25.975784,197.579147,320.104248,-52.505760,96.060028,333.813232,64.852272,122.843491,336.865051,42.725449,150.795975,339.717407,18.630980,178.727631,342.214508,-4.557659,214.080414,342.179535,-30.576874,119.086853,346.107056,92.875397,144.728119,351.487213,68.907074,171.856506,355.191254,44.415653,198.599258,359.604156,20.766380,232.367599,361.891663,-5.769767,142.853104,359.591431,119.832222,165.887848,367.419708,96.722794,193.207596,371.591614,71.403412,219.055603,377.931091,46.826332,251.123047,382.333618,19.395958,171.787140,379.624115,150.034866,192.853592,386.019623,127.844078,217.545441,393.183960,102.890533,243.362381,398.206207,78.592377,268.069366,403.908691,55.709583,195.056152,387.521515,176.489807,215.772659,399.294189,154.757996,238.002289,408.463654,128.571167,254.318619,413.022186,110.190559,272.747467,419.364624,93.537010,219.296921,400.052673,202.611374,239.469498,410.358643,179.603302,255.449768,420.409515,162.354965,269.119141,427.687256,145.153061,234.766220,406.715210,216.574890,253.733582,419.333069,195.245880
2964,2.677778,52.613758,310.871155,13.677255,120.503624,306.062317,-34.709404,180.965027,299.947845,-75.073250,75.289078,320.965179,40.824127,102.405457,321.809875,17.125406,131.207291,321.813995,-5.961334,163.497375,318.679718,-25.789856,197.579819,320.222839,-52.533825,96.338196,331.996490,65.265289,123.020538,335.562103,43.051315,150.902588,338.877838,18.884821,178.780716,341.769409,-4.352643,214.123062,342.033813,-30.375401,119.462959,343.518860,93.410889,144.985977,349.552307,69.377472,172.032028,353.830078,44.824940,198.677567,358.834839,21.101252,232.403122,361.560608,-5.506061,143.354980,356.237579,120.514099,166.227875,364.880219,97.336884,193.428131,369.728912,71.938118,219.132416,376.821716,47.297428,251.173294,381.647949,19.837807,172.270645,375.419861,150.816940,193.306671,382.683105,128.737396,217.812469,390.766541,103.700882,243.505066,396.535614,79.247925,268.153046,402.747925,56.365891,195.820404,382.505157,177.460678,216.326126,395.300293,155.783493,238.371704,405.420135,129.553619,254.595764,410.474945,110.972023,272.930603,417.478668,94.441498,220.176437,394.238464,203.734863,240.150589,405.649994,180.708984,255.963379,416.501190,163.494812,269.483124,424.459076,146.416885,235.735168,400.189606,217.551697,254.498627,414.123077,196.464218
2965,2.680556,52.700584,310.533722,13.741163,120.589607,306.020935,-34.635941,181.029739,300.121063,-75.026993,75.456917,319.775909,41.080181,102.537819,320.989746,17.362022,131.288406,321.217529,-5.805213,163.604797,318.279388,-25.560118,197.634323,320.092010,-52.463615,96.604431,330.004120,65.704964,123.212990,334.027679,43.436531,151.057053,337.750122,19.235067,178.910660,340.988220,-4.018678,214.254440,341.510864,-30.026075,119.815742,340.680786,93.984688,145.261841,347.289642,69.927765,172.261978,352.071777,45.356327,198.853943,357.594757,21.604277,232.567154,360.688202,-5.034578,143.821075,352.552979,121.252983,166.590256,361.911713,98.055748,193.712265,367.352997,72.625641,219.329910,375.106750,47.974220,251.383270,380.283325,20.525759,172.624695,370.593262,151.726868,193.779449,378.807739,129.761597,218.156479,387.703918,104.699326,243.778076,394.118805,80.143692,268.419708,400.761139,57.310028,196.521988,377.001343,178.518570,216.888962,390.682037,156.954086,238.821228,401.638916,130.747482,255.003876,407.094330,111.978531,273.286774,414.707153,95.639122,220.973145,387.863434,204.962173,240.812149,400.260712,181.985123,256.523926,411.801422,164.851379,269.943756,420.361176,147.951248,236.615051,393.021088,218.620560,255.245453,408.179077,197.859543
2966,2.683333,52.787113,310.161530,13.807088,120.691978,305.906952,-34.536098,181.124100,300.179138,-74.933350,75.615799,318.483521,41.347267,102.683693,320.027435,17.635782,131.401566,320.434692,-5.585737,163.725906,317.704803,-25.292307,197.742203,319.707886,-52.296318,96.849815,327.843079,66.166496,123.414711,332.262268,43.876652,151.255295,336.331451,19.677740,179.114441,339.867493,-3.560004,214.471283,340.609283,-29.534407,120.132172,337.603455,94.590218,145.546021,344.703339,70.550209,172.537689,349.917999,46.000881,199.121384,355.884705,22.265387,232.852615,359.274445,-4.365947,144.233353,348.552063,122.039513,166.961411,358.523224,98.868187,194.047607,364.470764,73.452774,219.636307,372.792084,48.840923,251.740997,378.244812,21.442701,172.844528,365.178436,152.745193,194.250351,374.411896,130.899826,218.559814,384.009827,105.865967,244.165039,390.968719,81.258614,268.851105,397.961914,58.517906,197.135406,371.030792,179.649353,217.436005,385.462219,158.250229,239.327957,397.140625,132.128235,255.521561,402.895905,113.180199,273.794189,411.069427,97.102173,221.658188,380.952728,206.276978,241.426453,394.216553,183.409149,257.102966,406.337341,166.398071,270.474335,415.419556,149.724289,237.375305,385.233215,219.766754,255.943893,401.529724,199.408188
2967,2.686111,52.870872,309.752777,13.876445,120.807854,305.713989,-34.409470,181.245056,300.112213,-74.792809,75.760841,317.092407,41.621891,102.838936,318.922913,17.941420,131.543625,319.463440,-5.305995,163.857635,316.955200,-24.993111,197.900391,319.070709,-52.037018,97.066277,325.522003,66.643784,123.618629,330.269958,44.364357,151.490845,334.623566,20.204901,179.385696,338.408783,-2.985889,214.766449,339.333069,-28.911203,120.400589,334.299683,95.219101,145.828018,341.801788,71.233673,172.848129,347.375397,46.745079,199.469162,353.711456,23.068718,233.247330,357.326874,-3.518084,144.575577,344.251648,122.861526,167.327286,354.727997,99.758881,194.419662,361.094391,74.401161,220.036026,369.889832,49.875294,252.228973,375.545044,22.563711,172.937500,359.235962,153.841141,194.698883,369.516998,132.130936,219.003998,379.702789,107.175377,244.646439,387.103882,82.564796,269.423950,394.370880,59.957558,197.637939,364.617432,180.835892,217.943893,379.667145,159.647949,239.868530,391.949738,133.665436,256.125214,397.900330,114.540352,274.427155,406.590942,98.795578,222.205902,373.536011,207.659286,241.968582,387.546051,184.953278,257.673950,400.138763,168.102127,271.049927,409.663483,151.697021,237.988617,376.855438,220.973694,256.566223,394.207855,201.081039
2968,2.688889,52.949570,309.306061,13.950491,120.932854,305.438660,-34.258278,181.386292,299.916077,-74.611015,75.887802,315.608124,41.899933,102.998611,317.679382,18.271786,131.709549,318.305908,-4.972168,163.996429,316.031433,-24.669949,198.103302,318.185303,-51.694801,97.246956,323.051788,67.129372,123.817253,328.058868,44.889530,151.755219,332.633514,20.804653,179.715042,336.618958,-2.310398,215.129486,337.691711,-28.172438,120.611198,330.785065,95.861084,146.096985,338.598419,71.963646,173.180573,344.456573,47.570942,199.883453,351.088013,23.993126,233.734604,354.860291,-2.515794,144.834091,339.671722,123.703911,167.673782,350.544281,100.708580,194.812576,357.241913,75.447647,220.510849,366.418152,51.049065,252.825745,372.203613,23.856705,172.908401,352.820160,154.983902,195.106735,364.148102,133.429337,219.470535,374.806580,108.596771,245.201172,382.548279,84.027657,270.112396,390.014343,61.590084,198.010147,357.789703,182.057678,218.391754,373.327271,161.118820,240.420197,386.095184,135.323227,256.790375,392.133575,116.015999,275.157867,401.302887,100.677498,222.594528,365.648193,209.085785,242.417007,380.282227,186.584793,258.213196,393.238953,169.924698,271.647278,403.126160,153.823990,238.431793,367.924652,222.223801,257.088043,386.251556,202.843750
2969,2.691667,53.021248,308.820892,14.030107,121.061264,305.081329,-34.087639,181.538452,299.592834,-74.399109,75.993217,314.037750,42.176811,103.157402,316.303253,18.618259,131.892883,316.968445,-4.593117,164.138336,314.936066,-24.330750,198.343002,317.060944,-51.282505,97.386368,320.445587,67.614693,124.003120,325.641052,45.439850,152.038452,330.373474,21.461720,180.090775,334.510193,-1.551754,215.547028,335.700897,-27.338812,120.756409,327.078094,96.504265,146.342499,335.111633,72.722984,173.521210,341.179871,48.456688,200.348175,348.033386,25.013098,234.294250,351.896942,-1.389669,144.998489,334.835846,124.549004,167.987381,345.995178,101.694771,195.209839,352.937164,76.565155,221.040543,362.401489,52.329018,253.506577,368.247162,25.283663,172.761032,345.984528,156.141953,195.457932,358.334564,134.765839,219.940994,369.350525,110.094864,245.806808,377.331482,85.606857,270.888580,384.924713,63.370808,198.236557,350.581482,183.290848,218.761429,366.478394,162.630737,240.961121,379.611053,137.061203,257.492584,385.627197,117.558846,275.957123,395.242188,102.700470,222.806900,357.329834,210.530106,242.753662,372.463501,188.266876,258.700043,385.675903,171.821686,272.244110,395.846283,156.055054,238.686493,358.487152,223.499084,257.488495,377.704590,204.657532
2970,2.694444,53.084431,308.298035,14.115668,121.186600,304.645813,-33.905182,181.690048,299.150482,-74.172760,76.074486,312.389984,42.447472,103.309814,314.803894,18.971222,132.086258,315.461365,-4.179723,164.279144,313.673737,-23.983711,198.609695,315.710938,-50.815807,97.480469,317.718781,68.090439,124.169365,323.032288,46.001522,152.329727,327.860107,22.158401,180.499252,332.099945,-0.731334,216.003357,333.381989,-26.434725,120.831001,323.200256,97.135483,146.555038,331.363922,73.492905,173.855820,337.568817,49.377842,200.845505,344.572113,26.099997,234.903366,348.465607,-0.174445,145.061844,329.771057,125.377373,168.255615,341.108612,102.692726,195.595062,348.209259,77.723946,221.603302,357.870270,53.678516,254.244095,363.709503,26.802408,172.499207,338.782776,157.283524,195.738861,352.110352,136.108749,220.397125,363.369507,111.631081,246.439697,371.489471,87.257889,271.722412,379.141815,65.250824,198.306122,343.032196,184.508621,219.037460,359.161591,164.149124,241.470413,372.537262,138.835831,258.207123,378.419220,119.116982,276.794434,388.452667,104.812988,222.831223,348.627533,211.962860,242.964050,364.134003,189.959473,259.116272,377.493347,173.745438,272.817963,387.869049,158.337204,238.740082,348.600677,224.780914,257.750824,368.616486,206.480225
2971,2.697222,53.138119,307.739258,14.207000,121.302422,304.138733,-33.719757,181.829178,298.601135,-73.949615,76.129829,310.675018,42.706558,103.450417,313.193085,19.320633,132.281708,313.798553,-3.744114,164.414505,312.251160,-23.637074,198.892532,314.151550,-50.311752,97.526665,314.888641,68.547073,124.309830,320.251373,46.560162,152.617783,325.114227,22.875647,180.925659,329.410278,0.127560,216.481369,330.761078,-25.486588,120.832062,319.175446,97.740990,146.726227,327.381287,74.254028,174.170364,333.651489,50.308498,201.356598,340.733917,27.223494,235.537567,344.601074,1.092980,145.020676,324.507446,126.168800,168.467453,335.916870,103.676796,195.952133,343.092438,78.892952,222.176270,352.860992,55.059280,255.009109,358.631470,28.368752,172.127335,331.269196,158.377716,195.938217,345.513977,137.425110,220.821014,356.903931,113.165085,247.074905,365.064972,88.934258,272.581909,372.713409,67.178902,198.212585,335.186096,185.682526,219.207230,351.423248,165.638092,241.928055,364.920013,140.601898,258.909393,370.554535,120.637085,277.637848,380.985657,106.961548,222.661499,339.592896,213.352234,243.037216,355.343506,191.620865,259.445221,368.741394,175.646774,273.346405,379.246735,160.616272,238.586060,338.337219,226.048721,257.862549,359.042480,208.267761
2972,2.700000,53.181820,307.147919,14.303396,121.403305,303.568207,-33.539909,181.945358,297.958771,-73.746208,76.158180,308.904480,42.948757,103.573921,311.484406,19.656784,132.471115,311.996887,-3.298841,164.539917,310.677521,-23.298891,199.180435,312.401245,-49.787369,97.523842,311.974030,68.975212,124.418961,317.320129,47.101566,152.891312,322.160217,23.594095,181.354355,326.467346,1.001039,216.963638,327.867462,-24.521002,120.758835,315.029724,98.307098,146.848633,323.193085,74.987335,174.451141,329.460144,51.222767,201.862030,336.553131,28.353014,236.172119,340.342468,2.375583,144.874619,319.078033,126.903358,168.613464,330.456482,104.621727,196.265533,337.626007,80.041176,222.736115,347.415649,56.433140,255.771698,353.059967,29.938665,171.651062,323.498810,159.395477,196.046951,338.588318,138.681732,221.195084,349.999908,114.656387,247.686615,358.108032,90.589706,273.433960,365.694733,69.103775,197.954498,327.091431,186.783783,219.260925,343.314331,167.061798,242.314987,356.811737,142.314301,259.574921,362.085724,122.066772,278.454742,372.899750,109.092728,222.297668,330.281555,214.664902,242.965927,346.146637,193.209335,259.671875,359.476501,177.476868,273.806702,370.038544,162.838470,238.224136,327.784271,227.279037,257.815643,349.042511,209.975632
2973,2.702778,53.215477,306.528351,14.403674,121.485390,302.943054,-33.372578,182.030685,297.237030,-73.575424,76.159027,307.090698,43.169231,103.675293,309.692780,19.971149,132.646713,310.075745,-2.856005,164.650879,308.964447,-22.976822,199.462524,310.479462,-49.258774,97.472275,308.995361,69.366043,124.491776,314.263031,47.612408,153.139389,319.025513,24.295034,181.769730,323.300354,1.865846,217.433167,324.731934,-23.563202,120.612381,310.790619,98.820702,146.915756,318.831787,75.675072,174.685410,325.030640,52.096264,202.342468,332.068085,29.458946,236.782883,335.732178,3.637935,144.626114,313.518311,127.562416,168.685730,324.768188,105.503777,196.520233,331.854004,81.138954,223.259796,341.581390,57.763630,256.502197,347.046753,31.470272,171.077347,315.527679,160.310837,196.058289,331.380585,139.846878,221.502548,342.709045,116.066139,248.248840,350.675659,92.180214,274.245758,358.147339,70.976074,197.535248,318.799713,187.784622,219.191681,334.889893,168.385696,242.613434,348.270569,143.929581,260.179504,353.073181,123.357140,279.212860,364.260498,111.155083,221.745422,320.752075,215.867493,242.746521,336.602509,194.684509,259.782837,349.761139,179.189224,274.176605,360.309906,164.951904,237.660156,317.043884,228.445374,257.606506,338.681030,211.560562
2974,2.705556,53.239418,305.886017,14.506257,121.546761,302.271759,-33.222126,182.080734,296.448212,-73.444626,76.132370,305.246735,43.363953,103.749847,307.834015,20.257053,132.801514,308.056152,-2.426533,164.742950,307.126007,-22.677929,199.728378,308.406342,-48.740723,97.373398,305.974060,69.711891,124.523949,311.106445,48.080708,153.351944,315.739868,24.961203,182.156601,319.940674,2.700284,217.874207,321.385895,-22.636086,120.395409,306.487305,99.269798,146.922089,314.332794,76.301331,174.861923,320.401703,52.907448,202.779327,327.320190,30.513611,237.347275,330.814697,4.847366,144.280090,307.866150,128.129776,168.677963,318.896240,106.301636,196.702316,325.824768,82.159103,223.725357,335.409393,59.017307,257.172485,340.646912,32.925468,170.414200,307.413025,161.102188,195.967377,323.942108,140.891953,221.727554,335.088013,117.358917,248.736511,342.830688,93.665291,274.985901,350.138092,72.749870,196.962814,310.365417,188.659561,218.995575,326.208527,169.577805,242.807281,339.359863,145.407730,260.699615,343.585297,124.465324,279.881409,355.139252,113.100616,221.015564,311.065125,216.927734,242.378723,326.774109,196.009048,259.766785,339.663055,180.741165,274.435059,350.131409,166.907440,236.905396,306.228333,229.519211,257.235474,328.026703,212.982483
2975,2.708333,53.254250,305.227264,14.609282,121.587425,301.562378,-33.090061,182.094498,295.602264,-73.355186,76.078743,303.386230,43.529892,103.793533,305.924255,20.509974,132.929581,305.959808,-2.019899,164.811798,305.178558,-22.408495,199.968353,306.202484,-48.246483,97.229622,302.932434,70.006584,124.512016,307.877991,48.496204,153.520386,312.334503,25.577332,182.500961,316.420990,3.484846,218.272339,317.860596,-21.759766,120.112000,302.149902,99.643883,146.863647,309.733276,76.852356,174.971542,315.614441,53.638561,203.155640,322.352753,31.491875,237.844803,325.635712,5.974765,143.843628,302.161682,128.592316,168.585785,312.887695,106.997200,196.799606,319.589600,83.077621,224.112991,328.953766,60.164669,257.756897,333.917236,34.271187,169.670578,299.214294,161.752762,195.771225,316.328125,141.792786,221.855927,327.197418,118.503738,249.126526,334.640350,95.009125,275.625610,341.737335,74.383911,196.249191,301.846100,189.386734,218.671478,317.332336,170.610107,242.882538,330.147430,146.713654,261.113098,333.698090,125.357140,280.432220,345.611664,114.885887,220.123245,301.283447,217.815872,241.865341,316.728333,197.150269,259.614807,329.254486,182.095108,274.563660,339.577332,168.658966,235.975876,295.454163,230.471619,256.705841,317.152344,214.206406
2976,2.711111,53.260811,304.559021,14.710715,121.609016,300.822571,-32.975559,182.073853,294.707672,-73.303596,75.999275,301.523224,43.665054,103.803398,303.979675,20.727261,133.026276,303.808990,-1.644200,164.853348,303.140381,-22.173893,200.173721,303.888611,-47.787758,97.044327,299.893646,70.245712,124.453712,304.605621,48.850750,153.637878,308.841095,26.130436,182.790436,312.774536,4.202677,218.614761,314.186890,-20.951347,119.767487,297.809784,99.934502,146.738403,305.071747,77.316856,175.007462,310.711639,54.276119,203.456665,317.210083,32.371624,238.257629,320.241699,6.995113,143.325653,296.447266,128.940643,168.407120,306.791260,107.576088,196.802521,313.201385,83.874153,224.405502,322.270233,61.180477,258.232941,326.915039,35.480045,168.856552,290.994232,162.250641,195.468918,308.596924,142.530319,221.875931,319.100342,119.474800,249.398697,326.174774,96.181549,276.139679,333.017944,75.842369,195.409393,293.302795,189.949051,218.221130,308.326141,171.459656,242.827850,320.704498,147.818481,261.399719,323.495148,126.009750,280.841003,335.755951,116.472916,219.087112,291.472534,218.506210,241.211884,306.535614,198.081467,259.320648,318.611298,183.219955,274.547607,328.723328,170.163803,234.891327,284.835205,231.275375,256.023895,306.134857,215.204147
2977,2.713889,53.260052,303.888763,14.808478,121.614098,300.060364,-32.876682,182.022369,293.772797,-73.284050,75.895775,299.672485,43.768375,103.778206,302.016418,20.907490,133.088196,301.625519,-1.306176,164.863602,301.030975,-21.978479,200.336853,301.486328,-47.374722,96.821823,296.881592,70.426712,124.348480,301.317383,49.138790,153.699463,305.291046,26.610025,183.015167,309.034332,4.840040,218.890228,310.394684,-20.224764,119.368393,293.499969,100.136009,146.546417,300.387360,77.686501,174.965332,305.737488,54.811237,203.670212,311.936096,33.134354,238.570892,314.679108,7.887733,142.736588,290.767609,129.169693,168.142242,300.656219,108.027992,196.704422,306.713623,84.532387,224.588715,315.415314,62.044064,258.582062,319.697571,36.530163,167.983612,282.819885,162.588776,195.061813,300.808716,143.091095,221.778824,310.860840,120.252014,249.536423,317.505310,97.158791,276.506805,324.053589,77.095497,194.460785,284.800201,190.335083,217.648773,299.257294,172.109467,242.634964,311.104431,148.700134,261.541595,313.067627,126.414551,281.087799,325.651123,117.829971,217.928467,281.701721,218.979477,240.426193,296.269989,198.783081,258.881042,307.812256,184.091904,274.376007,317.645844,171.383820,233.674271,274.475464,231.907272,255.198090,295.055054,215.955246
2978,2.716667,53.252972,303.224152,14.900578,121.605499,299.284912,-32.791767,181.943924,292.807312,-73.291290,75.770798,297.849396,43.839527,103.718773,300.051208,21.049835,133.113129,299.430511,-1.011098,164.838974,298.870270,-21.825562,200.451477,299.017365,-47.015995,96.567192,293.920959,70.548889,124.197868,298.041016,49.357616,153.702209,301.714691,27.008144,183.168243,305.232269,5.386759,219.089447,306.512421,-19.590981,118.922325,289.255615,100.246513,146.289795,295.719513,77.956467,174.843491,300.736206,55.239567,203.786865,306.574005,33.765781,238.772949,308.993805,8.636367,142.087997,285.169617,129.279037,167.793762,294.532288,108.347046,196.501801,300.178955,85.040695,224.651642,308.445068,62.739944,258.789520,312.321960,37.404606,167.065033,274.764069,162.765076,194.553680,293.025055,143.467575,221.558960,302.543427,120.822067,249.526840,308.703278,97.924232,276.709656,314.917358,78.120567,193.422348,276.406830,190.540070,216.961288,290.194824,172.549072,242.298935,301.421478,149.344101,261.523499,302.514404,126.579704,281.157471,315.375092,118.932137,216.670593,272.046295,219.225708,239.518280,286.008850,199.243500,258.295532,296.938080,184.695404,274.042145,306.421509,172.287735,232.349121,264.462616,232.350418,254.239655,283.997681,216.447876
2979,2.719444,53.240559,302.572876,14.985224,121.585815,298.506348,-32.720116,181.841797,291.822388,-73.321945,75.627701,296.070160,43.878895,103.627853,298.101257,21.154070,133.099976,297.243652,-0.762714,164.776306,296.677521,-21.717539,200.512421,296.503082,-46.718410,96.286118,291.037170,70.613335,124.005516,294.804260,49.507278,153.645065,298.141083,27.319422,183.245575,301.398438,5.836287,219.205246,302.567230,-19.058601,118.437943,285.114349,100.268349,145.972748,291.107697,78.125671,174.642639,295.750427,55.559597,203.800125,301.165833,34.256348,238.855240,303.230042,9.229330,141.392548,279.702606,129.273041,167.366364,288.469299,108.531982,196.194077,293.649292,85.392624,224.586487,301.414154,63.258568,258.844666,304.845062,38.090954,166.116425,266.906097,162.782578,193.950531,285.308105,143.658127,221.213608,294.213287,121.179489,249.360718,299.839203,98.469040,276.734711,305.680054,78.902412,192.314438,268.195496,190.567017,216.167938,281.208954,172.774872,241.818314,291.729919,149.743484,261.332733,291.941071,126.530411,281.039642,305.003510,119.761665,215.338303,262.588287,219.246231,238.500137,275.832733,199.459457,257.566772,286.071167,185.023682,273.543182,295.128204,172.854202,230.941467,254.863647,232.596146,253.162354,273.050720,216.679092
2980,2.722222,53.223747,301.942474,15.060968,121.557327,297.735016,-32.661816,181.718491,290.828735,-73.374413,75.470497,294.351807,43.887955,103.509430,296.183868,21.220879,133.048706,295.083099,-0.563215,164.673340,294.470734,-21.656170,200.515732,293.963013,-46.486649,95.984764,288.256104,70.622726,123.776352,291.634491,49.590191,153.528687,294.598083,27.541311,183.245193,297.560822,6.185213,219.232651,298.584564,-18.634211,117.925095,281.115570,100.208031,145.601471,286.591217,78.196716,174.365433,290.818726,55.770180,203.706512,295.752258,34.601265,238.812332,297.429810,9.659765,140.663879,274.417938,129.160797,166.866791,282.516754,108.585999,195.783264,287.175018,85.586914,224.388840,294.375336,63.596466,258.740997,297.323120,38.581337,165.155991,259.332825,162.649765,193.260834,277.720276,143.667053,220.742996,285.935791,121.326599,249.032516,290.981964,98.791786,276.572601,296.409637,79.433357,191.158737,260.242950,190.427063,215.280350,272.371277,172.790298,241.195175,282.103577,149.898804,260.959808,281.455994,126.305298,280.728485,294.609161,120.308342,213.957809,253.415848,219.054062,237.386002,265.824677,199.436096,256.700348,275.295135,185.079269,272.879730,283.845764,173.074402,229.477600,245.722870,232.645493,251.983047,262.304504,216.654617
2981,2.725000,53.203396,301.340088,15.126807,121.521988,296.980194,-32.617290,181.576050,289.835510,-73.448021,75.303665,292.712219,43.869785,103.367920,294.316071,21.251860,132.960403,292.965393,-0.413158,164.528778,292.266235,-21.642796,200.458786,291.414154,-46.323414,95.669907,285.603638,70.581451,123.516014,288.558868,49.610561,153.355148,291.112305,27.674322,183.166656,293.745514,6.432576,219.168671,294.588074,-18.322241,117.394905,277.299438,100.075562,145.183990,282.208893,78.175720,174.015961,285.975922,55.870399,203.505188,290.372131,34.800091,238.641434,291.632935,9.925837,139.916962,269.368256,128.955505,166.303696,276.724182,108.516579,195.273712,280.804810,85.627029,224.057358,287.378540,63.755341,258.475525,289.810516,38.872723,164.204697,252.137833,162.380783,192.495468,270.323822,143.504120,220.150452,277.775055,121.272018,248.540451,282.197327,98.897041,276.218231,287.170166,79.712852,189.978683,252.628418,190.138641,214.312515,263.753998,172.605698,240.435165,272.615387,149.817871,260.399353,271.164917,125.949326,280.222168,284.261993,120.569847,212.556992,244.621353,218.672699,236.192673,256.069641,199.186661,255.705093,264.694763,184.874176,272.055634,272.656525,172.953445,227.984497,237.064438,232.509705,250.721954,251.850937,216.388351
2982,2.727778,53.180325,300.772522,15.182282,121.481613,296.249695,-32.586807,181.416260,288.849609,-73.542488,75.131989,291.169464,43.829067,103.207535,292.514343,21.249331,132.837311,290.905701,-0.311437,164.342209,290.078796,-21.678209,200.340408,288.871124,-46.229984,95.349205,283.105743,70.495926,123.230667,285.603516,49.574070,153.127823,287.709442,27.721924,183.010315,289.977020,6.579387,219.012100,290.599579,-18.124676,116.859818,273.705505,99.883568,144.730011,277.998657,78.071846,173.599884,281.254913,55.861820,203.197556,285.061951,34.856262,238.342316,285.876984,10.030583,139.168228,264.606232,128.673859,165.687408,271.140808,108.335304,194.672195,274.585388,85.520798,223.593765,280.471252,63.740982,258.048676,282.358795,38.967308,163.285889,245.420639,161.996002,191.667831,263.180603,143.184265,219.442520,269.793396,121.029442,247.886536,273.547180,98.794128,275.670685,278.021759,79.746872,188.799850,245.431458,189.725479,213.280655,255.429947,172.237976,239.547333,263.337677,149.515930,259.651276,261.165192,125.505966,279.522736,274.029236,120.551910,211.165573,236.298447,218.133682,234.939804,246.653549,198.731964,254.593277,254.355484,184.428970,271.078064,261.644989,172.510208,226.490326,228.900696,232.209412,249.402481,241.782379,215.902191
2983,2.730556,53.155319,300.245819,15.227519,121.437996,295.549591,-32.570160,181.241074,287.876251,-73.657417,74.960449,289.740875,43.771301,103.032288,290.794373,21.216259,132.682541,288.918091,-0.255490,164.114166,287.921600,-21.762300,200.160690,286.347198,-46.206432,95.031174,280.787872,70.374687,122.927032,282.793518,49.487717,152.851166,284.413849,27.690109,182.777161,286.278046,6.628394,218.763199,286.639160,-18.040710,116.333458,270.371918,99.646454,144.250488,273.997345,77.896843,173.124527,276.687866,55.750164,202.787216,279.856049,34.776939,237.917084,280.196930,9.981338,138.435730,260.182983,128.335037,165.029984,265.815460,108.057510,193.987762,268.562042,85.280396,223.002716,273.698761,63.563160,257.463959,275.015869,38.872841,162.424042,239.285141,161.522766,190.793625,256.351990,142.727417,218.628830,262.051117,120.617271,247.076538,265.089447,98.496490,274.933075,269.020203,79.547417,187.649887,238.728973,189.214630,212.203156,247.471893,171.710052,238.543884,254.342316,149.015350,258.721405,251.541855,125.012383,278.635986,263.975250,120.267967,209.815536,228.538803,217.473755,233.649750,237.662735,198.099731,253.380798,244.362366,183.771271,269.957275,250.897385,171.776184,225.025497,221.246399,231.772903,248.051010,232.191010,215.225571
2984,2.733333,53.129177,299.765625,15.263222,121.392929,294.885071,-32.566628,181.052505,286.919312,-73.791885,74.794182,288.442413,43.701992,102.846382,289.171112,21.156485,132.500046,287.015472,-0.241696,163.845947,285.806854,-21.893780,199.921082,283.854431,-46.251392,94.724976,278.674805,70.227943,122.612396,280.152710,49.359734,152.530746,281.248657,27.586906,182.469025,282.669403,6.584058,218.423798,282.725159,-18.066481,115.830208,267.334625,99.379829,143.757401,270.240143,77.664459,172.598724,272.306580,55.545544,202.279846,274.787201,34.572937,237.370224,274.624786,9.789182,137.738724,256.146759,127.959862,164.345169,260.796051,107.701897,193.231567,262.779083,84.922379,222.291672,267.104858,63.236126,256.727386,267.825714,38.602596,161.643372,233.839447,160.995911,189.890640,249.898331,142.158127,217.722031,254.606934,120.058434,246.119781,256.879089,98.022209,274.012268,260.217804,79.132347,186.558411,232.593124,188.635086,211.100418,239.951645,171.050034,237.440216,245.700027,148.344620,257.621155,242.366745,124.497871,277.571045,254.162109,119.738914,208.541031,221.429276,216.731979,232.347610,229.182785,197.323837,252.087204,234.799469,182.934662,268.707123,240.500793,170.793610,223.624603,214.137619,231.233612,246.696564,223.167526,214.394394
2985,2.736111,53.102737,299.336884,15.290606,121.347717,294.260223,-32.575005,180.852646,285.982300,-73.944122,74.638397,287.287994,43.626400,102.654678,287.658875,21.074902,132.294235,285.209930,-0.265700,163.539505,283.746094,-22.070086,199.624207,281.404449,-46.361671,94.440117,276.789703,70.066856,122.294533,277.703491,49.199371,152.173248,278.235748,27.422022,182.088959,279.169952,6.452790,217.997284,278.874634,-18.195156,115.364845,264.626801,99.099846,143.263443,266.760284,77.389839,172.032578,268.142334,55.261890,201.683121,269.886658,34.258488,236.708481,269.189728,9.468693,137.097046,252.541840,127.569672,163.648590,256.128754,107.289742,192.416840,257.280182,84.467155,221.470734,260.732605,62.778652,255.847610,260.829132,38.175079,160.968201,229.202332,160.456726,188.978470,243.878693,141.504837,216.737610,247.518265,119.379974,245.028915,248.969086,97.394829,272.918457,251.664337,78.525452,185.556366,227.090271,188.016754,209.994583,232.939178,170.290176,236.254730,237.479858,147.537125,256.367310,233.698517,123.983833,276.340759,244.649948,118.992897,207.377975,215.049667,215.947311,231.061157,221.297272,196.443039,250.735291,225.749802,181.958069,267.344879,230.542282,169.613037,222.327713,207.645950,230.628220,245.370621,214.799805,213.449280
2986,2.738889,53.076893,298.963867,15.311208,121.303055,293.678253,-32.593700,180.643600,285.068848,-74.111259,74.498306,286.289856,43.549553,102.462753,286.271240,20.977329,132.070053,283.512634,-0.322607,163.197479,281.750336,-22.287321,199.274094,279.009064,-46.531940,94.186089,275.153534,69.902718,121.981567,275.466705,49.016590,151.786285,275.395599,27.206514,181.641617,275.796814,6.243221,217.488647,275.103851,-18.417290,114.952011,262.278107,98.822433,142.781631,263.588562,77.088852,171.437119,264.225433,54.916019,201.006561,265.184509,33.850769,235.940842,263.918823,9.037745,136.530441,249.407776,127.185287,162.957520,251.857285,106.844009,191.558640,252.107971,83.938354,220.552261,254.624451,62.213718,254.835602,254.064468,37.613544,160.419830,225.451202,159.941864,188.078247,238.350037,140.798889,215.693832,240.841309,118.612648,243.819870,241.411270,96.643417,271.665283,243.408432,77.756470,184.675156,222.280182,187.389587,208.909744,226.501541,169.465866,235.008804,229.748962,146.630280,254.981461,225.583817,123.484291,274.961395,235.498749,118.064880,206.362946,209.471436,215.156982,229.820709,214.086349,195.499298,249.351181,217.294998,180.885101,265.891876,221.108093,168.290909,221.179214,201.872040,229.994461,244.107040,207.171448,212.433670
2987,2.741667,53.052509,298.650177,15.326649,121.259171,293.141357,-32.620846,180.427521,284.182770,-74.289513,74.378967,285.458313,43.476326,102.276436,285.020538,20.870008,131.832901,281.933899,-0.407120,162.823303,279.830170,-22.540289,198.876068,276.680573,-46.754681,93.971893,273.784515,69.746124,121.681870,273.461334,48.821682,151.378342,272.747650,26.952530,181.133331,272.565857,5.966175,216.904541,271.429077,-18.721088,114.605629,260.314148,98.562401,142.324890,260.752899,76.777534,170.824265,260.584991,54.526527,200.261520,260.709930,33.369381,235.078568,258.838287,8.517192,136.057678,246.778168,126.825661,162.290237,248.021637,106.388008,190.673615,247.304062,83.362000,219.551224,248.822769,61.568039,253.705322,247.569016,36.945396,160.012436,222.564056,159.473282,187.212646,233.366486,140.073074,214.611465,234.630890,117.790192,242.511856,234.256943,95.801804,270.269989,235.498627,76.860489,183.945221,218.215240,186.782211,207.871780,220.701767,168.614639,233.726730,222.572632,145.664581,253.490173,218.059769,123.007774,273.453094,226.769653,116.996399,205.531860,204.756592,214.395172,228.658600,207.625443,194.536148,247.964157,209.514709,179.763000,264.373566,212.282730,166.887054,220.223694,196.920029,229.368820,242.941254,200.360352,211.391922
2988,2.744444,53.030411,298.398560,15.338441,121.216133,292.651245,-32.654526,180.206696,283.328125,-74.474480,74.285027,284.801819,43.411293,102.101288,283.917450,20.759054,131.588440,280.483307,-0.513633,162.421158,277.996185,-22.822578,198.436752,274.431732,-47.020248,93.805595,272.697388,69.606255,121.403687,271.703979,48.624733,150.958511,270.309906,26.672913,180.571671,269.492432,5.634257,216.253174,267.867249,-19.092678,114.338165,258.755554,98.332542,141.905853,258.278015,76.471344,170.206680,257.248657,54.112915,199.461044,256.491302,32.835827,234.135239,253.974564,7.930426,135.695557,244.680115,126.507088,161.665009,244.657501,105.943962,189.779922,242.908417,82.765656,218.485138,243.369812,60.871342,252.473557,241.379822,36.201511,159.757278,220.481155,159.064606,186.405350,228.978455,139.360397,213.513733,228.940231,116.948402,241.127365,227.557358,94.907639,268.754120,227.984436,75.877022,183.394562,214.939163,186.220535,206.908035,215.598145,167.774689,232.435806,216.014374,144.682800,251.924698,211.158295,122.560921,271.840179,218.526794,115.835114,204.917831,200.956604,213.691727,227.608109,201.983917,193.596695,246.606613,202.485947,178.641052,262.820099,204.148590,165.462372,219.501633,192.877899,228.784164,241.909210,194.437912,210.367844
2989,2.747222,53.011322,298.211121,15.347876,121.173889,292.209198,-32.692947,179.983719,282.509186,-74.661491,74.220467,284.326538,43.358337,101.942337,282.971008,20.650051,131.342346,279.169525,-0.636375,161.995956,276.258698,-23.126690,197.963898,272.276031,-47.317215,93.693855,271.903107,69.490425,121.154861,270.208771,48.435131,150.536240,268.099152,26.380678,179.965363,266.591431,5.261313,215.544464,264.436401,-19.516409,114.160027,257.617645,98.142899,141.536331,256.185120,76.184654,169.597656,254.242386,53.694828,198.619888,252.556564,32.272972,233.126770,249.355225,7.302813,135.458191,243.133545,126.242340,161.099457,241.795593,105.532127,188.897034,238.958893,82.177315,217.374298,238.307785,60.155369,251.160614,235.535080,35.415344,159.665817,219.162170,158.727463,185.680252,225.231522,138.692276,212.426010,223.820709,116.123940,239.692749,221.364243,94.001373,267.143951,220.917236,74.849091,183.047012,212.485748,185.726273,206.046234,211.243408,166.982864,231.166351,210.135925,143.728577,250.320847,204.911621,122.152931,270.152191,210.838425,114.633873,204.548935,198.110870,213.071030,226.702316,197.223572,192.721634,245.313965,196.282120,177.568756,261.266724,196.785797,164.076904,219.046646,189.812592,228.267990,241.045929,189.467499,209.403122
2990,2.750000,52.995819,298.089050,15.355978,121.132179,291.816345,-32.734577,179.761505,281.730225,-74.845863,74.188278,284.036255,43.320263,101.803963,282.188110,20.547827,131.100159,278.000183,-0.769553,161.553375,274.628082,-23.444216,197.466248,270.227356,-47.632851,93.641479,271.408569,69.403679,120.942421,268.986877,48.261105,150.121155,266.130859,26.088547,179.324219,263.878296,4.861944,214.790009,261.156433,-19.975294,114.078873,256.909790,98.000381,141.227005,254.491364,75.930099,169.010895,251.590073,53.291321,197.754623,248.933533,31.704351,232.071655,245.010101,6.661014,135.355957,242.150818,126.040268,160.610199,239.461700,105.170555,188.045609,235.490952,81.624290,216.241867,233.678558,59.452633,249.790543,230.075089,34.621902,159.747375,218.577927,158.470322,185.060440,222.165054,138.096893,211.375931,219.321472,115.353012,238.238449,215.729660,93.124718,265.471069,214.351852,73.822441,182.920441,210.877411,185.315628,205.313522,207.683960,166.272980,229.951614,204.996994,142.845108,248.719147,199.357040,121.799271,268.424866,203.776932,113.448532,204.445831,196.245193,212.550919,225.972610,193.397232,191.947464,244.124100,190.972015,176.593613,259.754028,190.272079,162.788254,218.883453,187.770187,227.841324,240.384033,185.503098,208.535477
2991,2.752778,52.984325,298.032776,15.363495,121.090645,291.473419,-32.778152,179.543228,280.995667,-75.023003,74.190247,283.932373,43.298603,101.689766,281.573853,20.456280,130.867065,276.981995,-0.907410,161.099792,273.114594,-23.766117,196.953506,268.300110,-47.953644,93.651138,271.216309,69.348579,120.772324,268.046570,48.109444,149.722946,264.419220,25.808575,178.659515,261.369202,4.451177,214.003281,258.049500,-20.451286,114.099159,256.635223,97.908524,140.987061,253.209763,75.718048,168.460312,249.313660,52.920071,196.883728,245.650436,31.153450,230.991074,240.971786,6.032159,135.394943,241.736404,125.905518,160.212540,237.676239,104.874695,187.247177,232.536972,81.131966,215.113937,229.523315,58.794910,248.391464,225.042847,33.856430,160.007034,218.704437,158.297607,184.567276,219.810730,137.597519,210.393402,215.488968,114.669861,236.799561,210.706390,92.318893,263.772949,208.347778,72.844040,183.025131,210.124359,184.998947,204.735703,204.959061,165.674225,228.827835,200.654388,142.073090,247.164383,194.539398,121.522598,266.701263,197.418167,112.335121,204.619781,195.371094,212.142380,225.447281,190.547028,191.304428,243.076736,186.617996,175.758530,258.328247,184.682327,161.649536,219.025711,186.776535,227.517944,239.951981,182.587616,207.796631
2992,2.755556,52.977028,298.041809,15.370909,121.048920,291.181000,-32.822655,179.332321,280.310059,-75.188568,74.226807,284.013733,43.293571,101.602448,281.131287,20.378338,130.647659,276.120941,-1.044296,160.642395,271.729065,-24.083147,196.436279,266.509460,-48.265877,93.723145,271.324585,69.325287,120.649231,267.393158,47.985302,149.351288,262.977478,25.551836,177.984283,259.082275,4.044325,213.199936,255.141281,-20.925434,114.221779,256.791046,97.867462,140.823654,252.348724,75.556076,167.959930,247.432785,52.596615,196.027725,242.736023,30.642923,229.909134,237.275879,5.442753,135.576202,241.886948,125.838501,159.919937,236.453735,104.656578,186.523636,230.125534,80.722298,214.019348,225.881851,58.211651,246.995880,220.484253,33.152855,160.444321,219.518814,158.209686,184.219513,218.191620,137.211426,209.510101,212.366165,114.104851,235.416031,206.348297,91.622887,262.093872,202.969742,71.959961,183.362610,210.224686,184.780914,204.336212,203.098984,165.209518,227.833511,197.160233,141.448227,245.705582,190.510010,121.350594,265.032166,191.840546,111.347107,205.071060,195.485687,211.850021,225.149963,188.702621,190.815018,242.211929,183.273407,175.098816,257.040253,180.086456,160.706848,219.474396,186.838242,227.304932,239.772354,180.752045,207.211029
2993,2.758333,52.973862,298.114807,15.378487,121.006805,290.939484,-32.867317,179.132202,279.678192,-75.338501,74.297020,284.276703,43.304222,101.543732,280.861664,20.315912,130.446106,275.422180,-1.174844,160.189529,270.483398,-24.386221,195.926376,264.871887,-48.556149,93.855507,271.727509,69.331802,120.576447,267.029114,47.892109,149.015747,261.818085,25.328062,177.313797,257.038330,3.656912,212.398285,252.462265,-21.378138,114.443916,257.368500,97.874275,140.741531,251.911606,75.448647,167.523376,245.964615,52.333618,195.209167,240.219833,30.193752,228.852539,233.960663,4.917258,135.895737,242.591766,125.835968,159.743195,235.802368,104.524063,185.896698,228.280716,80.412651,212.989578,222.792358,57.728554,245.640625,216.447983,32.542156,161.052383,220.996719,158.202881,184.032562,217.321777,136.949295,208.758606,209.990768,113.682587,234.132660,202.709869,91.071671,260.485016,198.286591,71.212784,183.924942,211.164948,184.661194,204.134384,202.123230,164.893799,227.007751,194.559204,140.998581,244.394653,187.322571,121.311401,263.475708,187.122910,110.532555,205.788391,196.572861,211.673050,225.097672,187.880157,190.493011,241.567535,180.979553,174.639954,255.942947,176.545807,159.996063,220.216827,187.944366,227.203354,239.860046,180.014130,206.794937
2994,2.761111,52.974491,298.249481,15.386347,120.964302,290.749146,-32.911518,178.946442,279.105469,-75.468994,74.398697,284.715424,43.328629,101.514153,280.764557,20.269894,130.266266,274.890594,-1.294099,159.750992,269.391449,-24.666468,195.437180,263.406006,-48.811859,94.043961,272.415558,69.364311,120.555840,266.954193,47.831608,148.725555,260.952576,25.145317,176.665848,255.261368,3.304525,211.619720,250.048187,-21.789762,114.759079,258.353668,97.923561,140.742691,251.897156,75.397041,167.163666,244.923813,52.140442,194.452484,238.132080,29.824505,227.850571,231.066345,4.476914,136.344498,243.833862,125.891624,159.689728,235.723679,104.480408,185.387115,227.021790,80.215080,212.058517,220.291656,57.366756,244.366943,212.985428,32.051254,161.817688,223.111191,158.270355,184.017471,217.205948,136.815140,208.170212,208.393127,113.420074,232.997482,199.843491,90.693970,259.003235,194.368088,70.639168,184.694977,212.921768,184.635406,204.143448,202.039093,164.733521,226.387344,192.885544,140.742416,243.283615,185.027252,121.428627,262.094299,183.340164,109.930901,206.749313,198.605026,211.606506,225.298828,188.081451,190.343796,241.175812,179.762741,174.396027,255.087204,174.108475,159.540253,221.227539,190.069290,227.209824,240.220291,180.376755,206.556061
2995,2.763889,52.978355,298.442963,15.394522,120.921661,290.610291,-32.954533,178.778549,278.597839,-75.576599,74.528450,285.322235,43.364109,101.513115,280.837921,20.240252,130.111816,274.530975,-1.397520,159.338394,268.469177,-24.914953,194.983704,262.133270,-49.021729,94.282173,273.376373,69.417839,120.587845,267.166168,47.804058,148.489395,260.391479,25.009855,176.060974,253.778839,3.002567,210.888977,247.939545,-22.141356,115.157326,259.728516,98.008247,140.826370,252.299911,75.399918,166.892624,244.322525,52.023132,193.783646,236.503281,29.550838,226.935211,228.635025,4.139707,136.908630,245.590973,125.997139,159.762741,236.212646,104.524475,185.013550,226.362778,80.136246,211.261307,218.414871,57.142437,243.220154,210.150314,31.702991,162.720154,225.832413,158.402878,184.179977,217.839966,136.806824,207.771835,207.593719,113.325668,232.057938,197.795059,90.509819,257.707336,191.280167,70.267265,185.647003,215.463730,184.696030,204.368896,202.841919,164.727036,226.003006,192.160553,140.687164,242.419876,183.664734,121.717407,260.949310,180.556885,109.569595,207.921661,201.545502,211.642517,225.751297,189.294113,190.364929,241.059616,179.632538,174.369888,254.516663,172.805588,159.348602,222.470276,193.176071,227.317917,240.846481,181.826782,206.494217
2996,2.766667,52.984661,298.691681,15.402981,120.879395,290.523651,-32.995350,178.631851,278.162292,-75.658234,74.681877,286.088135,43.407494,101.539017,281.078949,20.226267,129.986679,274.348541,-1.480896,158.965118,267.734558,-25.122570,194.581863,261.076569,-49.176311,94.562012,274.595612,69.486794,120.671577,267.661438,47.808659,148.315140,260.144165,24.926239,175.521973,252.620697,2.765703,210.233749,246.179581,-22.415081,115.625580,261.472412,98.120552,140.989288,253.111511,75.454185,166.720581,244.170456,51.984905,193.228912,235.362946,29.385086,226.141083,226.710556,3.921416,137.570007,247.837143,126.143127,159.960342,237.258270,104.651474,184.791016,226.312241,80.177780,210.631653,217.193619,57.066494,242.247803,207.996552,31.516220,163.734238,229.128113,158.589996,184.519272,219.211319,136.917267,207.582794,207.601624,113.399086,231.355652,196.599457,90.528732,256.653473,189.079865,70.115181,186.748627,218.753448,184.833511,204.807495,204.516083,164.866257,225.875519,192.391266,140.830063,241.840988,183.261932,122.182770,260.094269,178.821091,109.461868,209.265457,205.350693,211.771210,226.441727,191.492737,190.547623,241.229614,180.582123,174.554596,254.262711,172.649689,159.417236,223.900696,197.219696,227.519135,241.719574,184.336060,206.602875
2997,2.769444,52.992439,298.991882,15.411619,120.838326,290.490601,-33.032566,178.509735,277.806793,-75.711197,74.853691,287.003235,43.455418,101.589645,281.484406,20.226866,129.895187,274.349213,-1.540305,158.645538,267.206360,-25.280268,194.247101,260.258270,-49.268127,94.873878,276.057617,69.565575,120.804703,268.435699,47.843758,148.209549,260.218536,24.897552,175.072357,251.816803,2.606869,209.682831,244.810898,-22.594938,116.148087,263.563232,98.252892,141.225998,254.321930,75.555885,166.655746,244.474762,52.026760,192.812469,234.737381,29.335676,225.503693,225.336426,3.836019,138.306824,250.544006,126.320213,160.275574,238.844879,104.854141,184.729248,226.872955,80.336990,210.198120,216.652878,57.144001,241.495377,206.573456,31.504892,164.830200,232.964386,158.821259,185.026733,221.299713,137.135880,207.612549,208.414566,113.632980,230.921509,196.277756,90.750061,255.889572,187.811310,70.190857,187.962433,222.749329,185.037201,205.446640,207.036102,165.138565,226.012909,193.570648,141.160049,241.570435,183.829849,122.820450,259.568329,178.160904,109.607346,210.734985,209.972061,211.981506,227.346237,194.641266,190.878326,241.682343,182.589630,174.935760,254.340591,173.634644,159.731888,225.468964,202.149460,227.803406,242.809479,187.864380,206.870636
2998,2.772222,53.000610,299.339691,15.420281,120.799545,290.513062,-33.064476,178.415665,277.540161,-75.732933,75.037865,288.057220,43.504589,101.662498,282.051453,20.240942,129.842056,274.539429,-1.572227,158.393631,266.902649,-25.379715,193.993271,259.698151,-49.291367,95.207092,277.746307,69.648949,120.983185,269.483673,47.906887,148.177811,260.620758,24.925512,174.733292,251.393555,2.535990,209.262558,243.870453,-22.668251,116.706886,265.978333,98.398270,141.529236,255.920319,75.700737,166.703232,245.239395,52.147827,192.553482,234.646835,29.406643,225.054688,224.550430,3.894169,139.094498,253.682053,126.519737,160.696823,240.953857,105.123886,184.831604,228.042099,80.607727,209.980743,216.808533,57.374245,240.999985,205.919693,31.676401,165.975296,237.306412,159.086777,185.685425,224.078033,137.450104,207.860016,210.020279,114.015106,230.772675,196.836731,91.165092,255.449951,187.502350,70.492790,189.247620,227.406967,185.296310,206.263840,210.367798,165.528778,226.409164,195.678482,141.660400,241.614975,185.363556,123.619164,259.392761,178.584442,109.994759,212.280807,215.357742,212.261856,228.431854,198.695511,191.340729,242.399612,185.620255,175.494064,254.746613,175.736847,160.271072,227.122131,207.910843,228.159668,244.077652,192.362946,207.282410
2999,2.775000,53.008091,299.731384,15.428816,120.764221,290.593414,-33.089321,178.353012,277.370941,-75.721085,75.227837,289.239624,43.552025,101.755165,282.777893,20.267530,129.831787,274.925537,-1.573855,158.221207,266.839081,-25.414377,193.831451,259.412018,-49.242008,95.550179,279.645630,69.732315,121.201546,270.799622,47.994991,148.223206,261.354980,25.010372,174.520294,251.370605,2.558884,208.992432,243.384918,-22.627430,117.282516,268.694885,98.550621,141.890213,257.895447,75.884155,166.864044,246.464340,52.345345,192.463593,235.103683,29.597412,224.815979,224.378815,4.100792,139.906479,257.220978,126.734169,161.208755,243.565033,105.451324,185.094696,229.811356,80.981239,209.988922,217.665970,57.751118,240.784637,206.058517,32.030315,167.135086,242.118820,159.377869,186.470856,227.513611,137.846375,208.313812,212.397964,114.529854,230.911499,198.269592,91.759201,255.350891,188.162720,71.010864,190.561234,232.679932,185.600403,207.227509,214.469711,166.020233,227.044754,198.683426,142.310883,241.964401,187.843826,124.562576,259.569305,180.081635,110.604965,213.851898,221.453476,212.600601,229.657761,203.604599,191.916901,243.349609,189.628082,176.207199,255.458679,178.917252,161.008713,228.805893,214.446274,228.576370,245.478745,197.776184,207.820663
3000,2.777778,53.013893,300.163513,15.437084,120.733521,290.734192,-33.105625,178.324173,277.305603,-75.674141,75.416641,290.540070,43.595093,101.865639,283.662415,20.305779,129.867798,275.513214,-1.543635,158.135910,267.027252,-25.380760,193.767868,259.409515,-49.118793,95.891098,281.739563,69.811646,121.453766,272.377380,48.104713,148.346466,262.423096,25.150488,174.441452,251.759583,2.676633,208.882385,243.368713,-22.471056,117.854973,271.689728,98.704643,142.298767,260.235199,76.100800,167.134567,248.145248,52.614101,192.545898,236.111633,29.902676,224.796555,224.833633,4.453546,140.715256,261.129791,126.956924,161.793427,246.656860,105.826103,185.508728,232.167068,81.446175,210.220566,219.220047,58.263203,240.855286,206.995834,32.557850,168.274506,247.365143,159.686722,187.352905,231.569046,138.310318,208.953751,215.519547,115.158745,231.326080,200.557297,92.512672,255.589401,189.784042,71.726822,191.859680,238.519669,185.939285,208.299545,219.294601,166.595215,227.889404,202.545029,143.088272,242.593948,191.239182,125.629974,260.081451,182.626282,111.412422,215.397430,228.202515,212.985855,230.977249,209.311478,192.588028,244.490265,194.558212,177.050629,256.440033,183.124771,161.915253,230.465912,221.695023,229.041519,246.961823,204.041382,208.466583
3001,2.780556,53.017174,300.632874,15.444865,120.708344,290.937622,-33.112503,178.330002,277.347839,-75.591927,75.597336,291.947968,43.631287,101.992455,284.703705,20.354563,129.951569,276.306274,-1.481916,158.140610,267.473724,-25.279259,193.803406,259.693573,-48.923992,96.217842,284.012024,69.883156,121.733673,274.209747,48.232162,148.545654,263.823883,25.341652,174.497665,252.564285,2.885356,208.932800,243.824661,-22.204060,118.404900,274.939117,98.855324,142.743713,262.925629,76.343857,167.506989,250.272934,52.945786,192.795395,237.666107,30.312141,224.992813,225.913345,4.942515,141.493500,265.375854,127.181786,162.431274,250.205490,106.236244,186.058441,235.089676,81.988106,210.663071,221.455292,58.893585,241.201965,208.721436,33.241837,169.359421,253.006851,160.005707,188.298569,236.202713,138.825974,209.753510,219.350403,115.880058,231.992752,203.670120,93.400482,256.145477,192.341522,72.614494,193.100586,244.874527,186.302322,209.438736,224.790207,167.234314,228.906189,207.215561,143.966110,243.468582,195.508163,126.795959,260.897919,186.178299,112.385399,216.868698,235.544617,213.404831,232.340820,215.753082,193.333893,245.773895,200.348495,177.997269,257.645111,188.299164,162.957397,232.049606,229.592102,229.542130,248.472778,211.088577,209.200150
3002,2.783333,53.017220,301.136078,15.451690,120.689255,291.204773,-33.109779,178.370026,277.498779,-75.475800,75.763435,293.452209,43.657978,102.134003,285.898773,20.411909,130.082031,277.305084,-1.391430,158.233948,268.179565,-25.114252,193.934494,260.261475,-48.663353,96.519241,286.445953,69.942757,122.034546,276.286896,48.372200,148.815765,265.551392,25.576492,174.683762,253.781052,3.176176,209.136505,244.746140,-21.837227,118.914665,278.417206,98.997139,143.212952,265.949188,76.604355,167.969772,252.832321,53.328480,193.200317,239.754166,30.810339,225.391556,227.604874,5.550669,142.215881,269.923950,127.401711,163.102173,254.183029,106.667603,186.724655,238.553207,82.588867,211.296082,224.346863,59.619915,241.803009,211.212204,34.057209,170.358139,259.001984,160.326385,189.274734,241.368744,139.375214,210.683334,223.849411,116.668442,232.879959,207.569183,94.391968,256.987213,195.796890,73.640244,194.244995,251.688782,186.677536,210.603928,230.899231,167.915588,230.055283,212.640884,144.914261,244.548004,200.601074,128.030106,261.977966,190.686157,113.486000,218.221115,243.414993,213.843124,233.699875,222.860886,194.131989,247.151581,206.930542,179.016861,259.024261,194.373001,164.097763,233.508286,238.067261,230.063477,249.958359,218.841415,209.999222
3003,2.786111,53.013474,301.669281,15.456650,120.676361,291.534790,-33.098095,178.442581,277.757477,-75.328529,75.909355,295.040619,43.672363,102.287727,287.240997,20.474615,130.255264,278.505341,-1.277426,158.410751,269.140228,-24.893726,194.154297,261.105804,-48.345684,96.785843,289.022644,69.985542,122.348595,278.594543,48.517914,149.148483,267.593201,25.844351,174.989609,255.398697,3.535467,209.480942,246.118744,-21.386471,119.369293,282.095825,99.123444,143.693695,269.282684,76.870903,168.508041,255.801407,53.746689,193.743729,242.354538,31.376850,225.972900,229.885574,6.254680,142.860794,274.735901,127.608192,163.786255,258.556030,107.103653,187.485382,242.524414,83.226540,212.094513,227.861389,60.414932,242.630081,214.435501,34.972023,171.243256,265.304657,160.638397,190.250519,247.017059,139.937256,211.712173,228.968903,117.494972,233.952209,212.207657,95.451454,258.076355,200.102081,74.764015,195.259308,258.902405,187.050888,211.756622,237.559784,168.614212,231.297058,218.760757,145.898987,245.790375,206.460983,129.297302,263.276398,196.089279,114.670891,219.416336,251.744217,214.284073,235.010178,230.561890,194.956787,248.576401,214.230652,180.075607,260.528015,201.272659,165.294952,234.799652,247.044815,230.588303,251.369980,227.218567,210.838455
3004,2.788889,53.005573,302.227844,15.458234,120.669380,291.924622,-33.078861,178.544785,278.120483,-75.154282,76.030640,296.699951,43.671539,102.449669,288.719574,20.538290,130.464783,279.897186,-1.147429,158.662796,270.345276,-24.628765,194.453033,262.214172,-47.982681,97.010536,291.721466,70.005646,122.666878,281.113098,48.660587,149.532425,269.929810,26.131695,175.401016,257.398468,3.945539,209.949219,247.920853,-20.872164,119.757248,285.944489,99.226318,144.172546,272.896881,77.130234,169.104324,259.150787,54.181934,194.404984,245.437866,31.987120,226.712341,232.724213,7.026071,143.411713,279.770844,127.790703,164.464340,263.285126,107.526009,188.317001,246.962585,83.875977,213.030350,231.957870,61.247337,243.650986,218.350784,35.948917,171.993591,271.865692,160.928909,191.198608,253.093536,140.488846,212.808884,234.654526,118.327873,235.172592,217.531464,96.539459,259.372284,205.201965,75.940956,196.117264,266.452118,187.405869,212.863312,244.705933,169.302658,232.593674,225.509308,146.883820,247.154297,213.024368,130.558701,264.746979,202.319855,115.892639,220.424332,260.459045,214.708450,236.234222,238.779633,195.779495,250.005600,222.170486,181.136658,262.109558,208.919357,166.504364,235.890030,256.444763,231.096268,252.666718,236.135269,211.688889
3005,2.791667,52.993435,302.806458,15.454193,120.667694,292.369385,-33.054203,178.672607,278.581696,-74.958580,76.124054,298.416077,43.652603,102.614769,290.319702,20.597610,130.702026,281.465515,-1.010685,158.978867,271.778656,-24.332867,194.818100,263.568848,-47.588604,97.188675,294.520172,69.996750,122.980003,283.818573,48.790230,149.954041,272.535400,26.422947,175.900726,259.754791,4.385707,210.520676,250.123703,-20.318233,120.070717,289.931183,99.296783,144.636322,276.757233,77.367920,169.739685,262.844666,54.613754,195.160721,248.967499,32.613796,227.581711,236.081543,7.832763,143.857635,284.986359,127.937035,165.118591,268.325623,107.915199,189.194962,251.820541,84.510124,214.073547,236.588287,62.083199,244.830429,222.909286,36.946972,172.595383,278.633820,161.182632,192.095764,259.540619,141.005219,213.942932,240.845963,119.133736,236.503830,223.479858,97.614403,260.833252,211.035019,77.123329,196.801437,274.272949,187.723267,213.896683,252.268997,169.951370,233.910019,232.815628,147.830780,248.599594,220.221939,131.773132,266.344177,209.303574,117.101524,221.224976,269.484344,215.094040,237.342621,247.435577,196.568466,251.401901,230.668396,182.160995,263.725800,217.230057,167.679474,236.756577,266.185089,231.563507,253.817078,245.505280,212.518082
3006,2.794444,52.977310,303.399353,15.441572,120.670441,292.862823,-33.026821,178.821030,279.132233,-74.748024,76.187500,300.174438,43.612770,102.777191,292.024048,20.646715,130.957352,283.190704,-0.877489,159.345535,273.419037,-24.021109,195.234680,265.147003,-47.179359,97.317924,297.395691,69.952515,123.278900,286.683929,48.896301,150.398666,275.379547,26.701536,176.469208,262.436005,4.833681,211.171844,252.692108,-19.750673,120.305519,294.023346,99.325294,145.072906,280.825897,77.569176,170.394806,266.842316,55.020798,195.985641,252.900452,33.228287,228.550278,239.911057,8.641049,144.193039,290.339417,128.033905,165.733322,273.629242,108.251503,190.094772,257.045959,85.101471,215.192551,241.698318,62.887730,246.130203,228.053711,37.923988,173.042389,285.557587,161.382355,192.923035,266.298279,141.461105,215.085022,247.478058,119.878937,237.908508,229.986130,98.634529,262.415771,217.532227,78.262718,197.303711,282.300323,187.981598,214.835983,260.179108,170.529999,235.214066,240.605042,148.701950,250.087677,227.979523,132.899063,268.023407,216.960358,118.247490,221.809082,278.745483,215.415909,238.314880,256.451111,197.289688,252.734009,239.640945,183.108673,265.337677,226.118546,168.773758,237.388611,276.184509,231.962738,254.800110,255.243210,213.290344
3007,2.797222,52.957611,304.001007,15.417120,120.676506,293.397644,-32.999851,178.984451,279.760773,-74.529915,76.220032,301.960571,43.549541,102.930901,293.813110,20.679638,131.220581,285.049072,-0.758444,159.747910,275.240570,-23.709116,195.687195,266.922180,-46.771107,97.397911,300.324799,69.867065,123.555428,289.679993,48.968452,150.851288,278.427856,26.951063,177.085464,265.405487,5.267002,211.878128,255.586319,-19.195728,120.460938,298.188873,99.302322,145.472076,285.063263,77.719498,171.050995,271.099457,55.381973,196.853317,257.188171,33.802349,229.586212,244.160385,9.417605,144.417435,295.787933,128.067886,166.295547,279.145996,108.515800,190.992752,262.582855,85.623459,216.355286,247.228409,63.627094,247.510345,233.718979,38.838844,173.335617,292.586700,161.509796,193.665665,273.305511,141.832031,216.207642,254.482544,120.531174,239.349792,236.978592,99.559952,264.075043,224.617081,79.312439,197.624939,290.471710,188.158051,215.666901,268.366669,171.008621,236.477173,248.800766,149.460907,251.582062,236.219421,133.896484,269.741455,225.205490,119.282303,222.178101,288.170471,215.647171,239.139343,265.749664,197.908188,253.976852,249.004944,183.940247,266.910248,235.496902,169.742523,237.787384,286.364746,232.264267,255.605316,265.267242,213.967575
3008,2.800000,52.934589,304.606476,15.377936,120.684540,293.965942,-32.976799,179.157394,280.454559,-74.311676,76.221870,303.760498,43.460728,103.070129,295.665985,20.690798,131.481705,287.014038,-0.663648,160.170761,277.213867,-23.411898,196.160309,268.865845,-46.379169,97.429947,303.284882,69.735260,123.802620,292.776276,48.997166,151.297089,281.643066,27.156345,177.727982,268.622284,5.664204,212.615341,258.764374,-18.678406,120.539368,302.396820,99.218941,145.825699,289.428986,77.805321,171.690689,275.568878,55.677608,197.737228,261.777283,34.309578,230.657822,248.772751,10.131097,144.534760,301.291565,128.026123,166.795273,284.825165,108.690346,191.867096,268.373169,86.051834,217.530243,253.114975,64.270111,248.931000,239.834076,39.653515,173.482361,299.673370,161.546509,194.313293,280.501709,142.095200,217.286102,261.789764,121.060837,240.792282,244.381912,100.354416,265.766602,232.207352,80.229652,197.773666,298.728058,188.229889,216.381058,276.764130,171.359055,237.674606,257.325745,150.074295,253.049042,244.862015,134.728851,271.457031,233.951004,120.161781,222.342636,297.691620,215.760666,239.812454,275.258545,198.389633,255.111938,258.679260,184.618317,268.413177,245.277390,170.544708,237.964417,296.652313,232.437729,256.231842,275.501099,214.510880
3009,2.802778,52.908138,305.211548,15.321931,120.693054,294.559479,-32.961349,179.334900,281.199921,-74.100479,76.194107,305.560974,43.344490,103.189796,297.560852,20.675461,131.731293,289.057037,-0.601886,160.599579,279.307434,-23.142712,196.639755,270.948273,-46.017433,97.416649,306.253815,69.553169,124.014656,295.941162,48.974388,151.722168,284.985443,27.304235,178.375885,272.042786,6.005677,213.361084,262.183533,-18.221420,120.545738,306.617554,99.067421,146.127640,293.882294,77.814880,172.297836,280.201294,55.890556,198.612076,266.611023,34.726696,231.734604,253.688400,10.753293,144.552505,306.812164,127.897324,167.225327,290.616241,108.759750,192.698471,274.357483,86.365814,218.687805,259.291809,64.789558,250.354202,246.324081,40.334621,173.494934,306.772675,161.475220,194.859756,287.828156,142.230347,218.299164,269.330170,121.442253,242.203369,252.119095,100.986633,267.448334,240.218002,80.977066,197.764297,307.014282,188.175934,216.975342,285.307037,171.555939,238.786133,266.104340,150.512894,254.458603,253.827667,135.364304,273.131897,243.107452,120.847557,222.320297,307.246216,215.730957,240.337311,284.909760,198.702255,256.126923,268.586517,185.109055,269.821472,255.374634,171.144119,237.939041,306.979431,232.454453,256.686707,285.874695,214.883331
3010,2.805556,52.877834,305.812653,15.248020,120.700668,295.170349,-32.957043,179.512802,281.983246,-73.902924,76.138565,307.349518,43.199577,103.285812,299.475769,20.630169,131.961090,291.149475,-0.579943,161.021301,281.489136,-22.912252,197.112518,273.138733,-45.698040,97.361473,309.210480,69.318680,124.186996,299.142700,48.894257,152.114304,288.414581,27.384224,179.009872,275.621887,6.274428,214.095139,265.801300,-17.844473,120.486649,310.822784,98.842041,146.373520,298.382599,77.739052,172.858398,284.946564,56.007202,199.454697,271.630737,35.034687,232.788116,258.845917,11.260090,144.480499,312.313843,127.672508,167.581116,296.469696,108.712051,193.470444,280.476868,86.548935,219.801300,265.692108,65.163239,251.744843,253.112137,40.854660,173.388931,313.842621,161.281250,195.302567,295.228638,142.220734,219.229477,277.036041,121.654633,243.554092,260.113312,101.431168,269.081909,248.563248,81.524094,197.614929,315.279205,187.978424,217.451050,293.934662,171.578049,239.796112,275.064026,150.752747,255.785110,263.038452,135.776840,274.731964,252.586273,121.308357,222.133026,316.776276,215.536514,240.722076,294.640503,198.818832,257.014832,278.654205,185.383835,271.115662,265.707458,171.510513,237.735367,317.283569,232.289749,256.982452,296.323822,215.052612
3011,2.808333,52.843121,306.406647,15.156300,120.706253,295.791290,-32.966801,179.687851,282.791260,-73.724693,76.057541,309.114349,43.025627,103.355316,301.389923,20.552891,132.164459,293.263947,-0.602198,161.424866,283.727600,-22.728310,197.566849,275.406342,-45.431023,97.268188,312.134430,69.032166,124.316475,302.349365,48.753628,152.463715,291.890839,27.388847,179.612854,279.314819,6.456880,214.799545,269.575165,-17.563553,120.369499,314.985260,98.540092,146.560669,302.890503,77.572174,173.360703,289.755554,56.018162,200.244751,276.778351,35.219624,233.792786,264.183899,11.632619,144.329880,317.762573,127.345947,167.860016,302.337799,108.539742,194.169724,286.674194,86.589622,220.847504,272.250183,65.374680,253.071274,260.120941,41.192993,173.181305,320.843536,160.953964,195.642105,302.650085,142.054031,220.063461,284.842743,121.682907,244.819534,268.290192,101.669174,270.633087,257.158112,81.847855,197.345062,323.474762,187.624741,217.812469,302.589996,171.409424,240.693176,284.136261,150.776001,257.007324,272.419800,135.947250,276.227753,262.301849,121.520874,221.804459,326.227356,215.161896,240.977585,304.392609,198.718414,257.772827,288.815033,185.420670,272.281250,276.199921,171.620621,237.379349,327.506500,231.925278,257.134186,306.789246,214.993347
3012,2.811111,52.803345,306.990051,15.048143,120.708961,296.416046,-32.992424,179.857559,283.611633,-73.570389,75.953697,310.844543,42.823364,103.396759,303.284637,20.442978,132.336655,295.376099,-0.670584,161.801392,285.993652,-22.595793,197.992783,277.721283,-45.223900,97.140526,315.006042,68.696526,124.401482,305.531403,48.552132,152.763321,295.377808,27.313879,180.170410,283.078766,6.543561,215.458679,273.463257,-17.390272,120.201866,319.078552,98.162476,146.687897,307.368713,77.312592,173.795807,294.581909,55.918476,200.965363,281.998230,35.273071,234.726654,269.642517,11.858044,144.111938,323.125732,126.916039,168.061295,308.175751,108.240440,194.786102,292.896088,86.481445,221.806915,278.903107,65.413620,254.305573,267.274414,41.336487,172.888809,327.737518,160.488327,195.880844,310.043121,141.723282,220.791092,292.690399,121.518303,245.978989,276.579407,101.688820,272.072052,265.919769,81.933838,196.973724,331.554779,187.108704,218.065536,311.219360,171.040802,241.469391,293.257507,150.571457,258.108154,281.901611,135.863724,277.594391,272.173157,121.470451,221.357727,335.547180,214.599335,241.115326,314.111084,198.387848,258.400482,299.006378,185.205353,273.307617,286.781464,171.459045,236.896271,337.592407,231.351151,257.157501,317.214813,214.688965
3013,2.813889,52.757977,307.559235,14.925968,120.708168,297.039276,-33.034473,180.019867,284.433746,-73.443367,75.830025,312.529907,42.594715,103.409859,305.143982,20.300966,132.475037,297.465271,-0.784859,162.144363,288.261871,-22.516981,198.382477,280.057373,-45.081493,96.982368,317.806854,68.316704,124.441940,308.662140,48.292007,153.008575,298.843536,27.158255,180.671112,286.874695,6.529456,216.059647,277.425659,-17.331549,119.991081,323.077332,97.713577,146.755493,311.783234,76.962631,174.157578,299.384033,55.707359,201.603302,287.239380,35.191933,235.571869,275.165375,11.929591,143.837311,328.371429,126.385956,168.185822,313.942322,107.816650,195.312225,299.094482,86.223106,222.663864,285.592407,65.276169,255.424179,274.500214,41.279537,172.526886,334.487457,159.885590,196.022522,317.361908,141.227325,221.405197,300.524719,121.158432,247.015701,284.916199,101.485466,273.373505,274.769592,81.776199,196.518341,339.473877,186.431656,218.216507,319.772095,170.470383,242.119431,302.369171,150.135010,259.074097,291.418518,135.522293,278.811432,282.124390,121.151146,220.813858,344.683990,213.850037,241.146072,323.742798,197.822815,258.898407,309.169342,184.732315,274.186951,297.386353,171.018997,236.308975,347.485901,230.567398,257.066345,327.545898,214.132980
3014,2.816667,52.706882,308.110352,14.792738,120.703514,297.656830,-33.092525,180.173004,285.249542,-73.345917,75.689697,314.160675,42.342926,103.395508,306.955139,20.128304,132.578659,299.514954,-0.942923,162.449417,290.510925,-22.491999,198.730392,282.394043,-45.006256,96.797775,320.519379,67.899048,124.439095,311.718628,47.977707,153.197266,302.260986,26.923809,181.106598,290.668152,6.413894,216.592529,281.426697,-17.389877,119.744186,326.957123,97.200737,146.765152,316.103668,76.528107,174.442505,304.125946,55.387661,202.149216,292.456848,34.977875,236.314957,280.701843,11.845717,143.515762,333.468475,125.763756,168.235809,319.601074,107.274956,195.743591,305.227203,85.818054,223.406479,292.265289,64.964455,256.408600,281.732544,41.023418,172.109070,341.056702,159.153763,196.071548,324.563904,140.571075,221.901138,308.297150,120.606956,247.916611,293.241730,101.061409,274.517273,283.635010,81.377121,195.994293,347.186279,185.602707,218.271164,328.199615,169.704178,242.639771,311.417511,149.469742,259.894379,300.910156,134.926880,279.862366,292.085480,120.565323,220.191116,353.585297,212.924362,241.079163,333.234955,197.028336,259.267670,319.247742,184.004776,274.913239,307.952942,170.302444,235.637177,357.130402,229.584549,256.872284,337.727631,213.329453
3015,2.819444,52.650532,308.639893,14.651557,120.694832,298.265594,-33.165516,180.315491,286.054108,-73.279266,75.536079,315.727295,42.072311,103.355583,308.708191,19.927164,132.647903,301.512421,-1.141102,162.714050,292.724396,-22.519524,199.033112,284.717987,-44.998875,96.591103,323.127380,67.450897,124.395325,314.681915,47.615398,153.328903,305.608154,26.614935,181.471375,294.429565,6.200074,217.050415,285.435760,-17.563829,119.467934,330.694458,96.633720,146.719803,320.303680,76.017609,174.649445,308.777496,54.965298,202.597168,297.612549,34.636425,236.946762,286.209503,11.608859,143.156113,338.385834,125.061836,168.214844,325.119873,106.625099,196.077957,311.258118,85.273903,224.026459,298.875671,64.485710,257.245697,288.914856,40.575157,171.647308,347.407990,158.307159,196.032623,331.609009,139.765259,222.276382,315.964508,119.873093,248.671982,301.503235,100.425117,275.488007,292.451416,80.745667,195.414948,354.645111,184.638626,218.234665,336.454559,168.755646,243.028320,320.352539,148.585602,260.560883,310.320679,134.088425,280.734528,301.991852,119.722687,219.505249,362.196808,211.841736,240.922562,342.534393,196.018433,259.509521,329.187134,183.034149,275.482086,318.422546,169.319733,234.897751,366.467010,228.423233,256.584839,347.703918,212.292587
3016,2.822222,52.589855,309.144623,14.505473,120.682060,298.863068,-33.251968,180.446426,286.845764,-73.243675,75.372772,317.220642,41.787800,103.292732,310.395355,19.700310,132.684113,303.448364,-1.374581,162.937439,294.890167,-22.597326,199.288879,287.022308,-45.058849,96.367027,325.615662,66.980324,124.313896,317.536438,47.212269,153.404556,308.867096,26.238235,181.762527,298.134399,5.894194,217.428970,289.426697,-17.848738,119.168922,334.266174,96.024567,146.623398,324.360474,75.441673,174.779373,313.313690,54.448673,202.944504,302.675507,34.175949,237.462097,291.654999,11.224516,142.766708,343.092712,124.296188,168.127533,330.470276,105.879356,196.315170,317.155823,84.601868,224.518875,305.384430,63.851028,257.927399,296.001251,39.946198,171.152451,353.503540,157.365479,195.910889,338.459015,138.825760,222.530365,323.487549,118.970795,249.275223,309.653625,99.590134,276.275299,301.162994,79.896271,194.792526,361.802155,183.562775,218.112000,344.490143,167.644958,243.284500,329.127075,147.498672,261.067902,319.598694,133.023727,281.419098,311.784882,118.639000,218.770523,370.462555,210.629242,240.683350,351.587067,194.815170,259.625946,338.934021,181.839294,275.890503,328.739044,168.088669,234.105896,375.434326,227.112808,256.212189,357.417084,211.045471
3017,2.825000,52.526134,309.621704,14.357394,120.665230,299.447113,-33.350147,180.566132,287.625427,-73.238434,75.203606,318.631989,41.494553,103.210052,312.010254,19.451143,132.689407,305.316284,-1.637978,163.120239,296.999725,-22.722475,199.497238,289.304657,-45.184994,96.130547,327.969727,66.496162,124.198830,320.269318,46.776077,153.426285,312.023193,25.802094,181.979309,301.762909,5.504291,217.726074,293.376434,-18.237459,118.853851,337.649261,95.387367,146.480820,328.254059,74.812164,174.834885,317.713898,53.848080,203.191254,307.621521,33.606613,237.858856,297.013611,10.700630,142.355881,347.558533,123.485474,167.979507,335.626038,105.052101,196.456726,322.892578,83.816078,224.881790,311.759308,63.074322,258.449951,302.956329,39.151047,170.635132,359.304962,156.352264,195.712051,345.076569,137.772842,222.664337,330.829865,117.917969,249.722961,317.651489,98.573624,276.873352,309.723663,78.846893,194.139160,368.608368,182.403488,217.908813,352.259796,166.397797,243.409302,337.695953,146.230606,261.412628,328.696899,131.754089,281.911041,321.412567,117.334404,218.001038,378.325562,209.319839,240.368835,360.338287,193.447220,259.620148,348.435852,180.445190,276.137482,338.848419,166.633255,233.276596,383.969391,225.689117,255.762512,366.808105,209.618469
3018,2.827778,52.460865,310.068329,14.210143,120.644501,300.016052,-33.458271,180.675797,288.395569,-73.262016,75.032539,319.952911,41.198078,103.110893,313.547150,19.183867,132.666473,307.111633,-1.925788,163.264343,299.046875,-22.891411,199.658630,291.564178,-45.375694,95.887085,330.175293,66.008080,124.054741,322.869263,46.315010,153.397171,315.064240,25.315985,182.122665,305.299927,5.039210,217.941254,297.264465,-18.721052,118.529861,340.820862,94.737572,146.297806,331.966339,74.141785,174.820206,321.960388,53.175167,203.339706,312.432098,32.939579,238.137360,302.267761,10.046809,141.932526,351.752747,122.650085,167.777374,340.561890,104.159637,196.505905,328.442871,82.933044,225.115921,317.973663,62.171280,258.813171,309.753723,38.205864,170.106659,364.773743,155.293854,195.442886,351.424530,136.630203,222.681686,337.956543,116.735680,250.015045,325.460602,97.395058,277.280457,318.097015,77.617195,193.468140,375.014618,181.192078,217.632080,359.717133,165.043777,243.405853,346.015167,144.807495,261.595093,337.571411,130.304291,282.209290,330.829651,115.831886,217.212204,385.728699,207.950027,239.987640,368.733307,191.947968,259.497406,357.640381,178.881683,276.224548,348.698578,164.982117,232.426178,392.008728,224.191986,255.245514,375.817047,208.047195
3019,2.830556,52.395687,310.481842,14.066501,120.620209,300.568451,-33.574623,180.776428,289.158508,-73.312164,74.863579,321.175018,40.904457,102.998749,315.000488,18.903482,132.618378,308.830780,-2.232635,163.372452,301.026764,-23.099930,199.774094,293.799713,-45.628902,95.642380,332.217957,65.526329,123.886787,325.325562,45.837593,153.321091,317.979736,24.789831,182.194870,308.733673,4.507953,218.075500,301.072876,-19.289633,118.204788,343.758636,94.090942,146.081100,335.480286,73.443672,174.740677,326.037506,52.442471,203.393829,317.092987,32.186440,238.299820,307.405060,9.273526,141.506760,355.645691,121.811050,167.528763,345.252625,103.220146,196.467880,333.782684,81.970695,225.224533,324.005341,61.158455,259.019775,316.373718,37.127285,169.579926,369.871857,154.217758,195.111908,357.466064,135.423859,222.588013,344.833588,115.447525,250.154648,333.049194,96.075249,277.498566,326.255310,76.227165,192.794693,380.972717,179.961090,217.290985,366.816132,163.615021,243.279755,354.041656,143.258652,261.618652,346.181213,128.701630,282.316284,339.997162,114.156342,216.421844,392.615784,206.557648,239.550629,376.717377,190.353973,259.265564,366.496216,177.181824,276.156464,358.239014,163.167557,231.573700,399.489777,222.663116,254.673218,384.383881,206.370697
3020,2.833333,52.332333,310.859680,13.929071,120.592857,301.103058,-33.697460,180.867859,289.915344,-73.385796,74.700745,322.289886,40.620281,102.877266,316.364471,18.615614,132.548370,310.470001,-2.553420,163.447678,302.934662,-23.342852,199.844803,296.009094,-45.941875,95.402626,334.083649,65.061363,123.700890,327.627655,45.352512,153.202820,320.759735,24.233675,182.199371,312.054840,3.919333,218.130997,304.787781,-19.933508,117.887352,346.441254,93.462852,145.838394,338.778931,72.731369,174.603012,329.930145,51.663113,203.358826,321.592194,31.359005,238.349976,312.415985,8.391727,141.090088,359.208618,120.989281,167.242676,349.672668,102.253075,196.349854,338.889038,80.947586,225.213181,329.834869,60.052696,259.075012,322.800964,35.931831,169.069763,374.562805,153.151230,194.729752,363.164917,134.180908,222.391449,351.427277,114.078987,250.147995,340.388733,94.635872,277.533112,334.176910,74.696892,192.136581,386.436096,178.743225,216.897202,373.511597,162.144867,243.039536,361.733276,141.615158,261.489929,354.487030,126.975388,282.238098,348.880554,112.334259,215.650879,398.932556,205.180191,239.071671,384.236542,188.703522,258.935730,374.952423,175.380890,275.941467,367.420380,161.224533,230.741623,406.351837,221.143997,254.060837,392.449310,204.629654
3021,2.836111,52.272602,311.199585,13.800099,120.563164,301.618195,-33.824577,180.948746,290.665436,-73.478905,74.548248,323.289429,40.352257,102.750351,317.633148,18.326221,132.459824,312.025055,-2.883297,163.493362,304.765350,-23.613850,199.872147,298.188782,-46.311073,95.174492,335.758789,64.623344,123.503632,329.764740,44.868557,153.048019,323.394745,23.657459,182.140579,315.255859,3.281917,218.110962,308.399750,-20.643972,117.587166,348.848236,92.867958,145.578293,341.845398,72.018715,174.415054,333.623505,50.850525,203.240997,325.918915,30.469349,238.293015,317.291840,7.412987,140.695435,362.414337,120.205086,166.929535,353.796509,101.278488,196.161163,343.739563,79.882256,225.089371,335.444275,58.871090,258.986267,329.022125,34.635986,168.593170,378.812622,152.119980,194.309265,368.485748,132.928680,222.102554,357.704163,112.656769,250.004440,347.452362,93.099342,277.392426,341.843109,73.047050,191.514008,391.360687,177.570343,216.465134,379.759552,160.666779,242.696854,369.048737,139.909180,261.219147,362.450623,125.156670,281.984283,357.447113,110.393951,214.923416,404.627472,203.853439,238.567627,391.238220,187.035126,258.522064,382.959045,173.515656,275.591492,376.194305,159.189926,229.956009,412.537323,219.673889,253.426910,399.955750,202.865036
3022,2.838889,52.218342,311.499573,13.681501,120.532043,302.111572,-33.953239,181.017487,291.407196,-73.587212,74.410492,324.165863,40.106869,102.622124,318.800323,18.041353,132.356277,313.490875,-3.217533,163.513123,306.512878,-23.905785,199.857666,300.333862,-46.732216,94.965073,337.230621,64.221939,123.302139,331.725922,44.394764,152.863129,325.875458,23.070648,182.023666,318.329651,2.604240,218.019653,311.902283,-21.413050,117.314453,350.960815,92.320038,145.310242,344.662537,71.319710,174.185669,337.102356,50.018707,203.047577,330.062225,29.530163,238.135376,322.023132,6.349990,140.336700,365.237488,119.477623,166.601013,357.598846,100.316597,195.912872,348.312286,78.793243,224.862381,340.815796,57.631390,258.762817,335.023865,33.256763,168.168808,382.590637,151.147354,193.865494,373.394653,131.694336,221.734268,363.631348,111.208206,249.735825,354.213470,91.489388,277.087738,349.235168,71.299789,190.949097,395.705566,176.472198,216.011612,385.517914,159.213516,242.266373,375.947693,138.173569,260.819763,370.033997,123.278145,281.567993,365.663879,108.366234,214.265839,409.652924,202.610504,238.058151,397.672119,185.386459,258.041870,390.467133,171.624130,275.122131,384.513489,157.102036,229.245682,417.993286,218.288574,252.793167,406.847992,201.117096
3023,2.841667,52.171364,311.758087,13.575089,120.500519,302.580658,-34.080616,181.073105,292.139343,-73.707336,74.291840,324.912262,39.890175,102.496758,319.859924,17.766972,132.241364,314.862000,-3.551365,163.510971,308.171173,-24.211164,199.803299,302.438263,-47.200390,94.781624,338.487640,63.866108,123.103760,333.500366,43.940376,152.655151,328.193054,22.482031,181.854553,321.269257,1.895173,217.862137,315.289764,-22.232401,117.079628,352.762238,91.831833,145.044220,347.213623,70.648331,173.924332,340.351013,49.182545,202.786789,334.010651,28.555174,237.884766,326.598969,5.216956,140.028168,367.655304,118.824219,166.269684,361.054901,99.387459,195.617325,352.585541,77.699165,224.542862,345.931122,56.352413,258.415649,340.791748,31.812426,167.816177,385.870178,150.253815,193.415024,377.859100,130.504547,221.301437,369.176514,109.760925,249.356110,360.644348,89.831932,276.632874,356.332214,69.479752,190.464844,399.434204,175.475540,215.555237,390.747101,157.816757,241.765320,382.390930,136.441422,260.308289,377.199158,121.374252,281.005859,373.496185,106.285095,213.705643,413.966003,201.481247,237.564896,403.491028,183.793640,257.514832,397.429230,169.745026,274.552216,392.331787,155.000412,228.640686,422.672272,217.019547,252.183609,413.073975,199.424957
3024,2.844444,52.133354,311.973999,13.482697,120.469749,303.023651,-34.204357,181.115372,292.861389,-73.837250,74.196350,325.522736,39.707481,102.378349,320.806335,17.508781,132.118698,316.133087,-3.879887,163.491241,309.733704,-24.522289,199.711548,304.494507,-47.709763,94.631096,339.519989,63.563698,122.915710,335.077789,43.514614,152.431442,330.339111,21.900080,181.639679,324.066925,1.164391,217.644531,318.555115,-23.092127,116.892555,354.238495,91.414612,144.790298,349.482635,70.018311,173.640839,343.353760,48.357700,202.467728,337.751282,27.559488,237.549881,331.006653,4.030033,139.783447,369.648621,118.259758,165.948318,364.141144,98.510674,195.287796,356.538055,76.618851,224.142548,350.771210,55.054398,257.957428,346.309753,30.323154,167.554138,388.629120,149.456635,192.975174,381.848389,129.385483,220.820389,374.308167,108.342842,248.880661,366.715607,88.155640,276.044037,363.109406,67.615074,190.083603,402.515381,174.603439,215.115387,395.410248,156.506699,241.212936,388.340485,134.746170,259.703613,383.907379,119.481285,280.317139,380.906708,104.188133,213.269470,417.529785,200.491714,237.110458,408.651520,182.290894,256.962280,403.799683,167.917587,273.902954,399.603516,152.926178,228.170334,426.533630,215.893753,251.623474,418.585449,197.826340
3025,2.847222,52.105679,312.146423,13.406013,120.440887,303.440155,-34.322643,181.144653,293.573364,-73.975792,74.127380,325.992859,39.563137,102.270653,321.634766,17.272039,131.991623,317.299255,-4.198252,163.458511,311.193817,-24.831154,199.585632,306.493042,-48.252911,94.519539,340.319946,63.321232,122.744713,336.449249,43.126293,152.199188,332.305237,21.333548,181.386002,326.713898,0.422830,217.373856,321.688629,-23.980019,116.761711,355.378693,91.077660,144.558029,351.455109,69.442787,173.345062,346.095245,47.559956,202.100235,341.269897,26.559706,237.140701,335.230865,2.807841,139.614471,371.202454,117.796173,165.649246,366.835907,97.704948,194.937729,360.148926,75.571739,223.674149,355.315826,53.759178,257.402344,351.559448,28.811796,167.399231,390.850952,148.769562,192.563065,385.334412,128.362274,220.308304,378.995575,106.982178,248.326126,372.396057,86.492058,275.339722,369.537262,65.738365,189.825256,404.924408,173.874725,214.711166,399.474121,155.311768,240.629639,393.759094,133.121902,259.026672,390.119263,117.637520,279.523621,387.855438,102.116783,212.981018,420.314697,199.663391,236.716904,413.114624,180.910431,256.406158,409.534424,166.181458,273.197479,406.283081,150.922516,227.860580,429.544373,214.933289,251.137558,423.338074,196.357574
3026,2.850000,52.089294,312.274963,13.346260,120.415062,303.830841,-34.433903,181.161560,294.275360,-74.122078,74.087296,326.319519,39.460266,102.176842,322.341644,17.061335,131.863220,318.356934,-4.502308,163.417389,312.544891,-25.129473,199.429596,308.421997,-48.820084,94.451767,340.882141,63.143669,122.596565,337.607361,42.783314,151.965225,334.083191,20.791697,181.100952,329.199799,-0.317066,217.058472,324.677307,-24.881187,116.693649,356.175720,90.827774,144.355988,353.118866,68.933678,173.046860,348.561066,46.804668,201.694931,344.551056,25.573820,236.668594,339.253021,1.572031,139.530487,372.306763,117.442215,165.383789,369.120392,96.987434,194.580215,363.397644,74.578056,223.151215,359.543640,52.490177,256.766235,356.518890,27.304676,167.364197,392.525238,148.202530,192.194672,388.292297,127.458038,219.782791,383.208679,105.707390,247.710342,377.652832,84.875259,274.540588,375.581390,63.886829,189.705231,406.644318,173.303162,214.360352,402.909698,154.257935,240.036346,398.609680,131.603867,258.300262,395.794525,115.882713,278.649567,394.299316,100.115868,212.858643,422.300140,199.012512,236.404541,416.845978,179.682205,255.868408,414.590820,164.576447,272.460297,412.323700,149.034958,227.731796,431.680511,214.154755,250.748749,427.292419,195.053101
3027,2.852778,52.084690,312.359619,13.304047,120.393280,304.197021,-34.536667,181.166855,294.967072,-74.275055,74.077248,326.501343,39.400627,102.099365,322.924622,16.880394,131.736343,319.303864,-4.789131,163.372528,313.780457,-25.408937,199.248367,310.267426,-49.399296,94.431023,341.203705,63.034245,122.475830,338.546875,42.492226,151.735794,335.665283,20.284010,180.792648,331.512634,-1.041484,216.708008,327.504700,-25.778011,116.692383,356.626312,90.668930,144.191223,354.464386,68.501122,172.755707,350.737885,46.106640,201.263168,347.577667,24.621044,236.146698,343.050476,0.347410,139.537231,372.956543,117.203094,165.161667,370.979523,96.372978,194.227524,366.263947,73.658463,222.588318,363.431824,51.272236,256.066833,361.161926,25.831751,167.456726,393.647858,147.761475,191.884171,390.701416,126.692978,219.261490,386.918213,104.547020,247.052475,382.451141,83.341148,273.669891,381.202393,62.101608,189.733093,407.666901,172.896988,214.078705,405.692657,153.368073,239.454193,402.854980,130.227692,257.548798,400.891632,114.257462,277.721832,400.192078,98.232536,212.913605,423.475647,198.549515,236.190460,419.816620,178.633255,255.370499,418.927765,163.141632,271.717407,417.677002,147.310699,227.796692,432.928864,213.568710,250.476929,430.414795,193.944305
3028,2.855556,52.091930,312.400757,13.279382,120.376343,304.539795,-34.629654,181.161591,295.647766,-74.433197,74.097237,326.538483,39.384552,102.039833,323.382599,16.731972,131.613556,320.138733,-5.056892,163.328461,314.894653,-25.661688,199.047729,312.013763,-49.976952,94.458801,341.284180,62.994236,122.385780,339.264557,42.258110,151.516571,337.044128,19.819740,180.469925,333.638428,-1.735652,216.333649,330.150940,-26.650412,116.759247,356.731140,90.602165,144.069092,355.485199,68.152824,172.480545,352.613098,45.479923,200.817078,350.330963,23.721432,235.590073,346.596405,-0.838710,139.636642,373.152069,117.080444,164.990860,372.402191,95.873489,193.891373,368.728088,72.832993,222.001312,366.955383,50.131271,255.324249,365.457703,24.425776,167.678925,394.221252,147.448273,191.643616,392.545258,126.083763,218.762131,390.095520,103.528793,246.373337,386.754150,81.926155,272.753876,386.355896,60.426273,189.911484,407.993011,172.658966,213.879517,407.803314,152.661285,238.904663,406.458160,129.027908,256.798553,405.367554,112.802177,276.770355,405.484070,96.514664,213.148788,423.841614,198.278839,236.088013,422.003845,177.786575,254.933380,422.505981,161.913528,270.996735,422.293121,145.796555,228.058975,433.287903,213.179565,250.337601,432.679199,193.057541
3029,2.858333,52.110706,312.398926,13.271739,120.364914,304.859772,-34.711746,181.147202,296.315735,-74.594292,74.146225,326.432678,39.411041,101.999138,323.715485,16.617876,131.497192,320.860046,-5.304027,163.289352,315.881958,-25.880753,198.834305,313.644592,-50.538643,94.534859,341.125610,63.022873,122.328445,339.758820,42.084587,151.312805,338.212646,19.407553,180.142532,335.561371,-2.384429,215.947861,332.593231,-27.476719,116.892815,356.494843,90.625603,143.993149,356.177643,67.893906,172.229813,354.174927,44.937412,200.369766,352.790253,22.895220,235.015915,349.859863,-1.957795,139.826889,372.898743,117.072487,164.877594,373.381073,95.497719,193.583130,370.771149,72.120033,221.407822,370.086731,49.093643,254.561310,369.370697,23.120857,168.026901,394.253906,147.260910,191.482941,393.811279,125.643059,218.302612,392.713104,102.678177,245.696075,390.522766,80.665588,271.822113,390.992523,58.904690,190.236160,407.632507,172.587082,213.773483,409.226440,152.152390,238.409805,409.383728,128.035797,256.077820,409.178162,111.555092,275.828857,410.122498,95.008553,213.558289,423.408783,198.199493,236.106369,423.391663,177.159897,254.577606,425.289398,160.923904,270.328064,426.122559,144.535965,228.512711,432.767212,212.985977,250.341095,434.068665,192.412323
3030,2.861111,52.140434,312.355011,13.280073,120.359650,305.156433,-34.781853,181.125687,296.968109,-74.755211,74.222351,326.186890,39.477833,101.977615,323.923950,16.539177,131.389496,321.465179,-5.528201,163.258972,316.737091,-26.060141,198.615555,315.142792,-51.069756,94.657288,340.732269,63.117496,122.304787,340.029358,41.973755,151.129532,339.163757,19.055389,179.821121,337.263947,-2.972967,215.564407,334.806396,-28.234886,117.089157,355.925171,90.734894,143.965561,356.540009,67.727211,172.011597,355.411652,44.490356,199.935547,354.932831,22.162086,234.443588,352.806458,-2.981466,140.102707,372.206055,117.174675,164.826584,373.911804,95.251167,193.314056,372.374603,71.535599,220.827591,372.794952,48.185207,253.803879,372.860413,21.950792,168.490997,393.758881,147.194214,191.410248,394.490173,125.379410,217.900909,394.744873,102.016693,245.046173,393.716492,79.592087,270.908234,395.058685,57.578804,190.696411,406.602356,172.675720,213.768768,409.950836,151.851547,237.991760,411.598969,127.277214,255.416153,412.280670,110.549446,274.934174,414.053650,93.755890,214.127762,422.196960,198.306213,236.250336,423.971161,176.764832,254.322830,427.246552,160.197845,269.742188,429.119507,143.565521,229.142456,431.386444,212.981888,250.491257,434.575867,192.020355
3031,2.863889,52.180370,312.270355,13.302787,120.361382,305.428375,-34.838879,181.099777,297.600433,-74.911919,74.323044,325.805145,39.581577,101.975281,324.008759,16.496542,131.292938,321.949829,-5.725739,163.240570,317.454437,-26.194786,198.399811,316.490723,-51.556026,94.822678,340.110443,63.273796,122.314812,340.076569,41.926277,150.972015,339.889801,18.770567,179.517090,338.727570,-3.487230,215.197769,336.763367,-28.903725,117.342224,355.032196,90.924042,143.987366,356.571869,67.653824,171.833725,356.311340,44.148159,199.530182,356.733643,21.540754,233.894577,355.398560,-3.882520,140.455582,371.086731,117.380585,164.841019,373.992157,95.136398,193.095398,373.520538,71.093071,220.282898,375.045990,47.430473,253.080994,375.881744,20.947645,169.055954,392.751770,147.241211,191.431427,394.575836,125.297073,217.574341,396.167175,101.560699,244.450974,396.294617,78.733879,270.048920,398.498688,56.486347,191.275864,404.924866,172.917038,213.870605,409.969421,151.763641,237.671494,413.076202,126.770821,254.842880,414.636230,109.810982,274.124329,417.226196,92.790787,214.835510,420.232788,198.590927,236.520126,423.740234,176.606857,254.186447,428.352325,159.752335,269.268341,431.245178,142.912308,229.924454,429.172577,213.157974,250.785263,434.202637,191.885880
3032,2.866667,52.229710,312.146637,13.337581,120.371246,305.673157,-34.881710,181.073135,298.206207,-75.059471,74.445160,325.292145,39.718231,101.992134,323.970367,16.490639,131.210419,322.308075,-5.891683,163.236938,318.028320,-26.280548,198.196136,317.670441,-51.984066,95.026176,339.267639,63.486404,122.357803,339.900726,41.941895,150.845825,340.381927,18.560026,179.242401,339.933075,-3.914021,214.862885,338.436646,-29.464186,117.644173,353.827332,91.186241,144.058716,356.273315,67.673767,171.703720,356.861633,43.918636,199.170609,358.165802,21.048792,233.392181,357.596130,-4.635523,140.874344,369.555054,117.682907,164.922272,373.621765,95.153511,192.937912,374.191589,70.803123,219.797760,376.803711,46.851788,252.423965,378.386292,20.140654,169.701447,391.247589,147.394882,191.549210,394.065887,125.396255,217.338379,396.959930,101.320969,243.937851,398.218475,78.113541,269.282043,401.257843,55.658878,191.953613,402.624908,173.302383,214.080215,409.280243,151.888367,237.466492,413.794250,126.527519,254.384750,416.212372,109.356796,273.435730,419.594391,92.137924,215.654068,417.546844,199.044174,236.910645,422.703613,176.685699,254.181473,428.589966,159.595612,268.931458,432.470551,142.592926,230.828293,426.157074,213.503006,251.213516,432.958740,192.006638
3033,2.869444,52.287655,311.986206,13.381338,120.390907,305.887085,-34.909229,181.050415,298.776550,-75.191940,74.585152,324.652710,39.883656,102.028389,323.808105,16.522474,131.145477,322.532135,-6.020043,163.250351,318.453186,-26.314371,198.014053,318.663910,-52.341812,95.261620,338.212067,63.749550,122.432587,339.501495,42.020237,150.756744,340.629761,18.430481,179.009476,340.860809,-4.240693,214.574585,339.799896,-29.900660,117.985519,352.322327,91.514679,144.178558,355.644470,67.786278,171.628540,357.049530,43.808472,198.874084,359.201691,20.702223,232.960495,359.358429,-5.217492,141.345291,367.625916,118.074379,165.069275,372.801941,95.300682,192.851044,374.371918,70.674004,219.396255,378.032684,46.468201,251.864487,380.325470,19.555140,170.402542,389.257568,147.649872,191.761856,392.962158,125.673531,217.204773,397.107361,101.303001,243.531998,399.453461,77.747467,268.643768,403.286255,55.120544,192.705475,399.728027,173.822983,214.393539,407.887238,152.220596,237.388519,413.739929,126.550911,254.063492,416.984375,109.195808,272.899994,421.120422,91.812340,216.552261,414.170563,199.656021,237.410782,420.872467,176.996445,254.313553,427.952698,159.727600,268.749054,432.777527,142.614044,231.819473,422.372253,214.004929,251.760574,430.860138,192.375687
3034,2.872222,52.353447,311.791626,13.430372,120.422531,306.065186,-34.920101,181.037384,299.299622,-75.302345,74.739227,323.891357,40.074131,102.084457,323.520081,16.593506,131.102417,322.612701,-6.104091,163.282333,318.723602,-26.294525,197.862900,319.453735,-52.618908,95.521492,336.952148,64.057533,122.537560,338.877655,42.161240,150.710327,340.621918,18.388327,178.830872,341.490936,-4.455128,214.347290,340.829498,-30.201101,118.355286,350.528473,91.903053,144.344284,354.685516,67.990181,171.613815,356.862762,43.823242,198.656662,359.815063,20.514681,232.622345,360.647156,-5.609015,141.852737,365.314056,118.548248,165.278168,371.535278,95.574829,192.841660,374.048340,70.711411,219.099625,378.701111,46.294224,251.431580,381.654724,19.211134,171.130096,386.785950,148.003769,192.062363,391.270294,126.122787,217.180008,396.599213,101.507660,243.254044,399.970825,77.645836,268.165070,404.541718,54.887741,193.505020,396.258636,174.470245,214.800171,405.800507,152.751602,237.441849,412.908020,126.838715,253.893707,416.935608,109.330002,272.540955,421.776123,91.820374,217.497040,410.133881,200.416763,238.002747,418.264099,177.530914,254.579071,426.444336,160.141693,268.728546,432.159424,142.973953,232.861572,417.848450,214.651581,252.405914,427.927094,192.983139
3035,2.875000,52.426254,311.565216,13.481249,120.468567,306.200958,-34.912411,181.040298,299.760956,-75.382812,74.903206,323.012115,40.286522,102.160660,323.103302,16.705393,131.085831,322.539032,-6.136859,163.333603,318.834290,-26.220800,197.751266,320.024017,-52.807060,95.797127,335.495911,64.405197,122.670509,338.027100,42.365154,150.711182,340.346863,18.439281,178.718094,341.804657,-4.546410,214.194336,341.504303,-30.355835,118.741249,348.456116,92.345993,144.551636,353.396667,68.283958,171.662949,356.290527,43.966980,198.531235,359.983429,20.496395,232.396820,361.429871,-5.795285,142.379425,362.633423,119.098351,165.542160,369.825287,95.972153,192.912781,373.211456,70.918152,218.923569,378.784210,46.338898,251.147980,382.337952,19.122160,171.850784,383.826599,148.458160,192.438507,388.999237,126.736061,217.264175,395.430878,101.931808,243.117554,399.749542,77.812820,267.868744,404.992584,54.969231,194.324585,392.239227,175.235855,215.283463,403.034698,153.470520,237.622406,411.301025,127.384026,253.881424,416.057739,109.755745,272.372803,421.543701,92.160927,218.454803,405.463684,201.316696,238.662430,414.900574,178.279099,254.964386,424.078217,160.826538,268.865204,430.620483,143.663834,233.917969,412.612305,215.430984,253.123917,424.183044,193.817154
3036,2.877778,52.504910,311.308044,13.531807,120.531113,306.286194,-34.883312,181.065155,300.144012,-75.424828,75.072487,322.018188,40.518227,102.256844,322.553711,16.859568,131.099899,322.300201,-6.111881,163.404099,318.780518,-26.094543,197.686340,320.360931,-52.900311,96.079216,333.850555,64.788155,122.828369,336.947235,42.632160,150.762207,339.794128,18.587744,178.680054,341.786072,-4.506088,214.126572,341.806763,-30.357258,119.130241,346.114594,92.838921,144.794617,351.778015,68.665527,171.776260,355.324402,44.241550,198.505920,359.689697,20.653322,232.297211,361.681976,-5.766809,142.906952,359.597076,119.718918,165.851868,367.675995,96.488190,193.062790,371.855988,71.293724,218.876343,378.265442,46.605385,251.027588,382.350037,19.294523,172.526764,380.360260,149.019470,192.873505,386.160522,127.504021,217.450912,393.603424,102.568741,243.127258,398.777954,78.246559,267.766693,404.619476,55.366001,195.135773,387.690094,176.111496,215.821823,399.607483,154.365234,237.918396,408.928253,128.176132,254.023499,414.350525,110.464317,272.398987,420.416626,92.826508,219.392105,400.184326,202.345917,239.361191,410.806854,179.229416,255.447388,420.874664,161.767593,269.142792,428.174164,144.668854,234.952530,406.686951,216.331467,253.884888,419.653168,194.864441
3037,2.880556,52.587696,311.019653,13.581612,120.611374,306.311310,-34.829166,181.116562,300.431091,-75.420074,75.242012,320.912384,40.766987,102.372017,321.866821,17.056618,131.147476,321.885986,-6.024059,163.492783,318.558075,-25.918613,197.673157,320.453705,-52.895313,96.358238,332.022369,65.202675,123.007103,335.635498,42.961807,150.864151,338.955017,18.836048,178.721680,341.423370,-4.329470,214.150452,341.724426,-30.201263,119.508514,343.512817,93.377480,145.065750,349.829956,69.131775,171.950867,353.958740,44.645977,198.583405,358.923340,20.986479,232.329681,361.387878,-5.520328,143.416138,356.217468,120.403969,166.195801,365.092194,97.117264,193.285614,369.981049,71.833900,218.958252,377.136841,47.090691,251.074493,381.677551,19.726858,173.115005,376.351044,149.699951,193.347107,382.768097,128.415802,217.728271,391.122803,103.408020,243.278702,397.054291,78.938972,267.858551,403.416138,56.070927,195.910294,382.630157,177.088181,216.390457,395.538513,155.421967,238.311905,405.804260,129.200409,254.307983,411.821350,111.441551,272.612122,418.398926,93.803268,220.276184,394.318665,203.493423,240.068253,406.009064,180.367874,256.000458,416.858032,162.947128,269.537567,424.840454,145.968918,235.930267,400.093353,217.340973,254.656906,414.363647,196.109314
3038,2.883333,52.672428,310.698364,13.631646,120.709259,306.266724,-34.746445,181.196991,300.605591,-75.361923,75.406395,319.697571,41.030518,102.504112,321.038422,17.295504,131.229507,321.287964,-5.870548,163.597961,318.163605,-25.697256,197.714264,320.295197,-52.791618,96.624817,330.017609,65.644890,123.201569,334.090332,43.352051,151.015289,337.823303,19.183657,178.843521,340.709534,-4.016499,214.267242,341.250916,-29.888765,119.862350,340.660187,93.956596,145.356247,347.553619,69.677696,172.180725,352.191284,45.175602,198.760971,357.679657,21.491329,232.492981,360.540924,-5.059834,143.887817,352.507416,121.146332,166.561005,362.080261,97.851295,193.571411,367.589813,72.530067,219.162613,375.398010,47.785290,251.283432,380.317841,20.409555,173.566452,371.743011,150.518417,193.837372,378.838409,129.457962,218.080536,387.999390,104.434837,243.559753,394.585358,79.875267,268.133484,401.387543,57.068371,196.620743,377.078491,178.155197,216.963684,390.849182,156.624176,238.781158,401.947571,130.437378,254.716248,408.484100,112.667152,272.995972,415.503601,95.070435,221.075714,387.890289,204.745865,240.753082,400.533417,181.676544,256.593842,412.055115,164.343231,270.022400,420.643433,147.538498,236.817902,392.853149,218.446030,255.407928,408.341888,197.532410
3039,2.886111,52.756718,310.341675,13.683732,120.823151,306.143982,-34.632889,181.305969,300.653839,-75.247124,75.560265,318.376953,41.306046,102.649849,320.066040,17.572958,131.344696,320.500610,-5.651463,163.717133,317.594727,-25.435934,197.809479,319.882141,-52.591881,96.870033,327.843536,66.109993,123.405510,332.312469,43.798378,151.211349,336.396545,19.626356,179.042145,339.642303,-3.572222,214.473282,340.385925,-29.426289,120.178734,337.567596,94.569740,145.656158,344.952850,70.295380,172.457092,350.023987,45.821274,199.031143,355.960175,22.157341,232.779358,359.142517,-4.397046,144.303650,348.481323,121.936569,166.933701,358.649536,98.678711,193.907516,364.689850,73.368553,219.477341,373.055481,48.672829,251.641479,378.277527,21.324486,173.846420,366.503937,151.481415,194.322327,374.390869,130.613327,218.490097,384.247559,105.629173,243.953308,391.384674,81.033432,268.572876,398.547638,58.334152,197.241760,371.056549,179.298615,217.516434,385.563141,157.951431,239.302689,397.379791,131.861893,255.225754,404.357971,114.114182,273.528198,411.750305,96.599709,221.761688,380.925629,206.086700,241.387222,394.407135,183.132401,257.198212,406.494293,165.928589,270.570282,415.609955,149.345505,237.584534,384.991669,219.630890,256.107025,401.618011,199.109497
3040,2.888889,52.838234,309.947174,13.740030,120.949966,305.936859,-34.488346,181.440002,300.566833,-75.077072,75.698563,316.954926,41.590000,102.804909,318.949951,17.883406,131.489578,319.522156,-5.370232,163.847260,316.850403,-25.141134,197.955856,319.215515,-52.302219,97.085869,325.509125,66.591789,123.611740,330.306366,44.293278,151.445557,334.677063,20.155729,179.310516,338.224548,-3.006900,214.760818,339.134766,-28.825855,120.446129,334.248291,95.208412,145.954605,342.035675,70.973434,172.768768,347.464233,46.568951,199.382599,353.772400,22.967932,233.175705,357.201630,-3.551241,144.647247,344.156189,122.762321,167.299667,354.813538,99.583725,194.279327,361.294250,74.330338,219.886429,370.122070,49.730148,252.130447,375.570465,22.445467,173.955643,360.672821,152.563293,194.781448,369.447662,131.860291,218.938782,379.886078,106.965363,244.439590,387.470856,82.384247,269.153534,394.917053,59.836010,197.750519,364.590057,180.500412,218.025650,379.707184,159.378967,239.853073,392.125885,133.442932,255.812317,399.466827,115.749115,274.183105,407.164032,98.355316,222.308182,373.455475,207.495819,241.945190,387.660004,184.707169,257.786560,400.206390,167.669662,271.156067,409.769684,151.350723,238.202469,376.540161,220.877762,256.725769,394.226105,200.810898
3041,2.891667,52.914856,309.512543,13.802628,121.085190,305.642365,-34.315472,181.592331,300.341370,-74.858696,75.816895,315.437164,41.878105,102.964218,317.693726,18.219271,131.658859,318.355133,-5.033508,163.984711,315.931030,-24.820156,198.147827,318.300446,-51.932396,97.265526,323.025543,67.082664,123.812637,328.080536,44.826317,151.709045,332.672638,20.759233,179.638748,336.464508,-2.335736,215.118668,337.508636,-28.104746,120.654930,330.718292,95.862190,146.240479,338.815369,71.696877,173.102722,344.525177,47.399872,199.801071,351.130157,23.901075,233.664780,354.734436,-2.548531,144.904984,339.552185,123.608200,167.644821,350.590576,100.546562,194.670883,357.421906,75.391434,220.371109,366.616882,50.927956,252.728317,372.217010,23.739288,173.910248,354.319427,153.722717,195.196503,364.034393,133.173019,219.408173,374.938660,108.412285,244.997452,382.868134,83.892090,269.849457,390.522430,61.534538,198.127487,357.709625,181.738571,218.470795,373.312256,160.877747,240.409790,386.214691,135.143982,256.451447,393.839508,117.532295,274.933136,401.774963,100.294785,222.693283,365.516022,208.949722,242.404846,380.326141,186.367828,258.335297,393.225769,169.526825,271.756836,403.155701,153.508286,238.648056,367.537476,222.167648,257.239410,386.205078,202.601624
3042,2.894444,52.984852,309.036560,13.873162,121.222984,305.261169,-34.120041,181.753281,299.980804,-74.604790,75.911682,313.831024,42.165497,103.122307,316.304230,18.571463,131.845810,317.006409,-4.650692,164.125519,314.838837,-24.480879,198.377350,317.146606,-51.495762,97.403603,320.406311,67.573792,124.000671,325.647461,45.384766,151.991577,330.396057,21.420923,180.014465,334.375916,-1.578141,215.532715,335.524750,-27.284937,120.797760,326.996490,96.518883,146.503128,335.310425,72.447891,173.444870,341.225739,48.291439,200.270004,348.053101,24.930374,234.225906,351.764008,-1.420647,145.066513,334.693146,124.456261,167.955582,346.003845,101.544212,195.065750,353.097473,76.523979,220.910660,362.565216,52.232056,253.410095,368.244110,25.167006,173.722656,347.506683,154.920013,195.551697,358.180756,134.522324,219.879791,369.434448,109.934273,245.604523,377.606903,85.516090,270.632111,385.397339,63.384487,198.356720,350.450775,182.987640,218.834183,366.414032,162.415207,240.951523,379.680054,136.924042,257.118500,387.510651,119.418961,275.749146,395.619629,102.370049,222.899796,357.149109,210.421646,242.747711,372.444916,188.077362,258.824188,385.591003,171.455338,272.350769,395.806000,155.767548,238.902634,358.031769,223.481125,257.627594,377.599182,204.442139
3043,2.897222,53.046886,308.519043,13.952599,121.356812,304.797577,-33.910496,181.911133,299.494446,-74.332832,75.980209,312.145386,42.446846,103.273590,314.791138,18.929928,132.042831,315.486603,-4.233175,164.265305,313.577972,-24.131544,198.634506,315.767487,-51.008335,97.496101,317.667114,68.055649,124.168884,323.023163,45.954475,152.282059,327.864624,22.122513,180.423538,331.977692,-0.756593,215.986664,333.205811,-26.391912,120.869530,323.104675,97.165001,146.732971,331.543945,73.207085,173.780777,337.589783,49.218426,200.771210,344.566345,26.026426,234.835953,348.320068,-0.203276,145.124939,329.606232,125.286880,168.219513,341.081024,102.551575,195.447571,348.350861,77.697571,221.482773,357.998352,53.604958,254.148163,363.686157,26.685621,173.403366,340.295593,156.117188,195.833557,351.921051,135.876648,220.335373,363.408081,111.492416,246.237106,371.723969,87.211563,271.470673,379.582916,65.336441,198.426590,342.853821,184.219788,219.100998,359.053314,163.956314,241.457977,372.561523,138.739075,257.788757,380.521118,121.360847,276.600433,388.741425,104.529167,222.916046,348.402130,211.881943,242.959290,364.060669,189.795746,259.235779,377.345764,173.407074,272.916290,387.764771,158.074905,238.953171,348.082581,224.797989,257.874542,368.458099,206.289398
3044,2.900000,53.100060,307.961548,14.041108,121.480225,304.258698,-33.696651,182.053925,298.895447,-74.062309,76.020653,310.390778,42.716457,103.412605,313.166412,19.284277,132.241776,313.809937,-3.793495,164.399582,312.154999,-23.780521,198.908386,314.179535,-50.487385,97.540474,314.825439,68.518509,124.311096,320.226685,46.520794,152.569031,325.099518,22.844484,180.850647,329.293121,0.104694,216.463013,330.579041,-25.452940,120.867363,319.067017,97.786415,146.921722,327.542786,73.954918,174.096222,333.645752,50.154438,201.285477,340.700073,27.158333,235.470184,344.438049,1.065923,145.076889,324.321991,126.079735,168.425568,335.854370,103.542770,195.800583,343.216797,78.880646,222.064255,352.953369,55.007679,254.912796,358.584595,28.250187,172.961868,332.746185,157.278717,196.030930,345.294189,137.203491,220.756943,356.899872,113.046196,246.870087,365.262695,88.931885,272.332245,373.128113,67.338913,198.330368,334.963379,185.405991,219.259277,351.275848,165.464920,241.909744,364.904663,140.543594,258.437469,372.918549,123.308167,277.454865,381.191284,106.718292,222.736267,339.327362,213.298599,243.029129,355.222687,191.481277,259.554565,368.539307,175.332581,273.431702,379.083191,160.375778,238.792892,337.763336,226.096420,257.968872,358.836517,208.098465
3045,2.902778,53.143898,307.367157,14.138060,121.587723,303.653534,-33.488255,182.171051,298.199097,-73.811775,76.031929,308.579193,42.968620,103.534027,311.443848,19.624540,132.434464,311.993591,-3.344477,164.523682,310.578735,-23.436090,199.187836,312.401215,-49.950081,97.535645,311.900330,68.952881,124.421669,317.279968,47.069374,152.841034,322.125549,23.567131,181.279816,326.349518,0.981122,216.943939,327.674500,-24.495274,120.790421,314.909454,98.368843,147.062027,323.336945,74.672768,174.377548,329.426270,51.073399,201.793060,336.489014,28.295132,236.103607,340.157806,2.349371,144.922211,318.873566,126.814980,168.564301,330.360199,104.492477,196.109695,337.735077,80.041901,222.631516,347.472778,56.401524,255.673615,352.986877,29.816128,172.407639,324.917938,158.372330,196.134857,338.343323,138.470444,221.126984,349.955597,114.555092,247.477539,358.272888,90.630562,273.183319,366.088867,69.340538,198.066727,326.828003,186.517303,219.299759,343.132080,166.905136,242.288345,356.761292,142.292343,259.040222,364.757507,125.211761,278.279694,373.027252,108.883881,222.360703,329.980621,214.638443,242.950638,345.984955,193.092255,259.766693,359.226685,177.183014,273.875000,369.819214,162.616150,238.421371,327.162964,227.351898,257.903717,348.794006,209.824188
3046,2.905556,53.178318,306.740448,14.242095,121.675308,302.991943,-33.293674,182.254456,297.420807,-73.596390,76.013680,306.723938,43.197941,103.632790,309.638458,19.942022,132.613007,310.057129,-2.898369,164.632950,308.860565,-23.106218,199.461807,310.452148,-49.412701,97.481918,308.912262,69.349854,124.495476,314.207458,47.586788,153.086975,318.970367,24.271521,181.695053,323.177124,1.848906,217.412155,324.523956,-23.544729,120.639679,310.659546,98.898407,147.147232,318.959625,75.343796,174.612015,324.967377,51.950993,202.274338,331.971771,29.406969,236.711868,335.522186,3.611252,144.663712,313.296661,127.474144,168.627930,324.638855,105.377090,196.360580,331.950012,81.151482,223.161346,341.603821,57.749668,256.400726,346.944824,31.341358,171.750656,316.870605,159.369614,196.138702,331.115631,139.646332,221.428696,342.626587,115.980309,248.033432,350.810822,92.263123,273.990662,358.527100,71.292000,197.639481,318.499451,187.526108,219.215942,334.676453,168.242477,242.576523,348.188751,143.941818,259.572906,356.099579,127.025024,279.042633,364.314209,110.974518,221.795349,320.420471,215.868164,242.720734,336.405914,194.588531,259.859894,349.468964,178.911957,274.224792,360.037109,164.743790,237.844330,316.384430,228.537277,257.676239,338.394440,211.423218
3047,2.908333,53.203548,306.087402,14.351249,121.740814,302.284119,-33.118938,182.299332,296.575104,-73.425995,75.966240,304.839386,43.399593,103.704170,307.766235,20.229975,132.770248,308.021667,-2.466143,164.722794,307.014526,-22.798359,199.719757,308.352814,-48.890190,97.380791,305.882660,69.701683,124.527977,311.035706,48.060982,153.296722,315.663818,24.940285,182.081039,319.808136,2.685978,217.851456,321.159637,-22.624855,120.417755,306.346069,99.361984,147.171341,314.446289,75.953514,174.788452,320.308197,52.765755,202.710510,327.189758,30.465990,237.272232,330.575989,4.818649,144.306595,307.629303,128.041122,168.610352,318.734131,106.175629,196.540054,325.909943,82.182152,223.631729,335.397583,59.018360,257.065796,340.512939,32.787949,171.001404,308.664703,160.246735,196.038071,323.662140,140.702728,221.646286,334.969177,117.286407,248.512665,342.938416,93.788544,274.722687,350.509399,73.147507,197.057220,310.032593,188.407349,219.004272,325.967133,169.445145,242.758667,339.249634,145.451920,260.012177,347.012848,128.705734,279.713013,355.122345,112.942337,221.051483,310.707794,216.955597,242.339661,326.548004,195.932983,259.823761,339.332733,180.476761,274.460999,349.806152,166.709152,237.073257,305.540710,229.623642,257.286743,327.706482,212.856064
3048,2.911111,53.220104,305.415100,14.463112,121.784027,301.539856,-32.967232,182.304382,295.674622,-73.304420,75.890762,302.940918,43.569595,103.744041,305.843323,20.483847,132.900223,305.909027,-2.057258,164.788803,305.057007,-22.519257,199.951874,306.124146,-48.396030,97.234665,302.833984,70.002151,124.515457,307.792236,48.481602,153.461578,312.237183,25.558094,182.423492,316.275818,3.472592,218.246933,317.613861,-21.756531,120.128654,301.998932,99.747841,147.129410,309.834442,76.489998,174.897552,315.490234,53.499901,203.084351,322.186279,31.446938,237.764069,325.365295,5.942310,143.858261,301.911926,128.502884,168.507370,312.692902,106.870247,196.636780,319.665955,83.110100,224.022720,328.907684,60.177765,257.643066,333.747284,34.123322,170.170761,300.362823,160.984985,195.830490,316.037598,141.615326,221.765656,327.043671,118.442345,248.892258,334.721771,95.170227,275.350647,342.105713,74.865784,196.332413,301.485565,189.139740,218.664001,317.065796,170.485214,242.821121,330.011139,146.787384,260.336395,337.570892,130.217590,280.262878,345.526428,114.744057,220.144806,300.905579,217.870911,241.810608,316.477966,197.093140,259.650085,328.889374,181.840073,274.566010,339.199463,168.465790,236.124405,294.748657,230.582123,256.738525,316.803223,214.088593
3049,2.913889,53.228683,304.731354,14.575013,121.806366,300.768768,-32.839153,182.271347,294.730347,-73.230080,75.789238,301.044952,43.705147,103.749397,303.885925,20.701014,132.998169,303.741455,-1.679774,164.826706,303.006409,-22.274782,200.149277,303.787415,-47.942177,97.046921,299.789307,70.246735,124.455452,304.505249,48.840401,153.574692,308.722107,26.111925,182.709976,312.613892,4.191740,218.585342,313.918243,-20.957521,119.777763,297.649811,100.046539,147.018295,305.162659,76.944153,174.932312,310.556793,54.139954,203.380844,317.005737,32.327599,238.169464,319.936707,6.957199,143.327850,296.187195,128.850235,168.317001,306.563751,107.446693,196.641632,313.270874,83.915520,224.316971,322.189362,61.202396,258.110077,326.704468,35.320763,169.270203,292.030579,161.570831,195.515625,308.299957,142.364929,221.775146,318.912994,119.422089,249.152237,326.229584,96.376930,275.849365,333.387970,76.410698,195.480484,292.920013,189.707092,218.197113,308.037384,171.339859,242.752808,320.543976,147.919022,260.526398,327.851685,131.531418,280.668091,335.603577,116.341873,219.094604,291.079742,218.588120,241.139496,306.266235,198.042526,259.333099,318.214600,182.971222,274.525330,328.292358,169.970810,235.018021,284.122192,231.385864,256.037781,305.761932,215.093018
3050,2.916667,53.230122,304.044495,14.684212,121.810478,299.980103,-32.733482,182.204102,293.752167,-73.197746,75.664429,299.168335,43.804878,103.718971,301.910492,20.880121,133.060669,301.540924,-1.340410,164.832520,300.882599,-22.069801,200.304337,301.364166,-47.538853,96.821808,296.772736,70.432648,124.347290,301.202789,49.131706,153.631165,305.150116,26.591238,182.930511,308.855988,4.829559,218.855209,310.103058,-20.242151,119.371666,293.332336,100.251991,146.837006,300.470184,77.309715,174.888184,305.552490,54.677258,203.587524,311.692261,33.089348,238.473526,314.336823,7.842682,142.725998,290.500244,129.078232,168.039642,300.396423,107.894737,196.548141,306.777985,84.583244,224.500031,315.298248,62.071400,258.447998,319.441223,36.359070,168.312698,283.738251,161.995575,195.095428,300.509064,142.937637,221.666092,310.640930,120.205254,249.276230,317.531525,97.383339,276.197723,324.428680,77.751778,194.519043,284.401337,190.099213,217.608093,298.949310,171.992294,242.545700,310.921204,148.824280,260.566284,317.936066,132.626404,280.908905,325.431824,117.704193,217.922852,281.300262,219.087372,240.334656,295.987030,198.761688,258.869659,307.387390,183.847244,274.328400,317.161316,171.186005,233.777206,273.765045,232.012421,255.193329,294.663849,215.849106
3051,2.919444,53.225330,303.363098,14.788093,121.799492,299.183472,-32.648323,182.107285,292.749908,-73.201088,75.519867,297.328430,43.868923,103.653648,299.933807,21.020456,133.085495,299.328644,-1.044452,164.802582,298.705841,-21.908087,200.410583,298.875916,-47.194469,96.564392,293.809021,70.558876,124.192650,297.913086,49.352680,153.628128,301.551849,26.988022,183.078125,305.034607,5.375700,219.047134,306.196991,-19.621462,118.918137,289.082642,100.362419,146.586929,295.796509,77.583328,174.763229,300.522217,55.107826,203.694916,306.289551,33.717747,238.664551,308.611786,8.582469,142.064636,284.898651,129.186722,167.678085,294.241058,108.208656,196.352539,300.240875,85.103409,224.560501,308.289795,62.768982,258.642059,312.014801,37.221748,167.313171,275.561768,162.255295,194.574417,292.726105,143.325256,221.432953,302.291962,120.778175,249.251633,308.697144,98.170738,276.378601,315.299500,78.864830,193.467407,275.998993,190.312775,216.904037,289.870972,172.432281,242.195129,301.216675,149.487717,260.444000,307.906433,133.490204,280.970459,315.088470,118.806236,216.653458,271.643036,219.357773,239.406631,285.717865,199.238831,258.259430,296.489349,184.453674,273.968689,305.883698,172.080307,232.427200,263.764648,232.445847,254.216370,283.594147,216.345352
3052,2.922222,53.215244,302.695587,14.884354,121.776421,298.388733,-32.582058,181.985260,291.733734,-73.234756,75.359711,295.542572,43.898880,103.556320,297.973389,21.121943,133.071564,297.124725,-0.795678,164.733826,296.495972,-21.792419,200.462814,296.343689,-46.915367,96.280342,290.923615,70.626099,123.995384,294.664124,49.503258,153.564743,297.956848,27.296831,183.148743,301.180481,5.823370,219.153992,302.226959,-19.103750,118.426132,284.939087,100.380615,146.271790,291.181061,77.764427,174.558044,295.509094,55.430176,203.696838,300.840393,34.203060,238.734055,302.806366,9.164650,141.356705,279.432037,129.180450,167.237457,288.148438,108.387527,196.053879,293.712250,85.471138,224.490173,301.218140,63.284897,258.681580,304.482605,37.896473,166.288895,267.583496,162.351334,193.959366,285.013092,143.525726,221.073212,293.931366,121.135201,249.069519,299.795105,98.727852,276.379059,306.069611,79.732216,192.346451,267.786316,190.351593,216.094482,280.873199,172.656662,241.700089,291.504242,149.901230,260.151581,297.843414,134.116730,280.842529,304.648926,119.630424,215.311539,262.190430,219.399445,238.368240,275.538971,199.470413,257.505157,285.603821,184.785294,273.443420,294.538696,172.632965,230.994461,254.187317,232.678741,253.120697,272.641083,216.579178
3053,2.925000,53.200775,302.050018,14.971169,121.743942,297.605591,-32.533581,181.841507,290.713409,-73.295044,75.188644,293.827972,43.897671,103.431229,296.046814,21.185442,133.018951,294.947723,-0.596306,164.624054,294.271545,-21.724802,200.456955,293.786682,-46.705650,95.975952,288.142517,70.636803,123.760742,291.483826,49.585827,153.441910,294.393372,27.515041,183.140533,297.322327,6.168917,219.170868,298.218414,-18.694944,117.905914,280.941376,100.313705,145.897675,286.662750,77.855186,174.275330,290.552307,55.642742,203.590408,295.386444,34.540424,238.676544,296.963379,9.582037,140.616394,274.152130,129.068878,166.725113,282.169556,108.435272,195.653641,287.242981,85.685371,224.284073,294.135742,63.614735,258.559875,296.901978,38.375080,165.259796,259.892670,162.290573,193.259491,277.432556,143.543015,220.587418,285.624847,121.278732,248.724701,290.892914,99.051109,276.190277,296.804565,80.342773,191.178604,259.840240,190.226685,215.191406,272.027954,172.669189,241.063141,281.857025,150.063889,259.685638,287.822418,134.502747,280.519470,294.186432,120.166786,213.923462,253.030685,219.224106,237.234650,265.532959,199.461075,256.612732,274.815674,184.846329,272.753479,283.208252,172.836197,229.506317,245.076752,232.713501,251.923233,261.894806,216.556412
3054,2.927778,53.182816,301.434052,15.047333,121.704262,296.842682,-32.502010,181.678787,289.697296,-73.379532,75.011742,292.201508,43.869316,103.283112,294.171417,21.212782,132.928909,292.814697,-0.446913,164.472092,292.049652,-21.706688,200.390427,291.221954,-46.567348,95.658287,285.491882,70.595490,123.494682,288.399628,49.604713,153.262039,290.888672,27.643152,183.053253,293.486877,6.411244,219.094894,294.195190,-18.398836,117.369102,277.129700,100.172470,145.472687,282.279877,77.860359,173.919434,285.687134,55.744068,203.375656,289.967468,34.729549,238.489441,291.123413,9.832580,139.859131,269.111786,128.865601,166.150406,276.355621,108.360344,195.155746,280.881256,85.748283,223.940643,287.092896,63.759663,258.274231,289.328827,38.654045,164.248352,252.585419,162.085831,192.486343,270.047089,143.386856,219.979294,277.437134,121.217667,248.215851,282.055847,99.143898,275.808167,287.565063,80.691048,189.988068,252.239700,189.955658,214.209335,263.407745,172.480545,240.290466,272.347717,149.982559,259.047333,277.912109,134.646637,279.999603,283.772095,120.413460,212.516983,244.255966,218.854187,236.023590,255.784058,199.223511,255.591537,264.210419,184.649719,271.903168,271.976959,172.696518,227.990753,236.456360,232.562714,250.644379,251.446396,216.291016
3055,2.930556,53.162228,300.854462,15.112356,121.659157,296.106995,-32.486378,181.499512,288.691986,-73.486572,74.834328,290.679474,43.818718,103.116608,292.363953,21.206551,132.803787,290.741272,-0.346460,164.277710,289.845581,-21.738871,200.262146,288.664398,-46.500824,95.335358,282.997925,70.508965,123.203690,285.437927,49.565823,153.028717,287.468811,27.684769,182.887711,289.698883,6.551303,218.924927,290.179596,-18.217108,116.828568,273.543701,99.970421,145.006790,278.069611,77.787132,173.496368,280.946594,55.735405,203.054764,284.620972,34.774220,238.172668,285.325043,9.919343,139.101913,264.363617,128.587341,165.524521,270.757843,108.175430,194.566437,274.673340,85.665924,223.461746,280.138000,63.725910,257.825287,281.816376,38.735092,163.279068,245.763611,161.756485,191.654007,262.918945,143.072266,219.255814,269.431122,120.966057,247.545319,273.346863,99.015877,275.233124,278.406128,80.775970,188.801132,245.063690,189.561279,213.165161,255.085587,172.107941,239.391449,263.049561,149.672668,258.242004,268.176117,134.550034,279.285339,273.474792,120.376831,211.121704,235.959274,218.320511,234.755417,246.377548,198.778076,254.454788,253.873322,184.215637,270.900055,260.931763,172.234406,226.476974,228.337631,232.248383,249.307526,241.387558,215.805054
3056,2.933333,53.139862,300.317566,15.166453,121.610123,295.404205,-32.485409,181.305939,287.702637,-73.614700,74.661812,289.277252,43.751389,102.936241,290.640381,21.170086,132.646927,288.741730,-0.292483,164.041702,287.673248,-21.821156,200.072418,286.127289,-46.504940,95.015991,280.686432,70.386185,122.894745,282.623840,49.476379,152.746552,284.158691,27.646156,182.645386,285.981537,6.591851,218.661575,286.192444,-18.148962,116.298256,270.221405,99.722885,144.511459,274.068024,77.644928,173.013687,276.363190,55.622417,202.631790,279.382202,34.682022,237.728638,279.604065,9.849922,138.363220,259.958649,128.252930,164.860291,265.426697,107.896751,193.894379,268.664062,85.448906,222.852631,273.317963,63.524441,257.216827,274.414276,38.625710,162.377197,239.534134,161.329346,190.778915,256.109833,142.619232,218.427063,261.667938,120.542671,246.719040,264.826447,98.682755,274.470062,269.377197,80.600288,187.646194,238.388504,189.069717,212.077896,247.134186,171.574646,238.378494,254.035950,149.158005,257.278839,258.675110,134.220596,278.382690,263.361145,120.071266,209.769608,228.231506,217.659653,233.452927,237.399002,198.152374,253.219360,243.888626,183.570450,269.755219,250.161148,171.482986,224.996399,220.734421,231.799637,247.938965,231.809784,215.128342
3057,2.936111,53.116528,299.828827,15.210436,121.558395,294.738922,-32.497478,181.100327,286.733307,-73.762177,74.499580,288.009216,43.673161,102.746765,289.015930,21.107634,132.462387,286.829254,-0.281398,163.765594,285.545380,-21.952126,199.822845,283.622803,-46.576828,94.709579,278.582123,70.237686,122.575333,279.981232,49.344807,152.421326,280.981750,27.535700,182.328568,282.356110,6.537558,218.306915,282.253021,-18.190693,115.792778,267.198456,99.446129,143.999344,270.309509,77.445190,172.480560,271.968933,55.415352,202.112427,274.284760,34.464188,237.162125,273.993561,9.635837,137.662567,255.944702,127.882584,164.171921,260.410278,107.543030,193.150345,262.897247,85.112480,222.121552,266.678497,63.170940,256.455536,267.168304,38.339279,161.567093,234.008789,160.839661,189.879440,249.680420,142.052322,217.505997,254.207138,119.970955,245.746384,256.552856,98.166016,273.527496,260.525085,80.173744,186.553436,232.285706,188.509186,210.968567,239.625412,170.909317,237.266998,245.379303,148.468735,256.170288,249.469208,133.674225,277.301361,253.495422,119.518753,208.494965,221.158554,216.911148,232.141296,228.933533,197.380325,251.905502,234.339691,182.746445,268.482971,239.753693,170.485748,223.584396,213.681702,231.250381,246.567810,222.803482,214.297028
3058,2.938889,53.093040,299.393188,15.245563,121.505013,294.114960,-32.520573,180.884827,285.787506,-73.926666,74.352776,286.888367,43.589912,102.553314,287.504944,21.024324,132.254700,285.016083,-0.308759,163.451599,283.473846,-22.129002,199.516296,281.162659,-46.711674,94.425789,276.708038,70.074852,122.253342,277.532501,49.180519,152.059769,277.959961,27.363462,181.940521,278.842041,6.395308,217.864670,278.379486,-18.335510,115.326981,264.507538,99.156593,143.483917,266.826752,77.201042,171.907318,267.795166,55.128471,201.504288,269.360626,34.135429,236.480194,268.523682,9.292253,137.019882,252.365295,127.497154,163.474976,255.753632,107.134827,192.347153,257.415649,84.676140,221.279388,260.264313,62.685623,255.550476,260.120941,37.894814,160.872803,229.310852,160.329742,188.975769,243.690002,141.400024,216.508499,247.106857,119.278717,244.640030,248.582275,97.492508,272.416382,251.899750,79.519302,185.554184,226.820831,187.908936,209.860107,232.629486,170.144958,236.075409,237.149872,147.639572,254.932404,240.619324,132.936066,276.054810,243.939926,118.748573,207.333984,214.819199,216.114883,230.848145,221.064285,196.500717,250.536469,225.308670,181.781570,267.101379,229.797318,169.294144,222.281586,207.249832,230.636917,245.226105,214.456360,213.351807
3059,2.941667,53.070225,299.014648,15.273362,121.450699,293.535217,-32.552483,180.661560,284.868744,-74.104965,74.226212,285.926178,43.507294,102.361214,286.120728,20.925867,132.028885,283.313507,-0.369454,163.102463,281.469818,-22.347601,199.156937,278.758636,-46.902634,94.174065,275.084808,69.909042,121.936943,275.298431,48.993614,151.669556,275.114075,27.140831,181.485886,275.457031,6.174346,217.340195,274.589447,-18.573713,114.915451,262.177795,98.870300,142.979095,263.650360,76.926949,171.305283,263.872559,54.778973,200.817108,264.640778,33.713608,235.692215,263.222870,8.837781,136.454819,249.259079,127.116890,162.786392,251.498825,106.694206,191.499420,252.260925,84.162720,220.339294,254.119659,62.092861,254.513443,253.312256,37.316345,160.314804,225.520370,159.837341,188.089432,238.195908,140.693802,215.453156,240.423996,118.497490,243.415878,240.969254,96.693901,271.149963,243.556885,78.674477,184.679901,222.052750,187.298340,208.777252,226.213867,169.317917,234.825195,229.415588,146.708862,253.584625,232.187988,132.040436,274.660065,234.756195,117.797058,206.323654,209.283905,215.309067,229.603531,213.871140,195.555801,249.138550,216.876633,180.718872,265.632172,220.377991,167.964951,221.132584,201.538116,229.996063,243.948349,206.851959,212.336288
3060,2.944444,53.048882,298.696686,15.295458,121.395981,293.001801,-32.590992,180.432709,283.980652,-74.293137,74.124176,285.132355,43.430443,102.175758,284.875153,20.818222,131.790344,281.731934,-0.457877,162.721695,279.544159,-22.602432,198.750214,276.423065,-47.140900,93.963310,273.730225,69.750885,121.634476,273.298035,48.794514,151.259171,272.463409,26.880230,180.970901,272.217621,5.886056,216.740463,270.900299,-18.893129,114.571938,260.234253,98.601959,142.498825,260.808594,76.638176,170.686600,260.230469,54.385834,200.062515,260.154877,33.219139,234.809937,258.118561,8.294154,135.985870,246.658997,126.760422,162.123978,247.684494,106.243820,190.623428,247.473434,83.597504,219.317062,248.288483,61.420666,253.358902,246.781158,36.632187,159.905594,222.612900,159.385330,187.243195,233.252579,139.966553,214.361130,234.214127,117.661766,242.093277,233.767502,95.806221,269.744843,235.554428,77.685173,183.960953,218.032913,186.705597,207.746277,220.441895,168.466080,233.540817,222.242401,145.717972,252.150146,224.239716,131.029617,273.138000,226.007050,116.707390,205.500046,204.613892,214.528717,228.439407,207.429489,194.589386,247.741058,209.122910,179.605240,264.101410,211.579361,166.557693,220.181732,196.649384,229.363037,242.770752,200.068436,211.295410
3061,2.947222,53.029785,298.441925,15.313390,121.341324,292.516418,-32.634102,180.200546,283.126801,-74.486740,74.050285,284.514496,43.363754,102.002014,283.778595,20.707273,131.544693,280.280975,-0.568136,162.313614,277.707428,-22.886852,198.302795,274.168823,-47.415939,93.801430,272.658783,69.609497,121.354210,271.547821,48.593475,150.837677,270.026093,26.594744,180.403152,269.139587,5.543485,216.073944,267.329865,-19.279585,114.308670,258.697174,98.364235,142.056580,258.326874,76.350136,170.064178,256.896729,53.968914,199.253876,255.931824,32.674332,233.847565,253.238434,7.685733,135.629532,244.591492,126.443726,161.505661,244.345474,105.805557,189.736969,243.091919,83.007263,218.231094,242.814438,60.699959,252.104401,240.566208,35.874157,159.654633,220.524353,158.988129,186.460709,228.910568,139.251251,213.255920,228.531158,116.807938,240.695282,227.030518,94.868996,268.222351,227.949570,76.599640,183.424957,214.804245,186.156219,206.794159,215.371735,167.627075,232.249924,215.694427,144.710663,250.656128,216.841064,129.952087,271.513702,217.758118,115.529099,204.896301,200.860016,213.804443,227.388794,201.808975,193.645050,246.376465,202.124573,178.490097,262.539703,203.482635,165.132843,219.469070,192.670639,228.769745,241.729843,194.177475,210.273987
3062,2.950000,53.013634,298.252228,15.328512,121.287018,292.080322,-32.680073,179.967636,282.311005,-74.681122,74.007378,284.078125,43.310661,101.844734,282.839844,20.598503,131.297440,278.969360,-0.694279,161.883316,275.970306,-23.193197,197.822449,272.009399,-47.715904,93.694901,271.881287,69.492180,121.103958,270.062012,48.400036,150.414612,267.819031,26.297638,179.791428,266.238342,5.160826,215.350845,263.896759,-19.717257,114.135788,257.581451,98.167076,141.665024,256.227570,76.077637,169.451538,253.897461,53.548206,198.406326,251.999832,32.102726,232.821838,248.611511,7.038875,135.399490,243.076035,126.179352,160.948822,241.511963,105.399559,188.859207,239.153244,82.419365,217.102646,237.740814,59.963531,250.771072,234.706848,35.076637,159.571823,219.210968,158.658127,185.765671,225.215485,138.579330,212.163422,223.426926,115.973228,239.248932,220.811844,93.924179,266.608948,220.799561,75.467224,183.095139,212.399918,185.671646,205.947937,211.055786,166.836746,230.983185,209.834061,143.731644,249.134064,210.060211,128.860291,269.817474,210.078674,114.316315,204.540207,198.061279,213.161179,226.484482,197.072021,192.763977,245.080338,195.955490,177.423294,260.982910,196.166946,163.750015,219.027618,189.668243,228.243179,240.860870,189.242569,209.314529
3063,2.952778,53.001022,298.128754,15.341935,121.233223,291.694397,-32.727482,179.736877,281.537109,-74.871628,73.997360,283.826324,43.273472,101.708122,282.065643,20.496700,131.053940,277.804688,-0.830396,161.436722,274.343231,-23.512873,197.318008,269.958893,-48.028137,93.648399,271.404266,69.403915,120.890778,268.851746,48.222569,149.999771,265.857697,26.001886,179.145782,263.529541,4.752989,214.583145,260.621185,-20.188921,114.060661,256.896179,98.017326,141.335510,254.529114,75.834061,168.862534,251.256699,53.143005,197.536819,248.386993,31.528347,231.752136,244.268845,6.381152,135.305725,242.124756,125.976074,160.469955,239.209274,105.043732,188.010620,235.692169,81.860748,215.955856,233.110382,59.244701,249.383881,229.244476,34.275452,159.665237,218.641022,158.404434,185.180862,222.206512,137.979019,211.111832,218.950989,115.194305,237.785599,215.164948,93.014488,264.936584,214.163925,74.338684,182.988602,210.841904,185.268082,205.234039,207.540192,166.128006,229.774261,204.721542,142.824936,247.620239,203.966492,127.807961,268.085938,203.041260,113.125397,204.452042,196.243484,212.617401,225.757721,193.272125,191.983215,243.890991,190.685104,176.452866,259.472443,189.709686,162.466583,218.881363,187.688171,227.804230,240.195953,185.317047,208.454788
3064,2.955556,52.992393,298.071716,15.354485,121.179955,291.359222,-32.775284,179.511444,280.809204,-75.053696,74.021133,283.759827,43.253296,101.595734,281.460907,20.405792,130.819214,276.793732,-0.970580,160.980453,272.836548,-23.836594,196.799240,268.032013,-48.339710,93.664436,271.230194,69.347298,120.720642,267.925385,48.067989,149.602905,264.156433,25.719776,178.477844,261.029816,4.335326,213.784851,257.525818,-20.676147,114.087494,256.644470,97.918488,141.077713,253.245468,75.630508,168.311310,248.996460,52.771156,196.664337,245.121674,30.974972,230.660675,240.244156,5.740463,135.353912,241.742004,125.838547,160.084137,237.457565,104.753464,187.212875,232.741226,81.356812,214.817719,228.964828,58.575760,247.972168,224.223068,33.506592,159.938980,218.788727,158.232254,184.727036,219.914978,137.473740,210.131638,215.150070,114.505646,236.341339,210.143585,92.181793,263.243439,208.105988,73.265404,183.114685,210.140350,184.956024,204.677673,204.863968,165.529480,228.659729,200.414078,142.031769,246.156219,198.629517,126.847359,266.363190,196.721527,112.012421,204.642456,195.418289,212.184753,225.236847,190.452225,191.333542,242.848663,186.376495,175.622238,258.055298,184.185837,161.335632,219.043274,186.756622,227.467163,239.762634,182.442825,207.725967
3065,2.958333,52.987957,298.080505,15.366720,121.127159,291.075012,-32.822693,179.294693,280.131409,-75.223061,74.078491,283.877014,43.250034,101.510300,281.028717,20.328716,130.597946,275.942230,-1.109003,160.521957,271.461121,-24.154884,196.276993,266.244263,-48.637867,93.743202,271.357178,69.322449,120.598335,267.288147,47.941578,149.233856,262.728485,25.462540,177.801056,258.757660,3.923486,212.972336,254.637085,-21.159491,114.216888,256.823395,97.870750,140.899017,252.385742,75.475189,167.812088,247.136551,52.448322,195.809860,242.232742,30.465361,229.572525,236.573929,5.143916,135.544739,241.924484,125.767426,159.804611,236.271194,104.540756,186.488480,230.330307,80.930237,213.718002,225.344284,57.986427,246.569641,219.689392,32.804543,160.391830,219.629898,158.142685,184.422073,218.363373,137.080963,209.255173,212.067200,113.937729,234.957352,205.802078,91.465416,261.574524,202.693085,72.296806,183.473831,210.293304,184.740387,204.301727,203.057343,165.063583,227.678391,196.964005,141.388184,244.788849,194.117432,126.026260,264.701324,191.197586,111.030716,205.111130,195.583313,211.868530,224.945602,188.642853,190.837891,241.993973,183.083755,174.967239,256.783173,179.665604,160.403183,219.513596,186.880966,227.239746,239.582657,180.650146,207.151840
3066,2.961111,52.987675,298.153656,15.378972,121.074837,290.841888,-32.869175,179.090134,279.508301,-75.375694,74.168129,284.173950,43.262508,101.453514,280.770233,20.267374,130.394577,275.255341,-1.240155,160.069702,270.229004,-24.458496,195.763382,264.612671,-48.910404,93.882484,271.779205,69.327309,120.527245,266.942383,47.846798,148.902283,261.586243,25.239985,177.131149,256.734406,3.533294,212.164825,251.986359,-21.618942,114.445808,257.424225,97.871277,140.804260,251.953873,75.373047,167.378860,245.694321,52.187325,194.996384,239.749832,30.020414,228.515442,233.297058,4.616339,135.873978,242.661758,125.759689,159.642105,235.658463,104.413490,185.860199,228.485931,80.599869,212.688904,222.286865,57.502441,245.214386,215.692780,32.200577,161.016434,221.139435,158.132980,184.280243,217.564957,136.811676,208.515640,209.740128,113.515114,233.679565,202.194824,90.900276,259.982147,197.995453,71.477425,184.056870,211.287537,184.621002,204.125122,202.140106,164.745193,226.869659,194.416122,140.922272,243.569061,190.494278,125.385002,263.159363,186.547836,110.227928,205.846115,196.722977,211.668655,224.901474,187.861023,190.510544,241.365494,180.848984,174.513657,255.709824,176.210724,159.704834,220.278976,188.051315,227.124100,239.670547,179.956818,206.748260
3067,2.963889,52.991264,298.288910,15.391406,121.023170,290.659912,-32.914299,178.901291,278.945221,-75.507904,74.287628,284.644592,43.288593,101.425964,280.684998,20.222651,130.213318,274.737946,-1.359043,159.633606,269.154083,-24.738403,195.272171,263.156525,-49.145870,94.077805,272.486786,69.358009,120.509254,266.887817,47.785339,148.617432,260.741272,25.060171,176.486328,254.984711,3.180543,211.384552,249.610397,-22.034670,114.767578,258.433105,97.914711,140.795380,251.948776,75.325729,167.024857,244.684616,51.997639,194.248734,237.703156,29.658447,227.519623,230.454056,4.178962,136.332443,243.937134,125.809479,159.603897,235.621170,104.374893,185.349991,227.230118,80.379578,211.764893,219.828964,57.144707,243.948746,212.284790,31.721558,161.798889,223.289886,158.197159,184.310898,217.523331,136.670105,207.944916,208.199158,113.254761,232.556992,199.373688,90.514793,258.524048,194.083206,70.844498,184.845413,213.099960,184.593796,204.161072,202.120224,164.580978,226.270737,192.804703,140.652267,242.548676,187.815781,124.953583,261.800262,182.846207,109.642677,206.824249,198.810272,211.580963,225.113678,188.109619,190.357162,240.996185,179.699432,174.275894,254.886688,173.869614,159.263290,221.313034,190.243118,227.117920,240.031647,180.366837,206.522919
3068,2.966667,52.998161,298.483093,15.404085,120.972595,290.529358,-32.957550,178.731735,278.448334,-75.616272,74.433540,285.281372,43.325474,101.427238,280.771210,20.194525,130.058243,274.394897,-1.461192,159.225357,268.252625,-24.985535,194.818909,261.897888,-49.333870,94.322578,273.467438,69.409485,120.544769,267.122192,47.757362,148.388000,260.204010,24.929255,175.887390,253.536499,2.880645,210.657059,247.550446,-22.387770,115.172081,259.832092,97.994026,140.871445,252.364960,75.332115,166.762192,244.119629,51.885368,193.593018,236.123093,29.394716,226.617477,228.086746,3.849309,136.906326,245.728912,125.908867,159.693039,236.154572,104.423714,184.977585,226.579224,80.277596,210.981308,218.005142,56.928917,242.818726,209.518753,31.389862,162.719040,226.051163,158.326920,184.517349,218.232666,136.654327,207.570374,207.464920,113.164856,231.637939,197.383865,90.328506,257.259735,191.021790,70.425827,185.813126,215.699509,184.651733,204.415268,202.993683,164.570023,225.912704,192.151016,140.585556,241.775574,186.124817,124.749580,260.685242,180.155655,109.301262,208.012756,201.809158,211.598373,225.581055,189.377426,190.375549,240.909439,179.645630,174.256973,254.357666,172.673782,159.087234,222.578461,193.420288,227.215759,240.660248,181.869049,206.475739
3069,2.969444,53.007607,298.732666,15.416991,120.923752,290.451172,-32.998074,178.584961,278.024902,-75.697746,74.601494,286.075104,43.369892,101.455948,281.026093,20.182306,129.933563,274.231506,-1.542499,158.858398,267.542725,-25.190668,194.419983,260.860291,-49.465584,94.608414,274.706726,69.476112,120.632828,267.641785,47.761890,148.221649,259.983551,24.851562,175.357147,252.419678,2.648025,210.010483,245.850143,-22.660717,115.646095,261.600525,98.101540,141.028961,253.194000,75.389275,166.601242,244.009064,51.853714,193.055298,235.038834,29.241056,225.843613,226.238174,3.642304,137.577484,248.011566,126.048965,159.907410,237.248001,104.555069,184.758911,226.543350,80.296700,210.371704,216.846298,56.865215,241.872070,207.447556,31.223604,163.750946,229.390732,158.512634,184.895981,219.678391,136.757446,207.411560,207.546738,113.244919,230.964371,196.259537,90.350517,256.245209,188.866974,70.238541,186.927475,219.049179,184.785843,204.884186,204.744812,164.705139,225.816681,192.462067,140.719345,241.288040,185.448029,124.777679,259.866791,178.522018,109.215790,209.371277,205.676559,211.711655,226.290802,191.639999,190.556808,241.115646,180.681198,174.449905,254.153824,172.635803,159.172302,224.029968,197.538406,227.409744,241.538452,184.437378,206.600113
3070,2.972222,53.018612,299.033691,15.430004,120.877525,290.426727,-33.034603,178.464355,277.683258,-75.749649,74.786301,287.016052,43.418446,101.510117,281.446655,20.184906,129.843918,274.253510,-1.599175,158.547134,267.043182,-25.344767,194.090988,260.066284,-49.534084,94.925476,276.188995,69.552246,120.771034,268.442200,47.797081,148.124893,260.087372,24.829790,174.918747,251.663834,2.495129,209.473602,244.551880,-22.838083,116.173828,263.716400,98.229767,141.262268,254.425797,75.493469,166.550095,244.360062,51.903542,192.659454,234.476059,29.205450,225.232910,224.950577,3.570825,138.324142,250.757065,126.220863,160.239792,238.886139,104.761620,184.704376,227.126389,80.435020,209.963943,216.376511,56.957813,241.153732,206.119110,31.235796,164.864044,233.274277,158.744202,185.435822,221.838562,136.969208,207.477585,208.442474,113.487274,230.566971,196.020889,90.579582,255.527466,187.660767,70.289192,188.151260,223.107681,184.986053,205.554047,207.347519,164.974411,225.990463,193.730545,141.042603,241.109650,185.794357,125.031441,259.382507,177.970978,109.385033,210.853714,210.364334,211.910004,227.218765,194.861496,190.887314,241.609985,182.783905,174.839874,254.288910,173.748901,159.503632,225.617126,202.547226,227.690186,242.636887,188.033112,206.884308
3071,2.975000,53.030075,299.382233,15.442934,120.834953,290.458282,-33.065556,178.373459,277.432434,-75.769478,74.982109,288.094025,43.467873,101.587418,282.030212,20.201147,129.794113,274.467194,-1.627881,158.305435,266.771820,-25.439671,193.845642,259.535278,-49.534210,95.262901,277.898224,69.632675,120.955322,269.518219,47.860260,148.102478,260.521240,24.865152,174.592682,251.294739,2.431249,209.072128,243.691757,-22.908018,116.737480,266.157166,98.371971,141.564011,256.049591,75.640594,166.613586,245.176422,52.033680,192.424026,234.454361,29.291544,224.815918,224.260101,3.644295,139.121689,253.936020,126.416283,160.678192,241.050766,105.034668,184.817520,228.326019,80.686905,209.777054,216.610550,57.205135,240.699448,205.570160,31.432673,166.024734,237.666519,159.011871,186.118607,224.685394,137.277527,207.766205,210.139374,113.879128,230.461670,196.673172,91.006119,255.139084,187.428528,70.574699,189.443741,227.830536,185.241959,206.400909,210.766785,165.362961,226.426773,195.935532,141.538574,241.246140,187.155182,125.496063,259.251587,178.508499,109.797318,212.410217,215.820602,212.181747,228.330719,198.997116,191.350616,242.371979,185.917587,175.406998,254.756607,175.987610,160.059113,227.286484,208.392151,228.046066,243.916748,192.607803,207.312805
3072,2.977778,53.040855,299.774445,15.455531,120.797142,290.548340,-33.089279,178.315521,277.280884,-75.755066,75.182465,289.298828,43.515285,101.685509,282.774719,20.229961,129.788467,274.878784,-1.626059,158.144775,266.743927,-25.469151,193.694351,259.282257,-49.462692,95.609032,279.818237,69.712860,121.180229,270.864166,47.948250,148.157242,261.288849,24.957376,174.393845,251.331451,2.461554,208.824402,243.295349,-22.863991,117.317673,268.899902,98.522263,141.925262,258.054169,75.826218,166.792145,246.457794,52.240845,192.359924,234.985123,29.498327,224.613098,224.191330,3.866379,139.943527,257.518036,126.627907,161.206970,243.721924,105.364609,185.094467,230.133972,81.043579,209.819260,217.552765,57.600300,240.530045,205.821747,31.812418,167.197632,242.531403,159.306793,186.919525,228.186142,137.669312,208.264069,212.615417,114.404205,230.648819,198.207550,91.614426,255.094376,188.177368,71.083260,190.761795,233.170975,185.543304,207.391937,214.960495,165.854202,227.104141,199.044342,142.186615,241.685211,189.506271,126.150833,259.473816,180.122787,110.433105,213.989212,221.990509,212.514862,229.584305,203.994644,191.928543,243.367279,190.034470,176.128387,255.531372,179.310410,160.811966,228.983139,215.014893,228.465515,245.331787,198.105072,207.867569
3073,2.980556,53.049801,300.206848,15.467475,120.765198,290.699585,-33.104500,178.292633,277.234833,-75.705116,75.380432,290.620300,43.558071,101.802338,283.678864,20.270399,129.830124,275.493835,-1.592453,158.072449,266.970520,-25.430061,193.642639,259.316040,-49.318935,95.951714,281.933044,69.788895,121.439613,272.473785,48.057621,148.289551,262.391693,25.104326,174.329834,251.785370,2.586513,208.739044,243.376038,-22.705748,117.894241,271.921478,98.675377,142.335526,260.427185,76.045059,167.081329,248.199066,52.519264,192.469299,236.070953,29.819876,224.631882,224.754745,4.233512,140.761627,261.471313,126.849144,161.807755,246.877747,105.740807,185.524429,232.535995,81.493362,210.087067,219.196747,58.131104,240.649139,206.877686,32.364719,168.347168,247.831619,159.620865,187.808899,232.303772,138.130341,208.948761,215.840698,115.043213,231.114090,200.602692,92.383667,255.388290,189.896347,71.794876,192.061539,239.079453,185.879929,208.487976,219.880371,166.429932,227.990082,203.014755,142.962936,242.399811,192.810410,126.970009,260.030884,182.786285,111.266174,215.539307,228.816086,212.897079,230.931595,209.795425,192.601730,244.551666,195.077469,176.978806,256.573120,183.663223,161.731903,230.652130,222.352936,228.936005,246.830536,204.461151,208.528824
3074,2.983333,53.055782,300.676056,15.478266,120.740044,290.913940,-33.110538,178.305435,277.297699,-75.619759,75.568893,292.047821,43.593559,101.936111,284.741180,20.321228,129.920258,276.315948,-1.527735,158.090973,267.457733,-25.323112,193.690659,259.639008,-49.105671,96.278870,284.226105,69.857117,121.727058,274.339630,48.184406,148.497040,263.827911,25.301315,174.401276,252.660187,2.801580,208.815292,243.936035,-22.439362,118.447418,275.197388,98.826164,142.783112,263.153961,76.290199,167.472382,250.389938,52.860058,192.746216,237.705978,30.245094,224.867279,225.947601,4.734585,141.547928,265.761993,127.073303,162.460632,250.493500,106.150932,186.091202,235.511597,82.021240,210.566391,221.525513,58.779617,241.044556,208.725891,33.070850,169.438828,253.527313,159.946136,188.754562,236.996780,138.644577,209.791763,219.778290,115.773590,231.831497,203.826431,93.287544,255.998962,192.558197,72.681465,193.300430,245.502731,186.241074,209.647034,225.472458,167.069977,229.045609,207.796890,143.840256,243.353058,197.020172,127.922852,260.890350,186.457642,112.263718,217.011200,236.235168,213.315155,232.322311,216.334427,193.348923,245.875931,200.981995,177.930283,257.833405,188.982697,162.784805,232.240219,230.338684,229.443832,248.358917,211.604752,209.274994
3075,2.986111,53.057735,301.178558,15.487078,120.722198,291.192291,-33.107498,178.353134,277.470520,-75.500572,75.741219,293.569977,43.618889,102.084846,285.958191,20.380327,130.057495,277.345215,-1.434975,158.198578,268.206207,-25.153009,193.834305,260.248077,-48.828865,96.579323,286.679901,69.913483,122.035507,276.451141,48.323334,148.774506,265.590759,25.540476,174.602737,253.952209,3.097061,209.045105,244.968323,-22.076691,118.959152,278.701141,98.968903,143.255341,266.215668,76.552353,167.952682,253.013916,53.250710,193.178162,239.875885,30.757622,225.304962,227.755753,5.351363,142.276184,270.353180,127.293007,163.145035,254.539810,106.580338,186.774536,239.033432,82.608345,211.235413,224.512360,59.522255,241.692917,211.341537,33.904312,170.440674,259.574768,160.273773,189.724319,242.219040,139.193420,210.761383,224.384491,116.568985,232.767441,207.837433,94.294060,256.892761,196.122299,73.707420,194.439255,252.382904,186.614624,210.827362,231.677277,167.751495,230.229416,213.334076,144.787399,244.503204,202.079910,128.973587,262.010590,191.084000,113.386536,218.359787,244.180420,213.754257,233.707443,223.540710,194.146545,247.290176,207.677170,178.951355,259.260864,195.198303,163.932404,233.698074,238.898422,229.973587,249.863831,219.457642,210.082062
3076,2.988889,53.054790,301.710358,15.492715,120.711609,291.533325,-33.096176,178.433823,277.752014,-75.350601,75.891861,295.174377,43.631123,102.245590,287.322693,20.444355,130.237640,278.576691,-1.319757,158.389740,269.210785,-24.928078,194.066193,261.135223,-48.497540,96.843712,289.275024,69.952965,122.356789,278.793243,48.467278,149.113434,267.666962,25.810644,174.923843,255.649887,3.458384,209.415039,246.458221,-21.634714,119.414154,282.403595,99.096764,143.738770,269.587677,76.819794,168.506485,256.047424,53.675129,193.747391,242.557846,31.336170,225.924042,230.155502,6.059340,142.924164,275.204834,127.499359,163.840714,258.981689,107.011971,187.551590,243.066559,83.231895,212.067719,228.121979,60.330521,242.564484,214.690353,34.832008,171.325119,265.926086,160.593201,190.688187,247.919724,139.755508,211.824982,229.608917,117.399452,233.884796,212.586380,95.366249,258.030060,200.538132,74.830742,195.444321,259.657654,186.986435,211.990204,238.430344,168.448914,231.500565,219.563477,145.769547,245.807251,207.926834,130.081970,263.345398,196.603012,114.589905,219.546341,252.579544,214.197449,235.042297,231.338196,194.968063,248.747040,215.086685,180.007141,260.804932,202.233521,165.132523,234.982727,247.952850,230.507507,251.296585,227.935745,210.923111
3077,2.991667,53.046497,302.266968,15.493575,120.707695,291.933746,-33.078072,178.544357,278.138306,-75.174324,76.016541,296.847595,43.627331,102.414131,288.823242,20.508806,130.453812,279.999969,-1.189897,158.655685,270.460419,-24.659704,194.375900,262.287201,-48.123585,97.065025,291.990295,69.969551,122.681702,281.345581,48.607361,149.502396,270.036194,26.097799,175.350052,257.734009,3.866864,209.907211,248.383469,-21.134872,119.800674,286.273376,99.201614,144.219589,273.239105,77.078865,169.115677,259.459686,54.114258,194.432266,245.720856,31.955446,226.698959,233.114426,6.828938,143.474930,280.274689,127.681702,164.528336,263.778351,107.426910,188.397842,247.568680,83.865944,213.034088,232.311417,61.172131,243.625671,218.729950,35.815708,172.070831,272.529999,160.891418,191.619492,254.043701,140.307129,212.950272,235.394791,118.232384,235.145187,218.016678,96.463669,259.368866,205.747955,76.004852,196.289429,267.261261,187.339951,213.101730,245.663208,169.134262,232.820236,226.416656,146.749329,247.222580,214.491837,131.204514,264.847229,202.944427,115.825111,220.540848,261.356445,214.625214,236.288742,239.647003,195.784210,250.203461,223.129593,181.060028,262.417847,210.006821,166.340012,236.060303,257.418640,231.024918,252.615601,236.950745,211.768372
3078,2.994444,53.032894,302.843231,15.487498,120.709351,292.388489,-33.055225,178.680359,278.622833,-74.977448,76.112190,298.575378,43.604683,102.585167,290.444672,20.568289,130.697174,281.599335,-1.054861,158.984726,271.938202,-24.361588,194.750153,263.685242,-47.721397,97.238739,294.803162,69.956787,123.000763,284.083618,48.733513,149.927856,272.672119,26.385988,175.863495,260.178253,4.300926,210.499863,250.714417,-20.602091,120.110786,290.277649,99.274406,144.684341,277.134460,77.314857,169.761032,263.213959,54.547100,195.208389,249.326782,32.587563,227.600449,236.592087,7.627163,143.917450,285.519012,127.827835,165.190216,268.884186,107.805206,189.288116,252.491089,84.482628,214.103455,237.030777,62.012474,244.839722,223.409698,36.813950,172.664108,279.333588,161.153046,192.495560,260.532471,140.823288,214.106049,241.679840,119.033813,236.510010,224.065201,97.544075,260.865936,211.687424,77.180748,196.957321,275.126892,187.655914,214.134354,253.304932,169.777863,234.152573,233.820480,147.688126,248.708176,221.700470,132.296158,266.468811,210.031281,117.041328,221.323624,270.433502,215.015060,237.416397,248.385117,196.563385,251.621597,231.721512,182.070786,264.055847,218.432541,167.508133,236.908386,267.211151,231.501678,253.788177,246.411972,212.585709
3079,2.997222,53.014359,303.433990,15.471731,120.715096,292.891235,-33.030159,178.836609,279.196198,-74.766716,76.176910,300.343201,43.560574,102.752747,292.169312,20.616894,130.957809,283.354553,-0.925054,159.362915,273.622162,-24.048851,195.173752,265.305511,-47.306793,97.362701,297.690308,69.908348,123.304916,286.979706,48.835243,150.375259,275.543793,26.658522,176.443985,262.950562,4.737604,211.168640,253.415192,-20.063168,120.340355,294.383240,99.305695,145.120926,281.235260,77.512794,170.423233,267.269012,54.951920,196.049545,253.331390,33.203590,228.596802,240.540970,8.419671,144.246353,290.894196,127.924698,165.810913,274.250427,108.126892,190.197388,257.780182,85.053848,215.243515,242.224182,62.816425,246.167221,228.670746,37.784267,173.099197,286.284241,161.360733,193.297897,267.325348,141.278687,215.262726,248.397751,119.769981,237.940933,230.663147,98.565399,262.476562,218.284912,78.309265,197.440201,283.188568,187.912766,215.067169,261.283600,170.349426,235.465073,241.698486,148.547668,250.225220,229.474579,133.312119,268.164276,217.781525,118.187782,221.886307,279.734161,215.341675,238.403427,257.470612,197.272400,252.969269,240.776230,183.000107,265.679291,227.422394,168.590530,237.517273,277.247284,231.910278,254.791260,256.229156,213.341080
3080,3.000000,52.991455,304.033813,15.443355,120.723228,293.434570,-33.005836,179.007446,279.846863,-74.549416,76.209984,302.136566,43.492794,102.910789,293.977386,20.648661,131.225418,285.241516,-0.811034,159.775085,275.485809,-23.736967,195.630966,267.121002,-46.895584,97.436790,300.628448,69.818436,123.585960,290.004181,48.902374,150.829727,278.616516,26.899166,177.070007,266.013763,5.153969,211.888367,256.445557,-19.544847,120.488808,298.557648,99.286194,145.519028,285.501434,77.658165,171.083725,271.580139,55.307472,196.928696,257.685242,33.775116,229.655411,244.908020,9.172854,144.461609,296.358032,127.959000,166.377655,279.826508,108.372803,191.101837,263.378906,85.552757,216.421722,247.830795,63.550182,247.567566,234.447067,38.685535,173.377823,293.331299,161.495956,194.012436,274.360809,141.648682,216.393066,255.479492,120.408806,239.400650,237.737320,99.487740,264.155396,225.461945,79.343300,197.739548,291.383057,188.087570,215.885849,269.528168,170.819214,236.729202,249.972488,149.291595,251.737686,237.733551,134.209900,269.889832,226.109802,119.215935,222.231476,289.185211,215.577850,239.236923,266.823975,197.877655,254.220459,250.207993,183.809738,267.253265,236.887024,169.543121,237.889587,287.447968,232.220779,255.612198,266.315521,213.999176
3081,3.002778,52.964653,304.637848,15.399899,120.731911,294.010406,-32.985645,179.187378,280.562042,-74.332878,76.211769,303.941589,43.399544,103.053482,295.847626,20.658058,131.489883,287.233093,-0.722696,160.205811,277.499359,-23.440645,196.106842,269.103027,-46.502480,97.462608,303.594849,69.682045,123.836700,293.125732,48.925694,151.276581,281.852539,27.093132,177.719864,269.326813,5.528256,212.634796,259.763367,-19.072220,120.558769,302.769623,99.207191,145.870468,289.891937,77.737701,171.724976,276.099731,55.594166,197.819260,262.334625,34.275688,230.744263,249.636139,9.855427,144.567795,301.870239,127.918037,166.880432,285.561157,108.525467,191.979492,269.227966,85.955162,217.606522,253.786179,64.182831,249.000870,240.667282,39.479946,173.508347,300.427032,161.540115,194.629639,281.578186,141.910095,217.472839,262.854767,120.921165,240.854034,245.211761,100.275047,265.858124,233.135452,80.239899,197.864700,299.651276,188.157379,216.582352,277.970062,171.159317,237.920670,258.564453,149.886688,253.212845,246.395844,134.950851,271.604675,234.929001,120.081429,222.371094,298.718597,215.696213,239.912613,276.370178,198.346252,255.356018,259.933777,184.463852,268.747986,246.738174,170.325638,238.038467,297.739807,232.402725,256.248352,276.590576,214.524307
3082,3.005556,52.934177,305.241821,15.339684,120.739441,294.610382,-32.973225,179.371475,281.328461,-74.124138,76.183586,305.744934,43.279434,103.175713,297.757782,20.640491,131.741791,289.300415,-0.668521,160.640503,279.630798,-23.172882,196.587677,271.222015,-46.140652,97.443115,306.567535,69.495430,124.050980,296.311798,48.897694,151.701965,285.212036,27.227785,178.372681,272.845795,5.840773,213.385757,263.325989,-18.667681,120.555420,306.989532,99.061203,146.168900,294.365173,77.740211,172.331100,280.778259,55.795094,198.696136,267.222717,34.682156,231.832886,254.665497,10.439447,144.573151,307.392914,127.790527,167.311890,291.402985,108.570091,192.811020,275.267090,86.240593,218.768494,260.023773,64.687546,250.429626,247.256683,40.134499,173.504089,307.527008,161.475693,195.144257,288.918610,142.042114,218.481384,270.453491,121.282028,242.269241,253.009445,100.896332,267.543640,241.220184,80.961967,197.831116,307.938690,188.100983,217.154343,286.544434,171.344742,239.019943,267.398285,150.304031,254.621750,255.380539,135.501404,273.271851,244.151642,120.745811,222.324081,308.271667,215.671188,240.433762,286.040161,198.647644,256.363617,269.875397,184.929993,270.139587,256.890808,170.902634,237.984802,308.055817,232.427368,256.706055,286.981903,214.882111
3083,3.008333,52.899940,305.842041,15.261950,120.744514,295.226593,-32.972111,179.555649,282.132843,-73.929718,76.127426,307.534088,43.131683,103.273384,299.685577,20.592663,131.972916,291.414551,-0.655005,161.066055,281.847565,-22.944281,197.061066,273.447632,-45.821609,97.382065,309.525269,69.256798,124.223885,299.529419,48.813164,152.093887,288.654602,27.293226,179.009216,276.525696,6.074764,214.121384,267.090637,-18.350286,120.485657,311.189026,98.842735,146.409927,298.879822,77.657272,172.888123,285.565369,55.896996,199.536667,272.291321,34.975834,232.893097,259.934723,10.901280,144.488358,312.890411,127.567497,167.667160,297.301636,108.495583,193.580017,281.436462,86.393059,219.881363,266.476715,65.042564,251.819397,254.138794,40.622108,173.381485,314.589844,161.287628,195.554581,296.325958,142.027679,219.401962,278.207520,121.471458,243.618378,261.054108,101.326485,269.174744,249.630447,81.479538,197.657959,316.194885,187.900574,217.604141,295.190735,171.354553,240.012268,276.401459,150.520065,255.940018,264.609314,135.834076,274.858643,253.691559,121.177589,222.113754,317.787048,215.481216,240.809265,295.771179,198.755188,257.237244,279.960510,185.180389,271.410095,267.264771,171.244339,237.754135,318.334717,232.270111,256.998199,297.425385,215.041534
3084,3.011111,52.861610,306.435150,15.166996,120.746338,295.852142,-32.985245,179.736710,282.962402,-73.755402,76.045708,309.297241,42.956398,103.343643,301.609894,20.512764,132.176605,293.548126,-0.686291,161.471405,284.117676,-22.762676,197.515549,275.748901,-45.554916,97.283394,312.447388,68.966980,124.352028,302.746582,48.669498,152.442520,292.141296,27.282692,179.612442,280.321594,6.217243,214.823898,271.014374,-18.135191,120.357285,315.341309,98.548950,146.590820,303.395874,77.483894,173.384521,290.411896,55.890903,200.321075,277.482574,35.143318,233.899597,265.382355,11.222752,144.325211,318.328796,127.243309,167.943558,303.208435,108.295486,194.273193,287.678650,86.401566,220.922485,273.079376,65.232063,253.139114,261.236755,40.922600,173.158173,321.576538,160.965210,195.861710,303.747223,141.854492,220.221695,286.052185,121.475327,244.877792,269.272186,101.547081,270.718567,258.281250,81.770676,197.365799,324.372589,187.543716,217.937378,303.852539,171.172974,240.887299,285.506012,150.517258,257.147797,274.007690,135.928482,276.337128,263.465759,121.353203,221.764877,327.211426,215.110855,241.051376,305.506195,198.648148,257.975311,290.123016,185.193405,272.546814,277.785828,171.327774,237.373566,328.519836,231.912781,257.141449,307.863800,214.977448
3085,3.013889,52.818665,307.017639,15.056288,120.744423,296.481018,-33.014496,179.912064,283.805267,-73.606003,75.941246,311.023254,42.754772,103.385010,303.512054,20.400366,132.348236,295.676605,-0.764022,161.847961,286.411499,-22.632992,197.941086,278.095856,-45.347721,97.150963,315.314209,68.629311,124.433853,305.933716,48.466629,152.740707,295.636444,27.192709,180.167999,284.190399,6.259697,215.477753,275.054108,-18.032951,120.178345,319.420959,98.180206,146.710556,307.875824,77.218895,173.811508,295.271790,55.772282,201.032959,282.740936,35.176773,234.830765,270.948425,11.392053,144.095505,323.675598,126.816498,168.140289,309.077484,107.968468,194.880478,293.940002,86.260269,221.873215,279.768982,65.246681,254.361069,268.474884,41.023453,172.851318,328.449646,160.503418,196.068649,311.133331,141.515900,220.931213,293.928070,121.285728,246.027908,277.594452,101.546768,272.146362,267.089783,81.822060,196.974609,332.426422,187.024704,218.161301,312.477234,170.790771,241.638199,294.649414,150.284790,258.229126,283.506042,135.771957,277.683838,273.395752,121.257660,221.301331,336.493896,214.552307,241.173370,315.192413,198.313217,258.579071,300.302307,184.954849,273.540833,288.385651,171.137817,236.869156,338.556976,231.345764,257.153046,318.244476,214.672974
3086,3.016667,52.770611,307.585693,14.932282,120.738426,297.108337,-33.060551,180.079575,284.651398,-73.485344,75.817123,312.701874,42.529064,103.397392,305.376282,20.256168,132.485077,297.779449,-0.887451,162.189423,288.702911,-22.557417,198.329620,280.462036,-45.204353,96.988617,318.107086,68.248947,124.469528,309.064758,48.206776,152.983856,299.108856,27.022945,180.664337,288.091675,6.198510,216.070053,279.168335,-18.049025,119.956718,323.403595,97.740036,146.769669,312.285858,76.864861,174.163147,300.103851,55.540749,201.659485,288.015656,35.073677,235.669052,276.575989,11.403896,143.810333,328.899384,126.290245,168.258392,314.866699,107.518143,195.394852,300.172241,85.968361,222.718704,286.487457,65.083542,255.461990,275.781036,40.919796,172.476547,335.172607,159.904037,196.179550,318.438721,141.011276,221.524139,301.781342,120.901016,247.052963,285.957306,101.321419,273.433990,275.977417,81.629150,196.502365,340.311646,186.345459,218.283203,321.015442,170.206223,242.260742,303.774750,149.818924,259.171509,293.039795,135.360046,278.879272,283.407898,120.885162,220.744507,345.584442,213.806732,241.187576,324.779175,197.745850,259.050720,310.441986,184.459259,274.385712,299.001160,170.668015,236.264175,348.392639,230.569504,257.048492,328.516388,214.121292
3087,3.019444,52.717365,308.135437,14.797942,120.728180,297.730316,-33.123161,180.237244,285.493256,-73.396294,75.676620,314.323547,42.282387,103.381912,307.189972,20.081785,132.586060,299.839844,-1.053751,162.491623,290.970337,-22.535995,198.675537,282.827057,-45.126598,96.800415,320.808594,67.832390,124.460693,312.117615,47.894112,153.169739,302.532410,26.775932,181.092896,291.988647,6.034774,216.590851,283.318573,-18.183887,119.699959,327.266022,97.234802,146.770035,316.596344,76.427528,174.436096,304.872711,55.199570,202.191559,293.262115,34.836170,236.401093,282.213287,11.258731,143.479675,333.969635,125.672340,168.300369,320.538971,106.952118,195.812134,306.333099,85.529869,223.447876,293.182678,64.745773,256.423706,283.089844,40.613792,172.047485,341.709137,159.175674,196.199097,325.621429,140.346298,221.996536,309.564575,120.325562,247.940536,294.303131,100.873756,274.561737,284.871582,81.195595,195.964615,347.982880,185.515961,218.309708,329.420105,169.425415,242.752335,312.829956,149.123123,259.964935,302.549561,134.696396,279.907440,293.433411,120.238846,220.112549,354.432220,212.884567,241.104340,334.216461,196.950821,259.392426,320.488403,183.710083,275.076660,309.573303,169.920731,235.578354,357.971954,229.594955,256.840515,338.627808,213.326309
3088,3.022222,52.659401,308.663177,14.656325,120.713600,298.344147,-33.201454,180.383163,286.326660,-73.340866,75.523193,315.879181,42.018524,103.340622,308.943176,19.879557,132.651581,301.845062,-1.258569,162.752274,293.197266,-22.567368,198.975418,285.177460,-45.114449,96.590630,323.402252,67.387215,124.410065,315.074097,47.534328,153.297897,305.885529,26.456648,181.448013,295.848846,5.773359,217.033081,287.469849,-18.433716,119.415352,330.985596,96.673439,146.714737,320.782074,75.915108,174.629395,309.548981,54.755100,202.623566,298.443024,34.470169,237.017807,287.816101,10.961277,143.112518,338.856384,124.974716,168.269897,326.062164,106.281036,196.130493,312.386200,84.953125,224.053116,299.809387,64.241562,257.233521,290.345123,40.113491,171.575958,348.022552,158.333298,196.132202,332.642334,139.532410,222.346542,317.235413,119.569244,248.681183,302.580200,100.212807,275.514618,293.707703,80.531952,195.374588,355.393951,184.553604,218.246536,337.645447,168.462158,243.111618,321.766907,148.207657,260.601776,311.980225,133.792038,280.755524,303.408112,119.329796,219.420929,362.984650,211.805313,240.932144,343.453583,195.942062,259.606201,330.389313,182.719406,275.609741,320.045837,168.906616,234.828384,367.237732,228.443146,256.539459,348.525421,212.301910
3089,3.025000,52.597649,309.165680,14.510403,120.694679,298.947418,-33.294121,180.515961,287.150574,-73.320221,75.360489,317.360168,41.741833,103.276268,310.628296,19.652359,132.683121,303.785889,-1.496912,162.970886,295.371857,-22.649328,199.227676,287.505463,-45.166927,96.363838,325.872742,66.921684,124.321259,317.919495,47.134094,153.369308,309.150757,26.071968,181.726700,299.644958,5.421667,217.392288,291.590271,-18.791231,119.109955,334.540009,96.067429,146.607803,324.821442,75.337624,174.743973,314.108398,54.216160,202.953003,303.528290,33.984367,237.514023,293.349335,10.519053,142.717300,343.529938,124.212845,168.171600,331.408173,105.518044,196.350235,318.300140,84.250053,224.529816,306.329376,63.582867,257.883667,297.501160,39.431396,171.072754,354.075684,157.397110,195.983948,339.464142,138.586182,222.574051,324.755676,118.646553,249.268433,310.742554,99.352768,276.282562,302.430267,79.653923,194.744278,362.497467,183.482117,218.099060,345.646210,167.337082,243.338379,330.540009,147.089050,261.076691,321.280518,132.664215,281.414398,313.272858,118.175606,218.683426,371.187195,210.596375,240.678497,352.438965,194.741547,259.694458,340.093262,181.506775,275.982391,330.364136,167.643768,234.029129,376.130005,227.143677,256.154205,358.154114,211.070679
3090,3.027778,52.533356,309.639893,14.363001,120.671463,299.538300,-33.399612,180.635178,287.966431,-73.334694,75.192368,318.758148,41.457054,103.192055,312.239227,19.403528,132.683075,305.656464,-1.763911,163.148453,297.485840,-22.778952,199.432053,289.806580,-45.282543,96.125015,328.205750,66.444511,124.198616,320.641693,46.700798,153.386032,312.313690,25.630037,181.928223,303.354706,4.988619,217.666229,295.650452,-19.246502,118.790726,337.906616,95.430641,146.454163,328.695557,74.706497,174.782455,318.530884,53.593487,203.180115,308.494446,33.389137,237.887741,298.786926,9.941442,142.302460,347.960693,123.405037,168.011047,336.551025,104.678444,196.473465,324.047241,83.435371,224.876205,312.710785,62.784271,258.370636,304.522156,38.582958,170.548477,359.830933,156.391190,195.760071,346.050018,137.528381,222.680756,332.089844,117.575699,249.698929,318.749420,98.311501,276.859802,310.993469,78.580399,194.085678,369.245453,182.329544,217.873032,353.376831,166.076447,243.433716,339.104797,145.789520,261.386902,330.402405,131.335037,281.878754,322.973846,116.798653,217.913910,378.983887,209.290848,240.351181,361.119812,193.377731,259.660797,349.548981,180.097687,276.193756,340.474792,166.156662,233.195435,384.586761,225.732529,255.693741,367.457123,209.662003
3091,3.030556,52.467957,310.083099,14.216888,120.644096,300.115143,-33.516350,180.740982,288.776947,-73.383827,75.022842,320.064941,41.169384,103.091385,313.770721,19.137072,132.654434,307.453033,-2.054878,163.287125,299.533051,-22.952396,199.589081,292.077515,-45.459324,95.879623,330.387390,65.964897,124.047058,323.229797,46.242474,153.351151,315.362122,25.139757,182.053711,306.960419,4.484004,217.854630,299.624939,-19.788147,118.464706,341.062866,94.778564,146.259659,332.386993,74.034103,174.748871,322.798798,52.899105,203.307373,313.323334,32.695774,238.139511,304.109741,9.239264,141.877029,352.119141,122.571289,167.794983,341.465912,103.779167,196.504150,329.602478,82.525818,225.093079,318.927246,61.861870,258.694458,311.380890,37.585094,170.014664,365.250641,155.342102,195.467484,352.363464,136.382935,222.670425,339.203766,116.377785,249.972687,326.564941,97.109009,277.245026,319.361145,77.331673,193.412140,375.589722,181.126587,217.575684,360.791504,164.710526,243.400787,347.417542,144.335754,261.532776,339.300232,129.830353,282.147125,332.463562,115.224121,217.127777,386.318115,207.925415,239.959381,369.442596,191.883774,259.511017,358.705444,178.522232,276.245758,350.324890,164.474854,232.343842,392.545380,224.249512,255.168442,376.376556,208.110382
3092,3.033333,52.403049,310.492432,14.074836,120.612854,300.676819,-33.642872,180.833374,289.584351,-73.466316,74.855942,321.272278,40.884640,102.977821,315.217377,18.857809,132.600494,309.172211,-2.365078,163.389755,301.508118,-23.164667,199.699829,294.314789,-45.694607,95.633629,332.404144,65.492531,123.872108,325.673126,45.767628,153.268646,318.285095,24.610432,182.105896,310.448181,3.917960,217.959167,303.493988,-20.404869,118.139427,343.986420,94.127411,146.031387,335.878723,73.333572,174.648773,326.895935,52.145752,203.338959,318.000458,31.916101,238.271820,309.303375,8.424312,141.451202,355.976166,121.732460,167.531555,346.128540,102.838104,196.448013,334.942383,81.539497,225.183746,324.956512,60.832279,258.858154,318.056427,36.455093,169.484390,370.297424,154.277374,195.114883,358.367737,135.175934,222.548996,346.063904,115.076225,250.093140,334.157196,95.766418,277.440613,327.505768,75.928001,192.739319,381.483093,179.905045,217.216400,367.844177,163.272034,243.245361,355.434631,142.757721,261.518127,347.930450,128.178848,282.222168,341.700348,113.478760,216.343079,393.134155,206.537903,239.514587,377.353241,190.295776,259.253601,367.511383,176.813690,276.143616,359.862427,162.631790,231.493805,399.944092,222.735718,254.591141,384.853790,206.453659
3093,3.036111,52.340317,310.865356,13.939487,120.578156,301.222107,-33.777687,180.911575,290.389709,-73.579765,74.695831,322.372009,40.609177,102.855133,316.573517,18.571224,132.524780,310.810333,-2.689691,163.459641,303.405701,-23.409595,199.765686,296.514465,-45.984928,95.393494,334.242432,65.037331,123.680008,327.960846,45.285015,153.143509,321.072235,24.051601,182.088791,313.807098,3.300491,217.982910,307.243958,-21.086485,117.823219,346.655762,93.493301,145.777634,339.153564,72.618675,174.489120,330.806458,51.346603,203.280441,322.513458,31.062325,238.289017,314.356079,7.508658,141.036575,359.503204,120.909660,167.230560,350.514587,101.873772,196.312805,340.044067,80.495216,225.153992,330.778931,59.712177,258.867188,324.531799,35.210045,168.972839,374.935120,153.224243,194.713272,364.026398,133.934494,222.324982,352.636932,113.696175,250.067078,341.497314,94.305428,277.452484,335.406097,74.389084,192.085419,386.879669,178.696686,216.807343,374.489319,161.794922,242.976349,363.112854,141.087524,261.350311,356.251099,126.411201,282.110229,350.646484,111.590866,215.581177,399.377960,205.165527,239.031235,384.798218,188.651398,258.900177,375.916046,175.007477,275.896179,369.035950,160.663635,230.668396,406.723236,221.231583,253.977661,392.830139,204.731567
3094,3.038889,52.281551,311.199402,13.813145,120.540642,301.749573,-33.918911,180.974411,291.192688,-73.720688,74.546806,323.355988,40.349537,102.727371,317.833069,18.283195,132.430847,312.362762,-3.023821,163.500366,305.220001,-23.680082,199.788162,298.671875,-46.326031,95.166168,335.889069,64.609100,123.477646,330.081787,44.803520,152.981613,323.713104,23.472900,182.007446,317.028687,2.641131,217.930161,310.866211,-21.823910,117.525291,349.050537,92.891754,145.507645,342.194031,71.903702,174.278229,334.514465,50.515297,203.138580,326.850616,30.147139,238.197159,319.257629,6.504388,140.646072,362.672913,120.123497,166.903259,354.599396,100.905319,196.108154,344.884979,79.412109,225.011765,336.376434,58.518505,258.729431,330.792114,33.866867,168.497284,379.129761,152.208405,194.276062,369.303711,132.686066,222.009430,358.889404,112.263962,249.904297,348.557678,92.748535,277.289673,343.044434,72.734497,191.471085,391.735840,177.532440,216.363434,380.682404,160.313110,242.606003,370.409607,139.358521,261.040405,364.221222,124.559563,281.821594,359.265778,109.590897,214.866562,404.998535,203.843323,238.526749,391.725250,186.988480,258.465668,383.869171,173.140320,275.516449,377.795227,158.608337,229.894257,412.826263,219.775146,253.347214,400.248322,202.984161
3095,3.041667,52.228596,311.492676,13.697762,120.501129,302.257172,-34.064156,181.020874,291.992126,-73.885315,74.413269,324.216675,40.112129,102.598747,318.989685,17.999800,132.322510,313.824036,-3.362401,163.515945,306.944855,-23.968496,199.769180,300.781708,-46.713074,94.958954,337.331665,64.217339,123.272301,332.024689,44.332237,152.789673,326.197693,22.883730,181.867889,320.105713,1.949071,217.806259,314.354767,-22.608456,117.255508,351.152008,92.337524,145.231522,344.982330,71.203323,174.025497,338.004028,49.666077,202.921341,331.000031,29.183996,238.003830,323.997894,5.424078,140.293793,365.459900,119.393219,166.562057,358.358124,99.952431,195.845367,349.442749,78.309547,224.766754,341.731140,57.268963,258.454681,336.823242,32.442883,168.076599,382.850708,151.253128,193.818756,374.165314,131.457672,221.615860,364.788025,110.806770,249.616943,355.310669,91.120087,276.963806,350.403290,70.985016,190.918716,396.011230,176.441208,215.902039,386.381042,158.859833,242.149658,377.283020,137.604706,260.602997,371.800690,122.657417,281.370178,367.521423,107.512016,214.225906,409.948853,202.603683,238.021133,398.084381,185.344009,257.968140,391.321808,171.249725,275.020905,386.090973,156.505341,229.200623,418.201111,218.401108,252.721817,407.053741,201.250748
3096,3.044444,52.183270,311.743683,13.595159,120.460571,302.742767,-34.211010,181.050537,292.787323,-74.070869,74.299538,324.947144,39.902977,102.473549,320.037201,17.727144,132.203583,315.188202,-3.700117,163.510757,308.573669,-24.267008,199.711151,302.837677,-47.140739,94.779236,338.558716,63.870892,123.071381,333.778503,43.880527,152.575027,328.516296,22.293053,181.676788,323.030853,1.233775,217.617462,317.703979,-23.430820,117.023857,352.943573,91.844170,144.959656,347.501007,70.532295,173.741013,341.259277,48.813850,202.637741,334.949066,28.187477,237.717758,328.566223,4.281578,139.994019,367.841461,118.736191,166.219986,361.766357,99.034813,195.536926,353.695251,77.207367,224.430008,346.824860,55.982395,258.054657,342.610779,30.956470,167.730194,386.071167,150.378830,193.358337,378.578674,130.275848,221.159744,370.299866,109.352310,249.219086,361.727356,89.446976,276.488831,357.462921,69.164253,190.451309,399.669800,175.449249,215.442200,391.545197,157.467270,241.625214,383.692505,135.860489,260.055695,378.949615,120.739685,280.773163,375.375336,105.390503,213.686722,414.186554,201.475891,237.536301,403.828857,183.753662,257.427917,398.226410,169.373993,274.429230,393.875092,154.395477,228.617599,422.801147,217.140320,252.125412,413.195312,199.569382
3097,3.047222,52.147251,311.951202,13.507158,120.419991,303.205048,-34.357578,181.063568,293.578552,-74.275902,74.209541,325.541718,39.727406,102.355896,320.970032,17.471167,132.077774,316.449554,-4.031486,163.489502,310.099792,-24.567621,199.617111,304.832520,-47.603012,94.633919,339.560516,63.577705,122.882057,335.332977,43.457771,152.345337,330.659821,21.709650,181.441498,325.796417,0.505585,217.371017,320.906830,-24.280176,116.839920,354.411530,91.423340,144.702377,349.733734,69.905098,173.435196,344.264435,47.974243,202.297668,338.683899,27.173508,237.348694,332.950531,3.092770,139.760178,369.798340,118.167503,165.890137,364.800964,98.171707,195.195862,357.620575,76.126068,224.013672,351.638641,54.679176,257.542664,348.139099,29.427919,167.476532,388.769104,149.602783,192.912247,382.513275,129.166397,220.658020,375.392761,107.928841,248.726410,367.777618,87.758514,275.880554,364.199493,67.299881,190.090912,402.680939,174.579437,215.003479,396.138153,156.166214,241.052582,389.598694,134.160492,259.418610,385.628296,118.842819,280.050568,382.787476,103.265938,213.275406,417.675323,200.485657,237.094696,408.915802,182.251495,256.866852,404.536926,167.552200,273.763519,401.100189,152.321182,228.173904,426.586182,216.019699,251.582718,418.625946,197.976944
3098,3.050000,52.121899,312.114471,13.435446,120.380432,303.644104,-34.502510,181.060455,294.366821,-74.499794,74.146454,325.995880,39.589748,102.249557,321.783417,17.237347,131.948547,317.603241,-4.351332,163.457077,311.516449,-24.862038,199.490875,306.757843,-48.092815,94.528931,340.329468,63.344368,122.710983,336.679169,43.072948,152.108078,332.619446,21.142611,181.169830,328.393555,-0.224031,217.075211,323.954224,-25.143547,116.712044,355.545593,91.084259,144.469208,351.665924,69.335327,173.118469,347.004181,47.163582,201.911606,342.189636,26.159433,236.907471,337.136169,1.876348,139.603729,371.315552,117.699455,165.585007,367.440918,97.381386,194.835449,361.197327,75.086639,223.530762,356.152527,53.381500,256.933563,353.390381,27.880394,167.331375,390.927673,148.939194,192.497528,385.941376,128.154221,220.128387,380.035004,106.565315,248.155975,373.429810,86.086433,275.156799,370.584473,65.424309,189.856598,405.020416,173.850601,214.604797,400.127167,154.985306,240.452621,394.963196,132.539978,258.713837,391.796906,117.005104,279.225220,389.715912,101.181374,213.014954,420.385803,199.654495,236.718033,413.306488,180.869751,256.306976,410.208954,165.824310,273.047333,407.719147,150.326843,227.894547,429.523712,215.061768,251.117401,423.302429,196.509216
3099,3.052778,52.108166,312.233215,13.381264,120.342804,304.061157,-34.644672,181.041809,295.153198,-74.742119,74.112389,326.307007,39.493057,102.157677,322.473938,17.030449,131.819092,318.645966,-4.655455,163.418427,312.817322,-25.141764,199.336884,308.604340,-48.601929,94.468803,340.860352,63.175961,122.563782,337.809998,42.734097,151.870239,334.386993,20.601528,180.870163,330.812439,-0.942578,216.739532,326.834686,-26.005514,116.646538,356.339142,90.833557,144.268356,353.285400,68.835121,172.801025,349.463562,46.398582,201.490616,345.450195,25.164057,236.406311,341.104980,0.654311,139.533310,372.383026,117.341026,165.315735,369.668152,96.680580,194.468689,364.404846,74.110237,222.995102,360.345215,52.113388,256.243988,358.343109,26.340719,167.306244,392.535828,148.398834,192.129791,388.838440,127.262474,219.588852,384.195648,105.291458,247.526123,378.650452,84.465103,274.337585,376.584137,63.574642,189.762772,406.671631,173.276810,214.263397,403.484009,153.950439,239.846634,399.748413,131.034805,257.964874,397.415009,115.266891,278.322571,396.116364,99.182991,212.922806,422.297577,198.998993,236.425735,416.966827,179.638702,255.770004,415.199249,164.230621,272.305603,413.684662,148.458832,227.798447,431.590393,214.283752,250.751190,427.186096,195.200607
3100,3.055556,52.106522,312.307404,13.345265,120.307907,304.458008,-34.782959,181.008392,295.938538,-75.002197,74.108200,326.473877,39.438931,102.082649,323.039429,16.854328,131.692261,319.575775,-4.940797,163.378326,313.996857,-25.398586,199.160217,310.361877,-49.121094,94.456444,341.150330,63.075737,122.444817,338.720490,42.447929,151.638290,335.954773,20.096268,180.551285,333.042236,-1.636881,216.374741,329.533966,-26.848387,116.647163,356.789612,90.675217,144.106430,354.582947,68.414612,172.492630,351.628540,45.695663,201.046371,348.448029,24.207458,235.859207,344.834900,-0.548229,139.554047,372.995941,117.097748,165.091858,371.468231,96.083946,194.108139,367.223358,73.217674,222.421646,364.193512,50.900436,255.492294,362.971283,24.839252,167.407394,393.588776,147.988632,191.822723,391.183960,126.511543,219.057343,387.844635,104.137077,246.856644,383.403961,82.930901,273.445984,382.159393,61.792118,189.817642,407.626617,172.866867,213.994080,406.185364,153.084030,239.256012,403.917389,129.680710,257.196625,402.441040,113.669876,277.371002,401.942169,97.319031,213.009018,423.400177,198.530045,236.234024,419.867767,178.585999,255.276978,419.466187,162.810791,271.564514,418.948883,146.764435,227.896744,432.773743,213.696899,250.502502,430.243256,194.083115
3101,3.058333,52.117023,312.337402,13.327536,120.276291,304.836121,-34.916309,180.961090,296.722992,-75.278763,74.133629,326.497131,39.427525,102.026047,323.479034,16.711836,131.570526,320.391205,-5.205036,163.341385,315.050385,-25.625090,198.966599,312.019501,-49.640194,94.492897,341.199402,63.044853,122.357079,339.407776,42.219662,151.418182,337.315460,19.636591,180.222641,335.071075,-2.293568,215.992645,332.035370,-27.652983,116.714928,356.898285,90.610374,143.988297,355.552124,68.081436,172.202438,353.486176,45.070175,200.591492,351.164124,23.310455,235.282135,348.299683,-1.703867,139.667206,373.154633,116.971695,164.921112,372.830292,95.603363,193.765961,369.634003,72.428566,221.826736,367.671814,49.769196,254.699142,367.244324,23.408783,167.635254,394.087982,147.711487,191.587753,392.961670,125.918152,218.551819,390.953003,103.130592,246.169266,387.652405,81.520988,272.508820,387.264893,60.120823,190.022705,407.886414,172.624283,213.809006,408.212585,152.404419,238.702499,407.434235,128.511658,256.435669,406.832916,112.255096,276.402069,407.144318,95.637360,213.275192,423.694092,198.252533,236.155289,421.985840,177.735428,254.848389,422.969971,161.601700,270.851837,423.463562,145.289688,228.191605,433.072937,213.306152,250.386032,432.446655,193.184479
3102,3.061111,52.139339,312.323822,13.327626,120.248444,305.196075,-35.043640,180.901230,297.505188,-75.569481,74.187477,326.378784,39.457726,101.988716,323.792755,16.604893,131.456146,321.090271,-5.445982,163.311844,315.973541,-25.814920,198.762390,313.565063,-50.148304,94.577400,341.010010,63.082314,122.302330,339.870483,42.052944,151.215469,338.461975,19.231714,179.894211,336.886078,-2.899485,215.606079,334.319916,-28.399694,116.848206,356.670013,90.637405,143.917053,356.189301,67.840645,171.939255,355.024231,44.535789,200.139618,353.577515,22.493778,234.693314,351.469208,-2.784164,139.870239,372.864258,116.961891,164.809540,373.747162,95.247513,193.454025,371.618866,71.760674,221.228546,370.751526,48.746387,253.887772,371.127197,22.082924,167.984314,394.040466,147.566406,191.434387,394.159241,125.494850,218.090286,393.493439,102.297386,245.488083,391.355835,80.271370,271.557526,391.848938,58.605900,190.372696,407.460846,172.547897,213.717667,409.551422,151.925537,238.208221,410.264679,127.557663,255.710190,410.548737,111.060272,275.450348,411.672607,94.182411,213.714279,423.190369,198.165680,236.197845,423.304199,177.105423,254.504181,425.674255,160.635101,270.197205,427.181427,144.076401,228.675583,432.498535,213.110504,250.411835,433.777161,192.526169
3103,3.063889,52.172882,312.267578,13.344532,120.224884,305.537048,-35.163685,180.830811,298.281952,-75.870674,74.267776,326.122101,39.527218,101.970993,323.981201,16.534702,131.351334,321.669891,-5.660977,163.293457,316.761749,-25.962845,198.554779,314.985138,-50.633770,94.707458,340.586884,63.185112,122.281265,340.108429,41.949791,151.035461,339.387085,18.889980,179.576508,338.473053,-3.441755,215.228653,336.366913,-29.069529,117.043175,356.112640,90.752472,143.894455,356.492950,67.694931,171.711563,356.230835,44.104229,199.705673,355.665314,21.777313,234.113083,354.309906,-3.761085,140.157196,372.133575,117.064819,164.761612,374.214539,95.021851,193.184143,373.160431,71.229439,220.647461,373.400940,47.858025,253.084335,374.580231,20.894499,168.443192,393.457489,147.549286,191.370209,394.767883,125.249969,217.690643,395.440796,101.658356,244.839554,394.473267,79.214966,270.628143,395.854980,57.291103,190.855988,406.367157,172.632797,213.727127,410.191711,151.656372,237.795105,412.377777,126.842766,255.049591,413.548615,110.117462,274.552948,415.477173,92.992599,214.310883,421.909058,198.264465,236.365738,423.813263,176.708084,254.263306,427.547821,159.935516,269.630707,430.059082,143.159180,229.332016,431.071136,213.104065,250.584000,434.225189,192.121780
3104,3.066667,52.216946,312.170105,13.376574,120.206413,305.856873,-35.274792,180.752686,299.047058,-76.176880,74.371910,325.731262,39.632725,101.972939,324.045013,16.502035,131.258621,322.125824,-5.846453,163.289520,317.409851,-26.064728,198.351852,316.264465,-51.084415,94.879097,339.936615,63.348637,122.293724,340.121979,41.910797,150.883438,340.083069,18.618763,179.280502,339.816711,-3.907581,214.874527,338.153870,-29.645044,117.294098,355.235962,90.950272,143.921127,356.462616,67.645302,171.527695,357.094025,43.785202,199.305862,357.402618,21.179638,233.563751,356.785278,-4.608034,140.519119,370.974426,117.274933,164.780258,374.230225,94.928909,192.967911,374.241638,70.847702,220.106201,375.585449,47.128593,252.317749,377.559784,19.874300,168.995041,392.351868,147.654312,191.400574,394.782288,125.187576,217.369949,396.772461,101.229042,244.251587,396.963989,78.379875,269.760040,399.224243,56.215969,191.455429,404.627625,172.871948,213.841629,410.127167,151.600891,237.483337,413.747620,126.383751,254.482773,415.796692,109.451279,273.747925,418.510376,92.098732,215.042313,419.877167,198.541077,236.658279,423.510712,176.549164,254.142410,428.566345,159.519196,269.180328,432.060425,142.563004,230.135834,428.818390,213.277664,250.899338,433.791351,191.976639
3105,3.069444,52.270828,312.033447,13.421214,120.194374,306.151703,-35.374794,180.670837,299.790955,-76.480576,74.496857,325.211029,39.770493,101.994591,323.984344,16.507586,131.181000,322.452209,-5.997756,163.302750,317.912354,-26.117476,198.162262,317.386414,-51.487896,95.086998,339.067078,63.567394,122.338936,339.911377,41.935802,150.764740,340.541077,18.424725,179.017822,340.900574,-4.284177,214.558273,339.657471,-30.111189,117.593498,354.050964,91.224861,143.996689,356.098724,67.691643,171.395493,357.601593,43.586472,198.957260,358.763031,20.717793,233.069229,358.856293,-5.300212,140.944397,369.400665,117.585136,164.866394,373.794037,94.968849,192.816177,374.846313,70.625671,219.629089,377.269104,46.580215,251.619034,380.019135,19.050093,169.617767,390.735138,147.875565,191.527435,394.200745,125.307861,217.142929,397.469818,101.019348,243.751709,398.790192,77.788177,268.993195,401.900299,55.413239,192.149384,402.267029,173.257416,214.061798,409.356140,151.758072,237.289352,414.354950,126.189781,254.035736,417.263397,109.078072,273.071655,420.729675,91.523056,215.880203,417.125366,198.986481,237.069412,422.401367,176.628906,254.153275,428.714111,159.393631,268.869141,433.159149,142.302490,231.055527,425.772369,213.620544,251.347626,432.484772,192.089249
3106,3.072222,52.333885,311.860260,13.474999,120.190750,306.415802,-35.460781,180.590622,300.499908,-76.771652,74.639275,324.566101,39.936779,102.036125,323.798584,16.552303,131.122162,322.641693,-6.109191,163.335205,318.264008,-26.119078,197.995056,318.333099,-51.832150,95.324532,337.986725,63.835552,122.415695,339.476105,42.024567,150.684814,340.751007,18.314194,178.800705,341.706757,-4.558883,214.294479,340.854797,-30.455376,117.932297,352.568848,91.570412,144.119507,355.401855,67.833138,171.321854,357.741455,43.514038,198.676910,359.719849,20.406887,232.653992,360.483551,-5.815140,141.419022,367.427643,117.987785,165.018417,372.907410,95.139961,192.738235,374.960083,70.571053,219.240036,378.417175,46.231487,251.019058,381.912140,18.445515,170.284607,388.614166,148.208542,191.748169,393.025665,125.607521,217.020447,397.518585,101.034019,243.364487,399.918732,77.455376,268.364563,403.832855,54.907406,192.912979,399.310577,173.781342,214.383133,407.882721,152.122467,237.223724,414.188049,126.263260,253.729111,417.926666,109.006485,272.555054,422.100403,91.278770,216.792511,413.685242,199.591400,237.586838,420.496979,176.943085,254.300659,427.985504,159.558456,268.712341,433.339600,142.382645,232.055542,421.965912,214.121490,251.912415,430.321381,192.453201
3107,3.075000,52.405468,311.653381,13.534048,120.198181,306.641266,-35.528831,180.518661,301.155853,-77.037537,74.795540,323.800964,40.128159,102.097839,323.485901,16.637474,131.086380,322.685181,-6.174341,163.388046,318.459961,-26.068792,197.858994,319.086609,-52.105946,95.583893,336.704071,64.147560,122.522270,338.815063,42.177120,150.648941,340.701843,18.293262,178.641434,342.216919,-4.719605,214.097305,341.723724,-30.666529,118.299843,350.800262,91.981674,144.286484,354.372772,68.068588,171.311996,357.502533,43.572395,198.480148,360.248291,20.259312,232.340637,361.630524,-6.134024,141.927094,365.070892,118.475494,165.231995,371.572876,95.439346,192.740479,374.571350,70.689049,218.959717,378.999298,46.096210,250.545197,383.197449,18.078638,170.964371,385.987457,148.651611,192.054901,391.263153,126.080589,217.008118,396.909576,101.273407,243.109314,400.322937,77.390488,267.904633,404.981110,54.714333,193.719101,395.782379,174.436142,214.795135,405.716736,152.685349,237.289612,413.243011,126.601028,253.576126,417.772583,109.238579,272.220703,422.597382,91.370583,217.745331,409.586700,200.346558,238.191467,417.815369,177.484436,254.579895,426.385162,160.006973,268.714661,432.597076,142.800400,233.098526,417.430115,214.769302,252.571976,427.321777,193.058975
3108,3.077778,52.484818,311.414917,13.595057,120.219742,306.818146,-35.573898,180.462540,301.737305,-77.263885,74.961624,322.919556,40.341618,102.179871,323.043396,16.764460,131.078125,322.572449,-6.186648,163.461456,318.495789,-25.967285,197.762131,319.629700,-52.299450,95.856506,335.226746,64.498596,122.656273,337.926331,42.393620,150.661377,340.382538,18.367329,178.550949,342.413605,-4.755862,213.979431,342.243774,-30.734642,118.684219,348.755005,92.454163,144.492950,353.012390,68.396294,171.368729,356.875275,43.764393,198.378754,360.327911,20.283810,232.147049,362.267181,-6.243258,142.451263,362.345093,119.041565,165.499939,369.793884,95.863243,192.825562,373.671997,70.982033,218.802811,378.992188,46.182438,250.217972,383.842834,17.960711,171.621445,382.841766,149.206894,192.434586,388.922424,126.719208,217.105347,395.638885,101.733910,242.998108,399.984192,77.596069,267.634735,405.315765,54.841446,194.539429,391.704926,175.213928,215.281113,402.872742,153.435822,237.482193,411.523193,127.195496,253.581528,416.795288,109.770821,272.080902,422.205963,91.795876,218.704361,404.856964,201.242691,238.858215,414.379059,178.243622,254.976486,423.926971,160.727982,268.869476,430.937225,143.546021,234.146973,412.192688,215.552933,253.299591,423.510010,193.894928
3109,3.080556,52.570744,311.145660,13.656178,120.258316,306.934784,-35.589973,180.429871,302.220734,-77.435913,75.133034,321.925323,40.574528,102.281815,322.467163,16.934196,131.101273,322.293030,-6.140210,163.554611,318.367859,-25.816652,197.711136,319.947052,-52.404839,96.133400,333.561401,64.884651,122.814400,336.807526,42.673985,150.724762,339.783173,18.540344,178.537140,342.282257,-4.660114,213.950027,342.398651,-30.652273,119.072472,346.441620,92.983818,144.732758,351.321411,68.813828,171.491974,355.852386,44.090763,198.379639,359.943573,20.484735,232.084412,362.372223,-6.135339,142.973083,359.263947,119.679596,165.812607,367.574341,96.406853,192.991562,372.257874,71.448944,218.776337,378.381042,46.492020,250.048523,383.827209,18.095524,172.215439,379.148865,149.880753,192.869919,386.015228,127.513840,217.305328,393.708008,102.408142,243.033829,398.893005,78.068275,267.564484,404.820465,55.287769,195.345261,387.099182,176.105804,215.819351,399.368408,154.361710,237.789337,409.038330,128.035004,253.740936,414.996704,110.594360,272.137085,420.921967,92.545464,219.635757,399.520416,202.269852,239.557922,410.213135,179.209076,255.467468,420.631744,161.706863,269.160339,428.374268,144.604446,235.164276,406.278076,216.461044,254.064621,418.912109,194.947357
3110,3.083333,52.661449,310.844971,13.717258,120.316048,306.978760,-35.570736,180.427399,302.582611,-77.539902,75.304802,320.821381,40.824451,102.402382,321.752991,17.146534,131.158234,321.837494,-6.030676,163.665756,318.073456,-25.620365,197.710800,320.026062,-52.416862,96.405403,331.713928,65.302040,122.992401,335.456329,43.017239,150.839447,338.895569,18.813980,178.603897,341.812347,-4.428808,214.013138,342.178040,-30.416546,119.450882,343.868378,93.566132,144.998367,349.300995,69.317474,171.678406,354.429108,44.549366,198.484207,359.086365,20.861450,232.156479,361.933472,-5.809497,143.473618,355.840271,120.382843,166.158142,364.919067,97.063492,193.232269,370.328857,72.084778,218.879333,377.159332,47.020363,250.038086,383.140747,18.479267,172.700623,374.861511,150.684372,193.340607,382.555756,128.452896,217.595886,391.123291,103.284561,243.210541,397.049408,78.796822,267.691193,403.491943,56.043743,196.108292,381.985229,177.101212,216.385071,395.223633,155.448822,238.193130,405.803223,129.103607,254.041946,412.386078,111.694641,272.380310,418.751221,93.603661,220.506866,393.600250,203.416580,240.259796,405.343689,180.365753,256.024841,416.524292,162.925354,269.563965,424.928345,145.955627,236.115341,399.709045,217.481384,254.834854,413.555206,196.199722
3111,3.086111,52.754601,310.510986,13.779399,120.393883,306.938446,-35.510700,180.459885,302.801758,-77.565033,75.471703,319.610840,41.088749,102.539207,320.897125,17.399643,131.249435,321.198181,-5.856101,163.792236,317.610840,-25.383127,197.763519,319.857880,-52.333363,96.663475,329.690552,65.746590,123.184891,333.871826,43.420582,151.003174,337.714539,19.186752,178.750793,340.997711,-4.063023,214.167816,341.577667,-30.029932,119.805298,341.044037,94.195213,145.281021,346.953857,69.901276,171.921524,352.604034,45.134201,198.688660,357.753326,21.407728,232.359970,360.947235,-5.272148,143.933960,352.087189,121.143219,166.523300,361.834839,97.823784,193.537827,367.888885,72.879761,219.104034,375.328186,47.756233,250.179291,381.783478,19.100531,173.043335,369.952484,151.620087,193.824890,378.560547,129.521790,217.961090,387.895538,104.346802,243.515396,394.461365,79.764877,268.001587,401.338165,57.091137,196.801575,376.383331,178.187424,216.952728,390.460236,156.679871,238.671997,401.836395,130.380295,254.465790,408.978790,113.050842,272.793243,415.708008,94.947723,221.286987,387.120056,204.668793,240.933838,399.797150,181.694061,256.618958,411.631927,164.360352,270.053986,420.623627,147.573746,236.967392,392.509064,218.599731,255.578613,407.467529,197.631195
3112,3.088889,52.847576,310.141663,13.844275,120.491112,306.804169,-35.406429,180.529068,302.861572,-77.505241,75.628571,318.297424,41.364162,102.688812,319.897766,17.689671,131.373047,320.370728,-5.617554,163.930710,316.979309,-25.110714,197.869080,319.437744,-52.155720,96.899040,327.498596,66.212967,123.385391,332.055450,43.878582,151.210968,336.239014,19.653307,178.973572,339.836945,-3.568822,214.408813,340.598694,-29.500099,120.121765,337.978882,94.862968,145.570786,344.285919,70.556221,172.211868,350.380341,45.834610,198.984528,355.947571,22.111412,232.685532,359.417267,-4.537040,144.336243,348.019440,121.950317,166.894012,358.331573,98.674904,193.895721,364.946686,73.818733,219.437500,372.895538,48.681610,250.458115,379.763367,19.940657,173.239716,364.456848,152.666412,194.301285,374.048950,130.701981,218.383072,384.039978,105.573044,243.931305,391.143311,80.948975,268.475159,398.375702,58.403313,197.400360,370.315857,179.348587,217.497772,385.102234,158.033386,239.202744,397.159760,131.838470,254.990067,404.795319,114.635582,273.352722,411.813080,96.547569,221.948227,380.105804,206.009018,241.552475,393.601135,183.169083,257.221008,405.983673,165.982895,270.603394,415.487457,149.426422,237.690750,384.704865,219.799561,256.265991,400.679565,199.215897
3113,3.091667,52.937721,309.734772,13.913593,120.605309,306.569824,-35.257423,180.633240,302.752014,-77.360313,75.770630,316.886017,41.646641,102.846802,318.756012,18.010696,131.525101,319.354492,-5.319328,164.077225,316.179596,-24.809782,198.024490,318.765625,-51.889175,97.104439,325.147278,66.694366,123.586555,330.012634,44.382828,151.455399,334.472748,20.204132,179.264511,338.333801,-2.957339,214.727524,339.247253,-28.839739,120.387360,334.685150,95.558807,145.856979,341.307373,71.269974,172.537552,347.766724,46.634979,199.359650,353.678406,22.954599,233.118973,357.354492,-3.625036,144.664551,343.654236,122.790848,167.256241,354.423279,99.600113,194.291565,361.516174,74.880898,219.863083,369.875732,49.771931,250.856522,377.094299,20.974754,173.299164,358.436340,153.790039,194.749969,369.043365,131.970657,218.843369,379.576416,106.935890,244.438721,387.115143,82.318886,269.087219,394.627441,59.946022,197.882874,363.808594,180.565079,217.997696,379.176971,159.483459,239.761993,391.798950,133.445953,255.590561,399.861206,116.415039,274.032532,407.092560,98.365990,222.466217,372.587830,207.416077,242.091476,386.785889,184.760773,257.804810,399.610962,167.757950,271.186737,409.550293,151.474121,238.259491,376.328278,221.062485,256.869690,393.225708,200.922623
3114,3.094444,53.022533,309.288696,13.988742,120.732285,306.233276,-35.066643,180.766937,302.470856,-77.136642,75.893822,315.382782,41.931488,103.008072,317.476257,18.354927,131.699890,318.153168,-4.968747,164.227402,315.213745,-24.487646,198.224045,317.846313,-51.542931,97.273277,322.647980,67.182610,123.780731,327.752808,44.922195,151.727112,332.424866,20.825836,179.613083,336.497559,-2.244491,215.112305,337.535034,-28.066402,120.591324,331.177917,96.269768,146.128708,338.033173,72.027069,172.885010,344.777527,47.515327,199.799026,350.961090,23.914421,233.641998,354.776733,-2.563416,144.906021,339.012024,123.648659,167.596115,350.128845,100.578911,194.709824,357.616852,76.040344,220.361572,366.289215,50.996815,251.354004,373.794922,22.173126,173.228287,351.946289,154.958023,195.153366,363.569733,133.301025,219.323303,374.529694,108.402863,245.016449,382.402161,83.838051,269.810883,390.121887,61.678455,198.230728,356.891693,181.813721,218.432617,372.715637,161.000061,240.327240,385.783875,135.165421,256.242554,394.207275,118.349503,274.804688,401.577850,100.359375,222.820709,364.602112,208.864944,242.530060,379.385986,186.434570,258.347290,392.548706,169.644485,271.781219,402.846405,153.670486,238.652237,367.418243,222.369217,257.365967,385.145325,202.715149
3115,3.097222,53.099854,308.802917,14.070563,120.866310,305.797241,-34.840553,180.921219,302.024017,-76.847168,75.994957,313.795288,42.213627,103.167213,316.065887,18.713154,131.890411,316.774506,-4.575645,164.376587,314.085358,-24.152079,198.459503,316.689423,-51.129848,97.400581,320.014404,67.668526,123.960533,325.289032,45.483509,152.015518,330.109314,21.501928,180.006409,334.342682,-1.450202,215.548950,335.479431,-27.201998,120.725868,327.475006,96.980949,146.375595,334.482727,72.809692,173.240158,341.432526,48.452400,200.285690,347.816467,24.964153,234.233200,351.708527,-1.384653,145.051102,334.116791,124.505264,167.900543,345.472015,101.587746,195.134674,353.273438,77.267006,220.911774,362.162567,52.321289,251.928802,369.888641,23.502756,173.032639,345.040894,156.137207,195.496414,357.658081,134.663177,219.804337,368.929840,109.937347,245.641647,377.035431,85.464531,270.617096,384.893829,63.554489,198.429321,349.600067,183.068176,218.785507,365.754181,162.549866,240.877029,379.149445,136.955444,256.921265,387.870056,120.394356,275.639740,395.306366,102.478889,222.996155,356.190887,210.327103,242.851044,371.441254,188.152100,258.828613,384.836273,171.596741,272.366028,395.414856,155.963608,238.852814,358.022186,223.700302,257.735229,376.483429,204.553253
3116,3.100000,53.167965,308.278046,14.159242,121.000771,305.268494,-34.588505,181.084824,301.424408,-76.509880,76.071716,312.132721,42.487770,103.318794,314.534973,19.075298,132.088898,315.229858,-4.151595,164.519989,312.799744,-23.811069,198.720993,315.308716,-50.665474,97.482826,317.262451,68.142342,124.119316,322.637909,46.052448,152.309418,327.544220,22.213856,180.430115,331.888824,-0.597253,216.021378,333.103363,-26.271616,120.786415,323.597015,97.676109,146.588074,330.679382,73.598663,173.589188,337.756378,49.420948,200.801254,344.270538,26.074535,234.868912,348.180786,-0.124773,145.093750,328.996033,125.340805,168.157516,340.481232,102.601151,195.550369,348.515686,78.528183,221.491180,357.528076,53.707432,252.558197,365.404114,24.928564,172.717453,337.774078,157.295135,195.766190,351.343018,136.025238,220.268204,362.812256,111.499947,246.290054,371.052307,87.152664,271.474609,378.985596,65.524315,198.468292,341.973480,184.300064,219.042191,358.333679,164.097366,241.391022,371.936157,138.771835,257.602051,380.892212,122.501564,276.506866,388.322113,104.672180,222.982361,347.401978,211.771179,243.040985,362.996979,189.872452,259.231537,376.518433,173.565842,272.921204,387.300598,158.298370,238.850815,348.198669,225.035583,257.961975,367.290710,206.393845
3117,3.102778,53.225643,307.716125,14.254291,121.129013,304.657043,-34.321445,181.245911,300.689880,-76.145340,76.122528,310.405457,42.748558,103.457489,312.895935,19.431017,132.287231,313.533783,-3.709067,164.652924,311.363922,-23.472626,198.997696,313.720856,-50.166611,97.517868,314.409851,68.594147,124.251358,319.818909,46.614399,152.597427,324.751434,22.942095,180.868835,329.159729,0.290027,216.512405,330.433929,-25.301893,120.771141,319.566864,98.338501,146.757782,326.650024,74.374474,173.919052,333.778595,50.395031,201.326401,340.354065,27.215076,235.524231,344.229706,1.178596,145.031158,323.680511,126.134979,168.356400,335.189392,103.593002,195.941483,343.378113,79.790054,222.076508,352.423737,55.116199,253.219070,360.375671,26.414452,172.288513,330.200348,158.400818,195.951996,344.663513,137.354431,220.697037,356.217834,113.049980,246.936325,364.496582,88.855263,272.350647,372.446838,67.536476,198.342148,334.056366,185.480209,219.191299,350.500153,165.606247,241.849716,364.190460,140.569366,258.260254,373.322815,124.621475,277.374115,380.676331,106.885391,222.774673,338.287994,213.163956,243.090179,354.103241,191.553436,259.541016,367.645325,175.501892,273.426605,378.555023,160.618820,238.642029,338.019684,226.353104,258.035004,357.622955,208.192505
3118,3.105556,53.272167,307.120544,14.354601,121.245102,303.974823,-34.050697,181.393478,299.840637,-75.774277,76.146439,308.625244,42.990856,103.578156,311.162933,19.770428,132.477371,311.703583,-3.260598,164.770782,309.786957,-23.144537,199.278625,311.944519,-49.649986,97.504898,311.476013,69.014458,124.351654,316.854309,47.155216,152.868332,321.756226,23.667168,181.306824,326.182953,1.187011,217.004684,327.501190,-24.319351,120.680420,315.409698,98.951881,146.877579,322.424988,75.118355,174.217575,329.533051,51.349262,201.841431,336.102203,28.355337,236.174271,339.895599,2.488223,144.863510,318.203888,126.868126,168.488083,329.633820,104.537872,196.293121,337.900116,81.019279,222.644226,346.892548,56.509178,253.888123,354.842987,27.924173,171.752640,322.375214,159.425537,196.045242,337.662933,138.618271,221.073410,349.193268,114.547165,247.554474,357.418701,90.525764,273.211792,365.334137,69.539917,198.050415,325.897644,186.580017,219.224030,342.304382,167.040665,242.234619,355.964844,142.303360,258.871521,365.217133,126.704681,278.208984,372.427368,109.065254,222.374100,328.905121,214.471481,242.992706,344.814758,193.153122,259.743774,358.272675,177.355927,273.861816,369.236115,162.870087,238.228348,327.571869,227.627853,257.947083,347.540619,209.905090
3119,3.108333,53.307285,306.496002,14.458547,121.344330,303.235016,-33.786892,181.518341,298.897919,-75.415588,76.142998,306.804443,43.210087,103.675926,309.351410,20.084909,132.651672,309.758636,-2.817988,164.869263,308.079620,-22.834181,199.553024,309.999634,-49.131390,97.444290,308.481659,69.394737,124.415749,313.768707,47.661873,153.111420,318.586487,24.370508,181.728531,322.988739,2.069829,217.481293,324.336792,-23.349115,120.516258,311.152710,99.501328,146.941422,318.037445,75.812935,174.473541,325.057190,52.259869,202.326920,331.553894,29.466099,236.794998,335.221466,3.768874,144.593811,312.602417,127.522202,168.544952,323.855774,105.412300,196.591080,332.125397,82.184349,223.171371,340.981995,57.850086,254.542358,348.851044,29.422104,171.118149,314.355499,160.343658,196.039581,330.388641,139.785645,221.380600,341.790771,115.953300,248.118790,349.875366,92.120094,274.025269,357.709839,71.485901,197.597519,317.549835,187.572632,219.134293,333.801331,168.366562,242.528336,347.317596,143.931458,259.412018,356.636444,128.703629,278.979340,363.640228,111.160942,221.787003,319.312286,215.660278,242.746124,335.190247,194.631516,259.828339,348.461761,179.081589,274.206726,359.407806,164.999680,237.617661,316.954712,228.831818,257.695160,337.108276,211.489182
3120,3.111111,53.331161,305.848236,14.564119,121.423500,302.451080,-33.539185,181.613815,297.882568,-75.084900,76.112267,304.956055,43.402538,103.746307,307.477509,20.367767,132.803375,307.719543,-2.391686,164.944458,306.254913,-22.548325,199.810669,307.906921,-48.625271,97.337448,305.448273,69.727875,124.439827,310.588715,48.122940,153.317001,315.272339,25.035036,182.119110,319.609100,2.916167,217.926483,320.972961,-22.414087,120.282013,306.824982,99.973747,146.944580,313.522980,76.442749,174.676346,320.390686,53.105511,202.764465,326.750549,30.520329,237.364090,330.251923,4.988344,144.227295,306.914948,128.081619,168.520920,317.900055,106.195648,196.821899,326.101410,83.256874,223.636307,334.743011,59.105988,255.159256,342.449371,30.873943,170.394577,306.199860,161.133560,195.930740,322.891968,140.828262,221.602936,334.067657,117.233978,248.604416,341.928436,93.598015,274.759735,349.640839,73.329369,196.992340,309.068878,188.434036,218.918640,325.050049,169.552948,242.714981,338.312531,145.415115,259.859070,347.647369,130.573853,279.654663,354.385468,113.125397,221.024551,309.570496,216.698547,242.351288,325.292603,195.951965,259.784851,338.279114,180.636734,274.442261,349.139160,166.958298,236.822906,306.275726,229.934967,257.279846,326.394684,212.905838
3121,3.113889,53.344345,305.184021,14.669079,121.481056,301.636292,-33.314632,181.675903,296.813873,-74.793648,76.054871,303.093658,43.565517,103.785439,305.557129,20.614613,132.926895,305.607635,-1.990613,164.992844,304.327484,-22.292959,200.042007,305.687592,-48.144611,97.186699,302.398346,70.008476,124.420845,307.341705,48.528881,153.476898,311.844849,25.645668,182.464890,316.076843,3.705854,218.325836,317.441528,-21.534369,119.982361,302.457489,100.358368,146.883636,308.918671,76.994652,174.815979,315.574463,53.867775,203.137222,321.734985,31.493820,237.861389,325.032593,6.118149,143.771347,301.182587,128.534073,168.411819,311.814331,106.870880,196.973145,319.878143,84.212402,224.019562,328.228882,60.248112,255.717300,335.691193,32.247356,169.592316,297.969360,161.778534,195.716370,315.228210,141.722244,221.726227,326.085144,118.359726,248.988525,333.644073,94.924263,275.386688,341.197327,75.029991,196.247375,300.514099,189.144241,218.576202,316.113098,170.572952,242.780487,329.018188,146.721161,260.191895,338.320465,132.274796,280.207031,344.737946,114.916428,220.102081,299.743500,217.557724,241.811783,315.188812,197.082840,259.605560,327.796448,181.984711,274.551117,338.502808,168.700241,235.861145,295.643921,230.907211,256.704987,315.472717,214.121017
3122,3.116667,53.347664,304.510620,14.771114,121.517014,300.803314,-33.118023,181.703247,295.709412,-74.548805,75.972008,301.231415,43.697323,103.790512,303.605957,20.823236,133.017822,303.444489,-1.622285,165.011246,302.313751,-22.073151,200.238373,303.363159,-47.700825,96.995285,299.355225,70.232956,124.356850,304.055511,48.872379,153.584595,308.335205,26.189838,182.753601,312.424713,4.421411,218.666672,313.773346,-20.726805,119.623184,298.082916,100.647049,146.756851,304.262573,77.458260,174.883377,310.649719,54.531441,203.430679,316.550720,32.365543,238.269501,319.609100,7.134022,143.235031,295.448853,128.871170,168.215759,305.648438,107.424850,197.033890,313.506958,85.031021,224.304306,321.494263,61.252174,256.196198,328.632751,33.512608,168.722504,289.728424,162.267166,195.395981,307.456116,142.449310,221.738495,317.907349,119.306900,249.251175,325.091217,96.069603,275.881226,332.451324,76.552704,195.377930,291.948151,189.688263,218.108704,307.056396,171.405029,242.713318,319.506622,147.822586,260.392609,328.727997,133.770172,280.612579,334.774963,116.497513,219.038300,289.898621,218.214615,241.133621,304.950104,197.998795,259.284729,317.089935,183.095718,274.518494,327.573669,170.183990,234.752502,285.162628,231.720734,255.977325,304.419830,215.107178
3123,3.119444,53.342167,303.835846,14.868008,121.532684,299.963959,-32.951874,181.696503,294.584534,-74.353340,75.865494,299.384094,43.797127,103.760292,301.639496,20.992870,133.073013,301.251434,-1.292854,164.996811,300.231140,-21.892948,200.392151,300.955139,-47.303703,96.767365,296.343231,70.399529,124.247437,300.758209,49.148682,153.635559,304.773895,26.657768,182.975021,308.684540,5.048742,218.938171,309.997345,-20.004719,119.211456,293.736053,100.834671,146.564362,299.593201,77.826355,174.870911,305.657318,55.084663,203.633041,311.241211,33.117897,238.574066,314.026703,8.016129,142.628876,289.759705,129.088791,167.933212,299.453552,107.848663,196.995316,307.040009,85.697662,224.476624,314.594391,62.098583,256.577118,321.332428,34.643169,167.797501,281.545959,162.593231,194.971222,299.636871,142.997070,221.630630,309.599945,120.058167,249.375809,316.340668,97.011795,276.222504,323.475067,77.868301,194.401581,283.437561,190.057159,217.520325,297.948578,172.033798,242.505295,309.851746,148.698654,260.446991,318.941803,135.028030,280.851868,324.574524,117.838570,217.854492,280.108490,218.653885,240.324860,294.651703,198.681870,258.819122,306.239441,183.947876,274.332550,316.428040,171.373337,233.518967,274.922394,232.352310,255.106155,293.317841,215.844604
3124,3.122222,53.329071,303.167633,14.957785,121.530388,299.128967,-32.816631,181.657700,293.452484,-74.206833,75.737915,297.567230,43.864815,103.695473,299.674164,21.123396,133.090469,299.049103,-1.007009,164.946915,298.097870,-21.755352,200.496811,298.484711,-46.961231,96.507866,293.387695,70.508270,124.094093,297.478058,49.355808,153.627213,301.190430,27.042351,183.121475,304.886475,5.577849,219.131485,306.140381,-19.378235,118.755180,289.453491,100.919876,146.308167,294.949341,78.095062,174.773361,300.637360,55.519249,203.735565,305.849304,33.737263,238.764008,308.329346,8.749143,141.964767,284.163574,129.187469,167.567001,293.281403,108.137993,196.851410,300.529297,86.202530,224.525726,307.584412,62.772900,256.843262,313.849762,35.616318,166.831497,273.496429,162.755692,194.446152,291.833282,143.359207,221.396667,301.229309,120.602997,249.349594,307.464111,97.736626,276.393829,314.339722,78.954178,193.337509,275.052551,190.248703,216.817917,288.860199,172.450500,242.152161,300.127991,149.335205,260.344788,309.031799,136.021286,280.910217,314.213776,118.916534,216.574020,270.452087,218.870224,239.395538,284.372681,199.122345,258.208160,295.327789,184.527847,273.985199,305.143433,172.239548,232.183594,264.995605,232.785858,254.103271,282.252777,216.322311
3125,3.125000,53.309666,302.514008,15.038847,121.513092,298.307892,-32.711006,181.589539,292.324005,-74.106514,75.592659,295.797180,43.900993,103.598701,297.726837,21.215160,133.069305,296.857056,-0.767914,164.859222,295.932129,-21.662470,200.547104,295.972198,-46.679565,96.222420,290.514709,70.560997,123.900047,294.243347,49.494411,153.559006,297.613281,27.339012,183.188385,301.058563,6.002973,219.239899,302.227112,-18.855059,118.263412,285.274384,100.905952,145.992203,290.369781,78.263840,174.589066,295.629181,55.830727,203.732803,300.417175,34.214603,238.831406,302.559082,9.322486,141.255798,278.711212,129.172516,167.122253,287.183899,108.293228,196.599533,294.026520,86.541115,224.444138,300.518524,63.266388,256.980103,306.244598,36.413734,165.841141,265.660553,162.758698,193.827362,284.108856,143.535294,221.034027,292.861847,120.937775,249.163391,298.533630,98.238365,276.382629,305.113617,79.794464,192.206635,266.867004,190.267685,216.010895,279.863403,172.653214,241.653366,290.409851,149.725204,260.079346,299.065613,136.729019,280.777771,303.767822,119.715584,215.221924,261.014771,218.869003,238.357925,274.195374,199.318878,257.454102,284.439667,184.831558,273.472351,293.799408,172.764130,230.769806,255.433823,233.014175,252.983536,271.314117,216.538254
3126,3.127778,53.285259,301.882690,15.110070,121.484177,297.508698,-32.632511,181.494858,291.207703,-74.048599,75.433815,294.091125,43.907314,103.473946,295.814880,21.269258,133.009827,294.693542,-0.577221,164.732086,293.751434,-21.615784,200.539383,293.436371,-46.462963,95.917305,287.750702,70.560951,123.669876,291.081970,49.567295,153.432114,294.070007,27.545809,183.173859,297.226959,6.321953,219.258804,298.280243,-18.441008,117.746338,281.239746,100.801155,145.622406,285.892975,78.335442,174.320587,290.671295,56.018452,203.622269,294.985596,34.545692,238.771317,296.756042,9.730597,140.516312,273.455261,129.053925,166.606445,281.212891,108.319443,196.240967,287.582581,86.714172,224.227905,293.449249,63.576080,256.975677,298.576263,37.022091,164.845993,258.125763,162.611816,193.124054,276.527222,143.530685,220.543640,284.563202,121.065529,248.811844,289.620087,98.519066,276.180756,295.861359,80.379593,191.031464,258.957825,190.125809,215.111328,271.031372,172.646927,241.012238,280.771271,149.868942,259.647675,289.109344,137.138382,280.449280,293.309357,120.227386,213.825058,251.886551,218.665695,237.226761,264.204712,199.278488,256.562469,273.661102,184.864365,272.793701,282.478210,172.941315,229.301514,246.269455,233.040131,251.765137,260.593811,216.499084
3127,3.130556,53.257145,301.280914,15.170865,121.447220,296.737946,-32.578133,181.376358,290.110107,-74.029419,75.265984,292.466888,43.886974,103.325829,293.955475,21.287680,132.913391,292.575531,-0.435061,164.564682,291.572693,-21.616339,200.471527,290.894318,-46.313828,95.599663,285.121765,70.512810,123.409096,288.020935,49.578941,153.249207,290.587311,27.663731,183.078125,293.416412,6.535483,219.185410,294.320374,-18.139885,117.215317,277.391937,100.618073,145.206558,281.556915,78.315727,173.974136,285.801453,56.085739,203.404037,289.593567,34.730595,238.581421,290.958435,9.972788,139.761978,268.449005,128.845596,166.029190,275.420227,108.226303,195.780533,281.247192,86.727386,223.876663,286.427490,63.704296,256.821167,290.902740,37.433582,163.868103,250.985413,162.330338,192.348053,269.151886,143.356247,219.930008,276.397644,120.995232,248.293579,280.791687,98.586708,275.784607,286.642792,80.705154,189.836594,251.403778,189.841125,214.133896,262.438019,172.443222,240.235596,271.285553,149.774246,259.049713,279.228302,137.246414,279.923706,282.908752,120.451469,212.412170,243.160110,218.284409,236.019516,254.487274,199.016174,255.542603,263.078766,184.640564,271.953003,271.265045,172.779205,227.803635,237.523087,232.876526,250.469620,250.184952,216.219910
3128,3.133333,53.226513,300.715546,15.221185,121.405762,296.000824,-32.544876,181.236588,289.036316,-74.045746,75.094101,290.942413,43.844643,103.158997,292.165375,21.273176,132.782608,290.518860,-0.340118,164.357071,289.411407,-21.664610,200.342834,288.361176,-46.232662,95.277649,282.653656,70.423050,123.123970,285.086212,49.535248,153.014038,287.191162,27.696737,182.902771,289.650452,6.646688,219.018661,290.366272,-17.953203,116.683014,273.772827,100.372391,144.754227,277.398743,78.213478,173.558014,281.056427,56.039734,203.080414,284.277985,34.773232,238.261856,285.202484,10.052670,139.009888,263.744690,128.564377,165.402100,269.857300,108.027763,195.225739,275.068665,86.590981,223.393524,279.502136,63.658104,256.510956,283.279968,37.646404,162.931458,244.338104,161.935501,191.513718,262.045837,143.028046,219.201004,268.427643,120.741074,247.611404,272.112213,98.452690,275.195282,277.512268,80.770668,188.648819,244.283478,189.436752,213.095749,254.157303,172.060013,239.333694,262.025940,149.457397,258.288483,269.487946,137.060883,279.204071,272.634186,120.395271,211.014008,234.927780,217.755829,234.756500,245.130417,198.554276,254.407944,252.778946,184.181946,270.957764,260.247528,172.299393,226.303650,229.217514,232.545120,249.121719,240.180618,215.723602
3129,3.136111,53.194469,300.192719,15.261490,121.362907,295.301605,-32.529945,181.078278,287.990112,-74.094543,74.923317,289.534821,43.785683,102.977936,290.460571,21.229153,132.621017,288.538025,-0.289892,164.110092,287.281891,-21.760195,200.153931,285.850189,-46.218151,94.960182,280.371704,70.300140,122.821548,282.302673,49.443405,152.731461,283.906464,27.651392,182.650513,285.951935,6.660902,218.759048,286.435333,-17.880146,116.163147,270.422516,100.081482,144.276489,273.454315,78.039841,173.081406,276.471527,55.890812,202.655716,279.073730,34.681252,237.815201,279.521881,9.977720,138.278610,259.392090,128.228989,164.738495,264.574280,107.741379,194.586136,269.093567,86.319107,222.784424,272.720306,63.448952,256.043152,275.761292,37.665115,162.061005,238.286667,161.454987,190.637939,255.270874,142.566788,218.367615,260.713684,120.321930,246.772278,263.640411,98.130898,274.418274,268.518433,80.579224,187.497192,237.673004,188.939270,212.016464,246.262375,171.520966,238.319611,253.065674,148.942612,257.370178,259.954498,136.600403,278.296936,262.551239,120.073952,209.663467,227.278931,217.114761,233.460876,236.220871,197.921631,253.175949,242.846649,183.516739,269.819366,249.514481,171.535736,224.833908,221.396057,232.075119,247.748856,230.672623,215.040359
3130,3.138889,53.162045,299.717987,15.292729,121.320915,294.643921,-32.530735,180.904190,286.974548,-74.172531,74.758904,288.259705,43.715443,102.787270,288.856323,21.159801,132.432983,286.646423,-0.280986,163.825287,285.197205,-21.901573,199.906509,283.373840,-46.267696,94.656723,278.300110,70.154076,122.509438,279.694031,49.311836,152.407364,280.757141,27.536352,182.324982,282.342896,6.585386,218.408432,282.544250,-17.917576,115.670197,267.378204,99.763329,143.785507,269.757935,77.807846,172.554276,272.080383,55.652000,202.136307,274.014160,34.466019,237.246521,273.948242,9.759237,137.587708,255.437637,127.859787,164.053268,259.618866,107.386963,193.872955,263.366638,85.929428,222.057739,266.127502,63.092655,255.419754,268.397156,37.500793,161.281662,232.938110,160.923660,189.739655,248.887360,141.997360,217.443680,253.314438,119.761063,245.786743,255.431198,97.639076,273.462799,259.707123,80.140656,186.412399,231.643631,188.377243,210.917587,238.824875,170.854889,237.209473,244.476501,148.260391,256.304382,250.695175,135.893814,277.212585,252.723343,119.510109,208.395432,220.297562,216.398102,232.158630,227.843262,197.152390,251.867508,233.365402,182.678864,268.552856,239.154999,170.532089,223.433533,214.137085,231.501923,246.380783,221.750534,214.206528
3131,3.141667,53.130241,299.296234,15.316278,121.280807,294.030487,-32.544720,180.717056,285.992126,-74.275963,74.606209,287.130890,43.639137,102.592133,287.366913,21.070232,132.223328,284.856354,-0.309184,163.504807,283.169250,-22.085974,199.603256,280.944366,-46.378231,94.376892,276.461426,69.995743,122.195724,277.282593,49.149967,152.048645,277.765533,27.361891,181.930511,278.843903,6.428690,217.970169,278.709625,-18.059822,115.218880,264.673462,99.435692,143.294144,266.341766,77.531975,171.987381,267.915131,55.338631,201.530365,269.131287,34.142323,236.563187,268.511475,9.412348,136.957230,251.923737,127.477615,163.362564,255.035431,106.985519,193.099121,257.930878,85.442841,221.224197,259.767975,62.609421,254.646683,261.234772,37.170952,160.618530,228.410080,160.382645,188.839462,242.953827,141.348434,216.445572,246.286850,119.085899,244.668488,247.537506,97.000534,272.340485,251.127060,79.477715,185.425903,226.260513,187.780075,209.822662,231.913971,170.094727,236.022263,236.327545,147.445511,255.104507,241.778275,134.978928,275.964508,243.212112,118.733521,207.246124,214.060608,215.642715,230.878433,220.078888,196.284760,250.506668,224.416870,181.707535,267.177185,229.257019,169.340103,222.147415,207.547607,230.864685,245.049240,213.500488,213.263306
3132,3.144444,53.100033,298.931488,15.333755,121.242577,293.463409,-32.569374,180.519363,285.045074,-74.400444,74.470512,286.160461,43.561993,102.398209,286.005676,20.966331,131.997238,283.179077,-0.369538,163.151337,281.209106,-22.309315,199.247833,278.574585,-46.546051,94.130142,274.875885,69.836136,121.888748,275.088898,48.967815,151.663116,274.952576,27.139481,181.472183,275.473633,6.200056,217.448975,274.948059,-18.298378,114.823593,262.337830,99.115395,142.815598,263.235779,77.227890,171.392303,264.006317,54.967918,200.847839,264.455688,33.727928,235.774918,263.240540,8.955823,136.406708,248.887772,127.102837,162.683319,250.864273,106.558594,192.279114,252.827637,84.882935,220.296875,253.685303,62.023560,253.733932,254.318619,36.698978,160.092987,224.778564,159.868347,187.959229,237.526367,140.651535,215.392075,239.686325,118.327484,243.434128,240.011032,96.244225,271.065216,242.832596,78.627327,184.569092,221.581879,187.177109,208.756805,225.595322,169.276505,234.779877,228.685211,146.536209,253.788116,233.273376,133.901138,274.569885,234.078827,117.780830,206.252182,208.636780,214.884048,229.650986,213.005096,195.359802,249.120438,216.080673,180.646545,265.715179,219.906357,168.016571,221.021851,201.738342,230.202927,243.787827,206.004196,212.254730
3133,3.147222,53.072311,298.627075,15.346792,121.205765,292.943909,-32.602375,180.313568,284.135651,-74.541130,74.356819,285.358582,43.489109,102.211266,284.784302,20.854248,131.760040,281.624695,-0.456586,162.768188,279.327301,-22.566338,198.844955,276.276489,-46.765549,93.925308,273.560883,69.685524,121.596809,273.131256,48.775558,151.259155,272.337219,26.881449,180.955963,272.248718,5.909572,216.851318,271.276794,-18.621771,114.497810,260.396210,98.817490,142.363129,260.467194,76.911827,170.781342,260.382721,54.558376,200.100266,260.016754,33.242977,234.893784,258.164032,8.411656,135.954422,246.361542,126.754028,162.032761,247.141663,106.127464,191.428833,248.096512,84.275406,219.291260,247.922485,61.362999,252.695267,247.690933,36.113335,159.717575,222.019409,159.402222,187.121765,232.657867,139.939636,214.304153,233.566483,117.519691,242.103531,232.903015,95.404121,269.654297,234.880920,77.634850,183.871902,217.658234,186.596176,207.746368,219.930191,168.437515,233.506927,221.613495,145.573502,252.377396,225.251068,132.711655,273.049744,225.385803,116.695366,205.449142,204.085648,214.154816,228.508453,206.694534,194.420090,247.738586,208.434174,179.543137,264.193695,211.186081,166.621063,220.100510,196.804932,229.553665,242.631683,199.337921,211.225861
3134,3.150000,53.047859,298.385559,15.356864,121.169876,292.472565,-32.641731,180.102188,283.265991,-74.692924,74.269646,284.733276,43.425156,102.036682,283.712830,20.739887,131.517014,280.202087,-0.564622,162.359375,277.533813,-22.850821,198.400558,274.061005,-47.028385,93.770172,272.530365,69.552765,121.327988,271.425446,48.583057,150.845734,269.937012,26.600559,180.388977,269.184662,5.568745,216.185516,267.714294,-19.015722,114.253426,258.868378,98.554596,141.949615,258.060333,76.599800,170.167419,257.071411,54.129230,199.300888,255.842804,32.709450,233.934265,253.310715,7.804513,135.616516,244.370361,126.446960,161.427994,243.899414,105.712303,190.565582,243.775116,83.647194,218.225433,242.522263,60.658424,251.548233,241.392532,35.446453,159.501312,220.070480,158.997375,186.350449,228.396835,139.245316,213.204987,227.979080,116.698265,240.700043,226.264893,94.518318,268.129578,227.329559,76.548943,183.361359,214.531281,186.062271,206.818192,214.974396,167.614700,232.230835,215.174316,144.600281,250.899582,217.782700,131.465546,271.429260,217.198013,115.526505,204.869370,200.456360,213.483795,227.483597,201.214111,193.507950,246.393692,201.552124,178.446411,262.643951,203.176422,165.213898,219.422043,192.823578,228.949646,241.616394,193.571548,210.221344
3135,3.152778,53.027340,298.208771,15.365215,121.134529,292.049866,-32.685749,179.887924,282.438477,-74.850677,74.212753,284.290344,43.373978,101.879257,282.799377,20.628586,131.273254,278.919006,-0.687937,161.929581,275.838196,-23.155638,197.921860,271.938690,-47.323860,93.671028,271.794403,69.444778,121.089851,269.984619,48.399433,150.432083,267.767914,26.309595,179.779526,266.296570,5.190571,215.461868,264.280823,-19.463602,114.100174,257.768433,98.336388,141.587021,256.036072,76.306778,169.563980,254.097519,53.699764,198.464493,251.961594,32.150555,232.913300,248.710648,7.161042,135.406143,242.932541,126.193909,160.885452,241.164856,105.331680,189.708038,239.899063,83.025658,217.120224,237.526962,59.942268,250.314362,235.464142,34.733532,159.453674,218.889359,158.664993,185.668457,224.786545,138.599274,212.119919,222.973755,115.899643,239.250824,220.148483,93.627792,266.517761,220.237350,75.420723,183.059830,212.232681,185.596115,205.998810,210.777908,166.843475,230.981888,209.427689,143.660202,249.387314,210.940063,130.219589,269.738861,209.583908,114.328178,204.539886,197.786194,212.894501,226.608597,196.623566,192.663513,245.121017,195.505997,177.405457,261.102020,195.955231,163.854446,219.018112,189.851532,228.418060,240.776367,188.767029,209.283493
3136,3.155556,53.011261,298.097717,15.372828,121.099403,291.676025,-32.732922,179.673828,281.655762,-75.009277,74.188873,284.033173,43.338284,101.743126,282.050079,20.524931,131.033691,277.782227,-0.820876,161.484283,274.250092,-23.472733,197.417480,269.921448,-47.639687,93.632317,271.359070,69.366226,120.889107,268.819031,48.232658,150.027573,265.844574,26.021027,179.137253,263.599823,4.789151,214.692764,260.999054,-19.947001,114.045052,257.104553,98.169258,141.286118,254.411545,76.045906,168.984909,251.484299,53.288654,197.607849,248.400604,31.590078,231.850388,244.395584,6.509021,135.332718,242.059006,126.003174,160.420746,238.960632,105.002319,188.876175,236.501907,82.437531,215.999252,232.978287,59.247364,249.019226,229.947388,34.011169,159.582062,218.445053,158.412994,185.097885,221.863770,138.028748,211.076584,218.597778,115.159599,237.787292,214.605835,92.774689,264.850769,213.665588,74.303200,182.983475,210.782791,185.213058,205.313919,207.384415,166.156403,229.793121,204.431488,142.796097,247.878616,204.794708,129.030060,268.015137,202.615433,113.156662,204.479996,196.099014,212.404144,225.913788,192.973709,191.922531,243.958099,190.362854,176.467194,259.608887,189.598083,162.599472,218.911255,187.926926,227.979431,240.142944,184.976318,208.449692
3137,3.158333,52.999931,298.052612,15.380397,121.064148,291.351227,-32.781902,179.463242,280.920868,-75.163734,74.199509,283.962616,43.319485,101.631699,281.469391,20.432640,130.802979,276.797638,-0.957780,161.029709,272.779144,-23.793222,196.897507,268.023193,-47.962540,93.656281,271.226074,69.319359,120.731384,267.936066,48.089298,149.641693,264.180664,25.746700,178.473343,261.111053,4.379285,213.892868,257.894226,-20.446260,114.091827,256.878754,98.056152,141.055893,253.199432,75.827827,168.444214,249.253174,52.913208,196.749603,245.187592,31.051579,230.767685,240.399689,5.876403,135.401215,241.752853,125.878899,160.048172,237.304443,104.738579,188.091309,233.614914,81.907814,214.888947,228.916855,58.605442,247.692764,224.885834,33.315987,159.889999,218.711990,158.245407,184.658905,219.657669,137.555878,210.104767,214.895767,114.511604,236.345428,209.689301,92.000404,263.166443,207.678055,73.248680,183.140579,210.189926,184.922729,204.787659,204.830200,165.581512,228.700363,200.240540,142.047913,246.416977,199.417145,127.950203,266.302246,196.368011,112.068085,204.699448,195.404434,212.023300,225.426163,190.304474,191.314499,242.944016,186.183334,175.673508,258.210907,184.177658,161.501022,219.112808,187.068985,227.647079,239.742920,182.240097,207.750626
3138,3.161111,52.993427,298.072754,15.388350,121.028412,291.075684,-32.831585,179.259659,280.237366,-75.309288,74.244812,284.077057,43.317646,101.547516,281.059906,20.354471,130.585526,275.970612,-1.093048,160.573044,271.435974,-24.107843,196.373398,266.260132,-48.278423,93.742813,271.392914,69.304024,120.621063,267.340149,47.974277,149.283936,262.788971,25.497461,177.800858,258.848816,3.976209,213.079041,254.994904,-20.940968,114.240700,257.086884,97.996597,140.903214,252.407669,75.660126,167.955978,247.423462,52.588619,195.910477,242.351028,30.557528,229.690170,236.759811,5.290149,135.611664,242.009506,125.821083,159.780289,236.208755,104.551628,187.375778,231.266846,81.458496,213.818481,225.381668,58.045509,246.369354,220.325363,32.682930,160.375626,219.665833,158.162048,184.368988,218.189056,137.196884,209.236099,211.908737,113.984962,234.966171,205.451904,91.343590,261.509491,202.340881,72.305832,183.530426,210.450226,184.728928,204.441620,203.142822,165.140579,227.741608,196.904938,141.450241,245.050781,194.875443,127.027512,264.652161,190.919510,111.115616,205.196899,195.697968,211.756180,225.167786,188.643204,190.860733,242.117966,183.019058,175.058502,256.958588,179.761490,160.603577,219.621445,187.278732,227.427444,239.597092,180.586990,207.209122
3139,3.163889,52.991562,298.156555,15.396894,120.991974,290.849548,-32.881145,179.066772,279.609558,-75.441475,74.323570,284.372375,43.331631,101.492081,280.822449,20.292179,130.385483,275.306061,-1.221362,160.122772,270.232788,-24.407465,195.858063,264.650421,-48.573124,93.889450,271.853027,69.317879,120.561150,267.032990,47.890755,148.963608,261.681549,25.282732,177.135239,256.834625,3.595358,212.270859,252.334290,-21.410498,114.488205,257.718872,97.987076,140.832413,252.039276,75.547058,167.534088,246.012131,52.327206,195.113159,239.919983,30.128365,228.645416,233.515182,4.774737,135.959122,242.817245,125.826149,159.627441,235.680557,104.448639,186.752640,229.483154,81.107323,212.819382,222.409790,57.592354,245.087677,216.314270,32.143467,161.031006,221.280930,158.158951,184.242249,217.470154,136.961319,208.503281,209.672760,113.603020,233.695190,201.946548,90.838066,259.931549,197.722382,71.517555,184.142761,211.548538,184.630432,204.293289,202.339264,164.847565,226.955414,194.467453,141.029648,243.831909,191.232712,126.300949,263.123840,186.347504,110.346222,205.959610,196.961914,211.601730,225.153900,188.003464,190.573700,241.516663,180.909454,174.645996,255.904312,176.408508,159.940979,220.422318,188.540726,227.320892,239.718765,180.032440,206.839661
3140,3.166667,52.993893,298.301666,15.406090,120.954895,290.673157,-32.929901,178.888367,279.042603,-75.556099,74.433304,284.842438,43.359287,101.465820,280.756439,20.246519,130.206985,274.808716,-1.337863,159.688904,269.184143,-24.683216,195.365860,263.214752,-48.832935,94.091515,272.596375,69.356781,120.553177,267.013641,47.840118,148.689819,260.869751,25.110159,176.494492,255.093399,3.252090,211.491058,249.950699,-21.834654,114.827316,258.759644,98.021622,140.845047,252.092575,75.489601,167.191711,245.033722,52.137890,194.381927,237.924271,29.781723,227.663330,230.706635,4.350832,136.433670,244.158249,125.887634,159.596954,235.721100,104.432335,186.244400,228.285172,80.866867,211.925323,220.036499,57.265690,243.890533,212.902969,31.724319,161.841904,223.529251,158.229065,184.288452,217.504364,136.852127,207.937805,208.216721,113.381393,232.580978,199.223480,90.510681,258.489624,193.890427,70.919060,184.958267,213.459961,184.622131,204.354294,202.425018,164.708099,226.377914,192.960480,140.802612,242.812469,188.543198,125.798271,261.779877,182.724472,109.797119,206.963745,199.167404,211.554749,225.391037,188.384628,190.457336,241.170822,179.878967,174.448334,255.098068,174.164566,159.533981,221.487854,190.825653,227.323242,240.111526,180.576904,206.648087
3141,3.169444,52.999733,298.504974,15.415894,120.917442,290.547302,-32.977043,178.728180,278.542694,-75.649414,74.570412,285.479126,43.397720,101.468201,280.859985,20.217392,130.054047,274.483612,-1.438160,159.283356,268.306946,-24.926237,194.912735,261.976166,-49.045609,94.342300,273.610016,69.415443,120.597298,267.279327,47.822269,148.471008,260.363770,24.985485,175.899338,253.653412,2.961389,210.765625,247.886795,-22.194309,115.247650,260.190277,98.092735,140.940002,252.561874,75.486069,166.940887,244.500092,52.026173,193.742310,236.393738,29.531992,226.775970,228.376190,4.035189,137.020889,246.009750,125.997108,159.692108,236.325592,104.501053,185.871429,227.689087,80.744057,211.170792,218.295212,57.079853,242.824127,210.143311,31.447329,162.787964,226.380203,158.363235,184.511475,218.286240,136.866119,207.567078,207.560135,113.327133,231.670944,197.326279,90.379128,257.242371,190.908279,70.536018,185.949707,216.151886,184.696121,204.628845,203.394104,164.720123,226.039001,192.403702,140.774811,242.040161,186.847839,125.534325,260.680847,180.111465,109.492737,208.175797,202.276413,211.607208,225.875534,189.772324,190.508133,241.101654,179.935287,174.466614,254.582230,173.058716,159.389450,222.779953,194.093536,227.427307,240.767288,182.204987,206.632462
3142,3.172222,53.008213,298.762817,15.426195,120.880203,290.473175,-33.021481,178.589813,278.117218,-75.718071,74.730240,286.273315,43.443558,101.497833,281.130402,20.204082,129.930984,274.336182,-1.518196,158.919632,267.619873,-25.127569,194.515213,260.958923,-49.201180,94.633331,274.879150,69.488029,120.692451,267.826050,47.836208,148.314789,260.172577,24.912708,175.372742,252.545151,2.737352,210.123016,246.187103,-22.471972,115.735733,261.989227,98.192383,141.113632,253.438828,75.533173,166.791687,244.420486,51.994621,193.219650,235.356979,29.390120,226.017288,226.566727,3.841778,137.701996,248.345367,126.145256,159.911148,237.483383,104.649536,185.649994,227.705353,80.740639,210.588455,217.215622,57.043640,241.935959,208.086426,31.329792,163.843277,229.800980,158.551239,184.908005,219.801682,136.995285,207.410782,207.711655,113.439026,231.006027,196.287598,90.450806,256.244904,188.829803,70.383621,187.083801,219.585999,184.842804,205.112198,205.229736,164.875320,225.958557,192.802795,140.942017,241.552536,186.171066,125.511093,259.878021,178.552307,109.443176,209.554382,206.244110,211.749161,226.593170,192.139923,190.716629,241.318069,181.069809,174.692383,254.386490,173.101639,159.501526,224.252594,198.296814,227.623901,241.665665,184.886749,206.784714
3143,3.175000,53.018276,299.071350,15.436805,120.844101,290.452301,-33.061852,178.476761,277.774353,-75.759155,74.907303,287.214935,43.493225,101.552742,281.564789,20.205524,129.842590,274.372375,-1.574155,158.611984,267.142212,-25.278473,194.188736,260.185852,-49.292217,94.954704,276.387848,69.568810,120.836411,268.649261,47.880295,148.227524,260.303741,24.894386,174.938080,251.798599,2.592220,209.591721,244.894012,-22.652699,116.275421,264.133881,98.312881,141.360291,254.713684,75.627014,166.751678,244.801437,52.043541,192.837067,234.839203,29.363420,225.421158,225.319595,3.782371,138.454712,251.136475,126.322899,160.246933,239.179153,104.870148,185.590530,228.338150,80.853935,210.205399,216.820801,57.160198,241.270401,206.778137,31.383947,164.977188,233.757187,158.782791,185.466690,222.028473,137.228470,207.477997,208.668640,113.708969,230.615799,196.126617,90.723381,255.542999,187.695282,70.466736,188.322479,223.719940,185.051758,205.789703,207.905289,165.160965,226.143326,194.149429,141.292313,241.372131,186.519562,125.719864,259.407501,178.070999,109.645538,211.052383,211.020935,211.969666,227.519608,195.450577,191.069214,241.814789,183.259003,175.110138,254.523666,174.285278,159.854416,225.854492,203.382614,227.902435,242.775635,188.580902,207.092194
3144,3.177778,53.028763,299.426483,15.447474,120.810341,290.486908,-33.096584,178.392639,277.523102,-75.770020,75.095322,288.293518,43.543224,101.630562,282.160645,20.220604,129.793991,274.598602,-1.602580,158.373978,266.892120,-25.371128,193.946518,259.676422,-49.313541,95.295403,278.119873,69.652649,121.025276,269.743835,47.952267,148.214020,260.763062,24.931810,174.616089,251.439606,2.535073,209.196564,244.042847,-22.725443,116.848434,266.601013,98.447357,141.672607,256.375977,75.763374,166.824997,245.646286,52.171387,192.612595,234.859604,29.455267,225.016846,224.669708,3.865341,139.253998,254.353516,126.521767,160.687622,241.394638,105.154121,185.696564,229.585327,81.077797,210.039963,217.124771,57.427296,240.862488,206.253174,31.615629,166.155411,238.213303,159.048340,186.168198,224.937790,137.553085,207.765930,210.417984,114.123924,230.515305,196.848160,91.186783,255.167908,187.528595,70.780861,189.624344,228.508652,185.312637,206.636749,211.385727,165.561829,226.585602,196.422180,141.808655,241.503632,187.882782,126.144112,259.287048,178.672333,110.086990,212.619064,216.554123,212.257370,228.621429,199.659576,191.549606,242.571747,186.466431,175.699738,254.987335,176.583939,160.425873,227.531418,209.294449,228.251709,244.057983,193.238068,207.538925
3145,3.180556,53.038483,299.824615,15.457913,120.780197,290.579468,-33.124088,178.340607,277.371643,-75.748390,75.287453,289.498535,43.590336,101.728905,282.916138,20.248329,129.789734,275.021423,-1.600742,158.216766,266.885071,-25.399590,193.798309,259.445251,-49.262165,95.643555,280.059113,69.735115,121.253593,271.104218,48.049267,148.277023,261.554504,25.024860,174.421432,251.487015,2.570813,208.955017,243.658264,-22.684359,117.434921,269.367493,98.589935,142.041580,258.414612,75.937622,167.011551,246.954483,52.374699,192.556732,235.429474,29.664730,224.823761,224.640457,4.093647,140.072891,257.966400,126.734718,161.217529,244.109848,105.492043,185.964203,231.438522,81.403328,210.099533,218.131180,57.837605,240.732513,206.530914,32.023144,167.341675,243.133179,159.339478,186.986252,228.495605,137.956024,208.260681,212.937729,114.667450,230.704300,198.443359,91.825188,255.132797,188.335892,71.313248,190.945862,233.905014,185.615677,207.620392,215.629166,166.061310,227.263855,199.588318,142.470627,241.934097,190.235214,126.761841,259.515381,180.343658,110.747337,214.202194,222.788651,212.601044,229.857712,204.715744,192.139877,243.555435,190.644730,176.438324,255.752319,179.956665,161.189560,229.228088,215.973068,228.660233,245.467316,198.802536,208.106552
3146,3.183333,53.046234,300.262207,15.467763,120.754974,290.732697,-33.143070,178.322784,277.326050,-75.692932,75.476517,290.819519,43.631748,101.845734,283.830292,20.287811,129.833069,275.646759,-1.567253,158.147354,267.132446,-25.360878,193.749069,259.501007,-49.137882,95.986931,282.189667,69.812477,121.515083,272.724548,48.168056,148.416748,262.679779,25.171532,174.361404,251.951630,2.699703,208.875031,243.753098,-22.529531,118.014450,272.409668,98.735382,142.456787,260.817413,76.144241,167.306686,248.720978,52.647655,192.671341,236.551514,29.986158,224.848633,225.241730,4.463421,140.883499,261.944061,126.955376,161.818237,247.303085,105.873581,186.382584,233.883057,81.818748,210.379761,219.832779,58.378582,240.883820,207.613907,32.596642,168.499451,248.479416,159.648621,187.889740,232.663727,138.423630,208.939590,216.198318,115.320259,231.168243,200.891205,92.617767,255.432037,190.105850,72.043343,192.243256,239.859497,185.951309,208.702332,220.588196,166.641647,228.146027,203.606094,143.254913,242.636444,193.539139,127.546486,260.073669,183.057007,111.599976,215.750168,229.666809,212.989227,231.182251,210.561981,192.820892,244.722778,195.737976,177.300720,256.779388,184.350433,162.115753,230.889755,223.355942,229.116089,246.953613,205.212128,208.775055
3147,3.186111,53.050842,300.735992,15.476485,120.735733,290.948730,-33.152874,178.339783,277.389771,-75.603691,75.655457,292.245850,43.664848,101.979355,284.901886,20.337831,129.925018,276.478424,-1.502732,158.168152,267.640594,-25.255802,193.798691,259.846161,-48.943756,96.313423,284.495392,69.881149,121.803123,274.597504,48.304752,148.630585,264.137268,25.367220,174.436264,252.836700,2.917112,208.955566,244.329361,-22.267124,118.567276,275.702881,98.878578,142.906616,263.569794,76.376122,167.701523,250.935410,52.981308,192.950256,238.219971,30.408764,225.086441,226.470703,4.963496,141.658447,266.253387,127.177254,162.469742,250.949707,106.286674,186.934769,236.897690,82.308952,210.865906,222.211838,59.032181,241.304581,209.489288,33.317978,169.593552,254.212296,159.968094,188.845367,237.399994,138.940643,209.774338,220.163483,116.059807,231.881500,204.160172,93.538422,256.043701,192.811234,72.942940,193.474335,246.319122,186.309341,209.841934,226.210281,167.283051,229.193832,208.426483,144.134674,243.574127,197.747192,128.466766,260.929596,186.771210,112.611832,217.214005,237.127197,213.409561,232.546616,217.135208,193.571671,246.026047,201.683289,178.259140,258.021210,189.703323,163.170731,232.463745,231.376114,229.606384,248.464447,212.397659,209.523010
3148,3.188889,53.051220,301.242462,15.483227,120.723137,291.228424,-33.153645,178.390869,277.563904,-75.482269,75.817902,293.766266,43.687016,102.127747,286.127441,20.396263,130.063980,277.516663,-1.410260,158.277298,268.410278,-25.089153,193.943054,260.478027,-48.686092,96.612007,286.958862,69.937172,122.110413,276.712769,48.454124,148.912949,265.920349,25.604156,174.640381,254.137939,3.213336,209.188583,245.380264,-21.909075,119.075592,279.220459,99.013779,143.378479,266.652985,76.624016,168.183426,253.581192,53.363125,193.380875,240.420807,30.916403,225.523071,228.313538,5.575586,142.372620,270.858521,127.393036,163.151505,255.020584,106.716957,187.599655,240.454086,82.854996,211.536163,225.241318,59.774979,241.972076,212.131912,34.161156,170.592117,260.288544,160.289017,189.820328,242.658066,139.489166,210.733902,224.790268,116.859985,232.811218,208.209579,94.555595,256.934784,196.411789,73.976608,194.600708,253.226700,186.678009,210.999329,232.437576,167.962997,230.366791,213.993896,145.079269,244.706100,202.803986,129.486374,262.042358,191.433929,113.743584,218.549393,245.103668,213.847961,233.903656,224.366501,194.368774,247.416977,208.411697,179.282379,259.427734,195.946320,164.316376,233.901840,239.961136,230.116501,249.948517,220.282944,210.326828
3149,3.191667,53.046505,301.777771,15.486758,120.717270,291.570679,-33.146229,178.474243,277.847321,-75.331673,75.958572,295.368378,43.695503,102.287857,287.499695,20.459738,130.245529,278.756622,-1.295465,158.469254,269.436523,-24.869377,194.174820,261.389038,-48.374256,96.873459,289.560944,69.975601,122.428589,279.055054,48.609146,149.254990,268.015564,25.871286,174.963150,255.843491,3.573814,209.560623,246.891235,-21.472576,119.524490,282.933136,99.134117,143.859024,270.042389,76.876335,168.736603,256.634552,53.776993,193.945679,243.131363,31.487852,226.138062,230.746780,6.275026,143.005035,275.720428,127.593773,163.843277,259.480896,107.147659,188.353729,244.516525,83.434265,212.364594,228.885849,60.578674,242.857208,215.507324,35.093346,171.468414,266.661041,160.600494,190.784485,248.387329,140.048447,211.786545,230.029297,117.691162,233.920959,212.990692,95.632866,258.066559,200.857727,75.102837,195.589767,260.520844,187.043396,212.137543,239.207245,168.655945,231.625183,220.246857,146.054291,245.990265,208.647293,130.564453,263.367249,196.983734,114.950600,219.718735,253.525223,214.287979,235.210251,232.181686,195.186020,248.849625,215.848557,180.335861,260.949768,203.004318,165.510498,235.162582,249.033295,230.629257,251.358780,228.785721,211.160263
3150,3.194444,53.036316,302.337402,15.485416,120.717529,291.972473,-33.132004,178.586884,278.236572,-75.156303,76.073441,297.038818,43.687424,102.455345,289.006927,20.523706,130.462601,280.187836,-1.166227,158.735199,270.708405,-24.607990,194.483704,262.566528,-48.020569,97.090965,292.280609,69.990562,122.748337,281.604004,48.761105,149.644913,270.402435,26.154718,175.389740,257.933807,3.979924,210.053818,248.840179,-20.979397,119.902695,286.809509,99.231468,144.334610,273.707428,77.119629,169.342941,260.064392,54.203941,194.623383,246.320679,32.097801,226.906250,233.738235,7.032073,143.539749,280.797455,127.768669,164.525864,264.290039,107.560089,189.172424,249.042160,84.021271,213.322723,233.102646,61.411140,243.926910,219.572998,36.076519,172.202545,273.279755,160.889221,191.711563,254.533325,140.595291,212.900833,235.824860,118.521057,235.173035,218.447403,96.730247,259.398132,206.092102,76.275627,196.416626,268.137054,187.389023,213.224442,246.452301,169.333755,232.931427,227.118301,147.022659,247.385406,215.208618,131.656921,264.858521,203.351501,116.184410,220.693161,262.317078,214.710327,236.429260,240.502350,195.994461,250.282135,223.914108,181.382309,262.540894,210.797134,166.707932,236.213913,258.510895,231.124268,252.654816,237.819061,211.994461
3151,3.197222,53.020802,302.916351,15.476954,120.722664,292.429016,-33.112835,178.724625,278.725311,-74.961838,76.159676,298.763428,43.659897,102.624863,290.633942,20.582668,130.706268,281.794556,-1.032092,159.063385,272.209229,-24.318863,194.856552,263.992279,-47.639866,97.260231,295.095428,69.975639,123.060143,284.334961,48.900127,150.068878,273.054077,26.438614,175.902145,260.382446,4.410200,210.646439,251.197540,-20.454807,120.202858,290.816742,99.296768,144.792038,277.612640,77.339333,169.983078,263.833588,54.623177,195.389893,249.950302,32.718304,227.798767,237.247574,7.813763,143.966522,286.046570,127.905396,165.181732,269.402649,107.934578,190.031067,253.982224,84.588943,214.380249,237.842331,62.238079,245.144836,224.277908,37.069458,172.782257,280.092865,161.139633,192.579559,261.038391,141.104843,214.046310,242.115646,119.316109,236.529404,224.517044,97.806000,260.887146,212.051331,77.446426,197.065277,276.009613,187.695724,214.233749,254.103058,169.966446,234.250732,234.536346,147.945969,248.851852,222.414078,132.718002,266.470551,210.461395,117.394569,221.454178,271.402893,215.092575,237.530930,249.247696,196.762955,251.677567,232.524704,182.382935,264.158569,219.240433,167.862137,237.035080,268.310760,231.577484,253.804718,247.293304,212.798126
3152,3.200000,53.000546,303.509247,15.458561,120.730995,292.934265,-33.091076,178.882355,279.304321,-74.755043,76.215576,300.527649,43.610214,102.790413,292.362854,20.630579,130.966461,283.556335,-0.903549,159.439880,273.916901,-24.017332,195.278290,265.642975,-47.248440,97.379318,297.982239,69.924515,123.355042,287.220337,49.015900,150.511963,275.938904,26.706371,176.480118,263.157104,4.841790,211.313980,253.927353,-19.925949,120.421478,294.921844,99.320572,145.219513,281.719757,77.520515,170.637527,267.900330,55.013195,196.219299,253.975540,33.320484,228.784180,241.227371,8.586083,144.280716,291.424652,127.990875,165.795746,274.770355,108.251274,190.905670,259.283417,85.110062,215.505676,243.049622,63.024803,246.471848,229.562668,38.030071,173.203018,287.048553,161.334320,193.371094,267.842773,141.551636,215.194046,248.836075,120.042992,237.952408,231.131378,98.818581,262.489685,218.664520,78.566483,197.529099,284.073395,187.942047,215.145447,262.088531,170.523605,235.551483,242.425537,148.786240,250.351700,230.185547,133.702377,268.158539,218.232162,118.530647,221.994522,280.707092,215.409424,238.493927,258.336639,197.458679,253.004578,241.594589,183.298828,265.764191,228.246643,168.927063,237.617813,278.350708,231.961349,254.786072,257.119019,213.537903
3153,3.202778,52.976368,304.110748,15.427324,120.740685,293.480774,-33.069653,179.054504,279.962189,-74.543228,76.240479,302.317108,43.536106,102.945892,294.173798,20.661375,131.232788,285.448944,-0.791252,159.849350,275.804840,-23.719133,195.733231,267.491974,-46.862621,97.448349,300.918030,69.831375,123.625000,290.230438,49.098331,150.959045,279.021729,26.941759,177.102158,266.220428,5.251877,212.030945,256.989105,-19.419954,120.558578,299.092407,99.293617,145.607269,285.988922,77.648636,171.287598,272.219482,55.353008,197.084946,258.346405,33.876190,229.830093,245.624435,9.315996,144.482742,296.889618,128.011932,166.355408,280.343140,108.491081,191.773560,264.889252,85.558670,216.667191,248.664261,63.738026,247.867661,235.360535,38.917690,173.467606,294.096588,161.454834,194.073288,274.885986,141.910583,216.317291,255.917542,120.670143,239.405243,238.217712,99.728561,264.160767,225.853790,79.589249,197.810303,292.265961,188.105133,215.945724,270.338196,170.975662,236.805420,250.708252,149.507462,251.849228,238.442093,134.567429,269.879242,226.578735,119.544579,222.317764,290.157318,215.633789,239.305786,267.690247,198.048248,254.237747,251.038040,184.092239,267.323120,237.726410,169.859039,237.965698,288.552124,232.245880,255.586945,267.210266,214.178558
3154,3.205556,52.949028,304.715851,15.380898,120.749886,294.060242,-33.052002,179.235580,280.686096,-74.333809,76.234825,304.118011,43.435722,103.085533,296.045380,20.669466,131.495148,287.445038,-0.705200,160.276291,277.843048,-23.439289,196.206406,269.510773,-46.497757,97.469070,303.880371,69.691238,123.863152,293.334137,49.138294,151.395523,282.264771,27.129873,177.746704,269.531158,5.618853,212.772598,260.340088,-18.962399,120.617249,303.297424,99.207321,145.947495,290.379608,77.710396,171.915909,276.743256,55.623291,197.960846,263.008789,34.359459,230.904678,250.381378,9.972908,144.577454,302.401245,127.956200,166.850952,286.070251,108.636559,192.613937,270.741150,85.911301,217.833939,254.622467,64.347435,249.292450,241.599487,39.695004,173.585037,301.189423,161.482620,194.677750,282.108093,142.158218,217.392120,263.290161,121.168991,240.853073,245.700409,100.500343,265.856384,233.536301,80.472382,197.918854,300.528625,188.162216,216.626755,278.783630,171.294968,237.988312,259.306702,150.076981,253.311478,247.101379,135.274872,271.592010,235.413681,120.392700,222.436615,299.685791,215.738495,239.962463,277.233765,198.499054,255.358124,260.771790,184.727875,268.805450,247.590652,170.618332,238.092621,298.841766,232.400574,256.205444,277.487274,214.684326
3155,3.208333,52.918892,305.320099,15.317898,120.757050,294.663788,-33.041813,179.420670,281.462677,-74.133926,76.199921,305.917236,43.307709,103.204292,297.955231,20.650227,131.744247,289.515839,-0.653943,160.705994,279.999481,-23.191048,196.684036,271.670013,-46.167660,97.444542,306.847382,69.500519,124.063660,296.498962,49.128296,151.808136,285.628296,27.257984,178.393143,273.045288,5.923249,213.516113,263.937012,-18.576176,120.602928,307.507263,99.054375,146.234406,294.850647,77.694664,172.506882,281.422211,55.807423,198.822601,267.905762,34.747662,231.977631,255.437851,10.529595,144.573059,307.921417,127.812950,167.275223,291.900665,108.673141,193.408264,276.779755,86.147942,218.977295,260.858276,64.826927,250.708588,248.204391,40.329533,173.569077,308.282562,161.400452,195.179993,289.450531,142.273788,218.397797,270.884186,121.515091,242.264038,253.502640,101.103447,267.535645,241.627060,81.179367,197.870346,308.806885,188.092300,217.186111,287.359589,171.457047,239.080414,268.144653,150.466766,254.709274,256.081696,135.791763,273.259460,244.648834,121.037468,222.370499,309.230225,215.698441,240.467239,286.897980,198.781006,256.353333,270.717072,185.173981,270.186707,257.752991,171.170181,238.019791,309.152405,232.396759,256.648376,287.877899,215.020676
3156,3.211111,52.885674,305.919647,15.237988,120.761131,295.283112,-33.042587,179.605530,282.278473,-73.950195,76.137741,307.702301,43.151379,103.298157,299.881134,20.600380,131.972092,291.632385,-0.643987,161.125427,282.241608,-22.985090,197.153610,273.939362,-45.884350,97.378609,309.797974,69.257607,124.221947,299.692261,49.063042,152.185547,289.072357,27.316238,179.022476,276.717499,6.148568,214.241272,267.736450,-18.280619,120.522659,311.694061,98.829460,146.463943,299.360992,77.593300,173.047089,286.206207,55.892445,199.648026,272.979401,35.022484,233.020844,260.731995,10.963141,144.479980,313.413940,127.574059,167.623535,297.783875,108.590256,194.140579,282.945709,86.252876,220.071655,267.305298,65.155502,252.081726,255.098755,40.794819,173.436325,315.334473,161.193985,195.578857,296.856995,142.240463,219.317337,278.631836,121.688957,243.610123,261.548340,101.513565,269.161560,250.040588,81.680801,197.684006,317.050201,187.877991,217.625809,296.004852,171.441681,240.066620,277.149109,150.654205,256.017700,265.303650,136.091385,274.848358,254.196976,121.448624,222.142853,318.733215,215.492676,240.828766,296.619781,198.868271,257.216797,280.800903,185.403610,271.448090,268.131897,171.485718,237.772858,319.422272,232.210236,256.928802,298.317596,215.156845
3157,3.213889,52.848606,306.510986,15.141853,120.761543,295.910828,-33.057133,179.786774,283.120544,-73.788513,76.050713,309.461426,42.967026,103.364395,301.802032,20.518156,132.172318,293.767365,-0.679417,161.523636,284.537964,-22.829149,197.603592,276.288391,-45.657745,97.275291,312.711548,68.963516,124.334969,302.882477,48.939564,152.518692,292.558563,27.298082,179.617859,280.502502,6.282043,214.930435,271.695282,-18.090668,120.384308,315.831207,98.529922,146.633698,303.870697,77.401840,173.525589,291.046539,55.869701,200.417786,278.172485,35.170704,234.009262,266.202057,11.256078,144.309677,318.844482,127.234756,167.893387,303.670990,108.382256,194.797806,289.181915,86.215317,221.094910,273.898407,65.318108,253.381348,262.206085,41.071384,173.204468,322.306122,160.853302,195.875732,304.274139,142.046570,220.137543,286.468811,121.676826,244.867371,269.763855,101.713249,270.701324,258.692078,81.955429,197.380234,325.210907,187.507446,217.950928,304.662018,171.234207,240.936172,286.251404,150.622925,257.216400,274.691559,136.154022,276.329865,263.973785,121.604057,221.778336,328.141235,215.106400,241.058990,306.341309,198.741058,257.946625,290.956421,185.396118,272.576141,278.651855,171.542938,237.378708,329.594025,231.823547,257.063416,308.748291,215.068314
3158,3.216667,52.806820,307.090637,15.031124,120.757912,296.540802,-33.087143,179.961517,283.976624,-73.653885,75.941612,311.183502,42.756096,103.401680,303.699402,20.403208,132.340469,295.896545,-0.761728,161.892166,286.859344,-22.728006,198.023956,278.687683,-45.495220,97.138504,315.568359,68.621704,124.401588,306.040894,48.757057,152.800980,296.051666,27.200327,180.165161,284.357147,6.315329,215.568726,275.770844,-18.016266,120.196037,319.893524,98.156303,146.742828,308.342224,77.119835,173.934128,295.897644,55.734989,201.115845,283.430450,35.184628,234.921646,271.788239,11.397221,144.073776,324.179962,126.794441,168.084198,309.516052,108.048805,195.369827,295.434784,86.029846,222.028458,280.575348,65.306137,254.580948,269.451294,41.147346,172.890640,329.160156,160.374222,196.073730,311.652344,141.686310,220.848846,294.335480,121.471100,246.015717,278.079681,101.692291,272.126160,267.498444,81.990776,196.978699,333.243256,186.975677,218.167953,313.277374,170.826904,241.681793,295.388153,150.363083,258.289124,284.174561,135.967743,277.679474,273.898834,121.490433,221.300705,337.403046,214.532593,241.170883,316.008881,198.387222,258.543640,301.122345,185.138382,273.561401,289.243622,171.327667,236.863098,339.612457,231.228195,257.069275,319.116272,214.739166
3159,3.219444,52.759743,307.654968,14.908107,120.749985,297.167999,-33.133209,180.127258,284.836243,-73.550270,75.813469,312.858124,42.521141,103.410088,305.557800,20.256359,132.473938,297.999573,-0.889949,162.224823,289.180115,-22.683813,198.406845,281.111572,-45.401241,96.972122,318.349915,68.237457,124.422539,309.143005,48.516510,153.028336,299.521027,27.022913,180.653244,288.241455,6.244956,216.143906,279.921906,-18.062183,119.965744,323.856873,97.712456,146.791992,312.741791,76.750443,174.267288,300.719055,55.488266,201.729736,288.703094,35.061981,235.740814,277.434021,11.381593,143.783096,329.388824,126.257080,168.197067,315.277313,107.594147,195.849442,301.655609,85.696381,222.857422,287.278290,65.117455,255.658539,276.762909,41.018463,172.510330,335.859863,159.759247,196.176865,318.945831,141.160263,221.444763,302.178040,121.070389,247.038956,286.431732,101.447685,273.411469,276.379852,81.783287,196.497192,341.102020,186.285324,218.283630,321.800507,170.219650,242.298843,304.501709,149.871964,259.223053,293.687195,135.528763,278.876831,283.896912,121.103287,220.731155,346.468079,213.773270,241.176575,325.570953,197.803268,259.009888,311.241638,184.625778,274.397125,299.843109,170.834259,236.248962,349.422974,230.425842,256.961609,329.369354,214.163727
3160,3.222222,52.707329,308.200439,14.775432,120.737610,297.788788,-33.195232,180.281647,285.691589,-73.480545,75.669525,314.475616,42.265602,103.390854,307.365021,20.079348,132.571747,300.060028,-1.061013,162.517593,291.479248,-22.696707,198.746826,283.540192,-45.377666,96.780273,321.039062,67.817421,124.400070,312.168762,48.220367,153.198853,302.940796,26.768559,181.073914,292.119354,6.072241,216.646591,284.110260,-18.228291,119.700996,327.697845,97.205147,146.783127,317.040222,76.299637,174.522186,305.475891,55.133160,202.250488,293.946167,34.805260,236.453873,283.088287,11.209516,143.447495,334.440216,125.631004,168.234558,320.918518,107.025978,196.232147,307.801605,85.219696,223.570618,293.955353,64.755890,256.597015,284.075592,40.687485,172.077072,342.368683,159.017654,196.189590,326.112610,140.475037,221.921249,309.948242,120.479324,247.924347,294.762054,100.983246,274.537201,285.262695,81.337578,195.950912,348.741669,185.447021,218.304077,330.183594,169.419785,242.784454,313.539429,149.153763,260.008087,303.169281,134.841202,279.905396,293.898590,120.446609,220.087753,355.284973,212.839844,241.086319,334.976807,196.994965,259.347321,321.259979,183.862640,275.078247,310.390625,170.065765,235.555740,358.969574,229.428726,256.753021,339.455078,213.346939
3161,3.225000,52.650108,308.723785,14.635823,120.720734,298.400635,-33.272648,180.422852,286.538177,-73.446373,75.513199,316.026733,41.993610,103.346100,309.111694,19.874640,132.634216,302.065186,-1.270338,162.768295,293.740601,-22.765514,199.040512,285.960266,-45.424522,96.567322,323.619537,67.369293,124.337646,315.101837,47.872478,153.312347,306.289642,26.442371,181.421738,295.959442,5.802444,217.070190,288.300537,-18.510258,119.409027,331.393707,96.643692,146.719360,321.212799,75.775620,174.698227,310.139008,54.676311,202.672562,299.122223,34.420784,237.052170,288.707153,10.885435,143.075851,339.304016,124.928642,168.200500,326.408539,106.354614,196.515915,313.835449,84.608871,224.160339,300.561249,64.230194,257.384369,291.332520,40.163082,171.602570,348.649567,158.164932,196.116516,333.113647,139.642654,222.276260,317.603271,119.708069,248.662384,303.018768,100.308846,275.488190,294.081726,80.664886,195.352951,356.115723,184.478989,218.234848,338.380432,168.441940,243.137253,322.452637,148.219513,260.636566,312.565582,133.916504,280.752655,303.840332,119.531952,219.385849,363.800507,211.752792,240.908447,344.175446,195.976913,259.557678,331.124786,182.861694,275.600739,320.829529,169.033386,234.799835,368.194122,228.259003,256.453400,349.319244,212.303940
3162,3.227778,52.589050,309.221893,14.492013,120.699364,299.001434,-33.364456,180.549911,287.374786,-73.448128,75.348099,317.502594,41.709858,103.278633,310.790314,19.645216,132.662933,304.005951,-1.512707,162.976517,295.952332,-22.888195,199.286209,288.363617,-45.540890,96.338005,326.076324,66.901367,124.239441,317.928711,47.478138,153.369934,309.549988,26.051456,181.693878,299.735321,5.443440,217.410629,292.460083,-18.900377,119.096832,334.921875,96.039925,146.604691,325.238007,75.188591,174.796631,314.684143,54.126717,202.993500,304.200684,33.917656,237.530838,294.254974,10.416913,142.676590,343.950531,124.165817,168.099762,331.720062,105.592705,196.701035,319.724976,83.876564,224.622147,307.057556,63.552925,258.013367,298.486725,39.458389,171.097534,354.664978,157.221771,195.962585,339.911682,138.680054,222.509521,325.104401,118.771614,249.246796,311.155884,99.439285,276.254395,302.781647,79.781189,194.715225,363.176941,183.405594,218.081284,346.345581,167.307220,243.357117,331.195404,147.086441,261.103302,321.825226,132.772049,281.409851,313.664795,118.377037,218.639236,371.959961,210.540039,240.650269,353.115143,194.771744,259.643036,340.784393,181.643021,275.961975,331.105652,167.755646,233.995987,377.036316,226.947174,256.071320,358.905914,211.058563
3163,3.230556,52.525417,309.691986,14.346685,120.673508,299.589264,-33.469315,180.662643,288.202515,-73.485130,75.178085,318.894531,41.419430,103.191643,312.394836,19.394520,132.660370,305.876190,-1.783026,163.143402,298.105896,-23.061935,199.483459,290.744720,-45.725361,96.097382,328.395111,66.422432,124.110176,320.637390,47.043995,153.373856,312.707001,25.604317,181.889755,303.425323,5.004557,217.666199,296.558441,-19.388283,118.771332,338.259552,95.407875,146.444000,329.096497,74.550369,174.820236,319.091003,53.495121,203.213531,309.157410,33.306767,237.888016,299.704376,9.813767,142.258224,348.350189,123.360825,167.938248,336.827972,104.754967,196.789734,325.441925,83.038277,224.954437,313.412231,62.739044,258.480835,305.501221,38.589558,170.572601,360.377106,156.212570,195.733398,346.470032,137.608307,222.622635,332.415710,117.688919,249.674530,319.132812,98.392799,276.830292,311.317535,78.705330,194.049805,369.877502,182.255569,217.849213,354.033691,166.042053,243.445541,339.723114,145.777298,261.405792,330.901001,131.429932,281.872223,323.320618,117.003853,217.861893,379.707397,209.234848,240.319412,361.743011,193.408401,259.606964,350.187775,180.232452,276.161285,341.166351,166.257095,233.159027,385.434326,225.529633,255.615417,368.157715,209.641449
3164,3.233333,52.460648,310.131348,14.202541,120.643288,300.162628,-33.585758,180.761261,289.023102,-73.555641,75.007187,320.194153,41.127827,103.088547,313.919739,19.126661,132.629608,307.671692,-2.076386,163.271103,300.194672,-23.283033,199.632736,293.098755,-45.975891,95.850960,330.561981,65.941902,123.954918,323.216675,46.577881,153.327240,315.748016,25.110111,182.010666,307.012177,4.495776,217.837280,300.568298,-19.961716,118.439583,341.384125,94.763046,146.243088,332.770081,73.873810,174.773346,323.341522,52.793495,203.334900,313.973297,32.600071,238.124176,305.034912,9.087205,141.830124,352.473938,122.533287,167.723053,341.708038,103.857719,196.786209,330.960632,82.111313,225.158401,319.598389,61.804874,258.787109,312.347137,37.574280,170.039459,365.748230,155.163986,195.435989,352.751984,136.451553,222.619232,339.502869,116.481796,249.945969,326.913818,97.189621,277.214752,319.654388,77.457108,193.370255,376.169739,181.059891,217.546082,361.399292,164.676605,243.406174,347.991943,144.319046,261.544861,339.748444,129.915649,282.138977,332.762543,115.436798,217.069427,386.986755,207.873428,239.925079,370.005676,191.920288,259.455139,359.284363,178.659927,276.200806,350.960266,164.567078,232.305481,393.326080,224.046188,255.095901,377.016449,208.087921
3165,3.236111,52.396328,310.537109,14.062325,120.608932,300.720306,-33.712368,180.845367,289.837708,-73.656837,74.839462,321.392944,40.840992,102.972916,315.359497,18.846510,132.574020,309.388611,-2.387816,163.362488,302.212799,-23.546810,199.735062,295.420410,-46.289658,95.604706,332.563080,65.469711,123.779121,325.654999,46.088806,153.234192,318.661713,24.578054,182.059479,310.482056,3.927187,217.925964,304.466858,-20.607773,118.109283,344.273529,94.121330,146.009018,336.241211,73.172173,174.661728,327.419037,52.034653,203.361542,318.633057,31.810038,238.241714,310.231506,8.249045,141.402863,356.293121,121.703415,167.462677,346.336151,102.918556,196.696548,336.257233,81.113876,225.237778,325.593323,60.767067,258.935486,319.002258,36.430645,169.511597,370.741333,154.103546,195.079376,358.720825,135.235977,222.505463,346.332397,115.173965,250.064880,334.467102,95.850983,277.410492,327.765656,76.056023,192.692474,382.006653,179.850525,217.181702,368.397156,163.243164,243.245346,355.958862,142.741364,261.524689,348.325195,128.257172,282.213196,341.950592,113.701721,216.280380,393.742706,206.493011,239.479111,377.849762,190.343277,259.196533,368.024170,176.958237,276.086212,360.436798,162.718399,231.454926,400.650299,222.537720,254.525696,385.424011,206.435837
3166,3.238889,52.334133,310.906677,13.928649,120.570824,301.261108,-33.847664,180.913834,290.646057,-73.784851,74.679054,322.482666,40.565193,102.848503,316.708069,18.559586,132.497208,311.022583,-2.712262,163.420746,304.154785,-23.847673,199.791824,297.703918,-46.662971,95.365082,334.384552,65.016022,123.588753,327.940460,45.586849,153.099884,321.437500,24.017311,182.040405,313.824097,3.308639,217.935776,308.236908,-21.314278,117.789055,346.906738,93.498238,145.750031,339.492584,72.458908,174.492508,331.307159,51.232101,203.298965,323.123718,30.949329,238.244843,315.282227,7.311357,140.988449,359.779510,120.891777,167.166931,350.687744,101.956306,196.528961,341.308472,80.064522,225.198776,331.377136,59.642254,258.931915,325.448761,35.176414,169.004745,375.320496,153.058472,194.674988,364.340240,133.988754,222.290085,352.871277,113.790276,250.038330,341.763885,94.398521,277.423462,335.630920,74.520966,192.035019,387.342804,178.659103,216.768707,374.982727,161.774918,242.972595,363.581543,141.075562,261.353088,356.590240,126.484245,282.101685,350.848206,111.825897,215.516541,399.921631,205.130356,238.996399,385.222870,188.714157,258.843170,376.357941,175.161926,275.827118,369.546112,160.746307,230.630569,407.347961,221.044220,253.921066,393.323242,204.724152
3167,3.241667,52.275826,311.237640,13.803796,120.529556,301.783569,-33.989769,180.965332,291.447113,-73.935715,74.530205,323.455261,40.306767,102.719360,317.958984,18.271837,132.402939,312.568634,-3.044618,163.449448,306.015045,-24.179337,199.804672,299.943085,-47.091301,95.139076,336.013184,64.590759,123.390327,330.060608,45.082832,152.930496,324.065033,23.437099,181.958801,317.029236,2.649489,217.871307,311.866638,-22.070484,117.488434,349.264099,92.908539,145.475479,342.506775,71.747704,174.274094,334.989716,50.399956,203.154068,327.433655,30.030861,238.139435,320.176544,6.286584,140.600067,362.905975,120.118622,166.846909,354.737579,100.990768,196.293518,346.091522,78.982147,225.049728,336.931610,58.447269,258.784637,331.671234,33.829071,168.536652,379.452179,152.054276,194.236755,369.574768,132.737167,221.984543,359.086517,112.356369,249.876480,348.777283,92.854080,277.262878,343.233063,72.870728,191.418777,392.135010,177.515991,216.322479,381.112762,160.305054,242.600693,370.818542,139.353989,261.041473,364.503418,124.628151,281.815002,359.419952,109.838585,214.802551,405.472717,203.820648,238.494888,392.074341,187.069687,258.410645,384.237274,173.306763,275.436920,378.239105,158.687744,229.859207,413.363525,219.603180,253.301590,400.658905,202.991653
3168,3.244444,52.223232,311.528076,13.689724,120.485901,302.285797,-34.136356,180.998932,292.240295,-74.106743,74.397316,324.303314,40.071861,102.589760,319.105804,17.989452,132.295120,314.021118,-3.379709,163.452499,307.788055,-24.535105,199.775742,302.131287,-47.569309,94.933952,337.436584,64.203316,123.190681,332.002960,44.587872,152.733185,326.534058,22.846651,181.820877,320.089691,1.958642,217.738174,315.348022,-22.866627,117.217606,351.327454,92.366074,145.195419,345.266357,71.052582,174.015823,338.450653,49.552864,202.934998,331.551056,29.068159,237.932877,324.903900,5.187939,140.251694,365.647430,119.403107,166.514664,358.460449,100.042213,196.001877,350.583954,77.885918,224.800674,342.239044,57.199577,258.503998,337.655334,32.406345,168.126556,383.106018,151.113831,193.780716,374.390411,131.508163,221.602661,364.945435,110.898804,249.592026,355.481201,91.240349,276.940338,350.555389,71.125343,190.866302,396.343567,176.449478,215.860657,386.746033,158.866150,242.145294,377.629364,137.609726,260.604492,372.024902,122.721672,281.367096,367.629730,107.771721,214.165024,410.349365,202.596466,237.994934,398.355896,185.445801,257.917328,391.614716,171.429382,274.932495,386.467285,156.581207,229.170151,418.645935,218.248703,252.689606,407.378510,201.276382
3169,3.247222,52.178177,311.776611,13.588268,120.440750,302.765839,-34.285049,181.014328,293.026215,-74.296951,74.284714,325.020203,39.866226,102.464043,320.142334,17.718637,132.177673,315.374329,-3.712326,163.434296,309.468140,-24.907917,199.707687,304.261414,-48.090775,94.756958,338.643555,63.862354,122.996834,333.755585,44.113037,152.515656,328.834717,22.255236,181.633652,322.998047,1.245227,217.542908,318.674683,-23.692833,116.986763,353.080902,91.883644,144.920197,347.754395,70.387619,173.727737,341.674164,48.705986,202.650940,335.463470,28.075743,237.633896,329.453064,4.029951,139.957306,367.981628,118.762573,166.182968,361.831726,99.130730,195.666687,354.763916,76.795425,224.462952,347.281799,55.917713,258.102020,343.386536,30.927059,167.794067,386.256104,150.256760,193.324158,378.755096,130.328049,221.160110,370.415558,109.444969,249.199493,361.848846,89.582184,276.469818,357.578857,69.307808,190.400574,399.933136,175.484940,215.402237,391.843536,157.490005,241.624512,383.974396,135.876602,260.059845,379.114868,120.799278,280.775085,375.439819,105.660667,213.631088,414.510132,201.487122,237.518448,404.022583,183.877274,257.383636,398.444244,169.567444,274.333710,394.183075,154.467026,228.593506,423.149597,217.011017,252.109055,413.432892,199.615295
3170,3.250000,52.142326,311.982086,13.501255,120.395042,303.222748,-34.433945,181.011627,293.806152,-74.506462,74.196289,325.600464,39.694931,102.346359,321.063110,17.465303,132.054276,316.623047,-4.037372,163.399521,311.049500,-25.290207,199.603989,306.325073,-48.648140,94.614853,339.624695,63.575550,122.815643,335.307556,43.668957,152.285583,330.957397,21.672443,181.404449,325.746368,0.519584,217.292953,321.839996,-24.538092,116.805389,354.511139,91.472557,144.659836,349.955170,69.766541,173.420227,344.644714,47.875072,202.311920,339.157410,27.069506,237.252441,333.811371,2.829147,139.729919,369.890137,118.212051,165.864548,364.828400,98.275719,195.301086,358.610443,75.730904,224.048920,352.041748,54.621735,257.592438,348.849213,29.412064,167.557602,388.881531,149.499176,192.884552,382.638824,129.222565,220.673828,375.464874,108.023087,248.714737,367.851532,87.907784,275.867157,364.280151,67.445511,190.043335,402.873932,174.644272,214.966537,396.369415,156.207138,241.058090,389.814911,134.189163,259.427429,385.733459,118.897293,280.058868,382.810425,103.544563,213.226578,417.919830,200.518036,237.087524,409.032928,182.397491,256.831177,404.680939,167.759888,273.662415,401.339325,152.387634,228.157867,426.835236,215.916199,251.584320,418.776611,198.044418
3171,3.252778,52.117012,312.143951,13.430347,120.349640,303.656738,-34.581623,180.991150,294.581726,-74.735733,74.135094,326.040283,39.562069,102.240448,321.863708,17.234808,131.928314,317.763031,-4.350197,163.353043,312.526215,-25.673819,199.468811,308.312317,-49.231812,94.513374,340.372864,63.349285,122.653381,336.649780,43.265297,152.050323,332.893158,21.108234,181.140869,328.325714,-0.206348,216.996826,324.836060,-25.389545,116.681465,355.608337,91.142151,144.423447,351.854919,69.202232,173.103638,347.347321,47.076424,201.928604,342.618408,26.066902,236.799683,337.964478,1.604789,139.580414,371.358795,117.763741,165.571381,367.429962,97.495430,194.918213,362.103394,74.712936,223.571625,356.499390,53.333633,256.990570,354.025543,27.885164,167.432816,390.967102,148.853912,192.478516,386.014343,128.216370,220.161438,380.062134,106.662140,248.154449,373.457977,86.248955,275.150116,370.630951,65.570778,189.813202,405.142914,173.945343,214.572021,400.291748,155.046036,240.466736,395.112976,132.582657,258.729095,391.840271,117.054123,279.241058,389.699371,101.466385,212.973755,420.550690,199.710175,236.723145,413.349579,181.038345,256.281433,410.281189,166.046783,272.941925,407.889099,150.387695,227.887756,429.671448,214.985809,251.138687,423.367676,196.598862
3172,3.255556,52.103123,312.261841,13.376771,120.305252,304.069153,-34.726990,180.953186,295.354553,-74.985085,74.103134,326.337158,39.470512,102.149406,322.541016,17.031746,131.802811,318.791412,-4.647058,163.299713,313.892731,-26.050203,199.307022,310.211365,-49.829937,94.456818,340.883118,63.188396,122.515327,337.775208,42.910313,151.816544,334.633881,20.572681,180.850845,330.726440,-0.919508,216.664078,327.652985,-26.232307,116.620834,356.366211,90.899261,144.218811,353.442383,68.706123,172.788010,349.767700,46.326542,201.512207,345.830811,25.086895,236.288315,341.894989,0.379319,139.516769,372.378571,117.426476,165.314163,369.619080,96.806366,194.530930,365.223999,73.761856,223.045029,360.633820,52.077408,256.313507,358.894043,26.373857,167.431122,392.503693,148.330307,192.121140,388.857849,127.332092,219.640762,384.176666,105.391800,247.536606,378.634460,84.640572,274.338654,376.597504,63.720726,189.723938,406.724426,173.401260,214.235367,403.583069,154.032227,239.871368,399.831390,131.092865,257.988220,397.393951,115.310234,278.346924,396.061737,99.472519,212.889359,422.383728,199.079422,236.443893,416.939178,179.829910,255.755478,415.202332,164.468628,272.196808,413.785217,148.513794,227.801651,431.635986,214.235916,250.793106,427.168243,195.312515
3173,3.258333,52.101074,312.335815,13.341137,120.262344,304.461609,-34.869236,180.898163,296.125763,-75.254471,74.101143,326.490387,39.421776,102.075500,323.093140,16.859806,131.680435,319.706207,-4.925241,163.244247,315.143768,-26.410900,199.124191,312.008972,-50.428780,94.447884,341.153076,63.095966,122.405556,338.679138,42.610638,151.590393,336.172150,20.075657,180.542786,332.938171,-1.606448,216.305115,330.279236,-27.049847,116.626732,356.782471,90.747902,144.052139,354.708984,68.287743,172.482895,351.892456,45.641506,201.074585,348.777588,24.149569,235.732712,345.581665,-0.821863,139.543549,372.945648,117.205254,165.101944,371.382141,96.222786,194.151703,367.954803,72.897034,222.484085,364.421844,50.878719,255.580460,363.428802,24.909290,167.558792,393.488678,147.933853,191.825394,391.149658,126.589462,219.129562,387.778809,104.241577,246.880600,383.344849,83.119545,273.455658,382.140076,61.936703,189.783203,407.611633,173.019989,213.970840,406.220947,153.187637,239.293076,403.933594,129.755234,257.229584,402.351990,113.707184,277.404846,401.849762,97.611412,212.982895,423.409882,198.635910,236.265015,419.773346,178.799561,255.273575,419.402863,163.065170,271.452972,418.979706,146.813202,227.910294,432.717285,213.676529,250.565445,430.145325,194.216873
3174,3.261111,52.110863,312.366272,13.323468,120.221138,304.835175,-35.007755,180.826630,296.895874,-75.543129,74.128731,326.500580,39.416004,102.020210,323.519440,16.721699,131.563507,320.505615,-5.182614,163.191086,316.274750,-26.747869,198.926331,313.690887,-51.013412,94.487442,341.182892,63.073025,122.326836,339.358887,42.371323,151.377472,337.501190,19.626566,180.225586,334.949646,-2.253886,215.931198,332.701355,-27.824697,116.699738,356.858643,90.689125,143.927856,355.649048,67.954140,172.197342,353.709259,45.036270,200.628387,351.440155,23.275494,235.149368,348.998810,-1.971328,139.661652,373.061493,117.101295,164.942047,372.709229,95.756081,193.792542,370.279327,72.136520,221.905151,367.837830,49.764202,254.813049,367.598846,23.525202,167.816513,393.926147,147.666000,191.602203,392.874359,126.004425,218.645660,390.840149,103.239441,246.207916,387.550629,81.723404,272.528076,387.212036,60.263145,189.991989,407.806732,172.804199,213.790192,408.187439,152.529953,238.753189,407.383972,128.603226,256.479797,406.671448,112.285439,276.446503,407.013306,95.931129,213.255630,423.630829,198.383636,236.197983,421.829285,177.970612,254.855545,422.843506,161.873077,270.738220,423.424255,145.331558,228.215500,432.915283,213.311203,250.469864,432.272308,193.339081
3175,3.263889,52.132114,312.353760,13.323236,120.181778,305.190155,-35.141922,180.739594,297.663971,-75.849213,74.184578,326.369965,39.452045,101.984291,323.820038,16.619251,131.454132,321.187531,-5.416948,163.144272,317.280487,-27.053158,198.720108,315.242279,-51.568443,94.574585,340.975128,63.118496,122.280762,339.813324,42.195812,151.183014,338.614502,19.234087,179.908798,336.748688,-2.849051,215.554276,334.903992,-28.539276,116.837875,356.599792,90.721252,143.848740,356.259247,67.709785,171.940033,355.206299,44.524109,200.187256,353.797974,22.484947,234.556732,352.116882,-3.041018,139.868423,372.732269,117.112358,164.840271,373.593475,95.414490,193.465179,372.181519,71.496803,221.326355,370.853058,48.760509,254.035629,371.368500,22.256199,168.199234,393.825989,147.524414,191.460556,394.020355,125.588806,218.206970,393.333740,102.410156,245.542496,391.211212,80.488388,271.587799,391.760010,58.745693,190.344772,407.320221,172.751984,213.702713,409.469025,152.072342,238.273483,410.148712,127.666176,255.767044,410.309784,111.081703,275.506714,411.500916,94.476379,213.700241,423.058594,198.321091,236.250259,423.091003,177.361084,254.520660,425.488281,160.923645,270.082062,427.071564,144.110199,228.709747,432.240967,213.137665,250.515854,433.530823,192.700012
3176,3.266667,52.164207,312.299286,13.339347,120.144516,305.525726,-35.270809,180.638718,298.426971,-76.169388,74.266586,326.101624,39.527542,101.967995,323.995605,16.553566,131.354477,321.748932,-5.625423,163.107620,318.154205,-27.318399,198.512741,316.647675,-52.078682,94.706718,340.534729,63.229328,122.267944,340.042542,42.085934,151.011993,339.505341,18.906019,179.602386,338.321838,-3.379655,215.187103,336.869690,-29.176767,117.037048,356.013916,90.840469,143.816238,356.538269,67.556885,171.719330,356.372223,44.116360,199.765976,355.828674,21.797226,233.975235,354.902863,-4.003630,140.157883,371.968292,117.233376,164.800964,374.030731,95.203110,193.181091,373.645142,70.992218,220.767899,373.435944,47.893288,253.275421,374.697388,21.135965,168.696289,393.202271,147.503860,191.407700,394.579376,125.350311,217.831161,395.234924,101.773956,244.910599,394.285034,79.447487,270.671387,395.725464,57.428650,190.829758,406.169739,172.857971,213.715179,410.056061,151.823151,237.875351,412.197205,126.967400,255.120575,413.226776,110.126663,274.622955,415.261749,93.286041,214.301178,421.713989,198.442627,236.425140,423.549744,176.982788,254.287216,427.306671,160.240845,269.514709,429.878601,143.183258,229.376343,430.715057,213.148865,250.706696,433.912354,192.312729
3177,3.269444,52.206394,312.204163,13.370008,120.109978,305.839600,-35.393013,180.526581,299.178986,-76.498390,74.372063,325.699738,39.639164,101.971329,324.046997,16.525297,131.266998,322.185944,-5.804368,163.084564,318.886993,-27.534828,198.312103,317.890961,-52.529819,94.879822,339.868286,63.400887,122.288162,340.047089,42.042057,150.869385,340.166626,18.649282,179.316925,339.653900,-3.833523,214.843018,338.579193,-29.721991,117.291359,355.110809,91.041580,143.830612,356.486023,67.495880,171.543442,357.195374,43.822372,199.380539,357.508118,21.230247,233.427094,357.320892,-4.833415,140.521118,370.782440,117.457527,164.826950,374.018921,95.124153,192.951477,374.654327,70.634499,220.252121,375.552399,47.186359,252.562225,377.541107,20.195852,169.291672,392.070862,147.597687,191.448792,394.546448,125.292656,217.534912,396.521973,101.345627,244.339935,396.731110,78.628769,269.819000,399.048279,56.351929,191.429764,404.377594,173.114761,213.831696,409.942657,151.785828,237.578415,413.503937,126.522911,254.569031,415.386414,109.443329,273.833588,418.247375,92.391312,215.035782,419.624054,198.740158,236.721115,423.204071,176.841553,254.170837,428.275269,159.840195,269.064545,431.809448,142.575531,230.190353,428.365417,213.334610,251.038193,433.418457,192.182312
3178,3.272222,52.257893,312.070343,13.412604,120.079353,306.127869,-35.506432,180.406952,299.910431,-76.828598,74.497940,325.169037,39.783066,101.994301,323.974548,16.535002,131.194534,322.493347,-5.949132,163.078339,319.468353,-27.693882,198.126434,318.955780,-52.908997,95.088524,338.983765,63.627602,122.340607,339.827515,42.063740,150.760330,340.590179,18.470163,179.063751,340.728180,-4.198293,214.536011,340.012238,-30.161795,117.593239,353.901459,91.318748,143.891174,356.102966,67.526108,171.420029,357.663879,43.649532,199.047653,358.810730,20.800299,232.936096,359.332794,-5.506372,140.946564,369.188782,117.777626,164.919067,373.557770,95.177399,192.786392,375.193817,70.432625,219.802689,377.167236,46.661007,251.927612,379.852600,19.463852,169.964447,390.446686,147.799240,191.585709,393.919952,125.415909,217.332352,397.177307,101.134346,243.857483,398.511688,78.054131,269.070831,401.671265,55.548286,192.123184,401.968353,173.514206,214.052505,409.127411,151.958954,237.398453,414.050262,126.341316,254.138000,416.759003,109.046394,273.174866,420.415131,91.814575,215.875671,416.819305,199.204544,237.131241,422.059570,176.937729,254.182541,428.379242,159.728592,268.755219,432.838074,142.302032,231.120453,425.223572,213.683289,251.498672,432.059357,192.307281
3179,3.275000,52.317970,311.900238,13.463840,120.054611,306.384583,-35.607883,180.285141,300.607239,-77.149490,74.640869,324.514252,39.955334,102.037056,323.777740,16.583450,131.140671,322.664276,-6.054129,163.091644,319.887421,-27.787951,197.964172,319.825775,-53.205235,95.326210,337.889740,63.903572,122.424057,339.383667,42.150410,150.689957,340.766693,18.374567,178.855072,341.526337,-4.461483,214.280518,341.147369,-30.484404,117.933540,352.396973,91.666115,143.995987,355.389862,67.646225,171.355667,357.766174,43.603432,198.783905,359.710968,20.521662,232.526520,360.899841,-6.000754,141.420242,367.201691,118.186790,165.075592,372.648895,95.360703,192.694214,375.250000,70.393127,219.442551,378.247040,46.334885,251.402649,381.585663,18.963587,170.689041,388.341187,148.103119,191.815918,392.702118,125.716759,217.233551,397.187988,101.144073,243.487091,399.594299,77.738609,268.463776,403.544403,55.041771,192.885178,398.967163,174.048157,214.372757,407.614319,152.336945,237.345383,413.824860,126.424553,253.847595,417.322449,108.942757,272.677307,421.730621,91.568901,216.788727,413.330994,199.826462,237.642578,420.128204,177.267288,254.326309,427.613373,159.905197,268.603149,432.948547,142.368759,232.131149,421.321686,214.182968,252.070251,429.851685,192.681686
3180,3.277778,52.385925,311.696289,13.520170,120.038506,306.601562,-35.692883,180.167938,301.250885,-77.447617,74.797226,323.739929,40.152317,102.099861,323.454987,16.671734,131.109543,322.690125,-6.113090,163.126587,320.134155,-27.811117,197.833572,320.485474,-53.409763,95.585068,336.594635,64.223122,122.536789,338.714661,42.301723,150.663193,340.685883,18.368069,178.703293,342.029327,-4.611089,214.091019,341.962311,-30.678257,118.301651,350.608185,92.078247,144.141647,354.347534,67.854492,171.355179,357.491669,43.688129,198.603928,360.185242,20.405832,232.220612,361.986237,-6.298433,141.926285,364.835175,118.678642,165.291946,371.295166,95.670662,192.680527,374.811951,70.520142,219.191132,378.763031,46.220806,251.014587,382.699219,18.712969,171.435593,385.759277,148.506348,192.131775,390.898895,126.189392,217.243134,396.546448,101.374352,243.246857,399.953552,77.690491,268.027618,404.627686,54.847431,193.688583,395.398224,174.708603,214.781769,405.412781,152.910873,237.421921,412.824005,126.769203,253.710571,417.062622,109.132561,272.362823,422.169342,91.658669,217.740875,409.188995,200.596619,238.236191,417.427246,177.822876,254.597336,425.981995,160.363083,268.614838,432.135651,142.773819,233.185074,416.689972,214.821823,252.730515,426.816254,193.296600
3181,3.280556,52.460949,311.460602,13.578447,120.034317,306.768738,-35.755825,180.063263,301.819397,-77.707703,74.962982,322.850006,40.370804,102.182785,323.003418,16.801075,131.105545,322.560852,-6.119584,163.184296,320.199982,-27.759874,197.742096,320.920959,-53.516285,95.856522,335.106262,64.581291,122.676399,337.818756,42.517525,150.684006,340.337311,18.455585,178.619431,342.219330,-4.636767,213.980408,342.435577,-30.732306,118.685623,348.544830,92.550415,144.323212,352.976624,68.148849,171.420944,356.831238,43.906063,198.518799,360.214020,20.460672,232.035767,362.562775,-6.386387,142.447388,362.102722,119.247131,165.560760,369.500061,96.103035,192.747238,373.871582,70.815125,219.061813,378.693329,46.325928,250.783417,383.161469,18.722984,172.169922,382.696167,149.009293,192.520676,388.519196,126.825989,217.359421,395.250397,101.820755,243.147079,399.572479,77.911430,267.782745,404.893036,54.971630,194.505142,391.283966,175.487518,215.263092,402.536621,153.669754,237.623062,411.051086,127.367493,253.731049,415.973145,109.610260,272.243103,421.717346,92.080765,218.697540,404.420349,201.505646,238.887833,413.977875,178.594528,254.981491,423.497986,161.090683,268.784668,430.404175,143.507690,234.244568,411.355103,215.588287,253.453110,422.976379,194.140823
3182,3.283333,52.541840,311.194153,13.636746,120.045334,306.874817,-35.790390,179.979416,302.289581,-77.914246,75.133621,321.848053,40.608006,102.285355,322.419189,16.972351,131.132446,322.266144,-6.067790,163.264832,320.078613,-27.633526,197.696106,321.120575,-53.521164,96.131607,333.431183,64.973976,122.839653,336.693634,42.797504,150.754700,339.711182,18.640738,178.611435,342.081421,-4.531161,213.957840,342.549774,-30.638266,119.072472,346.215576,93.078400,144.534271,351.277710,68.526733,171.552353,355.778015,44.257595,198.534668,359.783112,20.689703,231.982605,362.608582,-6.257658,142.965179,359.016998,119.886322,165.872223,367.267487,96.652771,192.892166,372.424438,71.276436,219.060364,378.024475,46.651375,250.719788,382.951569,18.997068,172.853302,379.134552,149.616516,192.965668,385.574463,127.616867,217.574432,393.302612,102.475075,243.188889,398.443848,78.396622,267.737518,404.325470,55.412243,195.306091,386.645050,176.376434,215.795609,399.002655,154.601151,237.936768,408.515533,128.207672,253.904373,414.055054,110.364983,272.318878,420.371338,92.825485,219.624603,399.049713,202.543640,239.569458,409.803528,179.569839,255.456924,420.180603,162.072845,269.095428,427.767731,144.553802,235.272873,405.340515,216.470810,254.208542,418.357147,195.200729
3183,3.286111,52.626820,310.896332,13.694763,120.074326,306.908234,-35.790195,179.924133,302.638947,-78.053246,75.304192,320.737122,40.861385,102.406204,321.697998,17.185410,131.192566,321.796356,-5.953416,163.367096,319.766022,-27.434299,197.700256,321.075745,-53.423595,96.401199,331.575470,65.397438,123.022278,335.337158,43.140503,150.875458,338.799500,18.924997,178.683060,341.605072,-4.290937,214.027283,342.293823,-30.392797,119.448410,343.628540,93.657776,144.767166,349.251587,68.984497,171.745621,354.327484,44.740280,198.652359,358.883942,21.091547,232.064240,362.111786,-5.911956,143.460800,355.590179,120.589760,166.214523,364.601929,97.313271,193.109177,370.469421,71.898720,219.184906,376.751099,47.192001,250.824448,382.060028,19.530884,173.441895,375.041229,150.337387,193.446671,382.078400,128.550095,217.874878,390.710297,103.325005,243.364563,396.569458,79.134712,267.888153,402.922699,56.158627,196.063232,381.501129,177.365631,216.355301,394.829895,155.690796,238.345276,405.231720,129.273605,254.217926,411.316071,111.380150,272.580627,418.137817,93.876633,220.489105,393.100159,203.699142,240.251312,404.929047,180.733170,255.997055,416.053040,163.290527,269.522552,424.245880,145.889603,236.234756,398.667664,217.457077,254.965698,412.984619,196.459564
3184,3.288889,52.713631,310.565491,13.753439,120.123055,306.858124,-35.749786,179.903580,302.847687,-78.113846,75.469490,319.520355,41.128288,102.542885,320.836121,17.438414,131.286194,321.144073,-5.774574,163.488907,319.260956,-27.167217,197.757141,320.781281,-53.225689,96.656349,329.545349,65.847572,123.218933,333.748383,43.543575,151.043869,337.597046,19.306767,178.833801,340.784393,-3.917432,214.187592,341.662842,-29.998112,119.799347,340.792297,94.282890,145.013153,346.900574,69.516609,171.993790,352.478668,45.347878,198.867584,357.513916,21.659393,232.276794,361.068787,-5.356116,143.915497,351.835022,121.349495,166.574570,361.509735,98.075287,193.388916,368.009277,72.672218,219.427063,374.875122,47.936234,251.089401,380.487183,20.312107,173.885803,370.363342,151.186905,193.942001,378.047119,129.610626,218.243912,387.484894,104.353401,243.659607,393.958679,80.107819,268.220673,400.693451,57.191654,196.749680,375.872437,178.443115,216.917221,390.039581,156.921295,238.827255,401.217743,130.544250,254.652863,407.769836,112.632919,273.010590,415.031708,95.211075,221.260086,386.595490,204.958145,240.904297,399.379913,182.064682,256.573914,411.141083,164.719971,270.038757,419.862274,147.487000,237.097412,391.358765,218.533051,255.693878,406.886383,197.896271
3185,3.291667,52.799847,310.199463,13.814331,120.191971,306.715790,-35.665649,179.921417,302.900391,-78.089668,75.624413,318.201416,41.405548,102.691895,319.831787,17.727518,131.411407,320.304840,-5.532387,163.627136,318.564545,-26.839788,197.866760,320.235809,-52.932526,96.888672,327.348083,66.319168,123.423134,331.929077,44.001102,151.254868,336.102753,19.780638,179.059128,339.618439,-3.417026,214.433456,340.657440,-29.461760,120.111458,337.717072,94.945961,145.262619,344.229919,70.114983,172.287048,350.235046,46.069515,199.171631,355.676178,22.380653,232.610535,359.483368,-4.604258,144.311630,347.766022,122.155159,166.938446,358.000549,98.925987,193.719681,365.050873,73.582199,219.773712,372.404938,48.866058,251.499832,378.241699,21.320457,174.150436,365.070923,152.168747,194.430038,373.499634,130.779495,218.662903,383.642090,105.537682,244.055328,390.626556,81.291443,268.713928,397.654724,58.483994,197.340897,369.781494,179.593536,217.457047,384.655792,158.271332,239.359634,396.495178,131.992889,255.186523,403.435333,114.093803,273.585327,411.074280,96.798416,221.909531,379.561829,206.303436,241.501801,393.183044,183.539551,257.160187,405.472626,166.331772,270.616974,414.643585,149.311737,237.831177,383.439117,219.682434,256.364166,400.092438,199.484619
3186,3.294444,52.883102,309.796021,13.879185,120.279991,306.475250,-35.536835,179.978134,302.787323,-77.979691,75.764282,316.785095,41.689285,102.848846,318.686218,18.046833,131.564148,319.278198,-5.231195,163.777786,317.680450,-26.461588,198.026337,319.441742,-52.552197,97.090683,324.992920,66.805550,123.627609,329.884857,44.504471,151.501038,334.320496,20.337086,179.351166,338.111542,-2.801192,214.756165,339.283356,-28.796446,120.372101,334.415283,95.636726,145.505569,341.248901,70.768768,172.612930,347.605560,46.889355,199.552155,353.380035,23.237066,233.050934,357.366302,-3.677603,144.633667,343.400482,122.993362,167.292130,354.088440,99.848579,194.088150,361.606171,74.608757,220.208527,369.354767,49.957226,252.036179,375.339081,22.528147,174.238174,359.201996,153.257278,194.890442,368.458618,132.033615,219.113098,379.201752,106.849739,244.530884,386.592957,82.654739,269.342865,393.829620,60.000763,197.815430,363.254578,180.797943,217.952179,378.706146,159.715164,239.919205,391.089478,133.587158,255.794586,398.336670,115.726768,274.278168,406.292206,98.601257,222.413040,372.029816,207.714127,242.020508,386.368225,185.127899,257.731049,399.078094,168.090500,271.231964,408.619873,151.322830,238.410217,374.939606,220.887177,256.950439,392.636627,201.192932
3187,3.297222,52.961273,309.353485,13.949603,120.384377,306.134338,-35.365414,180.070557,302.505554,-77.788780,75.885117,315.277466,41.975025,103.008743,317.403809,18.388639,131.738708,318.067932,-4.878392,163.936234,316.614624,-26.043776,198.230148,318.405396,-52.095833,97.256195,322.491272,67.298653,123.824791,327.625305,45.042343,151.773132,332.259247,20.962723,179.699158,336.273529,-2.086145,215.143936,337.552063,-28.019863,120.570831,330.902069,96.342522,145.732269,337.971283,71.464516,172.957367,344.604767,47.787048,199.994003,350.640747,24.205385,233.579453,354.735168,-2.603793,144.869003,338.759155,123.847786,167.622086,349.792175,100.822632,194.479538,357.692780,75.727104,220.712875,365.744720,51.179829,252.675415,371.801392,23.900681,174.167435,352.824005,154.412521,195.304962,362.950714,133.346329,219.576508,374.188293,108.256409,245.064240,381.882782,84.161079,270.080200,389.246674,61.700523,198.155365,356.322235,182.033844,218.382523,372.222595,161.222946,240.483475,385.030609,135.289520,256.452209,392.503571,117.489876,275.060669,400.717346,100.575890,222.750595,364.035461,209.165573,242.440536,378.969604,186.795074,258.264526,391.991699,169.955063,271.860718,401.825470,153.472977,238.813263,365.898041,222.128510,257.430054,384.557709,202.984528
3188,3.300000,53.032562,308.870789,14.026761,120.500824,305.695007,-35.156639,180.192032,302.059601,-77.527733,75.983818,313.685974,42.257847,103.166313,315.992188,18.743834,131.928055,316.681885,-4.483892,164.097382,315.375122,-25.598566,198.469940,317.137054,-51.577389,97.380417,319.856995,67.789307,124.007431,325.163544,45.601398,152.060699,329.932861,21.641024,180.090210,334.119354,-1.292012,215.582367,335.480988,-27.154095,120.700157,327.195648,97.048698,145.933823,334.415253,72.186363,173.305573,341.252350,48.738903,200.480103,347.479095,25.258524,234.174469,351.614349,-1.415645,145.008514,333.866302,124.699699,167.915527,345.135529,101.824844,194.878082,353.333893,76.908371,221.266312,361.600800,52.499435,253.391510,367.657440,25.398119,173.952606,345.997894,155.596115,195.657776,357.006775,134.688080,220.036148,368.630981,109.720772,245.632492,376.526794,85.769211,270.896820,383.940826,63.536510,198.346695,349.019958,183.275421,218.730698,365.242035,162.761551,241.030869,378.353790,137.058365,257.134766,385.971252,119.336365,275.903229,394.387512,102.673462,222.907272,355.621033,210.629562,242.745422,371.026978,188.502655,258.740723,384.252655,171.880051,272.481750,394.300110,155.709946,239.024170,356.361084,223.387909,257.784302,375.899933,204.818573
3189,3.302778,53.095570,308.348297,14.111211,120.624008,305.163269,-34.918392,180.333389,301.460815,-77.212013,76.058128,312.019836,42.532532,103.316345,314.461304,19.102491,132.124405,315.131622,-4.059355,164.255890,313.971832,-25.138691,198.735657,315.650391,-51.012810,97.459953,317.106110,68.267685,124.169044,322.515930,46.167244,152.352722,327.359589,22.353357,180.509888,331.668884,-0.441618,216.055298,333.092865,-26.224287,120.755684,323.316895,97.739380,146.102386,330.603241,72.916374,173.643082,337.572754,49.719326,200.992050,343.921082,26.367022,234.812103,348.034607,-0.149417,145.046677,328.749603,125.528992,168.160889,340.146973,102.829987,195.267395,348.558319,78.120964,221.846985,356.955017,53.878693,254.156052,362.943359,26.976904,173.605713,338.782959,156.771423,195.935349,350.662415,136.027542,220.475632,362.564087,111.203835,246.211975,370.562042,87.434845,271.761475,377.954590,65.458336,198.379608,341.387939,184.494400,218.982376,357.806213,164.295578,241.540878,371.100128,138.849426,257.817780,378.781036,121.216293,276.774841,387.347198,104.841698,222.873718,346.834534,212.074966,242.922073,362.585754,190.209702,259.141785,375.906281,173.817398,273.073669,386.090027,157.979065,239.032440,346.386963,224.646774,257.998413,366.713593,206.651596
3190,3.305556,53.149315,307.787659,14.202796,120.748337,304.548370,-34.660118,180.484421,300.725342,-76.859520,76.106552,310.289520,42.793739,103.453835,312.823425,19.454542,132.319702,313.431854,-3.617306,164.406296,312.416504,-24.676847,199.016418,313.961731,-50.418755,97.492805,314.256561,68.723839,124.303925,319.701721,46.725250,152.637894,324.561401,23.080124,180.943008,328.946228,0.440817,216.545624,330.414734,-25.256903,120.735725,319.288879,98.397964,146.230972,326.561554,73.635445,173.956238,333.595123,50.702305,201.510666,339.997345,27.500568,235.467316,344.032135,1.157159,144.981125,323.440094,126.315292,168.348007,334.859467,103.812248,195.631088,343.400146,79.332359,222.432083,351.845245,55.279175,254.939316,357.701874,28.592037,173.137421,331.237732,157.904297,196.126480,343.957703,137.332703,220.878601,356.027344,112.666580,246.778488,364.032227,89.112625,272.641479,371.338318,67.414024,198.248932,333.470764,185.661316,219.126099,349.961578,165.788467,241.993912,363.316620,140.617447,258.476898,370.980530,123.078438,277.643616,379.647949,107.026794,222.646179,337.728668,213.468735,242.960648,353.696777,191.874207,259.451477,367.003967,175.717804,273.614655,377.248260,160.225357,238.833359,336.048157,225.885193,258.061401,357.054382,208.438950
3191,3.308333,53.193237,307.192078,14.300671,120.868584,303.861847,-34.391811,180.635147,299.872345,-76.488556,76.128166,308.506836,43.036251,103.574020,311.092529,19.790516,132.505981,311.599915,-3.170278,164.543304,310.722168,-24.225195,199.301193,312.089111,-49.811478,97.478264,311.327728,69.148277,124.406914,316.742798,47.261311,152.905136,321.563660,23.801844,181.374023,325.979095,1.330901,217.036194,327.476562,-24.278181,120.640854,315.136566,99.008011,146.313248,322.319702,74.324547,174.232468,329.352783,51.662712,202.016647,335.742706,28.629236,236.114960,339.647308,2.466784,144.812286,317.971710,127.039017,168.468216,329.310486,104.746559,195.953247,337.899170,80.510864,222.998535,346.314545,56.663181,255.711136,351.981354,30.199242,172.557877,323.420471,158.964050,196.222031,336.937073,138.572128,221.228561,349.065552,114.072021,247.307663,356.987671,90.758202,273.503510,364.149139,69.352242,197.954483,325.316742,186.746948,219.153427,341.758820,167.204056,242.371429,355.056305,142.317856,259.088043,362.623932,124.872345,278.477234,371.348511,109.175613,222.226593,328.359711,214.777161,242.854645,344.415619,193.454681,259.655487,357.603271,177.532639,274.082611,367.834351,162.395447,238.427902,325.433319,227.080856,257.966309,346.983276,210.136459
3192,3.311111,53.227146,306.566193,14.403368,120.980263,303.116730,-34.123283,180.776672,298.922668,-76.116539,76.122612,306.684448,43.255356,103.672211,309.283783,20.102100,132.675751,309.655151,-2.729979,164.661789,308.903290,-23.794872,199.579132,310.051727,-49.206135,97.416718,308.340210,69.532440,124.473160,313.663422,47.762447,153.143875,318.394379,24.500059,181.787674,322.797791,2.205093,217.510300,324.309967,-23.312958,120.473297,310.886627,99.554184,146.343491,317.910614,74.965813,174.460510,324.882904,52.577259,202.491074,331.195557,29.724360,236.730911,334.923523,3.744156,144.543106,312.380829,127.682281,168.514282,323.541565,105.609749,196.218796,332.100067,81.626793,223.523651,340.410522,57.995255,256.442261,345.834320,31.756859,171.877213,315.389954,159.923965,196.215149,329.649078,139.715881,221.509369,341.728394,115.386703,247.775589,349.484406,92.330116,274.314941,356.450012,71.224182,197.500900,316.977692,187.723663,219.058716,333.252594,168.507935,242.656036,346.377899,143.908401,259.627411,353.772064,126.550484,279.243866,362.514160,111.237518,221.622162,318.786865,215.967056,242.600967,334.802032,194.911621,259.741211,347.767212,179.216019,274.455872,357.914368,164.438766,237.822662,314.645691,228.208786,257.709808,336.565491,211.701965
3193,3.313889,53.251202,305.915771,14.508936,121.079811,302.326996,-33.863575,180.901413,297.897583,-75.758934,76.090019,304.835449,43.447159,103.743835,307.413116,20.382633,132.822388,307.618073,-2.306706,164.757095,306.975250,-23.395597,199.839828,307.869659,-48.616444,97.309563,305.315460,69.869102,124.498268,310.489868,48.217381,153.344666,315.083649,25.157907,182.169449,319.434296,3.041507,217.952332,320.947296,-22.383812,120.236588,306.567871,100.023071,146.316681,313.369629,75.543327,174.630585,320.225098,53.425117,202.916107,326.397034,30.759357,237.292786,329.906036,4.957060,144.178787,306.706207,128.229706,168.480515,317.597656,106.381409,196.414001,326.051636,82.653503,223.986099,334.184113,59.243351,257.105347,339.316040,33.227299,171.106003,307.206390,160.761490,196.101425,322.145996,140.736649,221.705994,334.069641,116.581406,248.159683,341.583374,93.791130,275.044769,348.308380,72.985153,196.897217,308.508514,188.566711,218.838913,324.501282,169.668915,242.831970,337.345459,145.350662,260.072205,344.492279,128.070099,279.913177,353.216125,113.165787,220.844940,309.071442,217.007004,242.199890,324.919312,196.208847,259.698120,337.563660,180.726288,274.714081,347.559753,166.308640,237.029114,303.799255,229.242249,257.292114,325.870178,213.096832
3194,3.316667,53.265846,305.247742,14.615090,121.164726,301.506958,-33.620510,181.003510,296.817932,-75.428604,76.031105,302.973663,43.608788,103.784698,305.496399,20.627602,132.940460,305.509857,-1.909197,164.824982,304.954407,-23.035378,200.073715,305.563354,-48.054569,97.159111,302.275696,70.152657,124.478706,307.249695,48.616848,153.499557,311.662231,25.760527,182.506088,315.921112,3.820547,218.348038,317.420471,-21.510475,119.935478,302.210876,100.403687,146.229080,308.734253,76.043747,174.734802,315.420471,54.188309,203.275558,321.389618,31.710499,237.780563,324.641052,6.077137,143.726593,300.988831,128.669083,168.363098,311.526550,107.044579,196.527069,319.805511,83.568077,224.366547,327.688599,60.379276,257.675812,332.483459,34.577950,170.255341,298.932251,161.458572,195.878799,314.483276,141.610901,221.805176,326.146484,117.631630,248.439545,333.349152,95.109200,275.664917,339.795044,74.595604,196.155960,299.967651,189.255447,218.493484,315.566650,170.660248,242.885529,328.027222,146.611359,260.401031,334.857544,129.394760,280.457397,343.529877,114.918709,219.910965,299.277344,217.868408,241.654724,314.834229,197.315018,259.517853,327.064819,182.027527,274.839111,336.846283,167.962738,236.063156,293.012268,230.154266,256.717041,314.970306,214.287354
3195,3.319444,53.271759,304.569702,14.719395,121.233543,300.670502,-33.400406,181.078888,295.703339,-75.135452,75.947105,301.113312,43.738457,103.791634,303.549133,20.834698,133.025681,303.351776,-1.544787,164.861740,302.857574,-22.720352,200.272095,303.153412,-47.531086,96.968567,299.243774,70.379204,124.412582,303.970978,48.953815,153.602325,308.160858,26.295589,182.785980,312.290436,4.525458,218.684860,313.760315,-20.709423,119.575829,297.848053,100.687752,146.078613,304.043030,76.456718,174.767273,310.510345,54.851887,203.555511,316.216278,32.557457,238.177155,319.174805,7.080327,143.195358,295.271881,128.992157,168.160141,305.377808,107.586182,196.548416,313.414612,84.352158,224.648193,320.978943,61.378803,258.132294,325.394714,35.781399,169.337173,290.633575,162.001953,195.547424,306.719025,142.320007,221.795868,318.019043,118.517853,248.597778,324.849152,96.257683,276.150879,330.982910,76.021729,195.292282,291.417114,189.774765,218.024231,306.513824,171.460678,242.805801,318.494781,147.663254,260.595093,324.945251,130.495636,280.852448,333.533630,116.460289,218.839676,289.470978,218.527069,240.971542,304.617004,198.204895,259.194672,316.346832,183.090668,274.815796,325.852081,169.363449,234.944229,282.400330,230.919495,255.991104,303.942444,215.246216
3196,3.322222,53.269791,303.889679,14.819434,121.285835,299.830688,-33.207722,181.125015,294.571350,-74.886116,75.839882,299.269226,43.835327,103.763123,301.586853,21.003115,133.075012,301.164917,-1.219528,164.864075,300.702026,-22.454863,200.427444,300.660492,-47.054905,96.742020,296.243469,70.546486,124.300163,300.681885,49.223793,153.648544,304.609497,26.753618,182.999496,308.573273,5.142892,218.951996,309.995392,-19.993689,119.164574,293.513855,100.870071,145.865356,299.335083,76.775215,174.724091,305.535278,55.404091,203.744553,310.919891,33.283615,238.468613,313.552795,7.947012,142.595367,289.600830,129.195007,167.871948,299.201996,107.997437,196.470673,306.931580,84.992310,224.817200,314.110718,62.222240,258.457520,318.108887,36.814968,168.364624,282.381073,162.383179,195.109726,298.913239,142.850906,221.669678,309.749542,119.225655,248.620163,316.152435,97.215546,276.482147,321.945557,77.236130,194.323303,282.922913,190.116043,217.435074,297.410614,172.055374,242.584930,308.821655,148.486160,260.638550,314.835968,131.352814,281.078735,323.306244,117.760941,217.653030,279.722839,218.965363,240.158630,294.341400,198.860489,258.725281,305.489014,183.894684,274.632690,314.656128,170.478531,233.694611,272.068939,231.516525,255.123703,292.866577,215.953644
3197,3.325000,53.260910,303.216003,14.912996,121.322090,298.998901,-33.044804,181.141006,293.436127,-74.683662,75.712013,297.456909,43.899311,103.699760,299.625732,21.132694,133.086594,298.969513,-0.938154,164.829086,298.504974,-22.241693,200.533386,298.104706,-46.633293,96.484283,293.299164,70.653755,124.143906,297.410553,49.424915,153.635666,301.036987,27.127834,183.139526,304.798920,5.663366,219.140640,306.151733,-19.373117,118.709633,289.244720,100.949333,145.591461,294.649658,76.995781,174.603302,300.534729,55.836319,203.834076,305.542877,33.876408,238.644104,307.819031,8.662067,141.938049,284.023285,129.278473,167.500977,293.049805,108.274078,196.288925,300.408386,85.479790,224.862854,307.139038,62.895531,258.638062,310.685181,37.660698,167.352844,274.251221,162.598648,194.570358,291.126923,143.196487,221.420853,301.402008,119.745728,248.495804,307.328217,97.967827,276.641998,312.755157,78.218605,193.267731,274.554993,190.277863,216.732376,288.327087,172.436386,242.218353,299.082611,149.067795,260.519287,304.612610,131.956207,281.121735,312.925629,118.798096,216.374893,270.108795,219.175003,239.226349,284.084534,199.271866,258.109100,294.573334,184.427490,274.282043,303.337952,171.282837,232.338791,262.106934,231.929840,254.126755,281.826294,216.398315
3198,3.327778,53.246162,302.556915,14.998230,121.343575,298.184326,-32.911861,181.127075,292.308289,-74.528023,75.566856,295.692688,43.931141,103.604202,297.682587,21.223726,133.059647,296.784760,-0.703975,164.754349,296.283356,-22.082447,200.584900,295.505829,-46.272175,96.200783,290.436035,70.701874,123.947701,294.185059,49.557838,153.563080,297.471191,27.413971,183.201660,300.994995,6.081271,219.244110,302.253021,-18.855059,118.219948,285.079315,100.928894,145.261002,290.025879,77.118546,174.405197,295.546387,56.142857,203.818466,300.126892,34.327785,238.695740,302.015594,9.215156,141.235962,278.589020,129.247971,167.051849,286.971924,108.416496,196.001251,293.895782,85.810295,224.777802,300.117615,63.390629,258.664551,303.181152,38.306160,166.319168,266.326691,162.649979,193.936340,283.421997,143.355804,221.046661,293.041412,120.073929,248.217133,298.445251,98.505844,276.617767,303.481537,78.956551,192.145874,266.387238,190.266098,215.925018,279.334808,172.602737,241.704895,289.352966,149.403976,260.228699,294.359680,132.306366,280.971558,302.467957,119.556725,215.030472,260.710968,219.158936,238.187119,273.926636,199.437454,257.348419,283.683777,184.686340,273.759766,291.977966,171.760651,230.902802,252.581711,232.151840,253.014923,270.908295,216.577667
3199,3.330556,53.226597,301.920227,15.073771,121.352127,297.394073,-32.807465,181.084305,291.195099,-74.417244,75.408440,293.993408,43.932713,103.480545,295.774567,21.277233,132.994537,294.628448,-0.518748,164.638168,294.053528,-21.977959,200.578339,292.883209,-45.976776,95.897659,287.679779,70.693657,123.716423,291.033203,49.625446,153.431915,293.939148,27.610403,183.183853,297.187195,6.394427,219.257797,298.320618,-18.444872,117.705597,281.058411,100.817116,144.879501,285.502716,77.147057,174.132370,290.606232,56.321068,203.695038,294.712189,34.634285,238.618469,296.182739,9.601172,140.502899,273.349274,129.113297,166.531372,281.018799,108.429665,195.609070,287.443359,85.983955,224.558228,293.098450,63.705006,258.531342,295.651398,38.745182,165.283508,258.697083,162.544159,193.217072,275.860779,143.334015,220.547256,284.733276,120.211189,247.780182,289.570740,98.827087,276.400818,294.191345,79.444664,190.979721,258.496735,190.093689,215.024628,270.506439,172.560471,241.046967,279.707794,149.498459,259.762085,284.162018,132.413727,280.622772,292.006989,120.029762,213.646240,251.617157,218.931656,237.055786,263.950745,199.364029,256.448883,272.905487,184.677689,273.065552,280.658173,171.907715,229.413986,243.537506,232.184067,251.805847,260.202271,216.498184
3200,3.333333,53.203278,301.313446,15.138843,121.349854,296.633484,-32.729317,181.014206,290.101654,-74.348778,75.241257,292.376709,43.907497,103.333405,293.918732,21.295141,132.892685,292.516998,-0.382563,164.479691,291.830963,-21.928562,200.511429,290.256500,-45.752220,95.582008,285.056641,70.634445,123.455673,287.981964,49.632439,153.244705,290.467133,27.718407,183.086075,293.399872,6.603517,219.178909,294.374054,-18.145958,117.177826,277.224152,100.626747,144.454056,281.118530,77.088058,173.789368,285.749878,56.373096,203.463837,289.337341,34.796688,238.409821,290.358643,9.820119,139.754028,268.356140,128.888138,165.948547,275.240784,108.323021,195.117126,281.099487,86.005417,224.203979,286.131653,63.840904,258.236053,288.147217,38.977798,164.268250,251.458344,162.294281,192.424393,268.505798,143.142044,219.925919,276.543091,120.163536,247.184723,280.770203,98.934814,275.987000,284.947510,79.684128,189.793427,250.962677,189.779785,214.045502,261.915344,172.322144,240.250656,270.221741,149.362625,259.118896,274.102448,132.296371,280.074036,281.613800,120.218132,212.250107,242.919022,218.517853,235.849777,254.241852,199.066437,255.419907,262.324463,184.416321,272.203278,269.462585,171.732285,227.900925,234.997604,232.037796,250.520111,249.800110,216.175385
3201,3.336111,53.177208,300.743378,15.193277,121.338867,295.906708,-32.674828,180.918762,289.031830,-74.320107,75.070168,290.860168,43.860416,103.167267,292.131561,21.280125,132.756668,290.465576,-0.293942,164.278992,289.630005,-21.934013,200.383194,287.645233,-45.603458,95.261963,282.592957,70.531998,123.171814,285.057220,49.584938,153.005112,287.080811,27.742178,182.909805,289.655945,6.711632,219.006180,290.431030,-17.959858,116.649155,273.618469,100.373695,143.993164,276.911224,76.951088,173.382126,281.013733,56.306969,203.127319,284.038818,34.819523,238.069916,284.578949,9.876285,139.006195,263.661407,128.589325,165.314438,269.687927,108.110229,194.533234,274.911163,85.883545,223.718109,279.265137,63.804962,257.779419,280.716034,39.009758,163.297791,244.712311,161.920227,191.572708,261.419495,142.796173,219.189056,268.535858,119.941963,246.434280,272.106659,98.837723,275.376495,275.809021,79.682030,188.613449,243.863953,189.348251,213.004593,253.635162,171.906509,239.325790,260.968414,149.014572,258.303009,264.259979,131.977386,279.328094,271.356201,120.130478,210.871902,234.709106,217.949905,234.589172,244.886505,198.567108,254.274872,252.026260,183.924057,271.180573,258.476807,171.254990,226.393753,226.972931,231.733292,249.181015,239.795456,215.633575
3202,3.338889,53.149357,300.216187,15.237501,121.321075,295.217285,-32.641304,180.800369,287.988525,-74.328537,74.900200,289.460754,43.797001,102.986427,290.428894,21.235527,132.590118,288.488312,-0.250107,164.036987,287.464081,-21.993216,200.193893,285.068237,-45.534500,94.946419,280.314636,70.395874,122.871864,282.283875,49.490334,152.717911,283.804901,27.688412,182.657700,285.977722,6.724030,218.739761,286.507996,-17.886374,116.133163,270.281708,100.075600,143.506638,272.917572,76.748131,172.917709,276.434021,56.135284,202.689987,278.851105,34.710793,237.601440,278.876923,9.777667,138.278000,259.315338,128.236115,164.642090,264.409241,107.808403,193.867554,268.923859,85.630959,223.106384,272.544678,63.608089,257.164948,273.401642,38.852062,162.397522,238.565826,161.449753,190.678970,254.663742,142.317566,218.346207,260.775543,119.562408,245.536118,263.640289,98.549683,274.573761,266.830231,79.450775,187.468628,237.276520,188.826050,211.921249,245.739182,171.337952,238.285721,252.019913,148.478287,257.323090,254.708740,131.483139,278.391663,261.298706,119.782768,209.543518,227.078033,217.264984,233.296799,235.971725,197.895340,253.031311,242.095612,183.228729,270.009399,247.787338,170.507568,224.925156,219.476532,231.297989,247.814789,230.282181,214.904831
3203,3.341667,53.120659,299.737488,15.272478,121.298058,294.568207,-32.625942,180.661728,286.974121,-74.370865,74.736610,288.193909,43.722691,102.795372,288.825867,21.165512,132.397491,286.598511,-0.247263,163.755280,285.345520,-22.104017,199.944870,282.542786,-45.547474,94.644798,278.246429,70.236816,122.563507,279.685638,49.357235,152.388947,280.662933,27.565763,182.333313,282.386749,6.647889,218.381271,282.620758,-17.923357,115.644264,267.251343,99.750725,143.005463,269.172852,76.492966,172.404526,272.045593,55.873146,202.158188,273.807037,34.481823,237.009537,273.283844,9.536005,137.589325,255.365555,127.849358,163.946182,259.451904,107.437012,193.132187,263.181732,85.263931,222.376923,266.014160,63.265518,256.398865,266.244934,38.520596,161.592621,233.130951,160.919342,189.762268,248.299408,141.731766,217.410095,253.324600,119.045547,244.500992,255.428635,98.089569,273.587067,258.061829,79.008080,186.389694,231.271454,188.241684,210.817032,238.299515,170.645737,237.147125,243.446365,147.782654,256.192139,245.517548,130.842010,277.275146,251.502899,119.197891,208.299057,220.111572,216.502106,231.998260,227.583755,197.086044,251.710358,232.616257,182.364014,268.705811,237.480911,169.531265,223.531616,212.542603,230.764420,246.450607,221.352676,214.027191
3204,3.344444,53.092060,299.312073,15.299621,121.271072,293.962219,-32.625835,180.505661,285.990967,-74.443169,74.584717,287.073425,43.642735,102.599258,287.336823,21.075222,132.183624,284.808472,-0.280893,163.436050,283.285767,-22.263134,199.638580,280.083954,-45.641788,94.366730,276.411407,70.066200,122.254868,277.285004,49.195168,152.025101,277.677124,27.384384,181.940720,278.903412,6.491611,217.933609,278.784882,-18.066191,115.197235,264.561371,99.417091,142.501572,265.710449,76.200714,171.852280,267.881378,55.537251,201.540085,268.938232,34.147110,236.301834,267.829742,9.166804,136.960632,251.855576,127.450394,163.242706,254.860367,107.017235,192.341095,257.727936,84.802422,221.540237,259.716034,62.796711,255.490067,259.285034,38.035858,160.908401,228.531677,160.372849,188.843658,242.385895,141.068268,216.396652,246.243713,118.416580,243.343094,247.526840,97.481232,272.428284,249.551651,78.376945,185.408707,225.913849,187.624344,209.715729,231.386307,169.863266,235.929825,235.316055,146.961090,254.927338,236.749817,130.083755,275.992615,242.028473,118.405411,207.174454,213.888626,215.699921,230.722076,219.806473,196.178482,250.336563,223.670807,181.369110,267.290039,227.643311,168.374908,222.254578,206.241150,230.168198,245.120880,213.096176,213.042725
3205,3.347222,53.064499,298.944183,15.320595,121.241051,293.401428,-32.638046,180.334946,285.041321,-74.540817,74.449814,286.111389,43.562332,102.403893,285.975159,20.970594,131.953644,283.129547,-0.346019,163.082016,281.295471,-22.466053,199.278610,277.704224,-45.813499,94.121704,274.830200,69.895248,121.954369,275.102692,49.014183,151.634140,274.868286,27.155569,181.484818,275.546387,6.264088,217.401184,275.016083,-18.307457,114.806694,262.241699,99.091660,142.007645,262.561462,75.887329,171.271851,263.972595,55.145622,200.845520,264.275024,33.723896,235.488403,262.543945,8.689099,136.411987,248.824051,127.059814,162.548874,250.676331,106.571289,191.509811,252.604492,84.269760,220.609177,253.691940,62.225060,254.450409,252.560501,37.422665,160.366501,224.848358,159.849213,187.945679,236.980652,140.359421,215.324844,239.591400,117.704758,242.080032,239.988297,96.753113,271.112793,241.346512,77.585472,184.557877,221.262222,187.003067,208.643082,225.066452,169.026779,234.656708,227.695435,146.050812,253.549881,228.464142,129.239243,274.561646,232.935242,117.441658,206.206406,208.479782,214.895035,229.499268,212.720169,195.214767,248.937790,215.340454,180.287888,265.786560,218.358780,167.092575,221.139023,200.671204,229.545975,243.860870,205.597153,211.995621
3206,3.350000,53.038879,298.637146,15.337060,121.208649,292.887421,-32.659821,180.152359,284.127808,-74.658600,74.336983,285.318115,43.486526,102.215218,284.752869,20.857805,131.712845,281.572021,-0.437350,162.696594,279.384979,-22.707090,198.869705,275.413910,-46.055103,93.918640,273.520477,69.734306,121.670441,273.157379,48.824432,151.224564,272.255707,26.891489,180.971420,272.332367,5.974879,216.789978,271.330719,-18.636774,114.486443,260.317505,98.789574,141.536682,259.754120,75.568779,170.675156,260.348877,54.717178,200.086029,259.846680,33.231781,234.581818,257.455292,8.125046,135.962250,246.303604,126.696289,161.882492,246.937790,106.121292,190.655411,247.852188,83.691727,219.599030,247.983170,61.577381,253.294678,246.109985,36.709774,159.979797,222.055923,159.371429,187.092072,232.137878,139.638840,214.216629,233.423782,116.942810,240.732773,232.865341,95.937866,269.659943,233.493393,76.666672,183.868149,217.367569,186.405411,207.626434,219.402512,168.173721,233.353592,220.649139,145.091965,252.085083,220.716095,128.340973,273.003754,224.284882,116.349632,205.430817,203.946198,214.120880,228.362747,206.400360,194.238373,247.545166,207.704514,179.167618,264.224304,209.709503,165.741653,220.229477,195.935471,228.933090,242.707520,198.934311,210.930969
3207,3.352778,53.016010,298.393585,15.350506,121.174240,292.421417,-32.688732,179.960754,283.252991,-74.791031,74.250816,284.701721,43.419907,102.038750,283.680237,20.742762,131.466522,280.145203,-0.549386,162.283920,277.564270,-22.979568,198.417770,273.221710,-46.355736,93.765419,272.496429,69.592155,121.411278,271.465149,48.635708,150.805389,269.857239,26.604807,180.407608,269.277222,5.634945,216.108002,267.746643,-19.040754,114.248688,258.808838,98.523407,141.101608,257.313141,75.260254,170.074997,257.037933,54.271244,199.274780,255.681870,32.692226,233.597260,252.592957,7.499466,135.628067,244.320328,126.375511,161.261383,243.678345,105.688118,189.796112,243.510468,83.095375,218.527740,242.630753,60.883194,252.040894,239.972885,35.929256,159.757507,220.089203,158.953583,186.307205,227.907272,138.939438,213.096573,227.794556,116.165855,239.325851,226.210220,95.072121,268.093262,226.041733,75.659042,183.367538,214.272308,185.856064,206.693726,214.451782,167.341064,232.049210,214.239929,144.126740,250.562576,213.560150,127.423897,271.345062,216.142288,115.178200,204.880615,200.338470,213.406647,227.346359,200.916687,193.292496,246.192764,200.839951,178.057434,262.636658,201.775681,164.380814,219.565735,192.120544,228.361359,241.698196,193.179764,209.893356
3208,3.355556,52.996582,298.215302,15.362160,121.138107,292.004242,-32.722797,179.763260,282.419739,-74.932526,74.195213,284.268158,43.366203,101.879433,282.765594,20.630756,131.219925,278.857391,-0.676578,161.848953,275.843170,-23.275904,197.930023,271.135651,-46.701691,93.668472,271.768341,69.475540,121.184494,270.039398,48.456993,150.385986,267.689331,26.308254,179.801834,266.396484,5.256916,215.365540,264.284424,-19.503092,114.103363,257.729980,98.302643,140.714813,255.259689,74.975693,169.484818,254.065536,53.827007,198.426743,251.808548,32.128002,232.552628,247.987183,6.839278,135.423065,242.893127,126.109642,160.702820,240.927032,105.290878,188.951141,239.616913,82.507950,217.415955,237.675644,60.173836,250.710632,234.189850,35.115635,159.709213,218.903290,158.607330,185.615265,224.332642,138.291718,211.991501,222.754913,115.410110,237.887161,220.076111,94.196220,266.440643,219.045563,74.607338,183.079132,212.008621,185.375427,205.872665,210.265656,166.563919,230.775360,208.528748,143.198212,249.016357,207.051910,126.525955,269.617401,208.575989,113.980713,204.583267,197.694885,212.776062,226.483490,196.331116,192.417801,244.917297,194.820389,177.006531,261.061890,194.635666,163.068405,219.180344,189.291901,227.857346,240.868835,188.397293,208.924957
3209,3.358333,52.981136,298.103333,15.372967,121.100548,291.636322,-32.760494,179.563263,281.631104,-75.077599,74.172989,284.020935,43.328026,101.741508,282.015472,20.526302,130.977966,277.715759,-0.813400,161.397293,274.231537,-23.587591,197.415024,269.164093,-47.077137,93.632309,271.342316,69.388885,120.996696,268.890564,48.296059,149.975937,265.767151,26.014238,179.163849,263.706512,4.854770,214.575409,260.967896,-20.004868,114.057518,257.089142,98.133362,140.387802,253.611023,74.727463,168.918533,251.455582,53.402924,197.558899,248.254837,31.562532,231.468445,243.670120,6.172721,135.356888,242.033218,125.906754,160.223358,238.708145,104.946671,188.140564,236.207138,81.955841,216.287155,233.158615,59.481361,249.329559,228.803711,34.304909,159.842239,218.465332,158.340866,185.039200,221.450897,137.722214,210.930344,218.353287,114.711250,236.448227,214.517624,93.352776,264.735077,212.564407,73.561333,183.019455,210.597214,184.978500,205.190002,206.888992,165.874069,229.566620,203.574249,142.348770,247.485123,201.249527,125.687775,267.859589,201.658630,112.813110,204.558472,196.040115,212.246460,225.805801,192.696060,191.650299,243.757690,189.714615,176.061798,259.543182,188.366013,161.860519,219.096298,187.494110,227.441269,240.252182,184.640457,208.063049
3210,3.361111,52.970013,298.057770,15.383594,121.061813,291.317841,-32.800728,179.364426,280.890411,-75.221008,74.185715,283.960907,43.306622,101.628456,281.434387,20.433022,130.745255,276.726715,-0.954321,160.935425,272.739105,-23.905336,196.882812,267.316803,-47.464958,93.659233,271.220123,69.334175,120.853271,268.025909,48.159180,149.584885,264.104889,25.734516,178.504898,261.224731,4.443360,213.753143,257.824921,-20.525135,114.114914,256.888275,98.018150,140.130890,252.380371,74.525925,168.390320,249.229950,53.016018,196.690384,245.049286,31.019142,230.368011,239.676727,5.528394,135.434601,241.743866,125.770660,159.838287,237.040924,104.670128,187.385315,233.314194,81.463394,215.167587,229.120117,58.837120,247.927597,223.860138,33.533199,160.159607,218.748062,158.158203,184.599884,219.291153,137.252350,209.944046,214.635040,114.102669,235.044617,209.590073,92.583839,263.015442,206.662445,72.571976,183.196747,210.046432,184.674484,204.670929,204.359222,165.298721,228.460327,199.432037,141.617966,246.012299,196.213852,124.951103,266.117920,195.466583,111.731422,204.815887,195.384232,211.828430,225.341492,190.052673,191.019272,242.754257,185.584290,175.265015,258.128662,183.040283,160.808823,219.325058,186.751389,227.126404,239.876038,181.951004,207.338074
3211,3.363889,52.963318,298.077911,15.394465,121.022179,291.048920,-32.842724,179.170654,280.201538,-75.357735,74.233559,284.086456,43.301918,101.542854,281.025085,20.353571,130.526138,275.895844,-1.093870,160.470810,271.376709,-24.219492,196.345062,265.606079,-47.847591,93.749161,271.399139,69.310974,120.758095,267.449493,48.050861,149.222458,262.715698,25.479794,177.838089,258.970673,4.037936,212.916977,254.887405,-21.041817,114.275688,257.122986,97.956169,139.952759,251.576477,74.378937,167.914368,247.408249,52.681076,195.842346,242.221069,30.520102,229.277527,236.045242,4.934031,135.656235,242.020493,125.701141,159.561111,235.939072,104.472519,186.706833,230.967850,81.051697,214.086243,225.599823,58.270111,246.539291,219.407806,32.834949,160.658752,219.725662,158.059082,184.315369,217.874405,136.897720,209.065216,211.641602,113.613586,233.716339,205.348602,91.928192,261.327667,201.407516,71.687698,183.610046,210.352341,184.467041,204.338043,202.704819,164.858795,227.495590,196.152618,141.039902,244.646057,192.006622,124.355751,264.446259,190.078522,110.788681,205.353714,195.722733,211.526245,225.113434,188.428970,190.545685,241.947067,182.481186,174.649887,256.870422,178.726532,159.957382,219.864838,187.068512,226.919479,239.761780,180.357941,206.772583
3212,3.366667,52.960888,298.162109,15.405820,120.981880,290.829529,-32.885952,178.985931,279.569031,-75.483047,74.315308,284.393494,43.312634,101.486214,280.788452,20.289600,130.324905,275.228271,-1.226847,160.012283,270.156708,-24.520493,195.815247,264.047607,-48.207859,93.899643,271.872742,69.316704,120.713341,267.162231,47.973732,148.898163,261.612000,25.259344,177.178528,256.966156,3.653755,212.088043,252.191864,-21.532539,114.536240,257.783142,97.943573,139.860031,251.203720,74.291351,167.504517,246.007599,52.409969,195.037933,239.800049,30.085726,228.225723,232.816544,4.414952,136.016754,242.851318,125.694412,159.402924,235.410461,104.360962,186.126678,229.193863,80.737518,213.074753,222.636368,57.805473,245.203613,215.497971,32.241081,161.330704,221.371201,158.039429,184.200058,217.212830,136.667542,208.326996,209.408691,113.267097,232.507294,201.846832,91.419037,259.724762,196.870041,70.951935,184.248749,211.499725,184.355103,204.209564,201.943619,164.567505,226.711594,193.778870,140.640518,243.437637,188.686569,123.935867,262.904785,185.572601,110.031601,206.158066,197.037735,211.338974,225.137039,187.838684,190.241577,241.373230,180.444138,174.239777,255.821289,175.483292,159.339767,220.700027,188.432632,226.821472,239.922531,179.876144,206.380722
3213,3.369444,52.962303,298.307861,15.417789,120.941284,290.659760,-32.929958,178.814346,278.998444,-75.592506,74.428413,284.875641,43.336544,101.458893,280.723846,20.241789,130.145721,274.728943,-1.348442,159.570450,269.094086,-24.798878,195.308914,262.661041,-48.529686,94.105919,272.630676,69.347069,120.719322,267.162170,47.928558,148.621124,260.805298,25.080753,176.543579,255.235977,3.305839,211.290802,249.779587,-21.975349,114.889275,258.853394,97.974228,139.856796,251.261795,74.264893,167.173721,245.042389,52.211216,194.301926,237.816528,29.733652,227.243484,230.033188,3.992707,136.506073,244.218460,125.743973,159.371521,235.456787,104.338165,185.665695,228.013260,80.532562,212.167068,220.267426,57.463627,243.963593,212.183975,31.777910,162.159821,223.655548,158.092178,184.263077,217.309113,136.564468,207.760818,207.964417,113.078522,231.463272,199.134369,91.082130,258.265167,193.120102,70.400955,185.093002,213.463669,184.333786,204.297501,202.081406,164.430023,226.144470,192.342957,140.435730,242.437912,186.304596,123.716438,261.556519,182.021164,109.497253,207.203949,199.300018,211.261597,225.418182,188.280884,190.110382,241.062897,179.496216,174.046448,255.030609,173.355103,158.976425,221.801727,190.816315,226.828873,240.360794,180.504715,206.168304
3214,3.372222,52.966888,298.512085,15.430442,120.900810,290.539703,-32.974079,178.659897,278.496094,-75.682053,74.569168,285.524902,43.370720,101.460205,280.829315,20.210001,129.992859,274.403046,-1.454191,159.157974,268.206329,-25.044991,194.843460,261.469788,-48.798832,94.361092,273.660034,69.396759,120.774376,267.445038,47.914497,148.399918,260.306122,24.949858,175.953079,253.807785,3.008833,210.552963,247.695709,-22.349390,115.323914,260.314697,98.040596,139.944000,251.746231,74.298370,166.933365,244.524124,52.090023,193.660355,236.300858,29.478500,226.363571,227.738480,3.684789,137.109406,246.099152,125.841576,159.470383,236.073380,104.402588,185.342499,227.441635,80.443268,211.398285,218.528961,57.260025,242.865616,209.520218,31.466976,163.124207,226.547165,158.208221,184.506851,218.156433,136.585159,207.393494,207.327271,113.054764,230.628479,197.253448,90.934425,257.008698,190.222656,70.061714,186.114868,216.211548,184.395370,204.605637,203.111755,164.444229,225.823349,191.863708,140.430817,241.692520,184.899139,123.710968,260.461609,179.484695,109.209991,208.456573,202.471146,211.286179,225.951828,189.740295,190.148041,241.035645,179.643433,174.070480,254.538834,172.369171,158.873886,223.130249,194.180954,226.935043,241.066422,182.226440,206.133453
3215,3.375000,52.973759,298.771027,15.443795,120.861038,290.470123,-33.017235,178.526321,278.069305,-75.748138,74.732773,286.332062,43.411823,101.488632,281.102295,20.193542,129.870712,274.256134,-1.539849,158.789261,267.512817,-25.248913,194.436768,260.498932,-49.003826,94.656479,274.946045,69.460030,120.875275,268.005249,47.929661,148.242264,260.123749,24.870968,175.429062,252.711380,2.776719,209.904327,245.986618,-22.635983,115.826096,262.145447,98.134758,140.119110,252.648834,74.388306,166.792709,244.461487,52.048782,193.138992,235.282166,29.331614,225.620056,225.975769,3.505327,137.807510,248.466995,125.978157,159.697556,237.249634,104.549088,185.171799,227.488724,80.471130,210.801773,217.453079,57.204845,241.956787,207.559357,31.324923,164.196472,230.012466,158.377563,184.926315,219.739059,136.721512,207.244034,207.505066,113.194756,230.041183,196.235901,90.983551,256.010895,188.232544,69.950577,187.279984,219.704849,184.530258,205.127975,205.016510,164.601929,225.766434,192.345596,140.621277,241.236389,184.493042,123.921432,259.670624,178.006165,109.180069,209.873566,206.505798,211.402771,226.721741,192.188797,190.344727,241.297760,180.875046,174.303070,254.372864,172.533920,159.026123,224.638229,198.479950,227.131256,242.016769,185.009399,206.268173
3216,3.377778,52.981861,299.080719,15.457788,120.822784,290.452576,-33.057842,178.417297,277.726471,-75.787582,74.913528,287.287018,43.456364,101.542091,281.540192,20.191467,129.783981,274.294678,-1.601373,158.479355,267.033325,-25.400984,194.105194,259.772369,-49.136429,94.981987,276.472809,69.531395,121.018120,268.837463,47.971832,148.154739,260.266205,24.847116,174.994400,251.976730,2.622029,209.373734,244.694977,-22.820160,116.378922,264.322845,98.249115,140.376389,253.959000,74.529831,166.758789,244.860443,52.087940,192.761215,234.786316,29.300667,225.046143,224.785751,3.465383,138.577484,251.293304,126.144768,160.045410,238.969971,104.770111,185.162643,228.157913,80.613441,210.405258,217.064896,57.302601,241.280380,206.347733,31.362839,165.345016,234.016388,158.590332,185.508575,222.033875,136.962418,207.320923,208.494522,113.490799,229.729248,196.100830,91.228462,255.317123,187.190292,70.073105,188.549225,223.900864,184.728058,205.847748,207.767090,164.890686,225.978348,193.778580,140.994888,241.089478,185.092209,124.339890,259.218719,177.608826,109.404808,211.407089,211.353790,211.600311,227.701294,195.587646,190.686462,241.841125,183.165253,174.728439,254.542465,173.839066,159.417404,226.273331,203.661194,227.407410,243.178375,188.810165,206.559860
3217,3.380556,52.990055,299.437195,15.472296,120.787193,290.489502,-33.093971,178.336548,277.476593,-75.797363,75.104980,288.379211,43.500957,101.618164,282.140808,20.202845,129.737534,274.525635,-1.635126,158.242126,266.786377,-25.492804,193.861969,259.309998,-49.191395,95.326431,278.224213,69.606041,121.199173,269.937317,48.039047,148.142258,260.739929,24.880085,174.669968,251.630630,2.554548,208.984879,243.854843,-22.891930,116.963326,266.823486,98.376877,140.707581,255.664948,74.717606,166.835968,245.724228,52.206390,192.544968,234.833374,29.389235,224.669464,224.201660,3.571876,139.393585,254.548096,126.333374,160.501007,241.215363,105.056801,185.317444,229.446136,80.864258,210.227386,217.379883,57.552071,240.869690,205.920059,31.585112,166.535141,238.523041,158.837509,186.232986,225.011612,137.295303,207.620834,210.281982,113.930382,229.706757,196.853607,91.660782,254.957199,187.119232,70.424934,189.880051,228.753998,184.978455,206.738007,211.326294,165.295486,226.449219,196.139526,141.534348,241.254501,186.686203,124.951111,259.122253,178.296341,109.871315,213.005753,216.961609,211.867355,228.854691,199.890045,191.156799,242.643295,186.475433,175.326447,255.038498,176.257111,160.025635,227.980484,209.668503,227.752823,244.509598,193.577072,206.992737
3218,3.383333,52.997204,299.836639,15.487135,120.755600,290.583862,-33.123638,178.287491,277.327881,-75.774864,75.300056,289.598145,43.542522,101.714546,282.902832,20.226963,129.735886,274.956146,-1.638246,158.088425,266.787262,-25.518366,193.716217,259.126312,-49.166222,95.677795,280.184204,69.679878,121.414833,271.301270,48.129627,148.207581,261.549255,24.970100,174.471298,251.693634,2.580007,208.753387,243.489014,-22.846790,117.558846,269.623993,98.512215,141.102478,257.754181,74.946022,167.024933,247.052780,52.401253,192.500336,235.435394,29.596481,224.507187,224.244797,3.826041,140.227951,258.200684,126.537025,161.047241,243.964615,105.399567,185.631317,231.344101,81.214890,210.275574,218.402557,57.946495,240.742722,206.295166,31.988401,167.730286,243.495651,159.111145,187.072052,228.638092,137.707153,208.129028,212.844620,114.497513,229.972672,198.485748,92.266052,254.942184,188.024353,70.993057,191.227814,234.216309,185.271835,207.763351,215.650101,165.799850,227.155807,199.394226,142.218994,241.717529,189.250076,125.734734,259.377960,180.054581,110.558876,214.616547,223.273117,212.192520,230.138748,205.042633,191.737839,243.669296,190.756546,176.074249,255.834076,179.745712,160.824463,229.703262,216.442322,228.156601,245.962479,199.252045,207.548798
3219,3.386111,53.002239,300.275604,15.502011,120.729286,290.738861,-33.145153,178.272369,277.286346,-75.718498,75.491356,290.933258,43.578320,101.829399,283.825500,20.263178,129.782349,275.592377,-1.609194,158.024841,267.046936,-25.474941,193.672165,259.229492,-49.061478,96.023582,282.336792,69.749374,121.661003,272.925476,48.241718,148.350677,262.696228,25.115332,174.406586,252.178223,2.699245,208.685684,243.608704,-22.685850,118.144562,272.700470,98.650024,141.549194,260.213043,75.208961,167.321747,248.841599,52.667141,192.628510,236.595398,29.916788,224.563934,224.922836,4.222543,141.051834,262.219147,126.749557,161.664322,247.194580,105.787849,186.092545,233.836182,81.653839,210.545364,220.126068,58.473583,240.900330,207.474823,32.561153,168.893280,248.895966,159.404022,187.993484,232.874649,138.184204,208.822037,216.151794,115.173180,230.511780,200.976013,93.024399,255.264191,189.892975,71.756592,192.547424,240.237213,185.598770,208.882782,220.688797,166.386154,228.064697,203.499481,143.025360,242.451096,192.747101,126.665947,259.965210,182.854050,111.440178,216.186890,230.229172,212.564331,231.505219,210.986130,192.410599,244.875015,195.951080,176.946747,256.888550,184.250778,161.784134,231.385406,223.919250,228.607574,247.484741,205.770813,208.208527
3220,3.388889,53.004185,300.750702,15.516409,120.709282,290.957092,-33.157372,178.291962,277.355133,-75.628151,75.671669,292.373871,43.605782,101.961273,284.907532,20.310421,129.878174,276.438324,-1.548462,158.053345,267.571075,-25.363621,193.729202,259.621582,-48.880997,96.351433,284.665283,69.811089,121.932549,274.803741,48.372467,148.568741,264.178955,25.311180,174.476852,253.088715,2.907849,208.779846,244.214996,-22.415834,118.700470,276.027832,98.785225,142.034729,263.025269,75.498924,167.717728,251.080627,52.995312,192.922485,238.307205,30.339294,224.833160,226.231094,4.749136,141.837112,266.569519,126.964706,162.331116,250.879105,106.209442,186.683578,236.900162,82.166176,211.021942,222.532562,59.115383,241.328354,209.445358,33.283627,169.988037,254.682816,159.708817,188.963196,237.678268,138.711136,209.670792,220.165894,115.935005,231.297821,204.291779,93.910439,255.899704,192.696838,72.687073,193.795593,246.762527,185.949219,210.053421,226.387466,167.034882,229.136566,208.404861,143.926575,243.418594,197.130676,127.715248,260.850250,186.652252,112.481522,217.666672,237.766647,212.970444,232.903793,217.655121,193.154541,246.211441,201.994370,177.916153,258.153473,189.708984,162.871063,232.972778,232.030991,229.093552,249.021988,213.061996,208.950928
3221,3.391667,53.002232,301.258423,15.529428,120.696098,291.239868,-33.159908,178.345718,277.535126,-75.505264,75.834480,293.908478,43.622311,102.108246,286.145142,20.366564,130.021759,277.493805,-1.459144,158.171768,268.359924,-25.189415,193.882919,260.299652,-48.631783,96.650032,287.151703,69.860992,122.223030,276.925964,48.517200,148.855850,265.990356,25.549726,174.677094,254.421478,3.196099,209.027344,245.300461,-22.049015,119.208710,279.579041,98.912010,142.545197,266.170105,75.806381,168.200119,253.753159,53.373219,193.368835,240.555771,30.847652,225.299881,228.154465,5.386729,142.558212,271.214722,127.175255,163.026108,254.987335,106.649841,187.382980,240.506607,82.733063,211.683533,225.594513,59.848404,242.002777,212.181137,34.128483,170.981918,260.811432,160.016876,189.947952,243.001404,139.270096,210.643539,224.842560,116.756828,232.297363,208.390732,94.893372,256.814819,196.395233,73.748901,194.933090,253.733810,186.311401,211.233612,232.686050,167.723679,230.330215,214.053467,144.891968,244.578735,202.345993,128.848038,261.991333,191.395493,113.643036,219.010605,245.817505,213.396774,234.285446,224.978317,193.946777,247.628922,208.815521,178.951385,259.578003,196.050034,164.047440,234.415924,240.703369,229.600418,250.520920,221.047028,209.752991
3222,3.394444,52.995731,301.794495,15.539636,120.689636,291.586304,-33.153187,178.431900,277.824921,-75.352783,75.974457,295.524628,43.625191,102.267288,287.530579,20.428200,130.208481,278.753540,-1.347002,158.374374,269.407867,-24.960978,194.125549,261.255707,-48.323963,96.910141,289.776062,69.894051,122.524490,279.276672,48.669083,149.202927,268.116241,25.819664,174.997192,256.164825,3.549289,209.414398,246.849762,-21.603003,119.654678,283.324310,99.023315,143.066238,269.621399,76.119507,168.752869,256.834869,53.784615,193.949371,243.317383,31.420361,225.943192,230.668701,6.110073,143.193848,276.114624,127.372307,163.728333,259.482666,107.092194,188.166992,244.618576,83.331932,212.504028,229.275848,60.644142,242.893997,215.647614,35.062000,171.848038,267.233307,160.317368,190.917358,248.791992,139.840332,211.707764,230.130783,117.608932,233.473145,213.222305,95.937477,257.970276,200.938171,74.900261,195.926910,261.088348,186.671234,212.385590,239.519806,168.427078,231.605301,220.382294,145.887177,245.889084,208.330978,130.025101,263.342865,197.020767,114.879486,220.180618,254.309052,213.826721,235.605438,232.879135,194.761551,249.080185,216.337738,180.018005,261.112518,203.197678,165.271179,235.672913,249.856964,230.111282,251.932892,229.640945,210.589127
3223,3.397222,52.984299,302.354004,15.544886,120.689262,291.993378,-33.138470,178.547379,278.220551,-75.175125,76.087563,297.208710,43.611572,102.433990,289.051697,20.490717,130.431046,280.206573,-1.220079,158.652023,270.703217,-24.690050,194.446243,262.476349,-47.970688,97.125008,292.516724,69.904289,122.827972,281.835083,48.819359,149.598083,270.535400,26.106815,175.422668,258.299194,3.948538,209.922485,248.839783,-21.100164,120.027519,287.231567,99.110878,143.583649,273.347290,76.424583,169.357559,260.294159,54.210335,194.642227,246.560028,32.031807,226.737717,233.741135,6.889132,143.728073,281.226624,127.544998,164.418091,264.322723,107.517807,189.011017,249.192169,83.937317,213.454773,233.532898,61.470226,243.969116,219.802338,36.045620,172.566956,273.897430,160.596771,191.845154,254.994003,140.398621,212.831390,235.973145,118.458954,234.786392,218.728989,97.003334,259.324646,206.268250,76.094788,196.752182,268.760529,187.011810,213.477127,246.820236,169.116806,232.923889,227.322800,146.875122,247.307709,215.017166,131.204056,264.858429,203.457275,116.141861,221.148041,263.165161,214.240707,236.826004,241.277298,195.569977,250.522263,224.479538,181.078842,262.710632,211.070572,166.497070,236.712036,259.408752,230.605652,253.216858,238.754700,211.430573
3224,3.400000,52.967857,302.931366,15.542259,120.693878,292.455933,-33.117851,178.687897,278.715271,-74.978073,76.171104,298.946411,43.578545,102.602859,290.692871,20.548552,130.680222,281.836609,-1.088102,158.992676,272.228485,-24.390726,194.831375,263.942596,-47.587547,97.290512,295.350800,69.885193,123.124237,284.576172,48.958031,150.027420,273.220459,26.395065,175.935410,260.798004,4.372031,210.529266,251.239838,-20.566380,120.320381,291.267456,99.165573,144.084076,277.311676,76.706635,169.994751,264.093323,54.629341,195.422836,250.244385,32.653725,227.654480,237.331238,7.690891,144.150940,286.506958,127.680931,165.077805,269.460876,107.906883,189.890579,254.177597,84.522041,214.505096,238.315247,62.292057,245.191895,224.594299,37.037796,173.127228,280.751434,160.839203,192.709564,261.548187,140.919998,213.983444,242.306778,119.273178,236.198135,224.846909,98.049492,260.834778,212.321136,77.283600,197.393478,276.683807,187.313568,214.482544,254.516663,169.762665,234.250946,234.801712,147.817459,248.794083,222.330612,132.340927,266.491730,210.627487,117.379349,221.895203,272.308624,214.615936,237.918045,250.090927,196.340332,251.917984,233.156082,182.094894,264.329651,219.583115,167.678360,237.513733,269.274689,231.058838,254.341599,248.298019,212.245239
3225,3.402778,52.946648,303.520996,15.528534,120.702087,292.967194,-33.094124,178.848251,279.299408,-74.768417,76.223595,300.723175,43.523396,102.767845,292.435822,20.595575,130.945679,283.622559,-0.961769,159.382019,273.960724,-24.078522,195.265366,265.630554,-47.191368,97.404884,298.254852,69.830307,123.404549,287.472107,49.074547,150.476135,276.139191,26.667551,176.514786,263.628387,4.796525,211.209839,254.013031,-20.029173,120.530266,295.398682,99.177895,144.555725,281.475800,76.950241,170.645081,268.189972,55.019901,196.264755,254.324738,33.256905,228.662048,241.391296,8.481380,144.458145,291.912018,127.766830,165.692612,274.847870,108.239403,190.782028,259.520844,85.058723,215.623032,243.566284,63.074635,246.523163,229.963623,37.996181,173.525406,287.743317,161.026718,193.493591,268.393127,141.378967,215.134644,249.064651,120.018089,237.669922,231.506744,99.034409,262.456085,219.024948,78.417778,197.845200,284.792633,187.554596,215.383011,262.537720,170.333801,235.554779,242.742416,148.676147,250.309677,230.193085,133.392319,268.197571,218.448318,118.541489,222.416153,281.663422,214.926529,238.862076,259.239136,197.038696,253.236618,242.281342,183.026672,265.930817,228.646713,168.768829,238.071243,279.372498,231.442383,255.287109,258.182526,212.997574
3226,3.405556,52.921036,304.117737,15.500885,120.712250,293.519073,-33.070595,179.022781,279.961029,-74.553505,76.244652,302.524475,43.443844,102.922783,294.260254,20.625603,131.216797,285.539368,-0.851926,159.804398,275.872345,-23.769281,195.732285,267.512909,-46.798832,97.468422,301.205811,69.733665,123.661057,290.493011,49.158508,150.929016,279.255737,26.907812,177.138870,266.752258,5.198837,211.938538,257.118378,-19.515846,120.657768,299.592865,99.138542,144.988647,285.799133,77.140297,171.289856,272.538177,55.360802,197.140900,258.750061,33.812901,229.727905,245.867752,9.227603,144.650681,297.399536,127.789215,166.250641,280.433258,108.496056,191.663162,265.164734,85.521255,216.776260,249.224365,63.784294,247.922333,235.842789,38.879856,173.765411,294.822998,161.140182,194.185013,275.466614,141.750671,216.258240,256.177124,120.661835,239.164551,238.634705,99.918488,264.142975,226.300659,79.450653,198.110901,293.024353,187.711563,216.166306,270.813263,170.799759,236.807434,251.066711,149.415070,251.818451,238.523483,134.317139,269.932404,226.832916,119.580414,222.715942,291.157135,215.144608,239.648193,268.644073,197.630081,254.454407,251.770493,183.835297,267.480011,238.171631,169.724457,238.389954,289.623962,231.725296,256.044830,268.324738,213.649429
3227,3.408333,52.891335,304.717163,15.457187,120.722542,294.102844,-33.050850,179.206055,280.686920,-74.340706,76.234879,304.336365,43.338089,103.061852,296.144470,20.632946,131.483276,287.558746,-0.768667,160.244049,277.932404,-23.478024,196.216797,269.560455,-46.425514,97.483124,304.181183,69.590126,123.886940,293.607391,49.200352,151.371368,282.531372,27.100731,177.785583,270.127411,5.557057,212.690643,260.512726,-19.052038,120.706650,303.818909,99.038918,145.374695,290.240143,77.262779,171.911835,277.089264,55.632572,198.024872,263.464966,34.295506,230.820221,250.702621,9.898901,144.734116,302.929535,127.735214,166.742752,286.165985,108.659271,192.513626,271.050049,85.885994,217.933487,255.223953,64.390335,249.349442,242.158752,39.651348,173.857407,301.943298,161.160263,194.776169,282.707428,142.011963,217.330505,263.573639,121.175583,240.647095,246.154160,100.665886,265.850830,234.064194,80.339867,198.201767,301.320526,187.761154,216.826523,279.275940,171.132019,237.985489,259.696747,150.001266,253.287674,247.239670,135.078156,271.655273,235.691940,120.452911,222.808884,300.722382,215.242188,240.275223,278.232758,198.080078,255.554733,261.541992,184.483994,268.948395,248.069427,170.504883,238.485413,299.956573,231.876190,256.616577,278.647888,214.162155
3228,3.411111,52.857853,305.315765,15.395825,120.731239,294.709564,-33.038517,179.393204,281.463318,-74.137047,76.195778,306.145447,43.204849,103.179985,298.065735,20.612906,131.735748,289.650787,-0.720463,160.686005,280.107635,-23.217867,196.704849,271.742737,-46.085320,97.452339,307.159119,69.395912,124.076462,296.782532,49.192024,151.789536,285.925262,27.233368,178.433731,273.708405,5.851513,213.443390,264.152222,-18.660686,120.683029,308.047180,98.871872,145.707382,294.756592,77.305649,172.495422,281.792572,55.818527,198.891937,268.411072,34.681984,231.908661,255.834641,10.467788,144.717438,308.463989,127.593445,167.162415,291.995087,108.714294,193.315353,277.116638,86.132797,219.065659,261.497314,64.866241,250.766785,248.835159,40.278210,173.816223,309.060089,161.069016,195.263412,290.056732,142.142227,218.331238,271.184174,121.534538,242.086044,253.987396,101.245819,267.538391,242.228912,81.049019,198.134598,309.626984,187.681931,217.363220,287.862244,171.305130,239.070404,268.556793,150.406174,254.688797,256.260223,135.643204,273.328796,244.935257,121.122139,222.715881,310.297333,215.193390,240.749161,287.938049,198.356964,256.527832,271.519440,184.939438,270.313263,258.255066,171.074539,238.380447,310.303802,231.865814,257.012543,289.082672,214.499084
3229,3.413889,52.821045,305.910736,15.315706,120.737053,295.330933,-33.036922,179.580124,282.276611,-73.948875,76.129524,307.939117,43.043571,103.273148,300.001373,20.562166,131.966141,291.785583,-0.713479,161.116974,282.364349,-22.999222,197.183472,274.028412,-45.790249,97.380196,310.118439,69.149261,124.225067,299.985474,49.127506,152.171707,289.396179,27.295662,179.063644,277.448181,6.065635,214.176498,267.992859,-18.361235,120.594543,312.249298,98.632423,145.981766,299.306671,77.259598,173.027344,286.596985,55.905640,199.719772,273.528870,34.954029,232.965149,261.200714,10.910906,144.611969,313.967133,127.355072,167.505417,297.870544,108.650269,194.052826,283.304749,86.245819,220.146942,267.976440,65.190750,252.139862,255.794083,40.734230,173.659332,316.132172,160.851868,195.646439,297.459045,142.124512,219.244080,278.941071,121.718979,243.453812,262.057709,101.633614,269.168335,250.707687,81.549049,197.929565,317.893616,187.456238,217.780228,296.512726,171.298218,240.048370,277.574677,150.606613,255.997803,265.506195,135.986252,274.919861,254.473923,121.558716,222.461655,319.825012,214.976776,241.080963,297.698578,198.433624,257.369415,281.632050,185.173553,271.557587,268.648560,171.403854,238.101959,320.604797,231.669449,257.248260,299.566711,214.628204
3230,3.416667,52.781242,306.499451,15.216746,120.739212,295.959686,-33.048668,179.763535,283.113464,-73.781593,76.038727,309.705109,42.854797,103.338615,301.930206,20.478977,132.168060,293.935028,-0.751252,161.525787,284.669708,-22.829432,197.640793,276.385773,-45.550079,97.270927,313.038330,68.851051,124.329803,303.184326,49.002979,152.508469,292.904297,27.280813,179.657776,281.299683,6.186749,214.872360,271.990479,-18.168915,120.449455,316.398376,98.318359,146.194595,303.850037,77.118935,173.496872,291.452728,55.885117,200.488998,278.759644,35.098648,233.964462,266.737915,11.210382,144.429932,319.404907,127.014862,167.769821,303.744568,108.461044,194.713333,289.556946,86.214226,221.155197,274.594879,65.348541,253.437790,262.957367,41.000374,173.405045,323.120239,160.499084,195.927292,304.862549,141.946793,220.056488,286.780426,121.715080,244.727066,270.291168,101.811455,270.707855,259.414276,81.819221,197.607727,326.073242,187.072159,218.084030,305.171906,171.096130,240.909607,286.682770,150.585876,257.195038,274.902710,136.088486,276.399780,264.222260,121.741684,222.071762,329.252289,214.577530,241.283951,307.457886,198.289658,258.078949,291.814636,185.165024,272.669189,279.175537,171.470627,237.677856,330.802765,231.269623,257.341614,310.043060,214.524750
3231,3.419444,52.738270,307.078674,15.100491,120.737244,296.589600,-33.075222,179.940811,283.961639,-73.639481,75.926262,311.432007,42.640186,103.375107,303.833557,20.363041,132.337021,296.074188,-0.834738,161.903687,286.993439,-22.712828,198.066467,278.784515,-45.371929,97.128563,315.898865,68.504738,124.389557,306.350128,48.816628,152.793030,296.413422,27.185320,180.201279,285.217590,6.206678,215.515839,276.101379,-18.094137,120.255981,320.468903,97.930511,146.344452,308.349335,76.882179,173.896088,296.313599,55.752602,201.183655,284.047699,35.108517,234.885223,272.384827,11.354854,144.183395,324.744659,126.572060,167.955627,309.572906,108.145279,195.287079,295.819672,86.032600,222.072021,281.289490,65.330910,254.633636,270.248413,41.065399,173.070740,329.986816,160.006927,196.109604,312.219574,141.602707,220.759430,294.643402,121.515373,245.886475,278.618469,101.768822,272.128418,268.264954,81.847733,197.189301,334.120239,186.524918,218.282150,313.787598,170.690903,241.647430,295.818695,150.334229,258.264771,284.379730,135.939026,277.744720,274.099884,121.658798,221.570404,338.528015,213.989182,241.371582,317.162750,197.913040,258.657776,302.006653,184.900848,273.639099,289.767334,171.261108,237.134460,340.842896,230.658081,257.310120,320.457886,214.173309
3232,3.422222,52.691483,307.644287,14.969944,120.730865,297.215820,-33.116955,180.109512,284.810699,-73.525650,75.795219,313.109039,42.402496,103.382751,305.696014,20.215221,132.470459,298.182251,-0.962594,162.244247,289.309021,-22.651119,198.452621,281.198151,-45.259922,96.957123,318.681458,68.115700,124.405045,309.457947,48.568604,153.021271,299.892242,27.008821,180.682541,289.160187,6.122016,216.094620,280.283600,-18.142115,120.021942,324.436371,97.473015,146.431641,312.771484,76.551880,174.219772,301.138519,55.507927,201.791428,289.342072,34.981731,235.710220,278.083679,11.339519,143.883392,329.954834,126.030800,168.064560,315.316223,107.705818,195.767059,302.044495,85.700867,222.882828,288.002014,65.135674,255.705200,277.594330,40.925762,172.671951,336.695190,159.378281,196.197723,319.486328,141.092041,221.346802,302.477173,121.118759,246.916489,286.976074,101.502495,273.405823,277.180176,81.631775,196.692261,341.989441,185.817871,218.381729,322.310425,170.082535,242.257355,304.925354,149.849274,259.194550,293.872833,135.535110,278.934998,284.032623,121.306450,220.978775,347.601196,213.214890,241.355743,326.761414,197.301086,259.107605,312.151123,184.377258,274.460480,300.360138,170.770477,236.494705,350.670349,229.837219,257.168671,330.757935,213.569214
3233,3.425000,52.640430,308.192047,14.828695,120.719902,297.834595,-33.173477,180.267334,285.652802,-73.442116,75.648865,314.726105,42.145412,103.362862,307.505493,20.037291,132.567520,300.242737,-1.131640,162.543335,291.594910,-22.644054,198.793869,283.606079,-45.215485,96.760818,321.368774,67.690857,124.378410,312.487000,48.261215,153.191360,303.314819,26.753899,181.093155,293.090179,5.933961,216.599304,284.498169,-18.312866,119.754570,328.276855,96.953300,146.458008,317.088074,76.133949,174.465256,305.892639,55.154652,202.303665,294.598267,34.721138,236.426758,283.782196,11.165206,143.539749,335.004578,125.400070,168.099701,320.940491,107.149101,196.149124,308.188965,85.223907,223.576797,294.680634,64.766716,256.635590,284.928894,40.584953,172.221985,343.208710,158.622925,196.196335,326.622864,140.420654,221.814758,310.234802,120.530266,247.804977,295.307129,101.016037,274.520660,286.086731,81.176529,196.131821,349.634583,184.962860,218.388901,330.692841,169.278946,242.736435,313.950714,149.135880,259.974670,303.323151,134.881882,279.955139,293.952911,120.688911,220.314804,356.419617,212.267670,241.246094,336.202118,196.461014,259.429749,322.193237,183.599594,275.128052,310.894562,170.002853,235.777679,360.228394,228.820526,256.928986,340.889130,212.718903
3234,3.427778,52.585262,308.718018,14.680243,120.704346,298.443085,-33.243809,180.412033,286.483521,-73.390007,75.490639,316.273743,41.873402,103.317612,309.252625,19.831741,132.628799,302.243652,-1.337596,162.798965,293.834991,-22.690102,199.087082,285.994812,-45.238243,96.544113,323.944702,67.238365,124.312889,315.420227,47.899048,153.303284,306.660095,26.425724,181.427933,296.975342,5.647716,217.023254,288.709045,-18.601692,119.460648,331.966675,96.381683,146.426834,321.274933,75.637070,174.632111,310.547028,54.699371,202.715240,299.778931,34.333405,237.026505,289.435486,10.837037,143.161194,339.863342,124.693169,168.065125,326.416077,106.484909,196.431671,314.216797,84.610886,224.146744,301.280731,64.232918,257.413055,292.195007,40.052231,171.732193,349.489929,157.757263,196.110291,333.591797,139.600220,222.161438,317.874786,119.760368,248.543045,303.561127,100.318954,275.458282,294.920105,80.493500,195.520859,357.008331,183.979446,218.308807,338.888458,168.295547,243.083038,322.846771,148.205704,260.597809,312.677094,133.991470,280.793427,303.799866,119.817467,219.593414,364.928864,211.169754,241.050262,345.432159,195.409271,259.625610,332.079651,182.581741,275.637543,321.314362,168.970383,234.999207,369.457672,227.631821,256.600067,350.795471,211.639191
3235,3.430556,52.526680,309.218658,14.527874,120.684189,299.038849,-33.326488,180.542068,287.301544,-73.369705,75.324188,317.742981,41.591408,103.249825,310.930084,19.601599,132.656036,304.177032,-1.575916,163.011078,296.017822,-22.786825,199.330887,288.356506,-45.326981,96.311806,326.393921,66.767059,124.212448,318.243256,47.488667,153.358429,309.911194,26.031534,181.684494,300.788666,5.271419,217.362289,292.882751,-19.000032,119.146751,335.482697,95.770683,146.342316,325.311035,75.072227,174.721970,315.078003,54.151031,203.024139,304.854248,33.827789,237.505005,295.007202,10.363309,142.755966,344.500549,123.926949,167.965744,331.716248,105.726013,196.615402,320.096680,83.874626,224.588669,307.764923,63.546917,258.030884,299.346130,39.341179,171.212891,355.500549,156.803268,195.944763,340.357086,138.647491,222.386749,325.359680,118.824165,249.124832,311.693573,99.425537,276.209045,303.625824,79.598656,194.870941,364.062164,182.893585,218.146347,346.851105,167.154465,243.296951,331.568451,147.076599,261.059143,321.885895,132.881439,281.441986,313.518921,118.709129,218.828140,373.072693,209.950790,240.775085,354.397583,194.170654,259.697083,341.758026,181.344742,275.986511,331.566315,167.692154,234.173492,378.296112,226.303574,256.189575,360.419220,210.355835
3236,3.433333,52.465755,309.690552,14.374708,120.659546,299.619904,-33.419792,180.656921,288.107971,-73.380669,75.153381,319.125275,41.304596,103.162727,312.531952,19.350355,132.651794,306.038147,-1.842129,163.181122,298.135925,-22.931082,199.525284,290.687195,-45.480072,96.069023,328.702179,66.286163,124.081604,320.943787,47.038162,153.359299,313.054352,25.580023,181.862823,304.508301,4.814750,217.614395,296.988525,-19.496580,118.819519,338.802307,95.134445,146.209717,329.177399,74.452019,174.738098,319.465973,53.520206,203.231079,309.801086,33.214977,237.860931,300.469360,9.754730,142.332489,348.885712,123.120682,167.807327,336.815674,104.887566,196.702927,325.801239,83.030823,224.901428,314.102203,62.723793,258.486542,306.345947,38.468143,170.674454,361.201538,155.786835,195.705612,346.883026,137.583496,222.492432,332.654694,117.740425,249.547852,319.665497,98.353561,276.767975,312.160187,78.510551,194.193787,370.746796,181.735535,217.907104,354.534363,165.883133,243.379791,340.072388,145.771484,261.356873,330.904907,131.573456,281.896790,323.061829,117.384872,218.032669,380.793854,208.645523,240.427856,363.043274,192.776413,259.647705,351.176422,179.915329,276.174744,341.599274,166.192978,233.314987,386.680054,224.874207,255.705383,369.700867,208.901657
3237,3.436111,52.403828,310.130676,14.223768,120.630562,300.184906,-33.522091,180.756683,288.904785,-73.421242,74.982315,320.412415,41.018314,103.059753,314.052948,19.082146,132.619080,307.823608,-2.131709,163.311722,300.183929,-23.119083,199.671280,292.984009,-45.695297,95.821266,330.855377,65.805351,123.925262,323.510406,46.556698,153.309387,316.077911,25.080696,181.964874,308.117157,4.287724,217.779724,300.999908,-20.078714,118.486053,341.903168,94.488251,146.035324,332.856049,73.790016,174.685333,323.694031,52.818501,203.338959,314.602081,32.506516,238.095215,305.801208,9.023541,141.900070,352.988586,122.294907,167.596771,341.689392,103.986572,196.698730,331.305542,82.096992,225.086548,320.267181,61.779869,258.780792,313.167145,37.450935,170.128387,366.554108,154.735764,195.400055,353.133514,136.432419,222.482361,339.726440,116.530647,249.812958,327.442352,97.123085,277.134186,320.489960,77.248634,193.502777,377.013123,180.537842,217.598282,361.891602,164.512589,243.335510,348.316193,144.316971,261.492157,339.692810,130.092270,282.157806,332.386658,115.867889,217.222672,388.035034,207.291367,240.017609,371.313568,191.262238,259.483490,360.283264,178.324280,276.204956,351.363617,164.502258,232.440369,394.545532,223.385483,255.157059,378.579742,207.314468
3238,3.438889,52.342411,310.536041,14.078002,120.597549,300.732849,-33.631905,180.841187,289.693359,-73.488342,74.815163,321.596252,40.738274,102.944527,315.487610,18.801874,132.561279,309.530273,-2.439954,163.405960,302.157440,-23.346230,199.770370,295.243805,-45.969685,95.574539,332.839508,65.334709,123.748741,325.932343,46.054176,153.213150,318.971619,24.543253,181.994171,311.602356,3.700063,217.860245,304.896545,-20.734072,118.154228,344.763611,93.847961,145.826614,336.329559,73.100327,174.569931,327.746643,52.058331,203.352356,319.243256,31.714619,238.210739,310.987640,8.182487,141.469452,356.779663,121.470520,167.342361,346.312225,103.041267,196.609177,336.585815,81.091644,225.148087,326.238495,60.731968,258.917480,319.789215,36.307575,169.588196,371.520752,153.677887,195.037277,359.071869,135.220657,222.362823,346.542023,115.218460,249.924377,334.993286,95.755455,277.310608,328.590607,75.832062,192.814011,382.813171,179.333466,217.229584,368.876404,163.075806,243.170898,356.257812,142.742386,261.469757,348.210266,128.465057,282.228729,341.456879,114.182564,216.416977,394.740021,205.926331,239.556091,379.153046,189.666046,259.213409,369.027191,176.605331,276.083221,360.810120,162.653076,231.569794,401.829376,221.880005,254.557312,386.994781,205.634995
3239,3.441667,52.283176,310.903839,13.940170,120.560951,301.262848,-33.747601,180.909592,290.473419,-73.577698,74.656166,322.668793,40.470528,102.820869,316.830048,18.515104,132.481979,311.154358,-2.762012,163.467316,304.051880,-23.606958,199.824356,297.462738,-46.299538,95.335426,334.640869,64.884438,123.557991,328.198364,45.541054,153.075943,321.725800,23.977242,181.955643,314.954163,3.061136,217.859573,308.664459,-21.451553,117.832962,347.362732,93.229370,145.592117,339.580231,72.397545,174.399307,331.608612,51.252964,203.277145,323.712860,30.851961,238.212219,316.017548,7.244240,141.052750,360.230499,120.668259,167.053772,350.658813,102.070923,196.442642,341.619232,80.033707,225.092255,331.997467,59.597023,258.902924,326.196228,35.055710,169.069717,376.065979,152.639984,194.628799,364.661560,133.975830,222.142609,353.068451,113.828972,249.889511,342.289642,94.272797,277.303436,336.443451,74.279724,192.146545,388.101074,178.154449,216.813553,375.442993,161.606689,242.895721,363.855469,141.078949,261.297668,356.419128,126.721039,282.116699,350.240082,112.354317,215.637970,400.854706,204.587509,239.058243,386.507477,188.026337,258.849823,377.357208,174.794250,275.819427,369.889526,160.681427,230.727493,408.470795,220.399033,253.922668,394.886200,203.904831
3240,3.444444,52.227913,311.231689,13.812709,120.521423,301.773468,-33.867085,180.960754,291.243652,-73.684753,74.509705,323.622223,40.221252,102.692924,318.073883,18.227850,132.384949,312.691162,-3.092898,163.499634,305.862152,-23.894749,199.835266,299.636078,-46.680447,95.111076,336.246033,64.464561,123.359543,330.296997,45.028111,152.904083,324.330750,23.392015,181.855225,318.164734,2.380256,217.782471,312.294983,-22.221388,117.532135,349.681061,92.647606,145.341415,342.590240,71.696663,174.181839,335.264771,50.416458,203.120392,327.999817,29.931589,238.105881,320.881622,6.221457,140.663452,363.314148,119.908310,166.742050,354.703339,101.095543,196.209290,346.383087,78.942406,224.927261,337.526703,58.392155,258.745758,332.374634,33.712715,168.590973,380.156830,151.647049,194.188675,369.866394,132.725922,221.833054,359.272400,112.388374,249.718689,349.304016,92.697914,277.121796,344.032532,72.611008,191.522095,392.833771,177.030975,216.365570,381.546906,160.138947,242.522873,371.067322,139.359421,260.987335,364.281586,124.891113,281.832001,358.705750,110.410202,214.911255,406.328400,203.309937,238.542267,393.324768,186.380997,258.408417,385.222809,172.928375,275.427002,378.552185,158.625458,229.941422,414.413361,218.980606,253.273361,402.196564,202.164749
3241,3.447222,52.178505,311.517700,13.697795,120.479813,302.262817,-33.987759,180.994049,292.003082,-73.806129,74.380219,324.449371,39.996471,102.565010,319.212616,17.946388,132.274200,314.135254,-3.427476,163.507141,307.582550,-24.202335,199.805527,301.758362,-47.107243,94.908882,337.642853,64.084503,123.160347,332.216614,44.526184,152.704651,326.777008,22.796783,181.699707,321.226593,1.667170,217.634827,315.782104,-23.034410,117.262199,351.700897,92.116798,145.084702,345.341583,71.012840,173.926666,338.699615,49.563633,202.890396,332.093048,28.967155,237.899277,325.571259,5.127192,140.315689,366.005798,119.209648,166.419342,358.419830,100.135681,195.920776,350.854889,77.837387,224.663025,342.809235,57.135109,258.456482,338.311554,32.296314,168.171524,383.763519,150.721619,193.732910,374.651154,131.498734,221.447861,365.120300,110.923836,249.424789,356.008698,91.055130,276.777496,351.341736,70.846779,190.964005,396.971924,175.990799,215.903549,387.145813,158.705612,242.068176,377.851898,137.617477,260.553253,371.759766,123.007912,281.388000,366.823303,108.379745,214.264450,411.114838,202.125702,238.029144,399.555725,184.766647,257.907776,392.574524,171.046173,274.923035,386.748688,156.525040,229.242050,419.605896,217.658463,252.632675,408.871826,200.454056
3242,3.450000,52.136795,311.760284,13.597490,120.437073,302.728851,-34.107006,181.009415,292.751740,-73.940079,74.271904,325.143921,39.801720,102.441498,320.240051,17.677025,132.153641,315.481079,-3.760494,163.494476,309.206848,-24.521889,199.738129,303.823303,-47.573860,94.736084,338.820465,63.752815,122.967415,333.945801,44.045998,152.485260,329.055145,22.200798,181.496231,324.131866,0.932585,217.423508,319.120331,-23.880896,117.033546,353.406921,91.649635,144.832458,347.816925,70.361015,173.643463,341.897430,48.710117,202.596329,335.980560,27.973288,237.601151,330.077240,3.975581,140.023590,368.283691,118.589279,166.098297,361.782776,99.212189,195.589844,355.012146,76.738770,224.310699,347.827423,55.844860,258.047394,343.993500,30.825397,167.831131,386.860474,149.883102,193.278946,378.982269,130.321671,221.002579,370.578400,109.463631,249.022644,362.374603,89.371284,276.284973,358.352173,69.010887,190.495804,400.480988,175.058578,215.446808,392.200165,157.338425,241.549759,384.168365,135.887665,260.012634,378.815125,121.106186,280.800812,374.560394,106.295944,213.725510,415.173492,201.062927,237.541458,405.154694,183.218307,257.368683,399.364288,169.186874,274.327454,394.429993,154.421722,228.660400,424.003632,216.461685,252.025909,414.861816,198.810532
3243,3.452778,52.104431,311.958466,13.513639,120.394226,303.170410,-34.222668,181.007217,293.490326,-74.085876,74.188354,325.700806,39.641739,102.326492,321.150665,17.425756,132.027069,316.723389,-4.086748,163.466583,310.728516,-24.845108,199.636673,305.823547,-48.073189,94.599319,339.769867,63.476952,122.787544,335.473969,43.597889,152.253510,331.155975,21.613638,181.252228,326.871429,0.188564,217.156433,322.302826,-24.749336,116.855865,354.786560,91.256882,144.594879,350.000183,69.755569,173.342285,344.842346,47.872341,202.248123,339.649261,26.965954,237.221375,334.388947,2.782726,139.800354,370.130066,118.061508,165.791656,364.767731,98.345627,195.229843,358.832489,75.667168,223.882553,352.562775,54.542046,257.532471,349.405548,29.320930,167.588287,389.427216,149.147217,192.844345,382.828094,129.221359,220.514099,375.613159,108.037079,248.528687,368.370728,87.676323,275.661072,365.039825,67.131813,190.139450,403.332245,174.255157,215.015106,396.673889,156.067612,240.987534,389.976807,134.205032,259.384888,385.408051,119.223106,280.089417,381.881073,104.196053,213.320633,418.470642,200.145508,237.102142,410.079987,181.769180,256.812897,405.546204,167.390152,273.662445,401.547760,152.358612,228.225632,427.569183,215.414597,251.478851,420.120392,197.270782
3244,3.455556,52.082718,312.111816,13.447576,120.352295,303.587616,-34.333042,180.988037,294.219788,-74.243141,74.132210,326.116486,39.520172,102.223602,321.939972,17.197987,131.897934,317.857788,-4.401442,163.428528,312.140930,-25.163252,199.505371,307.750549,-48.596870,94.504196,340.484192,63.263008,122.626953,336.791626,43.191498,152.016510,333.070618,21.045269,180.975357,329.434937,-0.551512,216.842636,325.320374,-25.625753,116.737259,355.830597,90.947006,144.381287,351.877197,69.209862,173.033127,347.518738,47.067280,201.856400,343.084778,25.962673,236.771149,338.493469,1.567565,139.657043,371.531799,117.637360,165.511368,367.352692,97.555473,194.854248,362.294189,74.643417,223.391617,356.995514,53.249088,256.927185,354.530121,27.806770,167.458374,391.449249,148.525864,192.445892,386.159760,128.223282,220.000000,380.191559,106.674225,247.960571,373.964050,86.003220,274.925201,371.373993,65.244011,189.913513,405.503967,173.597092,214.627258,400.535095,154.921310,240.402283,395.238190,132.605209,258.691498,391.497864,117.398239,279.275360,388.744843,102.122154,213.072128,420.980530,199.392593,236.732834,414.294281,180.450485,256.262421,411.076141,165.695908,272.951538,408.054291,150.380569,227.962555,430.273468,214.536346,251.016083,424.605499,195.870270
3245,3.458333,52.072510,312.220367,13.400002,120.312126,303.981384,-34.436756,180.952530,294.941040,-74.411339,74.105095,326.388916,39.439449,102.135780,322.604858,16.998287,131.769348,318.881195,-4.700651,163.385284,313.437561,-25.467379,199.349030,309.594666,-49.135414,94.454849,340.959076,63.115463,122.490990,337.891449,42.835247,151.780853,334.790741,20.505842,180.673721,331.811279,-1.273588,216.492416,328.160767,-26.493584,116.683556,356.533752,90.725990,144.199753,353.436554,68.735672,172.725754,349.911621,46.311962,201.432434,346.271240,24.982477,236.263214,342.374176,0.352331,139.601746,372.480957,117.324493,165.268097,369.519318,96.859093,194.476212,365.376678,73.688103,222.851883,361.104095,51.990021,256.248657,359.345734,26.310225,167.452255,392.918427,148.027283,192.098740,388.952148,127.350761,219.478043,384.281799,105.405418,247.337036,379.119446,84.387459,274.099365,377.317230,63.387638,189.831482,406.982361,173.095978,214.300323,403.756622,153.924820,239.815125,399.914368,131.124237,257.955536,397.042267,115.673050,278.383362,395.105499,100.120995,212.996216,422.686462,198.818085,236.452621,417.765350,179.290955,255.738800,415.911804,164.143921,272.219452,413.901520,148.533890,227.889450,432.097473,213.840378,250.659729,428.280060,194.642624
3246,3.461111,52.074181,312.284363,13.371061,120.274330,304.352844,-34.532677,180.901443,295.654358,-74.589539,74.107498,326.517639,39.400753,102.065193,323.143494,16.830246,131.644028,319.791107,-4.981429,163.341690,314.612213,-25.748919,199.173019,311.344940,-49.678459,94.453758,341.192535,63.036880,122.383789,338.768341,42.535973,151.552612,336.308807,20.005396,180.356018,333.988800,-1.963684,216.117264,330.809265,-27.334078,116.697845,356.894501,90.597000,144.056671,354.670013,68.342537,172.429504,352.007111,45.622700,200.988205,349.191010,24.045557,235.712173,346.010010,-0.837625,139.638824,372.974915,117.127052,165.070694,371.253815,96.270836,194.108475,368.060913,72.820885,222.278366,364.865021,50.790253,255.516083,363.826080,24.862148,167.575485,393.833252,147.655762,191.815933,391.184998,126.623703,218.965958,387.853455,104.260414,246.678299,383.799957,82.865860,273.208618,382.825806,61.606968,189.900604,407.762299,172.758392,214.048813,406.316162,153.099823,239.247345,403.967773,129.797638,257.202087,401.997559,114.089920,277.441772,400.911255,98.242615,213.101456,423.581848,198.430267,236.276947,420.466736,178.315994,255.262909,420.012787,162.772644,271.492493,419.040222,146.865570,228.016235,433.032898,213.334183,250.428406,431.113190,193.617905
3247,3.463889,52.087669,312.304352,13.360409,120.239311,304.702515,-34.619911,180.835770,296.359283,-74.776169,74.139023,326.503632,39.404030,102.013206,323.555237,16.696421,131.524414,320.585297,-5.241368,163.302277,315.659302,-26.000198,198.983215,312.989441,-50.215015,94.501564,341.185333,63.027695,122.308205,339.419464,42.298767,151.337433,337.617737,19.553555,180.031647,335.955322,-2.608406,215.729797,333.248596,-28.127237,116.780373,356.915161,90.560478,143.956665,355.572449,68.037300,172.153259,353.792511,45.014355,200.536636,351.824585,23.172621,235.134674,349.375122,-1.974715,139.768738,373.016327,117.045654,164.926147,372.546967,95.801529,193.763092,370.329346,72.059822,221.687561,368.252014,49.676090,254.751297,367.939423,23.496117,167.827652,394.198578,147.411591,191.608200,392.843048,126.057747,218.481537,390.877747,103.267113,246.006271,387.966553,81.475166,272.281433,387.850220,59.948048,190.121307,407.847595,172.585922,213.884674,408.196381,152.463593,238.720459,407.362030,128.658661,256.458282,406.318451,112.690521,276.483002,406.105133,96.537987,213.387985,423.670685,198.231689,236.217178,422.378601,177.546631,254.855301,423.341003,161.617355,270.798920,423.420593,145.421051,228.343445,433.082886,213.019363,250.335938,433.082062,192.820374
3248,3.466667,52.112560,312.281097,13.367203,120.207443,305.030212,-34.697639,180.757004,297.054138,-74.968880,74.198402,326.349152,39.448021,101.980537,323.840393,16.598473,131.412720,321.261078,-5.477947,163.271164,316.573425,-26.214546,198.786072,314.515045,-50.733509,94.597107,340.940521,63.086273,122.265846,339.843842,42.126896,151.140686,338.710663,19.159157,179.710556,337.698334,-3.195252,215.343536,335.459442,-28.853123,116.928810,356.601440,90.614349,143.902527,356.141449,67.824127,171.905655,355.256073,44.499905,200.091705,354.150543,22.384094,234.549500,352.439545,-3.030556,139.988235,372.612640,117.077538,164.839600,373.393219,95.458443,193.451782,372.165497,71.420837,221.097824,371.235535,48.673977,253.979004,371.649017,22.246786,168.202408,394.024597,147.291428,191.484161,393.915680,125.663834,218.042725,393.327759,102.450020,245.345337,391.578308,80.250412,271.350128,392.335999,58.456276,190.487244,407.250519,172.575806,213.817123,409.384491,152.028717,238.256378,410.063019,127.736252,255.753036,409.959564,111.513283,275.543701,410.627472,95.055565,213.847183,422.966949,198.219879,236.280502,423.488098,176.998474,254.535980,425.862183,160.707901,270.168793,426.994019,144.241135,228.861816,432.261169,212.892014,250.390503,434.173126,192.266815
3249,3.469444,52.148197,312.215729,13.390044,120.179260,305.335022,-34.765110,180.667404,297.735809,-75.164474,74.283638,326.057526,39.530243,101.967392,323.999756,16.537390,131.311264,321.815002,-5.688073,163.251968,317.348907,-26.386171,198.588516,315.907288,-51.221874,94.737640,340.463593,63.209072,122.257233,340.041748,42.021770,150.967636,339.580658,18.829988,179.403152,339.204926,-3.712475,214.972565,337.420776,-29.493176,117.138649,355.961761,90.754463,143.895782,356.376465,67.704910,171.695068,356.386353,44.090343,199.668594,356.145477,21.699413,233.977341,355.169708,-3.977530,140.290726,371.775146,117.217186,164.814926,373.789581,95.245743,193.185944,373.553345,70.917374,220.530060,373.782532,47.809650,253.226913,374.913147,21.147989,168.687500,393.325104,147.289505,191.450348,394.396088,125.448524,217.667404,395.178619,101.829124,244.722321,394.593414,79.223267,270.450806,396.225342,57.174049,190.985764,405.990143,172.721878,213.852676,409.871765,151.803009,237.876633,412.040192,127.053154,255.116257,412.877930,110.590538,274.663239,414.419189,93.837685,214.462402,421.493134,198.388474,236.469803,423.789307,176.681259,254.323547,427.547394,160.066788,269.632019,429.717072,143.358597,229.552887,430.590729,212.943970,250.593567,434.382416,191.966354
3250,3.472222,52.193829,312.109894,13.426804,120.155693,305.615082,-34.821663,180.570236,298.399323,-75.359039,74.392090,325.633118,39.647263,101.973755,324.034088,16.513815,131.222626,322.242645,-5.867863,163.247849,317.980103,-26.510157,198.398010,317.150330,-51.667736,94.919014,339.761383,63.391186,122.282028,340.013885,41.983292,150.823547,340.219940,18.572868,179.120346,340.461456,-4.148532,214.631073,339.110596,-30.031317,117.403580,355.006317,90.975212,143.936905,356.277924,67.680054,171.529846,357.171448,43.794811,199.283722,357.784088,21.136654,233.440750,357.529022,-4.789765,140.666626,370.517426,117.457642,164.854568,373.734711,95.165054,192.976761,374.476807,70.560402,220.007706,375.856964,47.107430,252.525421,377.685822,20.231186,169.265106,392.114471,147.398972,191.510757,394.280945,125.414299,217.372467,396.408112,101.419083,244.165390,396.970734,78.420425,269.622437,399.459564,56.138573,191.598785,404.090149,173.016159,213.994781,409.653503,151.789276,237.600800,413.268616,126.624763,254.576828,415.035919,109.946480,273.881226,417.426056,92.917656,215.209747,419.277832,198.728790,236.783142,423.282928,176.598999,254.233566,428.375000,159.707870,269.216034,431.554352,142.796204,230.390228,428.100830,213.164413,250.939575,433.714905,191.920792
3251,3.475000,52.248707,311.965820,13.474486,120.138351,305.867737,-34.866760,180.470078,299.037628,-75.547821,74.520706,325.080597,39.795242,101.999672,323.943573,16.528421,131.149857,322.538239,-6.012484,163.261261,318.461670,-26.582602,198.222305,318.226868,-52.058834,95.135742,338.842041,63.626945,122.339348,339.760620,42.010670,150.713913,340.619537,18.394051,178.873611,341.452972,-4.491700,214.332901,340.507446,-30.454554,117.715668,353.746338,91.270294,144.025467,355.846344,67.749115,171.417923,357.598999,43.620674,198.954269,359.039825,20.712326,232.963623,359.478577,-5.443460,141.103714,368.854218,117.791771,164.959213,373.228668,95.215988,192.834595,374.920410,70.358673,219.555542,377.421722,46.589142,251.906448,379.918793,19.524338,169.912216,390.405182,147.613495,191.665924,393.570251,125.559998,217.172424,396.997772,101.229095,243.701935,398.672180,77.862450,268.903961,401.983429,55.379955,192.303757,401.576141,173.450226,214.242554,408.730255,151.985580,237.444290,413.730316,126.459000,254.160248,416.403412,109.596718,273.234039,419.601746,92.318550,216.060013,416.352539,199.231400,237.212952,421.976624,176.750565,254.276306,428.332245,159.636581,268.942505,432.480835,142.566284,231.341446,424.823975,213.541473,251.415909,432.183014,192.126144
3252,3.477778,52.312134,311.786285,13.529415,120.129662,306.089142,-34.899658,180.373138,299.640839,-75.724930,74.666130,324.404755,39.970448,102.045303,323.727325,16.582222,131.096802,322.694183,-6.116101,163.293961,318.788330,-26.600851,198.069244,319.119141,-52.383457,95.381012,337.713989,63.910603,122.427910,339.281372,42.103172,150.644257,340.768890,18.299620,178.674973,342.163116,-4.730118,214.091370,341.590973,-30.752487,118.065392,352.192963,91.633698,144.159790,355.082367,67.911263,171.366180,357.656677,43.573704,198.697021,359.886139,20.440905,232.570007,360.979492,-5.917349,141.587357,366.800171,118.212944,165.127029,372.272858,95.396698,192.768066,374.869934,70.318825,219.197281,378.441986,46.272755,251.400970,381.565369,19.050835,170.600983,388.204254,147.928894,191.911819,392.267761,125.881668,217.077637,396.933685,101.263474,243.355957,399.665039,77.563400,268.330780,403.748444,54.920204,193.074936,398.473846,174.016022,214.589417,407.108093,152.385788,237.416183,413.415100,126.557350,253.886078,416.958618,109.549103,272.751556,420.910156,92.053581,216.980331,412.748718,199.887054,237.745117,419.884583,177.131104,254.454254,427.416107,159.850967,268.824402,432.482483,142.671890,232.370438,420.792297,214.063385,252.004181,429.804626,192.574585
3253,3.480556,52.383408,311.573975,13.587902,120.132851,306.273438,-34.918720,180.287186,300.195190,-75.882629,74.824638,323.609894,40.169525,102.110931,323.383301,16.676598,131.067780,322.701233,-6.172154,163.346710,318.955261,-26.563677,197.946442,319.809631,-52.631012,95.646782,336.385559,64.236794,122.545982,338.574768,42.260494,150.619827,340.656769,18.295496,178.536331,342.574524,-4.852362,213.919205,342.341705,-30.915775,118.441689,350.356750,92.060265,144.336731,353.986450,68.165451,171.379623,357.333282,43.658173,198.526505,360.299286,20.334003,232.281601,361.996460,-6.193884,142.100967,364.369232,118.715233,165.353439,370.869568,95.704468,192.782669,374.313843,70.445206,218.952484,378.888397,46.171074,251.035446,382.584991,18.828190,171.298950,385.509003,148.345215,192.239441,390.380646,126.373230,217.092896,396.207153,101.522385,243.145660,399.923279,77.531036,267.931091,404.716278,54.773056,193.884308,394.807617,174.705856,215.022583,404.798492,152.980820,237.517914,412.320374,126.916168,253.766006,416.688477,109.805130,272.454620,421.326508,92.127419,217.936081,408.495819,200.687088,238.358932,417.026459,177.733139,254.760422,425.633423,160.343491,268.863983,431.556213,143.108292,233.439301,416.035431,214.718994,252.681198,426.601135,193.256058
3254,3.483333,52.461697,311.330780,13.647069,120.151604,306.412079,-34.920620,180.221024,300.682343,-76.010582,74.992073,322.699829,40.389595,102.196609,322.908325,16.813023,131.067307,322.549042,-6.173990,163.419418,318.958221,-26.471350,197.860931,320.282013,-52.792614,95.924217,334.864258,64.600960,122.691055,337.638641,42.482605,150.644669,340.271881,18.386957,178.468033,342.670807,-4.848624,213.827637,342.741608,-30.935623,118.832047,348.246857,92.545784,144.551346,352.559021,68.510269,171.460541,356.619324,43.876678,198.453308,360.260132,20.399471,232.115112,362.501007,-6.260523,142.626450,361.574432,119.293236,165.631027,369.021729,96.136024,192.879776,373.243958,70.739395,218.833939,378.739594,46.291023,250.828598,382.947052,18.866924,171.969025,382.303406,148.868240,192.635010,387.918854,127.027046,217.216507,394.815186,102.002136,243.081284,399.429382,77.767090,267.723236,404.860626,54.944126,194.702606,390.599884,175.512115,215.523514,401.816742,153.759888,237.743027,410.450653,127.527786,253.802750,415.588348,110.360786,272.353363,420.837952,92.537361,218.892105,403.620209,201.622986,239.028168,413.425385,178.547318,255.178146,422.999176,161.102676,269.052460,429.708893,143.864639,234.509979,410.579224,215.497650,253.419312,422.596436,194.158920
3255,3.486111,52.545719,311.057129,13.705469,120.189362,306.493988,-34.900215,180.183350,301.080231,-76.096275,75.163773,321.677887,40.628132,102.301865,322.298309,16.992538,131.099075,322.227081,-6.115706,163.511124,318.793610,-26.325609,197.818680,320.522308,-52.861645,96.204025,333.156616,64.999298,122.859741,336.470520,42.769249,150.720993,339.604401,18.577766,178.477249,342.438171,-4.712072,213.824448,342.776428,-30.805527,119.222778,345.871368,93.086372,144.797195,350.800659,68.943542,171.608017,355.507843,44.229603,198.482819,359.755219,20.640696,232.080338,362.473297,-6.110665,143.144775,358.428009,119.941635,165.949783,366.732880,96.687019,193.056152,371.656219,71.199692,218.846466,377.983032,46.633301,250.789398,382.632599,19.170015,172.569138,378.554626,149.509720,193.080841,384.894592,127.833771,217.440384,392.760284,102.695030,243.164017,398.175476,78.267120,267.713501,404.168457,55.430779,195.500305,385.871216,176.426651,216.069458,398.180634,154.710831,238.077957,407.816345,128.380615,253.990051,413.661682,111.206841,272.446838,419.442749,93.273872,219.813751,398.145813,202.685730,239.723312,409.105927,179.561874,255.683243,419.534027,162.114075,269.372162,426.954926,144.925003,235.545212,404.446381,216.388718,254.187439,417.815857,195.270065
3256,3.488889,52.633610,310.752167,13.763260,120.248520,306.506958,-34.851616,180.181259,301.365814,-76.127281,75.334595,320.547180,40.882736,102.425262,321.548889,17.214975,131.165253,321.726044,-5.993123,163.619965,318.458527,-26.129593,197.824234,320.519897,-52.834358,96.476753,331.268677,65.428207,123.047508,335.068207,43.119194,150.848541,338.646545,18.869246,178.566971,341.866943,-4.439916,213.912628,342.437408,-30.523407,119.599274,343.238037,93.677551,145.066269,348.712555,69.461555,171.817825,353.994568,44.714252,198.614990,358.777191,21.055990,232.179596,361.902557,-5.744406,143.636612,354.942108,120.654297,166.297562,364.007690,97.350967,193.304138,369.550598,71.820381,218.987122,376.614441,47.192158,250.917191,381.633850,19.732533,173.051605,374.209534,150.287598,193.556595,381.322083,128.781723,217.751190,390.049896,103.588974,243.386383,396.162903,79.020226,267.896362,402.639374,56.221863,196.248489,380.641144,177.439850,216.635406,393.909821,155.819519,238.503891,404.432495,129.458542,254.313889,410.918976,112.328384,272.723969,417.149231,94.320442,220.667633,392.095459,203.864655,240.413696,404.092987,180.761536,256.247131,415.262238,163.359390,269.800049,423.314209,146.268265,236.509430,397.658325,217.380600,254.953232,412.285828,196.573395
3257,3.491667,52.723034,310.414001,13.821779,120.329842,306.439728,-34.769844,180.219101,301.519043,-76.094246,75.499260,319.310974,41.150700,102.564262,320.656616,17.478268,131.265808,321.038910,-5.804692,163.743378,317.951263,-25.887707,197.880234,320.268066,-52.710300,96.733154,329.206879,65.883476,123.248726,333.431183,43.529186,151.024368,337.393677,19.259321,178.735962,340.951904,-4.034144,214.090332,341.721405,-30.092405,119.946655,340.355286,94.313324,145.349472,346.298035,70.058159,172.082550,352.079071,45.323807,198.844711,357.324585,21.638027,232.408173,360.786224,-5.169076,144.083099,351.130127,121.423332,166.660904,360.853333,98.118279,193.612701,366.931305,72.591026,219.246597,374.636932,47.955269,251.202667,379.952820,20.541405,173.381714,369.236877,151.208832,194.040787,377.218109,129.855942,218.132294,386.695953,104.666809,243.734299,393.400787,80.008575,268.256744,400.283295,57.297611,196.920074,374.929993,178.539551,217.195847,389.025970,157.068604,238.998795,400.317963,130.740219,254.754517,407.376801,113.704208,273.165894,413.973724,95.653160,221.422714,385.492828,205.146317,241.069656,398.411957,182.126480,256.840332,410.210236,164.815414,270.310577,418.810394,147.867142,237.369431,390.237488,218.459854,255.685181,406.034393,198.048492
3258,3.494444,52.811489,310.040436,13.882882,120.432236,306.283722,-34.652210,180.297531,301.525238,-75.992859,75.652634,317.973145,41.428673,102.715225,319.620300,17.778158,131.398499,320.162018,-5.552069,163.878189,317.271118,-25.605497,197.986923,319.764587,-52.492718,96.964546,326.978912,66.359665,123.456619,331.562012,43.993195,151.242889,335.845856,19.741852,178.979050,339.692902,-3.501900,214.351837,340.630219,-29.520813,120.250717,337.233368,94.985497,145.636566,343.563843,70.723961,172.391830,349.765717,46.046486,199.162491,355.402008,22.373533,232.755630,359.129211,-4.399391,144.466644,347.007141,122.238228,167.025757,357.280670,98.975540,193.968384,363.807434,73.496056,219.611038,372.059875,48.903706,251.630188,377.599487,21.575546,173.556961,363.672394,152.251083,194.512375,372.602142,131.037415,218.565536,382.714569,105.905785,244.189499,389.904358,81.207108,268.773438,397.118042,58.629906,197.490616,368.760773,179.709946,217.726517,383.553528,158.436371,239.539444,395.495056,132.198380,255.288956,403.057007,115.306358,273.748688,409.938843,97.240715,222.051056,378.364807,206.513443,241.664093,392.089874,183.631790,257.434570,404.406464,166.452805,270.878387,413.470642,149.687225,238.095413,382.210083,219.610718,256.353729,399.092377,199.669617
3259,3.497222,52.896534,309.629272,13.948425,120.552711,306.033844,-34.498993,180.413254,301.376801,-75.824821,75.790108,316.538879,41.712578,102.873573,318.441925,18.108282,131.558945,319.095978,-5.240228,164.020706,316.418793,-25.289486,198.141769,319.011780,-52.188763,97.163292,324.594513,66.849777,123.663704,329.467194,44.502144,151.496109,334.008087,20.306496,179.287811,338.095032,-2.855448,214.688019,339.170654,-28.822008,120.499245,333.885101,95.683403,145.916824,340.521271,71.446106,172.733002,347.064728,46.865490,199.555374,353.020264,23.243528,233.206970,356.943329,-3.457127,144.771851,342.591095,123.085464,167.378189,353.304718,99.905334,194.356018,360.193390,74.514618,220.063293,368.899078,50.012192,252.179657,374.590302,22.806479,173.589035,357.580475,153.377747,194.951874,367.497131,132.302887,219.032394,378.126770,107.277489,244.731201,385.694366,82.583626,269.421600,393.167267,60.182976,197.939117,362.160248,180.931335,218.205429,377.520477,159.896469,240.102676,389.989868,133.799927,255.892868,397.986633,117.100426,274.445892,405.072540,99.044640,222.528656,370.742920,207.944656,242.173157,385.157318,185.247345,258.004364,397.882660,168.235886,271.479523,407.325592,151.686752,238.661606,373.607788,220.815506,256.932465,391.495239,201.405426
3260,3.500000,52.975983,309.178955,14.019913,120.686447,305.689270,-34.313778,180.559158,301.073730,-75.598076,75.907822,315.014526,41.997715,103.034119,317.126648,18.460445,131.741058,317.845581,-4.877166,164.166824,315.396545,-24.946999,198.339264,318.016632,-51.809414,97.323044,322.065674,67.345383,123.862282,327.157379,45.044334,151.774323,331.890686,20.939100,179.651047,336.169037,-2.111718,215.086868,337.355194,-28.014280,120.682976,330.326385,96.393883,146.179535,337.186279,72.208664,173.092041,343.991882,47.759766,200.007767,350.195831,24.224154,233.743469,354.247223,-2.370342,144.986359,337.903076,123.948586,167.704697,348.945496,100.886490,194.759460,356.109558,75.621185,220.583832,365.176392,51.249775,252.827728,370.948151,24.199213,173.486603,351.018860,154.553284,195.342087,361.929962,133.625336,219.514175,372.958740,108.748329,245.336838,380.797607,84.099602,270.174072,388.460632,61.914474,198.248352,355.159637,182.180267,218.613449,370.959076,161.418304,240.666245,383.833344,135.506531,256.541443,392.198456,119.046104,275.229095,399.408539,101.020058,222.836075,362.664581,209.414597,242.576508,377.649567,186.938156,258.527344,390.674957,170.122940,272.091766,400.410461,153.817657,239.047073,364.469116,222.055969,257.398743,383.283417,203.219345
3261,3.502778,53.047997,308.688934,14.098267,120.827271,305.253387,-34.103268,180.724869,300.623596,-75.326241,76.002815,313.408173,42.278976,103.191429,315.682831,18.825089,131.937576,316.419708,-4.473291,164.312195,314.208405,-24.586004,198.571335,316.790344,-51.368893,97.439087,319.406616,67.837097,124.045128,324.646820,45.606239,152.066742,329.508636,21.622499,180.055511,333.930603,-1.291412,215.533783,335.201904,-27.120144,120.795723,326.576050,97.101761,146.414703,333.579224,72.993408,173.454407,340.568115,48.705173,200.502335,346.950714,25.287910,234.343506,351.066193,-1.172119,145.101425,332.967896,124.808861,167.992706,344.227875,101.894852,195.162262,351.582123,76.786583,221.151199,360.919739,52.581070,253.548172,366.702850,25.713488,173.256882,344.043518,155.742889,195.668152,355.931915,134.974762,219.992157,367.242279,110.280716,245.982315,375.247253,85.711533,271.001434,383.034760,63.776760,198.405273,347.794861,183.430191,218.934464,363.906342,162.967819,241.208786,377.061829,137.275909,257.209625,385.731384,121.098427,276.068390,392.987152,103.116905,222.959213,354.173065,210.894302,242.857666,369.607635,188.665298,258.984192,382.824463,172.067413,272.693451,392.766235,156.027496,239.236328,354.841309,223.314072,257.734009,374.503174,205.070541
3262,3.505556,53.111160,308.160004,14.183717,120.968384,304.733337,-33.876419,180.898346,300.039856,-75.026779,76.072983,311.729065,42.551010,103.340042,314.121277,19.191862,132.140427,314.830902,-4.040599,164.452332,312.860260,-24.214924,198.828247,315.347748,-50.883514,97.508377,316.633698,68.315132,124.205734,321.953064,46.173450,152.362076,326.881134,22.337620,180.486496,331.400360,-0.417826,216.012512,332.734161,-26.164976,120.834068,322.655457,97.790634,146.613235,329.724304,73.780899,173.805801,336.819305,49.675858,201.020569,343.311859,26.405136,234.983307,347.431824,0.101142,145.111816,327.813843,125.646141,168.230667,339.181732,102.904472,195.548279,346.642517,77.979439,221.742722,356.163116,53.967930,254.312424,361.891663,27.305466,172.906555,336.709961,156.912964,195.917358,349.539154,136.319305,220.447815,361.014679,111.834473,246.642639,369.083313,87.373009,271.872070,376.933960,65.718781,198.401291,340.106537,184.652420,219.155334,356.404510,164.508484,241.709869,369.718018,139.063324,257.872650,378.630768,123.209358,276.932434,385.855743,105.281693,222.889771,345.317047,212.351761,243.003998,361.077728,190.387207,259.357941,374.377899,174.019928,273.262604,384.440765,158.261688,239.219513,344.783081,224.571640,257.923676,365.206177,206.915298
3263,3.508333,53.164520,307.594299,14.275785,121.103195,304.138733,-33.643299,181.067429,299.339661,-74.718666,76.116913,309.988007,42.808475,103.474640,312.455017,19.550272,132.341278,313.094635,-3.591834,164.582657,311.360077,-23.842447,199.099350,313.706329,-50.370506,97.529442,313.764893,68.769737,124.338341,319.096588,46.731464,152.648926,324.031281,23.064655,180.928467,328.603210,0.484418,216.505997,329.979370,-25.175367,120.796989,318.588257,98.443779,146.767319,325.649445,74.551598,174.132599,332.775665,50.645683,201.543137,339.310944,27.545355,235.638031,343.381042,1.411706,145.015732,322.472290,126.439842,168.408386,333.841431,103.888870,195.901657,341.327606,79.167702,222.334869,350.946106,55.371323,255.090561,356.558594,28.929903,172.442337,329.073669,158.031891,196.079147,342.792511,137.626328,220.863037,354.319153,113.368515,247.292236,362.352905,89.036957,272.753082,370.209961,67.688095,198.232544,332.139801,185.817474,219.265823,348.500641,166.002899,242.149780,361.850830,140.823441,258.505463,370.948700,125.329613,277.788910,378.069061,107.459740,222.625290,336.149597,213.752884,243.006897,352.111206,192.061157,259.633575,365.387817,175.930344,273.776794,375.489044,160.465408,238.992508,334.367706,225.808868,257.957550,355.449188,208.708481
3264,3.511111,53.207542,306.995361,14.373346,121.225952,303.480865,-33.413994,181.221130,298.541870,-74.420349,76.133720,308.196625,43.046364,103.590096,310.698669,19.890398,132.531891,311.229065,-3.139692,164.698715,309.718109,-23.477335,199.373627,311.885254,-49.847023,97.502113,310.819733,69.191589,124.437645,316.100708,47.266281,152.916077,320.985321,23.784161,181.365677,325.567749,1.390562,216.997131,326.967804,-24.177664,120.685364,314.400360,99.045113,146.870132,321.385803,75.286797,174.422211,328.471741,51.589565,202.050385,334.983948,28.678442,236.282928,338.954712,2.722404,144.814590,316.977539,127.169968,168.517059,328.245789,104.822525,196.206848,335.679382,80.320015,222.903992,345.313385,56.753170,255.852554,350.753265,30.542345,171.871750,321.190643,159.070648,196.145111,335.737030,138.863708,221.220490,347.204407,114.842422,247.905396,355.110291,90.657722,273.611298,362.921234,69.633118,197.900208,323.943634,186.896393,219.258301,340.246399,167.414490,242.509811,353.515472,142.511871,259.083252,362.743622,127.410370,278.605164,369.689178,109.597321,222.169128,326.727112,215.062698,242.861664,342.763672,193.644882,259.798157,355.912079,177.749695,274.213959,365.972809,162.585129,238.556839,323.684998,227.003250,257.829834,345.293243,210.405228
3265,3.513889,53.240116,306.367981,14.474732,121.332153,302.771881,-33.197701,181.350464,297.665802,-74.147964,76.123047,306.367432,43.260296,103.681641,308.867981,20.203640,132.704529,309.254303,-2.696093,164.796188,307.946716,-23.128214,199.640121,309.905212,-49.329407,97.427307,307.819031,69.572258,124.498604,312.991119,47.764919,153.153015,317.772125,24.477888,181.782730,322.325134,2.276756,217.469437,323.731476,-23.196888,120.501595,310.119629,99.580086,146.915848,316.967346,75.969269,174.663208,323.945831,52.484421,202.523117,330.370422,29.775627,236.894165,334.196442,3.998083,144.512512,311.366302,127.818123,168.549438,322.437500,105.681969,196.448944,329.744720,81.406906,223.427094,339.313995,58.077938,256.569489,344.529480,32.100986,171.203461,313.118317,160.003418,196.109268,328.421631,140.000885,221.503784,339.724731,116.218239,248.456696,347.416290,92.192757,274.414276,355.132141,71.504921,197.410110,315.570923,187.861984,219.127960,331.697754,168.708923,242.772629,344.772888,144.086990,259.581696,354.079742,129.404846,279.349396,360.784363,111.643532,221.529999,317.108795,216.246628,242.567276,333.094574,195.098312,259.840942,346.013763,179.431839,274.553070,355.959747,164.570145,237.919281,312.839935,228.129257,257.538910,334.803345,211.962723
3266,3.516667,53.262470,305.718140,14.577881,121.418877,302.023895,-33.001804,181.449203,296.729401,-73.913750,76.085098,304.513489,43.446701,103.744972,306.979401,20.483219,132.852295,307.191620,-2.271649,164.870972,306.060608,-22.803337,199.888290,307.787506,-48.832718,97.306908,304.784454,69.904594,124.516762,309.794861,48.215916,153.350494,314.422455,25.129271,182.165176,318.907990,3.120918,217.907547,320.303253,-22.255945,120.249481,305.776001,100.036125,146.899887,312.430267,76.583717,174.845551,319.238647,53.309742,202.943405,325.512543,30.810320,237.449661,329.151733,5.206605,144.115967,305.677673,128.368454,168.499924,316.462524,106.446770,196.614288,323.574310,82.401917,223.882660,333.000214,59.313728,257.214325,337.943848,33.568058,170.447235,304.915741,160.808456,195.967957,320.899170,141.010269,221.697708,331.939056,117.462120,248.921967,339.337006,93.603836,275.131439,346.911469,73.258675,196.772308,307.077759,188.690094,218.872604,322.914459,169.855453,242.922760,335.688904,145.511292,259.977905,345.025940,131.269272,279.991608,351.428345,113.551567,220.721252,307.356049,217.271820,242.125854,323.167328,196.385178,259.753357,335.760620,180.934891,274.774750,345.522522,166.373749,237.091644,301.948395,229.159393,257.086945,324.048492,213.341843
3267,3.519444,53.275135,305.052612,14.680487,121.484955,301.248230,-32.831261,181.514160,295.748352,-73.725014,76.020699,302.648590,43.602966,103.776482,305.049255,20.724531,132.969681,305.062927,-1.875341,164.919281,304.076385,-22.510334,200.108459,305.554047,-48.370296,97.143677,301.738647,70.183022,124.488785,306.539764,48.609818,153.500748,310.967987,25.723808,182.499863,315.349152,3.903401,218.297623,316.715881,-21.375120,119.934074,301.401123,100.402969,146.819199,307.812012,77.117294,174.960480,314.392090,54.047909,203.295334,320.453857,31.758734,237.929672,323.866974,6.319650,143.633194,299.953125,128.808380,168.364822,310.369080,107.100136,196.691345,317.221130,83.282379,224.251541,326.426727,60.432552,257.762970,331.054871,34.910820,169.613647,296.644745,161.468826,195.719727,313.225983,141.868835,221.788940,323.909790,118.545456,249.279114,330.942657,94.858482,275.735229,338.331207,74.854820,196.000320,298.523865,189.360992,218.492615,313.959717,170.828125,242.947067,326.333679,146.752655,260.251892,335.653534,132.963104,280.504852,341.698456,115.279793,219.760010,297.533020,218.108688,241.542252,313.049255,197.474564,259.529144,325.225189,182.222809,274.862091,334.737976,167.954224,236.090027,291.130981,230.065842,256.479309,313.101715,214.508835
3268,3.522222,53.278881,304.378845,14.780188,121.530800,300.455475,-32.688541,181.544937,294.735962,-73.584213,75.931244,300.787292,43.727482,103.773689,303.093597,20.925240,133.052551,302.890015,-1.514439,164.937637,302.012207,-22.255915,200.292160,303.226685,-47.953522,96.941292,298.704926,70.403625,124.413261,303.253845,48.939724,153.597794,307.440308,26.249609,182.775345,311.681122,4.607535,218.627548,313.001587,-20.571703,119.561584,297.028320,100.673058,146.672592,303.150940,77.560036,175.000595,309.448090,54.684444,203.565353,315.238647,32.600338,238.317215,318.388947,7.313318,143.073990,294.236267,129.129166,168.142670,304.206848,107.629395,196.671112,310.739258,84.029976,224.517380,319.649750,61.410313,258.194702,323.922028,36.101837,168.714203,288.371002,161.972534,195.365280,305.461212,142.558838,221.766617,315.701538,119.445618,249.509171,322.306061,95.931183,276.201782,329.464935,76.259941,195.110214,289.972534,189.860565,217.990601,304.899750,171.606567,242.835449,316.779846,147.785019,260.387299,326.034149,134.448746,280.866272,331.673737,116.792694,218.666367,287.707672,218.733337,240.823578,302.811554,198.342133,259.164032,314.484161,183.267044,274.801056,323.685486,169.275314,234.934326,280.505554,230.822571,255.724136,302.040222,215.436752
3269,3.525000,53.274658,303.704742,14.874721,121.557938,299.655426,-32.574078,181.543045,293.703522,-73.490158,75.818817,298.944641,43.819485,103.735710,301.128235,21.084814,133.098358,300.693878,-1.194624,164.922806,299.887146,-22.045523,200.432007,300.827057,-47.591644,96.704254,295.707458,70.564163,124.291214,299.965240,49.201656,153.637375,303.870209,26.697681,182.982361,307.934814,5.220216,218.887100,309.190735,-19.859726,119.139168,292.692749,100.841949,146.460846,298.485870,77.905289,174.960052,304.447815,55.208393,203.742691,309.910828,33.318317,238.598557,312.763702,8.168385,142.449432,288.572906,129.326187,167.834396,298.026489,108.026344,196.547638,304.182678,84.631004,224.667007,312.725922,62.227531,258.492981,316.605347,37.118565,167.761902,280.164856,162.312210,194.907684,297.665680,143.068130,221.622849,307.380005,120.146553,249.596619,313.501404,96.804459,276.511261,320.386444,77.447456,194.119766,281.491089,190.181320,217.371567,295.803223,172.176910,242.581314,307.101471,148.588791,260.372162,316.237732,135.691818,281.057465,321.433411,118.061638,217.462387,277.953400,219.130371,239.978958,292.529205,198.971054,258.655884,303.617828,184.047531,274.581055,312.445709,170.307083,233.647461,270.179718,231.407806,254.831696,290.945435,216.106979
3270,3.527778,53.263515,303.038330,14.962091,121.568489,298.857391,-32.486813,181.510849,292.661041,-73.439438,75.686234,297.136627,43.878902,103.663704,299.169189,21.203676,133.105804,298.494537,-0.920119,164.871933,297.720093,-21.883038,200.521805,298.376038,-47.291790,96.437759,292.771027,70.663925,124.125893,296.701874,49.394592,153.617310,300.287384,27.061796,183.114166,304.139496,5.732421,219.068008,305.311096,-19.249727,118.674896,288.431458,100.908966,146.186676,293.855652,78.149818,174.835175,299.431549,55.612583,203.819366,304.513428,33.900181,238.763138,307.035675,8.870342,141.771774,283.010864,129.399109,167.443436,291.879303,108.287399,196.318253,297.604919,85.076813,224.690628,305.710815,62.870441,258.645416,309.164337,37.943176,166.771545,272.102478,162.485291,194.352341,289.901306,143.390472,221.352844,299.011353,120.639290,249.529602,304.603455,97.469276,276.647827,311.168335,78.398148,193.048233,273.150665,190.322861,216.642883,286.740601,172.532074,242.181732,297.372955,149.151443,260.198425,306.331604,136.662170,281.064911,311.055756,119.065254,216.171631,268.349823,219.295105,239.019394,282.280457,199.352676,258.005066,292.708954,184.553436,274.195038,301.099976,171.027206,232.254974,260.244171,231.806259,253.814911,279.902710,216.509842
3271,3.530556,53.246578,302.387665,15.040716,121.564789,298.069916,-32.424706,181.450806,291.617401,-73.427696,75.537132,295.379822,43.906483,103.560783,297.233124,21.282850,133.074661,296.310944,-0.693709,164.782578,295.529083,-21.770790,200.556732,295.892914,-47.059025,96.147514,289.921112,70.703903,123.921844,293.491669,49.519970,153.537292,296.720184,27.338305,183.166916,300.322296,6.139150,219.163818,301.387054,-18.748774,118.177811,284.283783,100.878014,145.854767,289.298737,78.293854,174.625412,294.438354,55.893707,203.790390,299.088196,34.338333,238.803604,301.247131,9.409567,141.054352,277.599945,129.352539,166.975540,285.816589,108.413651,195.983414,291.058350,85.364105,224.581802,298.658173,63.331367,258.643890,301.656311,38.563202,165.760361,264.266144,162.494598,193.707108,282.230377,143.525635,220.954895,290.661865,120.922134,249.299896,295.686127,97.924278,276.599823,301.880920,79.100327,191.916275,265.026001,190.292007,215.814331,277.783539,172.671982,241.637283,287.668915,149.468430,259.861633,296.380951,137.336151,280.879852,300.616730,119.789482,214.818893,258.982574,219.234497,237.958054,272.146637,199.486801,257.214935,281.841766,184.783203,273.639923,289.730927,171.423325,230.784393,250.767563,232.011154,252.689056,269.000519,216.644867
3272,3.533333,53.224972,301.760498,15.109530,121.549118,297.300751,-32.385162,181.364944,290.580017,-73.450790,75.375809,293.691528,43.904247,103.431313,295.336914,21.324108,133.005859,294.160614,-0.516593,164.653198,293.331116,-21.709997,200.533356,293.395325,-46.896492,95.839783,287.183594,70.687263,123.684273,290.362030,49.581108,153.398804,293.195435,27.526192,183.139145,296.508545,6.438878,219.169968,297.439606,-18.360893,117.658012,280.291077,100.757835,145.471649,284.853180,78.340942,174.334091,289.506256,56.052303,203.653702,293.675323,34.630024,238.715591,295.437683,9.781500,140.311539,272.392120,129.197052,166.438629,279.889252,108.410652,195.546280,284.593842,85.494743,224.337524,291.619568,63.608421,258.484009,294.135254,38.972477,164.749023,256.744934,162.349121,192.982208,274.715332,143.479324,220.430618,282.397095,121.000038,248.903244,286.820251,98.173744,276.359802,292.591339,79.549652,190.746231,257.194672,190.102402,214.898117,269.004791,172.603622,240.951843,278.063721,149.543381,259.360596,286.449982,137.699188,280.498322,290.189667,120.227684,213.430328,249.941803,218.966385,236.810425,262.211578,199.381577,256.292084,271.101685,184.744614,272.916229,278.422760,171.494858,229.264923,241.794739,232.025681,251.472229,258.330078,216.520798
3273,3.536111,53.199818,301.164215,15.168059,121.523605,296.556366,-32.365437,181.255157,289.554718,-73.505348,75.206955,292.089539,43.875954,103.280037,293.497192,21.329992,132.901352,292.059906,-0.388233,164.483109,291.141998,-21.701105,200.449890,290.898499,-46.805332,95.521675,284.584839,70.619881,123.418938,287.339508,49.582760,153.204666,289.738861,27.627142,183.031219,292.722046,6.632940,219.083725,293.487335,-18.087782,117.126877,276.495697,100.561401,145.045578,280.556213,78.297882,173.967972,284.672058,56.092678,203.409760,288.312683,34.776669,238.497421,289.644531,9.986429,139.558914,267.441040,128.948898,165.842499,274.147491,108.288231,195.012558,278.260101,85.475128,223.958145,284.644379,63.704914,258.164337,286.651489,39.171814,163.761505,249.634064,162.064682,192.190323,267.418488,143.262985,219.784958,274.280731,120.883598,248.339584,278.071442,98.224854,275.924713,283.362823,79.748383,189.562546,249.735504,189.773819,213.908951,260.477692,172.340683,240.132584,268.631287,149.387924,258.696930,276.603180,137.748032,279.920563,279.844452,120.381050,212.033920,241.319931,218.517746,235.594528,252.561035,199.053116,255.246613,260.574646,184.453659,272.028625,267.261230,171.253845,227.727478,233.348892,231.863312,250.185074,247.984436,216.155594
3274,3.538889,53.172184,300.605591,15.216417,121.490326,295.841980,-32.362968,181.123566,288.546051,-73.588799,75.035492,290.591766,43.826809,103.111465,291.730255,21.303644,132.763977,290.023773,-0.306546,164.272629,288.976471,-21.743757,200.305878,288.415894,-46.784489,95.201294,282.151367,70.510063,123.132271,284.449524,49.531040,152.958847,286.375061,27.645441,182.844986,288.985321,6.725040,218.904099,289.547028,-17.929270,116.597076,272.939148,100.304703,144.586212,276.444275,78.174377,173.535629,279.971436,56.022587,203.061249,283.035889,34.783432,238.149918,283.902191,10.028969,138.813446,262.799805,128.628143,165.198883,268.640930,108.060402,194.390289,272.103516,85.315582,223.447403,277.779968,63.628914,257.686157,279.251923,39.168697,162.823837,243.033829,161.664078,191.346390,260.401794,142.893600,219.026291,266.374359,120.588234,247.613220,269.498108,98.085403,275.295715,274.254211,79.704697,188.392014,242.726776,189.330719,212.863968,252.275650,171.903091,239.190048,259.444733,149.020844,257.875397,266.906586,137.491882,279.150604,269.647919,120.258690,210.659912,233.209000,217.922287,234.331055,243.281754,198.525085,254.092300,250.346191,183.933212,270.985718,256.333252,170.724335,226.204514,225.440109,231.546844,248.850906,238.057602,215.575729
3275,3.541667,53.143082,300.090851,15.255221,121.451385,295.162079,-32.375404,180.972824,287.557526,-73.698692,74.866470,289.214996,43.762444,102.929825,290.051392,21.248735,132.597275,288.066071,-0.268435,164.022781,286.848053,-21.836603,200.102219,285.958405,-46.830486,94.887535,279.908752,70.367897,122.831383,281.716339,49.433346,152.666336,283.127716,27.587734,182.583450,285.320038,6.720971,218.631683,285.634155,-17.883503,116.082520,269.660614,100.005333,144.104416,272.552490,77.982277,173.046417,275.438690,55.852818,202.613022,277.878632,34.659054,237.676239,278.242645,9.917717,138.093475,258.518951,128.256409,164.521133,263.418610,107.745056,193.689713,266.168854,85.030281,222.812103,271.071930,63.393108,257.053131,271.979767,38.976059,161.962112,237.048447,161.177185,190.467285,253.726715,142.393311,218.166046,258.737396,120.133812,246.732712,261.152130,97.764366,274.477966,265.319397,79.432144,187.263687,236.243790,188.800690,211.782623,244.471558,171.316315,238.138016,250.575607,148.466782,256.903564,257.427765,136.952271,278.196289,259.663391,119.877350,209.340973,225.698029,217.217712,233.043335,234.460770,197.827988,252.846664,240.500870,183.212143,269.800171,245.725754,169.940872,224.730820,218.080032,231.106262,247.495972,228.643219,214.815063
3276,3.544444,53.113487,299.625336,15.285488,121.408806,294.520416,-32.400452,180.805725,286.591980,-73.832169,74.705101,287.974304,43.688217,102.739456,288.475220,21.169630,132.405273,286.199493,-0.270191,163.735138,284.768921,-21.977165,199.840912,283.535126,-46.937660,94.589821,277.881348,70.204567,122.523911,279.163177,49.298332,152.333221,280.019684,27.462645,182.250488,281.747223,6.628415,218.268570,281.763733,-17.946789,115.597885,266.696259,99.681511,143.612122,268.914307,77.735085,172.510330,271.106659,55.596767,202.071945,272.873138,34.415760,237.081879,272.696075,9.665167,137.418243,254.645111,127.855598,163.824203,258.527985,107.362976,192.923157,260.499664,84.637077,222.061661,264.564606,63.014679,256.271698,264.875061,38.611366,161.200958,231.786057,160.641403,189.571548,247.453827,141.788803,217.218445,251.427444,119.544357,245.709839,253.082687,97.276199,273.480225,256.608002,78.949600,186.208374,230.356827,188.212891,210.686600,237.136902,170.610535,236.993408,242.093445,147.755463,255.792435,248.236099,136.162064,277.068939,249.951584,119.261047,208.112183,218.870575,216.443222,231.757233,226.183960,196.998077,251.530502,231.122208,182.325272,268.488586,235.524811,168.946503,223.344223,211.301010,230.575867,246.149734,219.832947,213.912964
3277,3.547222,53.084339,299.213745,15.308558,121.364197,293.920258,-32.435703,180.624969,285.652161,-73.985626,74.556618,286.882843,43.609234,102.545334,287.015503,21.071594,132.192520,284.435822,-0.307570,163.411713,282.750122,-22.161789,199.524918,281.153839,-47.098740,94.317703,276.091522,70.031639,122.217949,276.811890,49.135563,151.966522,277.072296,27.280388,181.850601,278.286835,6.456362,217.818146,277.950928,-18.113182,115.158043,264.078369,99.351120,143.122009,265.561249,77.447655,171.938156,267.006805,55.270069,201.446671,268.050323,34.068951,236.374741,267.291626,9.287576,136.807404,251.220230,127.447235,163.124268,254.013443,106.936485,192.104767,255.138672,84.157310,221.207825,258.301331,62.515026,255.351089,257.976105,38.096554,160.564514,227.365677,160.100616,188.679352,241.641998,141.110504,216.200226,244.500732,118.847893,244.559128,245.339661,96.643929,272.314941,248.166656,78.281273,185.257736,225.129715,187.596848,209.599640,230.340698,169.819717,235.776138,234.065964,146.921112,254.556686,239.402512,135.163849,275.783112,240.571838,118.440865,207.010239,212.803085,215.637466,230.501297,218.534698,196.075882,250.168091,222.292572,181.313049,267.071808,225.814682,167.790405,222.086395,205.170868,229.991806,244.845001,211.714752,212.912338
3278,3.550000,53.056538,298.859924,15.325958,121.318657,293.364166,-32.478710,180.433060,284.740936,-74.154808,74.426193,285.952118,43.530560,102.353149,285.684998,20.960621,131.964111,282.785706,-0.375750,163.055130,280.801849,-22.385748,199.158249,278.822266,-47.305389,94.080521,274.559174,69.860321,121.921806,274.682617,48.955135,151.574188,274.305725,27.052422,181.389038,274.957184,6.214489,217.285217,274.211517,-18.374010,114.777458,261.835419,99.030983,142.647171,262.522766,77.135902,171.341431,263.169189,54.890102,200.747589,263.440033,33.636787,235.564941,262.057892,8.804645,136.280258,248.281219,127.051712,162.438263,249.915527,106.488136,191.250458,250.127731,83.615265,220.264603,252.324844,61.919411,254.303513,251.321014,37.457882,160.073227,223.863327,159.593048,187.812607,236.347687,140.391220,215.130569,238.012115,118.075882,243.297943,237.973602,95.898056,270.997925,240.040955,77.456879,184.443130,220.619125,186.981522,208.547363,224.148727,168.980255,234.509140,226.559006,146.001953,253.215012,230.998978,134.007919,274.356628,231.583786,117.454697,206.072159,207.563538,214.836823,229.306473,211.592392,195.104691,248.787003,214.092880,180.220627,265.574677,216.677277,166.525803,221.001434,199.786285,229.390228,243.617188,204.371674,211.858063
3279,3.552778,53.030907,298.566986,15.339225,121.272850,292.853943,-32.527248,180.232483,283.861176,-74.335075,74.318710,285.191711,43.457096,102.168640,284.495148,20.842886,131.725266,281.258881,-0.469373,162.668823,278.933716,-22.643469,198.745926,276.548889,-47.548447,93.886986,273.301086,69.700798,121.643768,272.793243,48.767197,151.164749,271.738495,26.791042,180.871994,271.774933,5.913280,216.676407,270.562500,-18.717609,114.469528,259.991241,98.735992,142.200699,259.825836,76.816109,170.732483,259.622223,54.475464,199.986710,259.071411,33.139671,234.665100,257.023499,8.239024,135.854996,245.859039,126.687271,161.783554,246.270508,106.039841,190.377808,245.507324,83.037407,219.248337,246.677719,61.256344,253.144287,244.948624,36.725494,159.739059,221.251755,159.139694,186.994705,231.623840,139.664551,214.031082,232.014999,117.262520,241.946838,231.034973,95.074051,269.548676,232.278198,76.512177,183.794373,216.874039,186.394211,207.556778,218.622482,168.129684,233.218246,219.636581,145.039230,251.790756,223.097961,132.749908,272.810883,223.049088,116.346786,205.333328,203.210297,214.074203,228.205658,205.431610,194.128952,247.418121,206.601959,179.096329,264.026276,208.192139,165.208099,220.132202,195.247314,228.805237,242.503265,197.880753,210.795578
3280,3.555556,53.008163,298.337372,15.349739,121.227104,292.390808,-32.579510,180.025757,283.015961,-74.521599,74.238503,284.609161,43.393250,101.997154,283.455566,20.724194,131.481201,279.864014,-0.582793,162.256912,277.155090,-22.928659,198.294174,274.343781,-47.818104,93.744667,272.330597,69.561577,121.391800,271.159210,48.581467,150.747253,269.387909,26.508978,180.306854,268.755829,5.564566,216.000244,267.022308,-19.129505,114.245926,258.564392,98.478348,141.795166,257.494446,76.504074,170.124252,256.392792,54.045349,199.177628,254.972763,32.599709,233.690170,252.217773,7.615818,135.547592,243.978043,126.369194,161.177414,243.110382,105.612152,189.505844,241.316299,82.451401,218.177811,241.402161,60.556747,251.892120,238.898819,35.932636,159.570435,219.464401,158.751999,186.249603,227.518967,138.963303,212.925705,226.560913,116.443634,240.529770,224.574051,94.210800,267.990723,224.929276,75.489319,183.338089,213.934479,185.859024,206.655533,213.818359,167.304993,231.932190,213.360825,144.076324,250.311996,215.772018,131.448425,271.171783,215.032578,115.166847,204.825394,199.790787,213.377853,227.232346,200.120605,193.192184,246.095428,199.895966,177.989960,262.460205,200.436935,163.893570,219.516479,191.637451,228.267166,241.540298,192.312195,209.769379
3281,3.558333,52.988888,298.172668,15.358665,121.181549,291.975647,-32.634014,179.815720,282.208649,-74.709503,74.189171,284.209686,43.342575,101.843338,282.574219,20.609724,131.237015,278.608734,-0.710332,161.824402,275.475708,-23.234219,197.810379,272.219025,-48.104050,93.659561,271.656952,69.449051,121.173225,269.793182,48.406765,150.331009,267.269867,26.218967,179.702194,265.915466,5.181603,215.267303,263.611694,-19.592894,114.115952,257.567902,98.267067,141.442444,255.549286,76.214447,169.530212,253.505981,53.618927,198.335464,251.172089,32.040035,232.657822,247.671402,6.962006,135.370880,242.655380,126.108971,160.636551,240.462555,105.223770,188.654846,237.591141,81.884918,217.074295,236.539612,59.852695,250.569168,233.212936,35.114563,159.575943,218.454849,158.439377,185.600815,224.075897,138.317810,211.840637,221.699265,115.655464,239.074432,218.641083,93.349182,266.351868,218.049240,74.435638,183.095917,211.830246,185.395554,205.871002,209.786819,166.541260,230.682648,207.792130,143.157181,248.812042,209.093155,130.162521,269.470978,207.602982,113.968857,204.573944,197.339859,212.769958,226.419388,195.719543,192.334747,244.855759,194.047440,176.950882,260.914642,193.487839,162.638016,219.184372,189.018814,227.800873,240.763779,187.727692,208.820923
3282,3.561111,52.973484,298.073822,15.366917,121.136108,291.609131,-32.689583,179.605560,281.442871,-74.893959,74.173233,283.996277,43.307476,101.711197,281.857056,20.503876,130.997742,277.499969,-0.846354,161.377075,273.905334,-23.552101,197.303146,270.189087,-48.395618,93.635658,271.285370,69.367271,120.994370,268.704895,48.250679,149.925522,265.399506,25.933403,179.067810,263.269928,4.778622,214.490295,260.354218,-20.089172,114.085983,257.008820,98.107712,141.153061,254.007095,75.959930,168.964203,250.985138,53.214626,197.477173,247.697174,31.484041,231.588364,243.417267,6.305619,135.333588,241.900513,125.913902,160.176910,238.349808,104.891342,187.845963,234.365555,81.364273,215.961563,232.130432,59.176037,249.201492,227.934021,34.307278,159.761719,218.188522,158.208069,185.070496,221.330688,137.754272,210.804321,217.477127,114.933220,237.612579,213.286850,92.530441,264.665436,211.696884,73.400658,183.082733,210.579453,185.017838,205.229614,206.571518,165.870132,229.504150,202.988571,142.324570,247.329529,203.132477,128.949295,267.747253,200.833130,112.808922,204.596527,195.878571,212.266022,225.797333,192.278519,191.591537,243.738190,189.123642,176.025558,259.433075,187.419479,161.495132,219.156204,187.432312,227.424744,240.205826,184.178513,207.986191
3283,3.563889,52.962170,298.040833,15.375164,121.090729,291.291809,-32.745346,179.398682,280.722778,-75.070335,74.191963,283.969238,43.289043,101.604042,281.308441,20.410187,130.768066,276.543854,-0.985240,160.921463,272.454224,-23.873400,196.782379,268.270813,-48.681889,93.674751,271.216736,69.317818,120.860260,267.901001,48.119225,149.540344,263.790771,25.663969,178.414978,260.836639,4.370331,213.684341,257.276611,-20.598406,114.159088,256.887878,98.002342,140.935898,252.880127,75.750565,168.440308,248.851486,52.849281,196.621613,244.576050,30.954630,230.504761,239.490784,5.674637,135.439850,241.715088,125.786942,159.813309,236.789978,104.628960,187.100861,231.669754,80.913071,214.865845,228.213409,58.556854,247.819107,223.107086,33.546028,160.129669,218.636597,158.060364,184.678589,219.311340,137.293472,209.847382,213.938721,114.309372,236.180618,208.563004,91.794571,262.970856,205.934662,72.433105,183.305099,210.187973,184.734009,204.756058,204.208252,165.317947,228.433990,199.004791,141.617447,245.908234,197.959564,127.861382,266.046906,194.799484,111.742615,204.900681,195.413696,211.874847,225.392960,189.835632,190.990051,242.782990,185.184357,175.254532,258.063812,182.303619,160.514145,219.440735,186.898483,227.150223,239.893448,181.703888,207.293945
3284,3.566667,52.954926,298.072845,15.383839,121.045319,291.024078,-32.800697,179.198792,280.052979,-75.234276,74.245300,284.126495,43.287064,101.524292,280.930969,20.331228,130.552353,275.746002,-1.121496,160.465149,271.133575,-24.188749,196.259293,266.483673,-48.951870,93.776276,271.447754,69.299911,120.774445,267.384918,48.016655,149.185028,262.456909,25.421196,177.756821,258.634735,3.971632,212.867065,254.409668,-21.099796,114.334824,257.199860,97.949677,140.797638,252.175751,75.593208,167.972397,247.123947,52.537312,195.789658,241.837173,30.473291,229.432739,235.929810,5.095659,135.688873,242.093109,125.727058,159.558884,235.795532,104.447212,186.441269,229.529892,80.550926,213.815750,224.825668,58.022034,246.456039,218.779144,32.863514,160.676102,219.771927,157.994492,184.442017,218.037003,136.949738,209.002289,211.124573,113.811829,234.820007,204.522385,91.178589,261.314697,200.829178,71.578850,183.760391,210.649490,184.546524,204.471817,202.723099,164.904114,227.511108,195.889908,141.068481,244.596588,193.640793,126.944603,264.423828,189.580505,110.821854,205.482803,195.938034,211.599030,225.227402,188.415375,190.549088,242.029678,182.278748,174.669662,256.858765,178.206329,159.736572,220.033722,187.418655,226.982254,239.846909,180.329758,206.764755
3285,3.569444,52.951515,298.168243,15.393184,120.999893,290.806396,-32.855167,179.009689,279.438904,-75.381699,74.331879,284.463531,43.300194,101.473312,280.725494,20.268534,130.354828,275.111664,-1.249971,160.016876,269.956238,-24.488821,195.746658,264.849579,-49.194656,93.937393,271.971069,69.310692,120.738823,267.157013,47.945297,148.868973,261.410278,25.214056,177.108505,256.686218,3.597379,212.059082,251.789093,-21.572206,114.609062,257.933685,97.945496,140.742508,251.896286,75.491302,167.573837,245.818756,52.289955,195.003952,239.509445,30.059263,228.400284,232.774216,4.592429,136.074951,243.021713,125.729767,159.424240,235.373245,104.352432,185.888412,227.967453,80.292389,212.842102,222.002838,57.594215,245.150375,214.999344,32.288395,161.391083,221.566467,158.005112,184.373657,217.517563,136.730743,208.302078,209.069534,113.462105,233.576828,201.217773,90.714714,259.750458,196.450027,70.878983,184.436569,211.946655,184.453156,204.393326,202.130798,164.639801,226.774002,193.684601,140.701553,243.445831,190.236557,126.235291,262.938080,185.253281,110.091782,206.327759,197.431656,211.436218,225.314117,188.027512,190.278320,241.513779,180.442291,174.291824,255.869781,175.183411,159.193054,220.917526,188.977188,226.920212,240.077454,180.066956,206.410507
3286,3.572222,52.951447,298.324524,15.403326,120.954559,290.639038,-32.908276,178.835297,278.886780,-75.508820,74.449074,284.973785,43.326157,101.451363,280.691345,20.222633,130.179626,274.646088,-1.365999,159.587021,268.937317,-24.764456,195.259079,263.392944,-49.399616,94.153015,272.776123,69.345695,120.753334,267.214722,47.905594,148.601120,260.662140,25.049671,176.487579,255.015823,3.262113,211.284256,249.455276,-21.994925,114.974106,259.073547,97.983391,140.771942,252.039429,75.445045,167.256866,244.949265,52.114948,194.288864,237.622238,29.728983,227.437698,230.065308,4.184897,136.587448,244.482208,125.788094,159.416733,235.523788,104.346321,185.461960,226.998962,80.146523,211.977875,219.779678,57.291435,243.944214,211.819092,31.844831,162.258072,223.990265,158.084061,184.481171,217.753479,136.637711,207.777847,207.800690,113.273933,232.499741,198.699005,90.428352,258.336243,192.865921,70.367393,185.312775,214.052780,184.448105,204.530243,202.433731,164.528015,226.257507,192.418259,140.530212,242.506210,187.796906,125.757950,261.651886,181.888260,109.587517,207.409622,199.863693,211.380325,225.656631,188.666962,190.179092,241.263214,179.694183,174.130203,255.144028,173.276123,158.901077,222.061920,191.544281,226.959290,240.584763,180.909912,206.234604
3287,3.575000,52.954037,298.538605,15.414314,120.909630,290.522614,-32.959370,178.679474,278.403412,-75.612251,74.593201,285.648987,43.362041,101.457664,280.826599,20.193251,130.031082,274.354431,-1.465353,159.187729,268.094208,-25.006433,194.812851,262.140137,-49.556835,94.416077,273.849701,69.399536,120.815956,267.553162,47.896420,148.389801,260.222717,24.933361,175.913925,253.651169,2.979897,210.569565,247.452087,-22.348478,115.418724,260.600006,98.055733,140.884491,252.599060,75.452202,167.031876,244.525894,52.016621,193.669815,236.204910,29.495977,226.577393,227.845566,3.889490,137.211075,246.451279,125.893387,159.539093,236.241531,104.426346,185.178680,226.635635,80.117065,211.256866,218.189621,57.127140,242.883179,209.291443,31.552885,163.254501,227.011169,158.221588,184.765686,218.735992,136.666214,207.455490,207.335236,113.252708,231.635590,197.008926,90.336166,257.130371,190.139359,70.068329,186.360413,216.933762,184.523117,204.883896,203.622208,164.564774,225.988724,192.106812,140.557587,241.821915,186.357742,125.523849,260.623322,179.542618,109.330986,208.693069,203.194489,211.422821,226.247345,190.314560,190.245743,241.294937,180.036606,174.183212,254.719223,172.508240,158.864670,223.426300,195.079483,227.091827,241.355484,182.836929,206.233032
3288,3.577778,52.958405,298.806824,15.426129,120.865753,290.457764,-33.007557,178.545685,277.996307,-75.689087,74.759529,286.479797,43.404549,101.490639,281.128571,20.179564,129.913712,274.242401,-1.544062,158.832825,267.445831,-25.205334,194.424835,261.117401,-49.657848,94.717766,275.176788,69.466583,120.923073,268.166229,47.915707,148.242371,260.100861,24.868914,175.409576,252.621597,2.764071,209.943939,245.824234,-22.615416,115.928505,262.491119,98.154602,141.076218,253.566299,75.509125,166.907074,244.556107,51.996639,193.171906,235.285629,29.370699,225.853363,226.157990,3.719983,137.926193,248.902039,126.036438,159.788620,237.514969,104.586639,185.050980,226.883301,80.203148,210.710785,217.262482,57.109795,242.013687,207.468094,31.428356,164.352417,230.595154,158.407455,185.220886,220.447983,136.807465,207.352371,207.679276,113.395897,231.023987,196.179260,90.444954,256.185791,188.321915,69.995285,187.544708,220.549820,184.668457,205.446091,205.675354,164.740723,225.983643,192.751923,140.777390,241.425949,185.938446,125.531853,259.899780,178.255493,109.329842,210.135117,207.377579,211.553467,227.067703,192.939087,190.467285,241.612778,181.455353,174.440521,254.619156,172.884995,159.075882,224.962585,199.534729,227.308578,242.364075,185.812668,206.396133
3289,3.580556,52.963516,299.125305,15.438664,120.823952,290.445892,-33.051613,178.437363,277.673645,-75.736740,74.942429,287.456146,43.450268,101.548134,281.594666,20.180492,129.832291,274.316284,-1.598354,158.536591,267.011536,-25.351965,194.110596,260.348541,-49.696144,95.047913,276.741516,69.541565,121.070457,269.048187,47.961201,148.165039,260.304077,24.858847,174.996964,251.956161,2.626397,209.435440,244.613007,-22.781471,116.486320,264.723694,98.272499,141.340973,254.930939,75.611732,166.888550,245.044952,52.054863,192.817429,234.888931,29.360044,225.298691,225.042999,3.687467,138.709427,251.805191,126.208153,160.157043,239.327850,104.819206,185.085556,227.742462,80.400284,210.365356,217.021072,57.242432,241.377838,206.394180,31.481653,165.519699,234.706635,158.631821,185.832703,222.865219,137.050156,207.474884,208.827713,113.694427,230.692032,196.227646,90.751747,255.545013,187.451050,70.151535,188.826035,224.857300,184.873749,206.198608,208.562775,165.042969,226.244675,194.341309,141.176300,241.336075,186.541199,125.770790,259.512573,178.046173,109.579086,211.687042,212.361572,211.761078,228.089355,196.499756,190.829056,242.206406,183.922043,174.885345,254.850327,174.393204,159.517532,226.617935,204.856796,227.599365,243.575302,189.791702,206.710068
3290,3.583333,52.968300,299.490173,15.451751,120.785553,290.489197,-33.089973,178.358093,277.444214,-75.752678,75.135490,288.567505,43.495895,101.627739,282.222534,20.194897,129.791519,274.582947,-1.624883,158.312302,266.809021,-25.438412,193.883026,259.852966,-49.667122,95.395294,278.527527,69.619774,121.254143,270.194519,48.030926,148.162262,260.837921,24.904428,174.695953,251.680466,2.575693,209.067352,243.851501,-22.836918,117.072899,267.274078,98.402740,141.670761,256.681976,75.755890,166.979965,245.995041,52.189713,192.623047,235.033340,29.466818,224.940445,224.533295,3.798854,139.534592,255.130112,126.400398,160.630981,241.660736,105.115005,185.282639,229.208069,80.701218,210.237244,217.478867,57.522678,241.007111,206.102692,31.716324,166.721298,239.309174,158.885910,186.579620,225.957657,137.381500,207.817566,210.765228,114.134598,230.651550,197.156982,91.245567,255.235229,187.547714,70.531120,190.161545,229.809708,185.128906,207.113663,212.246292,165.456680,226.759735,196.850067,141.736191,241.552917,188.151855,126.222435,259.474426,178.914932,110.064102,213.296539,218.091644,212.034149,229.275650,200.948318,191.314301,243.051666,187.396301,175.496964,255.400604,177.002731,160.166321,228.336777,210.988815,227.953857,244.946503,194.721359,207.158188
3291,3.586111,52.971680,299.897675,15.465163,120.751968,290.590668,-33.120941,178.311081,277.315979,-75.734703,75.331589,289.803345,43.538433,101.727249,283.010712,20.221825,129.795456,275.049347,-1.621140,158.170258,266.853180,-25.459120,193.751144,259.644531,-49.568253,95.747772,280.518707,69.697052,121.470490,271.601837,48.123192,148.236359,261.706146,25.005423,174.520737,251.813644,2.616669,208.854752,243.561630,-22.777460,117.667686,270.118469,98.539536,142.055893,258.807770,75.937119,167.181488,247.405914,52.397858,192.597641,235.729416,29.689417,224.795029,224.649292,4.055152,140.373566,258.845398,126.606163,161.193085,244.491943,105.464256,185.635757,231.269485,81.096458,210.332306,218.638733,57.942966,240.917435,206.610535,32.128098,167.920654,244.365509,159.162155,187.433792,229.690536,137.788086,208.364197,213.467712,114.699547,230.899033,198.956711,91.909546,255.265350,188.615189,71.119797,191.506500,235.358368,185.424438,208.155609,216.681335,165.965897,227.503769,200.242569,142.435776,242.060745,190.741943,126.863449,259.779449,180.845261,110.763008,214.909912,224.510498,212.361420,230.582993,206.230530,191.905228,244.112427,191.828140,176.252167,256.241028,180.669128,160.995163,230.062561,217.870880,228.361694,246.429214,200.542694,207.722214
3292,3.588889,52.972649,300.344269,15.478570,120.724487,290.753448,-33.143047,178.298401,277.294495,-75.681648,75.523262,291.153198,43.575172,101.845001,283.958405,20.260473,129.846970,275.721405,-1.586010,158.116760,267.154510,-25.411739,193.719040,259.730713,-49.399712,96.092743,282.698700,69.769684,121.715591,273.266235,48.236145,148.387024,262.909943,25.159607,174.478210,252.367020,2.749317,208.803543,243.753860,-22.604496,118.249756,273.232574,98.677780,142.485138,261.295319,76.150032,167.488754,249.272659,52.673477,192.741592,236.979050,30.021442,224.866379,225.397980,4.450590,141.197510,262.918427,126.819206,161.823227,247.797668,105.856171,186.132050,233.910141,81.573967,210.644852,220.492523,58.490406,241.108078,207.918015,32.704617,169.081070,249.837097,159.453766,188.363297,234.024994,138.255661,209.090195,216.903687,115.369675,231.417389,201.604431,92.721840,255.626175,190.639740,71.895653,192.816269,241.452072,185.750977,209.283615,221.817673,166.553329,228.442108,204.474609,143.250961,242.830933,194.271469,127.666100,260.405914,183.806412,111.647766,216.474640,231.558334,212.731537,231.963104,212.286316,192.583176,245.344131,197.159317,177.125839,257.330292,185.336945,161.973907,231.739288,225.439255,228.812225,247.970779,207.190308,208.382965
3293,3.591667,52.970295,300.826477,15.491402,120.704086,290.979919,-33.155392,178.320633,277.382629,-75.593758,75.703247,292.606171,43.603512,101.979614,285.064117,20.309700,129.946701,276.602478,-1.520450,158.153717,267.718567,-25.297701,193.786194,260.113007,-49.164730,96.417900,285.050568,69.834023,121.984642,275.181641,48.366886,148.611130,264.446747,25.362055,174.568497,253.343933,2.968532,208.911499,244.428772,-22.325062,118.799263,276.591034,98.812271,142.946106,264.128632,76.387421,167.892746,251.584595,53.007416,193.047516,238.775467,30.451242,225.147385,226.774063,4.972412,141.978500,267.314545,127.033234,162.499939,251.550827,106.278214,186.753067,237.107040,82.118462,211.159378,223.021530,59.146446,241.564224,210.010635,33.425598,170.167526,255.682953,159.753937,189.334900,238.918076,138.768188,209.965698,221.034973,116.122139,232.179260,205.067383,93.655441,256.293549,193.592590,72.829369,194.048309,248.036148,186.098511,210.455246,227.599792,167.199524,229.535034,209.494965,144.154480,243.826599,198.691208,128.598129,261.320557,187.755630,112.684372,217.941299,239.171692,213.132263,233.365723,219.049652,193.327988,246.697784,203.324417,178.090271,258.620575,190.942398,163.068832,233.313446,233.625351,229.293457,249.516754,214.591599,209.120209
3294,3.594444,52.963840,301.340637,15.502707,120.691200,291.270935,-33.157822,178.377167,277.581116,-75.472710,75.865044,294.150726,43.620823,102.129135,286.323822,20.367331,130.092484,277.691833,-1.427965,158.278961,268.545227,-25.122360,193.948181,260.787659,-48.869663,96.712166,287.556030,69.885841,122.271355,277.337738,48.510601,148.902390,266.308472,25.604578,174.785736,254.739914,3.263968,209.169922,245.578522,-21.951729,119.298744,280.166290,98.937073,143.425476,267.287140,76.639793,168.380447,254.324265,53.386745,193.501984,241.103180,30.961750,225.622711,228.762024,5.601016,142.691528,271.996338,127.240776,163.201508,255.719727,106.715546,187.476685,240.830063,82.710808,211.853546,226.197693,59.887024,242.261749,212.862366,34.263306,171.148590,261.858643,160.054413,190.316452,244.322510,139.307175,210.958435,225.816879,116.930405,233.150848,209.303528,94.677940,257.233521,197.432953,73.884560,195.164474,255.051788,186.455322,211.629288,233.967072,167.882126,230.741577,215.246017,145.115448,245.007004,203.944199,129.622513,262.482574,192.639725,113.832809,219.265778,247.282440,213.549500,234.742218,226.448761,194.117142,248.123993,210.251785,179.114487,260.061981,197.415009,164.242126,234.736588,242.354874,229.791397,251.014359,222.666977,209.911850
3295,3.597222,52.952717,301.882385,15.511026,120.685577,291.625336,-33.150925,178.466080,277.888336,-75.321701,76.003326,295.774292,43.624363,102.290375,287.729248,20.429827,130.279419,278.983551,-1.314607,158.486603,269.628662,-24.894705,194.197281,261.745880,-48.524124,96.966545,290.194885,69.919945,122.567894,279.718719,48.660206,149.251450,268.480316,25.875662,175.119095,256.542389,3.620382,209.564850,247.187378,-21.502438,119.734047,283.928497,99.045090,143.909454,270.744446,76.895271,168.935638,257.466614,53.794930,194.086731,243.938324,31.530975,226.271118,231.337158,6.310661,143.315948,276.923492,127.432617,163.906937,260.267120,107.151031,188.278656,245.041962,83.328232,212.701065,229.984741,60.683224,243.171127,216.438507,35.183590,171.998642,268.316132,160.344696,191.278748,250.186447,139.851273,212.035721,231.198059,117.764366,234.295319,214.262650,95.752167,258.407196,202.110916,75.018837,196.132980,262.436279,186.807327,212.768600,240.854324,168.575562,232.022018,221.664383,146.099487,246.330551,209.966751,130.698105,263.847504,198.396362,115.047768,220.411484,255.817886,213.966690,236.048630,234.407013,194.925049,249.575912,217.864151,180.164154,261.605652,204.678543,165.452087,235.968109,251.548447,230.289246,252.415924,231.331055,210.733063
3296,3.600000,52.936680,302.446594,15.514243,120.686363,292.039856,-33.136120,178.584244,278.300110,-75.145363,76.114151,297.463104,43.611328,102.458847,289.268158,20.492365,130.500214,280.466034,-1.188596,158.767410,270.956909,-24.626757,194.522461,262.973053,-48.140957,97.174576,292.945374,69.930260,122.865479,282.303619,48.806656,149.646255,270.940552,26.160990,175.553665,258.731201,4.018527,210.077515,249.231552,-20.999937,120.094810,287.845764,99.128136,144.384247,274.468567,77.140221,169.539917,260.979614,54.212578,194.779953,247.248917,32.133118,227.066910,234.466263,7.070848,143.836609,282.053467,127.597687,164.596725,265.150513,107.565765,189.134155,249.698914,83.945175,213.673019,234.339233,61.502365,244.259201,220.696228,36.147343,172.699203,275.004395,160.611481,192.196503,256.453918,140.376877,213.165756,237.121048,118.591400,235.574631,219.887146,96.837570,259.773285,207.569412,76.185486,196.930283,270.124115,187.137787,213.841827,248.192932,169.251526,233.339050,228.681152,147.069641,247.756012,216.688950,131.780624,265.369507,204.955292,116.280067,221.351395,264.702209,214.364166,237.248383,242.844437,195.722916,251.011368,226.079819,181.202164,263.205780,212.651810,166.654037,236.977844,261.123322,230.766510,253.681717,240.494904,211.555664
3297,3.602778,52.915970,303.027679,15.509537,120.692268,292.509247,-33.115643,178.727264,278.809326,-74.949669,76.194824,299.202820,43.578903,102.628983,290.924713,20.549166,130.745789,282.122498,-1.059761,159.109207,272.512115,-24.332796,194.909775,264.448883,-47.735497,97.332413,295.784546,69.910347,123.155190,285.067505,48.939655,150.073059,273.661713,26.444389,176.071243,261.279144,4.436487,210.685211,251.679688,-20.470425,120.374664,291.885284,99.177246,144.837036,278.423279,77.359955,170.173904,264.825500,54.618557,195.557175,250.995758,32.740055,227.980865,238.108170,7.848220,144.244293,287.343048,127.723572,165.253586,270.323669,107.939957,190.018784,254.751587,84.534775,214.738785,239.210983,62.309711,245.489380,225.584000,37.112495,173.239670,281.871277,160.839233,193.048920,263.065643,140.859131,214.318146,243.522995,119.377785,236.950562,226.113281,97.892059,261.288849,213.744141,77.335663,197.542175,278.049103,187.427261,214.824356,255.912308,169.880005,234.658447,236.222961,147.987915,249.243347,224.035522,132.824646,267.002716,212.239456,117.478737,222.069489,273.858582,214.719193,238.313889,251.679962,196.479050,252.394196,234.814148,182.189651,264.820160,221.249451,167.801895,237.747726,270.996124,231.198669,254.782227,250.069107,212.347733
3298,3.605556,52.891289,303.619904,15.493781,120.701752,293.026642,-33.092461,178.889877,279.406128,-74.741592,76.243904,300.978790,43.524460,102.794678,292.680420,20.593948,131.006027,283.931427,-0.938787,159.497620,274.271027,-24.028391,195.343628,266.148499,-47.324184,97.438560,298.689178,69.853798,123.428612,287.982483,49.048550,150.517334,276.611969,26.709045,176.651428,264.152985,4.851184,211.362915,254.494522,-19.941561,120.571030,296.014435,99.183197,145.256561,282.569916,77.539574,170.818359,268.961914,54.991207,196.392319,255.133240,33.322998,228.981415,242.214569,8.608712,144.535477,292.749237,127.797142,165.863052,275.737793,108.253830,190.909286,260.146606,85.070229,215.866592,244.543716,63.070454,246.822449,231.041672,38.036514,173.617279,288.865143,161.010651,193.819733,269.960114,141.273026,215.464401,250.337219,120.090363,238.385193,232.872055,98.874077,262.909302,220.563217,78.420860,197.964127,286.146423,187.654068,215.698502,263.941498,170.430450,235.949295,244.213440,148.816803,250.754272,231.927078,133.785629,268.702240,220.166229,118.593353,222.561249,283.211853,215.006119,239.227234,260.833679,197.159637,253.694855,243.981705,183.087341,266.410797,230.383362,168.850296,238.272430,281.085388,231.557632,255.699249,259.966919,213.073715
3299,3.608333,52.863510,304.218170,15.464217,120.713081,293.584015,-33.070007,179.066498,280.078583,-74.528534,76.261063,302.776489,43.445694,102.949760,294.514923,20.620468,131.270599,285.867523,-0.836330,159.917145,276.206055,-23.729221,195.808105,268.044189,-46.923191,97.493629,301.636505,69.754707,123.678101,291.018677,49.123154,150.964172,279.755676,26.938709,177.272614,267.314453,5.239757,212.085129,257.635010,-19.440527,120.684868,300.201447,99.136902,145.633682,286.868591,77.664635,171.454803,273.343109,55.309589,197.258667,259.610199,33.854099,230.036179,246.731522,9.319517,144.711853,298.230591,127.805321,166.413483,281.343079,108.488518,191.783966,265.827637,85.526306,217.024506,250.276123,63.751503,248.218094,237.001724,38.878773,173.836594,295.936493,161.107422,194.497192,277.075836,141.594421,216.578491,257.494629,120.697899,239.841644,240.090393,99.744530,264.589172,227.947632,79.395210,198.200653,294.354401,187.795273,216.453140,272.211060,170.873062,237.184464,252.574860,149.520935,252.253113,240.281799,134.621887,270.425018,228.649216,119.576370,222.833038,292.690948,215.197586,239.980011,270.229095,197.730042,254.890747,253.498489,183.856888,267.944305,239.964661,169.756256,238.558624,291.314178,231.812958,256.425781,270.106628,213.695648
3300,3.611111,52.833210,304.818237,15.418760,120.724403,294.172760,-33.052002,179.251892,280.813690,-74.317787,76.247047,304.582214,43.340595,103.088486,296.406250,20.623051,131.529495,287.902435,-0.762107,160.352219,278.286102,-23.449896,196.288284,270.106659,-46.547436,97.499969,304.604340,69.608040,123.896881,294.144440,49.154415,151.398987,283.054169,27.118683,177.913162,270.721161,5.580668,212.827454,261.058289,-18.992662,120.720184,304.415985,99.030075,145.961227,291.278717,77.721962,172.066132,277.920593,55.554653,198.130081,264.370941,34.307941,231.113312,251.600922,9.950483,144.779526,303.747650,127.735764,166.895996,287.089081,108.627014,192.623169,271.736420,85.880356,218.181580,256.343109,64.322990,249.636780,243.391327,39.602467,173.908356,303.038940,161.111084,195.073975,284.352631,141.800873,217.637405,264.925293,121.172287,241.285248,247.692413,100.468445,266.284180,235.813461,80.217392,198.263824,302.615784,187.828079,217.083389,280.654633,171.180054,238.341324,261.230072,150.068298,253.707581,249.017120,135.295929,272.130615,237.599686,120.385216,222.900101,302.230194,215.266357,240.572281,279.794830,198.156540,255.966187,263.284119,184.462326,269.392700,249.905792,170.480667,238.622894,301.611359,231.933853,256.964691,280.413177,214.175537
3301,3.613889,52.800697,305.416687,15.355831,120.733894,294.784119,-33.042198,179.441422,281.597931,-74.116241,76.203537,306.383057,43.207638,103.205849,298.331726,20.597128,131.773697,290.006317,-0.724139,160.788208,280.478210,-23.202946,196.770523,272.305573,-46.210140,97.461258,307.571350,69.410103,124.079185,297.327057,49.134975,151.808273,286.466736,27.236603,178.552307,274.327850,5.854689,213.567596,264.721069,-18.620514,120.683357,308.628845,98.855927,146.233948,295.759369,77.700562,172.637146,282.644073,55.710346,198.982071,269.356812,34.662724,232.182663,256.761810,10.475004,144.747894,309.263458,127.577751,167.304306,292.925446,108.655266,193.409485,277.813873,86.113266,219.309204,262.677399,64.759346,251.041260,250.134201,40.176060,173.847870,310.129517,161.004379,195.546616,291.732758,141.872574,218.621536,272.560242,121.489586,242.684586,255.601013,101.016266,267.953186,244.074432,80.852127,198.171204,310.877960,187.731705,217.589676,289.209808,171.326965,239.402008,270.104218,150.431442,255.089706,258.051575,135.775696,273.782196,246.928513,120.983780,222.784134,311.769409,215.187378,241.010971,289.465424,198.408112,256.911957,273.263275,184.871552,270.733826,260.122772,170.989502,238.488907,311.912262,231.891800,257.326569,290.818848,214.477707
3302,3.616667,52.766159,306.010956,15.274302,120.740181,295.409973,-33.044060,179.631210,282.417938,-73.930084,76.132935,308.166870,43.046154,103.298019,300.268829,20.539606,131.995453,292.149414,-0.728147,161.212067,282.748718,-22.998222,197.242310,274.609589,-45.922680,97.381851,310.516846,69.159218,124.220482,300.533691,49.059505,152.180603,289.952484,27.283007,179.170807,278.087769,6.045837,214.285919,268.579895,-18.342962,120.582199,312.812164,98.609955,146.448425,300.270050,77.592415,173.155060,287.463013,55.764488,199.792603,274.508301,34.901184,233.216599,262.151855,10.870975,144.628525,314.743134,127.323257,167.634598,298.802704,108.563286,194.128326,284.001801,86.210236,220.381943,269.211548,65.040237,252.397354,257.152344,40.574493,173.673065,317.168304,160.772980,195.914917,299.161499,141.793686,219.515015,280.332794,121.631004,244.012161,263.739838,101.364861,269.559235,252.644150,81.271477,197.943420,319.092377,187.489120,217.976456,297.818665,171.293808,240.353256,279.126190,150.588425,256.375916,267.306366,136.035477,275.347168,256.547943,121.343582,222.510284,321.253510,214.940094,241.307693,299.181549,198.458389,257.724152,283.366516,185.057816,271.951202,270.536621,171.254883,238.184189,322.157776,231.662964,257.527344,301.262848,214.571167
3303,3.619444,52.729580,306.598755,15.173960,120.742470,296.043243,-33.060249,179.818130,283.260590,-73.764580,76.038017,309.922180,42.856613,103.362389,302.196655,20.448969,132.188782,294.303833,-0.777219,161.612823,285.064972,-22.842615,197.692154,276.986694,-45.694237,97.266083,313.420776,68.856461,124.317917,303.732788,48.924671,152.506958,293.472076,27.251665,179.751663,281.954376,6.142140,214.965515,272.591309,-18.174500,120.425079,316.939423,98.290421,146.602859,304.771820,77.393166,173.609741,292.328552,55.709351,200.542816,279.766968,35.011238,234.190811,267.708893,11.121938,144.433731,320.153564,126.967819,167.885269,304.673645,108.345863,194.767929,290.244324,86.161377,221.378006,275.879547,65.151466,253.674454,264.367584,40.780148,173.402435,324.117676,160.407349,196.180939,306.587311,141.553467,220.305634,288.180176,121.583694,245.244492,272.035034,101.498085,271.069733,261.437469,81.455856,197.601761,327.213501,187.089005,218.250656,306.427399,171.066315,241.185654,288.229523,150.523712,257.547089,276.706665,136.056915,276.797424,266.373474,121.444572,222.104401,330.630829,214.510712,241.476379,308.888885,198.287537,258.402557,293.530151,185.001175,273.032928,281.074158,171.256470,237.736893,332.292755,231.230804,257.585205,311.690155,214.432007
3304,3.622222,52.690430,307.177063,15.056133,120.740395,296.677887,-33.092274,179.999573,284.113525,-73.623924,75.921799,311.638062,42.640675,103.397789,304.096863,20.325146,132.349487,296.444885,-0.871835,161.981827,287.396729,-22.740053,198.110092,279.406250,-45.531292,97.118065,316.263977,68.505615,124.370499,306.895874,48.728874,152.780975,296.989899,27.139561,180.280624,285.883026,6.136149,215.591995,276.712433,-18.124779,120.220245,320.985443,97.898445,146.696976,309.228638,77.102310,173.993820,297.195435,55.541813,201.217300,285.077698,34.986217,235.084717,273.372467,11.217853,144.175613,325.462982,126.511139,168.056641,310.494690,108.002502,195.319611,296.489594,85.962059,222.279434,282.618469,65.085533,254.846161,271.703308,40.783401,173.053482,330.941498,159.904083,196.348145,313.962372,141.147064,220.984589,296.044617,121.341110,246.362000,280.417084,101.407173,272.456390,270.371674,81.394691,197.166382,335.197479,186.527130,218.420059,314.985992,170.637238,241.892822,297.353149,150.228622,258.587891,286.182770,135.829590,278.109161,276.325073,121.275597,221.590637,339.851532,213.893982,241.530884,318.536499,197.883911,258.948822,303.695374,184.689804,273.970490,291.667847,170.982178,237.173340,342.264008,230.588104,257.517883,322.049255,214.045563
3305,3.625000,52.647831,307.742065,14.923581,120.733734,297.309235,-33.140575,180.173141,284.966187,-73.511230,75.787430,313.304108,42.401119,103.404320,305.954559,20.169243,132.475250,298.552032,-1.010151,162.312912,289.717743,-22.691889,198.488251,281.841705,-45.437477,96.941795,319.028473,68.112389,124.379150,309.998322,48.472366,152.998795,300.474976,26.946699,180.746597,289.832642,6.025130,216.153519,280.902344,-18.198477,119.975517,324.926575,97.438057,146.731888,313.608459,76.722931,174.302567,302.023254,55.263046,201.804245,290.390198,34.824657,235.881912,279.085510,11.154993,143.865158,330.640656,125.957596,168.150635,316.227325,107.536728,195.777420,302.691132,85.612854,223.071915,289.370178,64.841599,255.890823,279.086945,40.582481,172.641724,337.604340,159.266373,196.420700,321.242645,140.575867,221.545868,303.874329,120.903000,247.348816,288.822113,101.090599,273.695374,279.368134,81.086472,196.654968,343.000458,185.807388,218.491867,323.447266,170.007156,242.470520,306.441437,149.701752,259.486145,295.670380,135.351135,279.262817,286.328247,120.834320,220.990051,348.865479,213.094254,241.483414,328.074860,197.245438,259.365021,313.806946,184.120819,274.757202,302.254913,170.428864,236.516144,352.017700,229.738358,257.340637,332.289520,213.407791
3306,3.627778,52.601143,308.289642,14.779662,120.722412,297.933716,-33.204853,180.336319,285.810852,-73.428543,75.638184,314.910400,42.141754,103.383209,307.758118,19.983351,132.565353,300.609131,-1.188546,162.602188,292.006714,-22.697620,198.821091,284.272644,-45.414078,96.741440,321.697449,67.683792,124.346184,313.019379,48.157570,153.158707,303.901520,26.675871,181.141678,293.766663,5.810897,216.640961,285.122925,-18.395351,119.698196,328.739807,96.916283,146.709961,317.883850,76.260979,174.533554,306.777283,54.877876,202.295547,295.660553,34.529709,236.570190,284.796204,10.935045,143.512054,335.656311,125.316071,168.170486,321.838348,106.955574,196.138000,308.808350,85.119202,223.744995,296.082733,64.424896,256.791931,286.452362,40.182621,172.180359,344.070343,158.504227,196.403030,328.387207,139.847488,221.985809,311.623474,120.275024,248.192551,297.192535,100.553711,274.767670,288.354279,80.537880,196.082489,350.577606,184.941971,218.472153,331.765747,169.184692,242.916138,315.443512,148.948639,260.232300,305.110870,134.626953,280.242645,296.314514,120.126633,220.320145,357.621368,212.125534,241.343964,337.454010,196.379807,259.652863,323.811768,183.300430,275.387787,312.776550,169.602036,235.784042,361.497894,228.696106,257.065582,342.359100,212.525330
3307,3.630556,52.550377,308.815979,14.627721,120.706337,298.548676,-33.284313,180.486481,286.643097,-73.377098,75.477440,316.447510,41.867176,103.336464,309.498474,19.770409,132.620331,302.604523,-1.402576,162.847839,294.247559,-22.755552,199.105240,286.685669,-45.460789,96.521393,324.255005,67.227928,124.274902,315.941772,47.789097,153.260757,307.248596,26.332376,181.461075,297.653625,5.499259,217.047897,289.338928,-18.710573,119.395172,332.402405,96.342865,146.634613,322.031250,75.724838,174.686569,311.428467,54.393982,202.686356,300.851898,34.108227,237.141541,290.459808,10.563783,143.125092,340.480011,124.599754,168.120392,327.298737,106.269211,196.400269,314.806488,84.490715,224.291626,302.711212,63.845581,257.538208,293.742249,39.594746,171.680664,350.302734,157.634109,196.299698,335.357544,138.975357,222.302643,319.251312,119.468269,248.884186,305.476959,99.807755,275.659088,297.265442,79.762154,195.461594,357.882507,183.950714,218.366058,339.896637,168.185898,243.228348,324.312439,147.981689,260.819244,314.450714,133.669281,281.037048,306.221558,119.165718,219.595673,366.065765,211.010696,241.120422,346.622864,195.303970,259.813843,333.657959,182.243195,275.858093,323.176849,168.515213,234.992493,370.645416,227.486237,256.702148,352.203918,211.415009
3308,3.633333,52.496113,309.317596,14.470961,120.685493,299.151764,-33.377754,180.621552,287.461731,-73.357536,75.308792,317.906281,41.582481,103.266685,311.168427,19.533939,132.641846,304.530731,-1.647872,163.050003,296.429077,-22.863108,199.339127,289.073303,-45.576447,96.286362,326.685913,66.753586,124.169312,318.751434,47.373413,153.306290,310.499176,25.923563,181.702698,301.466858,5.099038,217.370331,293.517303,-19.135403,119.073082,335.891876,95.729935,146.510132,326.029968,75.125023,174.763184,315.952881,53.821068,202.975021,305.934540,33.569790,237.591660,296.039551,10.049981,142.712555,345.081543,123.825386,168.005432,332.582031,105.490616,196.565125,320.655640,83.740456,224.708054,309.217804,63.117294,258.123322,300.909454,38.833870,171.153015,356.263397,156.677887,196.115677,342.115967,137.977936,222.496429,326.720764,118.498375,249.418213,313.630035,98.868591,276.360626,306.046204,78.777122,194.803818,364.867310,182.859421,218.178543,347.795349,167.033081,243.407242,333.003571,146.819305,261.242554,323.641083,132.495804,281.638428,315.993256,117.970581,218.830017,374.143341,209.779800,240.819839,355.528412,194.042938,259.850250,343.294281,180.970535,276.165802,333.402679,167.188538,234.155441,379.398102,226.141937,256.258301,361.767426,210.102539
3309,3.636111,52.439369,309.791260,14.312447,120.659912,299.741302,-33.483894,180.740326,288.267975,-73.369835,75.136070,319.278107,41.292942,103.176979,312.762146,19.277767,132.632385,306.383453,-1.920290,163.210327,298.543488,-23.016882,199.522812,291.431458,-45.759365,96.041428,328.975739,66.269951,124.033890,321.436432,46.918457,153.297791,313.639313,25.458269,181.866669,305.184296,4.620743,217.606461,297.627380,-19.658241,118.738632,339.185577,95.091576,146.341751,329.860840,74.473633,174.766769,320.330597,53.170120,203.162384,310.885193,32.925743,237.919235,301.506622,9.404669,142.282974,349.430481,123.012192,167.831543,337.662994,104.635086,196.635284,326.329407,82.884125,224.993439,315.571320,62.255676,258.545074,307.917023,37.917313,170.607956,361.913422,155.661209,195.856796,348.624969,136.877838,222.569244,333.997162,117.384537,249.792480,321.612000,97.755325,276.867889,314.651184,77.603180,194.121185,371.483276,181.698090,217.915543,355.416779,165.752960,243.454712,341.473816,145.484955,261.500793,332.637207,131.128204,282.043274,325.579712,116.564102,218.037109,381.797302,208.468109,240.449646,364.116241,192.628006,259.765900,352.670135,179.509171,276.311066,343.403046,165.647354,233.287445,387.692230,224.702103,255.742310,370.990997,208.620651
3310,3.638889,52.381458,310.233948,14.155128,120.629700,300.316132,-33.601635,180.842407,289.063812,-73.412880,74.963333,320.554565,41.004025,103.070847,314.274445,19.005983,132.595001,308.159607,-2.215556,163.331635,300.585297,-23.212612,199.657333,293.757355,-46.007240,95.792061,331.110321,65.786629,123.873497,323.986053,46.433334,153.238785,316.657288,24.946245,181.955048,308.788330,4.075345,217.756592,301.642487,-20.266012,118.398941,342.260895,94.443268,146.135651,333.505707,73.783890,174.702072,324.544525,52.452805,203.251434,315.685669,32.188496,238.125427,306.839417,8.640269,141.845917,353.496613,122.180733,167.605774,342.516510,103.719666,196.615280,331.803467,81.939255,225.149734,321.745819,61.277382,258.804840,314.737213,36.863125,170.057327,367.214050,154.611603,195.530472,354.846863,135.700516,222.525391,341.046875,116.148636,250.008347,329.387848,96.488960,277.180878,323.044342,76.261810,193.427475,377.681580,180.498718,217.584717,362.715668,164.375610,243.375092,349.680908,144.005585,261.595825,341.397247,129.591263,282.252350,334.937622,114.971062,217.233032,388.970764,207.113647,240.019073,372.330902,191.094788,259.567047,361.734802,177.889786,276.297028,353.128510,163.921204,232.405289,395.463989,223.208221,255.164261,379.814514,207.007156
3311,3.641667,52.323906,310.642853,14.001856,120.595139,300.875580,-33.729969,180.927567,289.850708,-73.484039,74.794739,321.727142,40.721542,102.952095,315.699951,18.723217,132.533035,309.856140,-2.529045,163.417267,302.549744,-23.445013,199.744339,296.047668,-46.316784,95.544296,333.075592,65.313766,123.693451,326.389740,45.928062,153.133881,319.542603,24.397476,181.971466,312.265381,3.473370,217.823029,305.541412,-20.945642,118.062019,345.095795,93.801163,145.899094,336.946564,73.069771,174.575317,328.579254,51.681370,203.246765,320.321472,31.370979,238.213440,312.022339,7.769706,141.412186,357.250275,121.351997,167.336517,347.117065,102.762901,196.511612,337.054565,80.924332,225.181473,327.719452,60.199509,258.907013,321.349487,35.689297,169.514984,372.127716,153.556564,195.146240,360.743927,134.473251,222.371719,347.836700,114.814476,250.070450,336.926392,95.091507,277.303375,331.197113,74.774734,192.739151,383.414398,179.293930,217.196106,369.646332,162.933197,243.175491,357.582947,142.410675,261.532867,349.881561,127.912033,282.270050,344.029541,113.217125,216.437164,395.607819,205.754822,239.539978,380.116760,189.481262,259.262909,370.437256,176.146210,276.130280,362.530487,162.042923,231.529526,402.650848,221.702057,254.537262,388.177002,205.302780
3312,3.644444,52.268394,311.015320,13.855269,120.556709,301.418945,-33.867584,180.995438,290.628510,-73.579231,74.634537,322.787689,40.451687,102.824821,317.032867,18.434763,132.450150,311.469086,-2.855799,163.470917,304.431793,-23.707712,199.785812,298.297974,-46.683559,95.304787,334.857544,64.861717,123.499718,328.636414,45.413284,152.988770,322.285828,23.821596,181.920883,315.605103,2.824478,217.809631,309.309326,-21.685129,117.736984,347.669037,93.181358,145.640427,340.165131,72.345909,174.393875,332.419800,50.868820,203.154449,324.780457,30.486338,238.188232,317.043915,6.805964,140.994095,360.662964,120.546921,167.033554,351.438568,101.784676,196.332703,342.060120,79.858261,225.095383,333.473053,59.039383,258.858704,327.738220,34.413540,168.997101,376.619049,152.522476,194.715973,366.278961,133.224060,222.117676,354.333344,113.407288,249.986710,344.199188,93.585564,277.242676,339.086151,73.163811,192.075470,388.635803,178.115601,216.762512,376.163574,161.459015,242.866165,365.138245,140.731445,261.320740,358.051544,126.119453,282.104156,352.822021,111.328888,215.672485,401.655304,204.428604,239.027466,387.419006,187.826385,258.865967,378.726044,174.314774,275.821075,371.560638,160.047989,230.684753,409.193054,220.223618,253.877960,396.017944,203.549316
3313,3.647222,52.216724,311.349213,13.717631,120.515167,301.945038,-34.012531,181.045639,291.396118,-73.693977,74.487083,323.728271,40.200741,102.693367,318.266815,18.146486,132.350235,312.993683,-3.190641,163.496628,306.225800,-23.993464,199.784042,300.502808,-47.102196,95.080750,336.442810,64.440681,123.298912,330.714539,44.900051,152.810074,324.877563,23.227743,181.809341,318.799622,2.137767,217.721542,312.936157,-22.473589,117.433975,349.960907,92.599319,145.368973,343.142975,71.627304,174.166214,336.051270,50.029022,202.981766,329.051239,29.548004,238.056366,321.894745,5.762106,140.605148,363.707733,119.785759,166.708008,355.454651,100.805618,196.088867,346.797546,78.760262,224.900177,338.988953,57.814632,258.669067,333.889923,33.053371,168.522018,380.655518,151.533569,194.253876,371.415833,131.980972,221.775345,360.503296,111.953392,249.767883,351.179108,91.994438,277.009338,346.690613,71.451347,191.458160,393.302826,176.993835,216.299438,382.223053,159.986389,242.460449,372.305298,139.000244,260.971558,365.868927,124.244064,281.765747,361.283203,109.334709,214.965134,407.063629,203.169373,238.499725,394.184814,186.168457,258.391937,386.549622,172.433350,275.383392,380.170471,157.974167,229.899414,415.034515,218.809799,253.206787,403.278503,201.788177
3314,3.650000,52.170792,311.642792,13.590878,120.471443,302.452179,-34.162354,181.078140,292.152466,-73.824936,74.356743,324.541565,39.974773,102.562233,319.395111,17.864595,132.237305,314.424500,-3.528309,163.498779,307.925781,-24.294569,199.741760,302.655701,-47.566593,94.879608,337.819092,64.060204,123.098114,332.612244,44.399502,152.605057,327.308594,22.624929,181.643600,321.841522,1.422611,217.564880,316.414520,-23.300476,117.163551,351.953522,92.069344,145.094742,345.861725,70.929031,173.901550,339.458069,49.176914,202.737167,333.122406,28.569994,237.825714,326.565979,4.651686,140.259552,366.360046,119.087189,166.372330,359.139191,99.846397,195.791855,351.244446,77.650055,224.606216,344.250031,56.543465,258.349426,339.792145,31.626564,168.109406,384.208160,150.611511,193.776154,376.120209,130.771423,221.359085,366.312836,110.480072,249.427383,357.838959,90.342667,276.616608,353.989899,69.660896,190.910431,397.376434,175.955887,215.824738,387.782104,158.548218,241.974533,379.042969,137.250336,260.500458,373.295105,122.318245,281.268982,369.380646,107.265602,214.343231,411.787994,202.008255,237.977631,400.364227,184.544495,257.859619,393.857361,170.540939,274.834534,388.311523,155.861023,229.204483,420.124481,217.493317,252.547028,409.902985,200.059418
3315,3.652778,52.132458,311.894897,13.476792,120.426567,302.938690,-34.314590,181.093353,292.897644,-73.970345,74.247658,325.221344,39.779324,102.435944,320.411530,17.595362,132.115280,315.756104,-3.863540,163.482071,309.525482,-24.603161,199.662292,304.749268,-48.069916,94.708595,338.975739,63.728855,122.904533,334.317993,43.922661,152.381332,329.569519,22.022583,181.430954,324.722839,0.689336,217.346725,319.737274,-24.154617,116.936043,353.631531,91.604088,144.827988,348.303802,70.265915,173.609589,342.624298,48.328545,202.430054,336.981903,27.567282,237.505478,331.048309,3.489488,139.971420,368.598633,118.467651,166.039566,362.466949,98.927505,195.454422,355.378113,76.548088,224.225143,349.238739,55.245148,257.912659,345.431854,30.151888,167.779037,387.252258,149.774841,193.300415,380.360321,129.621689,220.885223,371.728271,109.015625,248.980499,364.150543,88.656891,276.080322,360.961761,67.818413,190.455627,400.822388,175.025833,215.357635,392.800354,157.176559,241.427032,385.310577,135.515839,259.925232,380.290649,120.376411,280.630920,377.079956,105.156036,213.835266,415.789459,200.972626,237.483643,405.910553,182.989761,257.290070,400.599823,168.677383,274.195038,395.935333,153.750000,228.631210,424.418152,216.302597,251.923889,415.839630,198.401718
3316,3.655556,52.103378,312.104797,13.376937,120.381607,303.403656,-34.467239,181.092026,293.632446,-74.129402,74.163345,325.762512,39.619049,102.318733,321.310455,17.344748,131.987915,316.983398,-4.191170,163.451431,311.018707,-24.911253,199.549530,306.774994,-48.604137,94.574303,339.903778,63.453987,122.725067,335.820953,43.480011,152.146454,331.650879,21.430782,181.179031,327.434631,-0.050471,217.075134,322.896637,-25.023495,116.760773,354.982452,91.214127,144.578720,350.452911,69.652229,173.300400,345.533966,47.500526,202.070618,340.616638,26.556099,237.106171,335.330902,2.292374,139.753723,370.406281,117.940887,165.722733,365.413879,98.068878,195.089874,359.175873,75.475487,223.769669,353.936676,53.940521,257.373199,350.794739,28.650251,167.548996,389.768158,149.038879,192.844650,384.107330,128.556458,220.371216,376.715973,107.589523,248.444016,370.083801,86.966583,275.418304,367.581146,65.953308,190.115433,403.612152,174.224030,214.917633,397.240417,155.902237,240.838089,391.068054,133.831818,259.265839,386.815002,118.455299,279.871399,384.343353,103.044754,213.467850,419.035767,200.085907,237.040558,410.781281,181.537750,256.705597,406.729492,166.883057,273.487671,402.993195,151.684692,228.208771,427.877930,215.261765,251.363098,421.040802,196.852478
3317,3.658333,52.084854,312.272278,13.292377,120.337593,303.847443,-34.618778,181.074966,294.357941,-74.301529,74.106377,326.161591,39.497463,102.214287,322.087494,17.118074,131.858597,318.102295,-4.506451,163.411804,312.399109,-25.210617,199.408005,308.722565,-49.159637,94.482262,340.596558,63.241562,122.565948,337.111908,43.081051,151.907623,333.543610,20.860020,180.895782,329.966949,-0.784015,216.759247,325.883209,-25.892857,116.645439,355.997345,90.907692,144.356155,352.294983,69.101196,172.984253,348.171783,46.709358,201.669739,344.012421,25.554127,236.639633,339.400391,1.079922,139.617218,371.770203,117.517784,165.433899,367.958160,97.289337,194.711594,362.615356,74.453575,223.253372,358.323730,52.652409,256.746887,355.863312,27.145842,167.433945,391.741760,148.415726,192.426208,387.335632,127.598763,219.835175,381.242737,106.232430,247.836121,375.606262,85.304428,274.650299,373.819458,64.098923,189.908005,405.724030,173.566727,214.523315,401.068756,154.754364,240.228699,396.275726,132.234390,258.543976,392.825867,116.594147,279.013123,391.128937,100.975159,213.263412,421.502716,199.367249,236.669922,414.938660,180.219833,256.128632,412.200806,165.198471,272.736755,409.436340,149.710754,227.961487,430.474518,214.390198,250.889389,425.463470,195.447800
3318,3.661111,52.077732,312.397644,13.223548,120.295349,304.271210,-34.767994,181.042999,295.075073,-74.486099,74.078110,326.416656,39.416733,102.125580,322.739471,16.919853,131.730392,319.109680,-4.805459,163.368057,313.660736,-25.492945,199.242981,310.579987,-49.725128,94.436531,341.049805,63.095890,122.432304,338.183838,42.733803,151.671524,335.239258,20.320784,180.589554,332.309082,-1.497717,216.409332,328.685883,-26.746653,116.595505,356.670746,90.690506,144.168213,353.818573,68.624481,172.671265,350.523193,45.971264,201.238907,347.153442,24.580420,236.119156,343.239777,-0.125305,139.569427,372.682526,117.206093,165.183868,370.081421,96.605721,194.332809,365.675354,73.503044,222.690842,362.378113,51.405437,256.051239,360.615845,25.666729,167.443939,393.164948,147.914032,192.060730,390.023193,126.769569,219.295258,385.276123,104.975555,247.176270,380.682892,83.706017,273.798065,379.643829,62.292385,189.846024,407.144135,173.065475,214.191483,404.256256,153.759430,239.620132,400.894470,130.760498,257.783325,398.279083,114.834198,278.081787,397.390076,98.995079,213.238007,423.175171,198.831131,236.390442,418.350159,179.064896,255.581345,416.970551,163.663834,271.968262,415.215149,147.875778,227.906677,432.188507,213.702057,250.525085,429.069855,194.221710
3319,3.663889,52.082409,312.481384,13.170315,120.255508,304.676270,-34.913891,180.996948,295.784210,-74.682236,74.078789,326.527313,39.377762,102.054756,323.264648,16.753651,131.606003,320.003143,-5.085169,163.324860,314.798065,-25.750380,199.060287,312.333954,-50.287979,94.439461,341.261658,63.019409,122.328049,339.031982,42.444645,151.444321,336.730194,19.823236,180.269287,334.449615,-2.177809,216.036804,331.291412,-27.567282,116.613770,357.001190,90.565590,144.021164,355.015320,68.231476,172.371048,352.574707,45.301895,200.790237,350.022400,23.655024,235.559769,346.827759,-1.297993,139.614212,373.140350,117.010025,164.981628,371.769470,96.032051,193.966324,368.335938,72.643379,222.097839,366.076050,50.225548,255.305893,365.025543,24.244520,167.583557,394.036011,147.538696,191.761612,392.151855,126.087204,218.769516,388.785095,103.849419,246.485596,385.276306,82.208603,272.886169,385.016266,60.574051,189.935699,407.867462,172.727051,213.936523,406.779083,152.940018,239.034042,404.885590,129.446472,257.009735,403.128418,113.217300,277.106812,403.075531,97.155151,213.399948,424.048431,198.486725,236.217224,420.989471,178.098541,255.085114,420.997589,162.317673,271.209717,420.278839,146.227859,228.052933,433.011444,213.205627,250.288971,431.829132,193.204437
3320,3.666667,52.098885,312.524353,13.132080,120.218506,305.063293,-35.055664,180.937897,296.485260,-74.888611,74.107651,326.494598,39.380299,102.003166,323.662384,16.622053,131.487808,320.780365,-5.343019,163.286530,315.806183,-25.976048,198.866409,313.970093,-50.834831,94.491531,341.232941,63.012489,122.255791,339.653656,42.218254,151.231659,338.009186,19.377008,179.944489,336.376770,-2.810920,215.654160,333.683960,-28.336145,116.700211,356.990967,90.533203,143.919434,355.880035,67.928932,172.092880,354.313599,44.715775,200.336792,352.600067,22.798349,234.978500,350.138123,-2.410866,139.751617,373.145874,116.930313,164.834320,373.012360,95.579231,193.624466,370.578339,71.892494,221.491577,369.391174,49.139263,254.533203,369.060150,22.913147,167.851471,394.359497,147.290741,191.540039,393.707367,125.566467,218.276016,391.740540,102.882210,245.787048,389.347321,80.849258,271.942871,389.892365,58.986626,190.176331,407.897949,172.553589,213.770386,408.618530,152.313950,238.492645,408.211731,128.326370,256.251495,407.326538,111.783829,276.122009,408.130249,95.505798,213.748993,424.128113,198.338028,236.161270,422.836945,177.341888,254.661026,424.243683,161.195145,270.490692,424.576447,144.813324,228.399231,432.945862,212.903442,250.195084,433.718750,192.420334
3321,3.669444,52.126862,312.527527,13.107783,120.184784,305.432312,-35.192600,180.867325,297.177063,-75.103271,74.163193,326.320709,39.423000,101.971466,323.932922,16.526772,131.378052,321.438446,-5.576304,163.256866,316.680359,-26.164093,198.668304,315.473297,-51.352089,94.591469,340.966888,63.073479,122.216919,340.047882,42.057537,151.038956,339.069427,18.990932,179.625229,338.078247,-3.384414,215.274872,335.844849,-29.034531,116.852242,356.645935,90.591125,143.865707,356.410248,67.720917,171.845596,355.728088,44.225719,199.892624,354.865326,22.030378,234.394501,353.140289,-3.435950,139.978134,372.705750,116.964615,164.747437,373.804077,95.254829,193.319107,372.384705,71.266396,220.891006,372.294342,48.172726,253.758453,372.682251,21.707029,168.240479,394.144958,147.167877,191.404999,394.679138,125.218170,217.832886,394.115448,102.098297,245.105865,392.855347,79.662857,271.001221,394.221313,57.573330,190.560440,407.247894,172.543182,213.702530,409.760498,151.893951,238.018600,410.837952,127.429489,255.538879,410.826263,110.570145,275.165161,412.497681,94.093597,214.276382,423.430054,198.384415,236.229538,423.879578,176.810715,254.329620,426.674438,160.325775,269.842224,428.058746,143.673111,228.934799,432.004761,212.792786,250.251984,434.725647,191.886520
3322,3.672222,52.165863,312.492340,13.095851,120.154968,305.782501,-35.324039,180.787445,297.857086,-75.323624,74.243179,326.008850,39.503471,101.959869,324.076965,16.468876,131.279114,321.973663,-5.781734,163.239243,317.415771,-26.309589,198.473282,316.827637,-51.826439,94.736389,340.468719,63.198902,122.211754,340.214935,41.963631,150.871475,339.903900,18.672792,179.322113,339.541382,-3.886197,214.912979,337.752991,-29.644838,117.065140,355.974640,90.735237,143.861282,356.605255,67.609314,171.637863,356.806519,43.842613,199.472992,356.795044,21.370041,233.828964,355.799896,-4.345978,140.286957,371.830292,117.108391,164.724869,374.141571,95.063263,193.061920,373.737610,70.778824,220.317337,374.753479,47.350838,253.009949,375.849823,20.659273,168.737549,393.405212,147.165482,191.363510,395.059784,125.048950,217.458160,395.885284,101.517151,244.469360,395.759399,78.680443,270.098236,397.947540,56.375164,191.074448,405.936249,172.690765,213.739761,410.195190,151.687653,237.634079,412.733459,126.778633,254.902954,413.583221,109.605942,274.276428,416.122589,92.958023,214.965515,421.978577,198.621704,236.424774,424.111023,176.514984,254.110031,428.261108,159.731583,269.295319,430.682251,142.839874,229.639709,430.209656,212.866791,250.461487,434.846161,191.612366
3323,3.675000,52.215328,312.420563,13.094103,120.130112,306.112244,-35.449425,180.701324,298.521240,-75.546547,74.344818,325.563171,39.618423,101.968346,324.095154,16.449091,131.193619,322.381317,-5.955202,163.236420,318.007324,-26.408497,198.288940,318.016693,-52.245243,94.921967,339.745483,63.383930,122.239799,340.155487,41.936352,150.734467,340.504730,18.429344,179.046127,340.752472,-4.304410,214.582748,339.386383,-30.151796,117.332390,354.987305,90.960342,143.906403,356.465485,67.594391,171.478043,357.537140,43.575382,199.094315,358.364441,20.834923,233.304672,358.079773,-5.115425,140.668182,370.532379,117.355568,164.768890,374.023865,95.006119,192.864136,374.620270,70.440926,219.793945,376.734131,46.696674,252.318436,378.516998,19.800331,169.324280,392.153687,147.278046,191.419891,394.845428,125.061440,217.168579,397.028595,101.152580,243.905762,398.019653,77.927704,269.273529,401.014618,55.428040,191.699554,403.986237,172.989395,213.885559,409.917755,151.697433,237.358978,413.873657,126.388878,254.373367,415.558868,108.912201,273.495605,418.954926,92.129356,215.793198,419.804047,199.043671,236.744781,423.531708,176.458832,254.018066,428.982605,159.425659,268.877960,432.412109,142.336197,230.486374,427.588196,213.115860,250.817780,434.085815,191.599747
3324,3.677778,52.274723,312.314545,13.099589,120.111862,306.419128,-35.568333,180.613297,299.163635,-75.768265,74.464828,324.988159,39.764107,101.996925,323.987701,16.468153,131.124786,322.655365,-6.091709,163.250549,318.450104,-26.457766,198.122986,319.023987,-52.596928,95.142532,338.805206,63.622967,122.300049,339.869995,41.975067,150.633362,340.862946,18.266703,178.808731,341.696564,-4.627370,214.298019,340.723694,-30.542973,117.645874,353.695007,91.260902,144.000244,355.991760,67.675529,171.373947,357.908020,43.431080,198.773605,359.547455,20.441021,232.845505,359.941376,-5.721022,141.109360,368.826447,117.699188,164.879623,373.451691,95.082703,192.736008,375.016998,70.261429,219.345291,378.201019,46.230698,251.715927,380.636505,19.156986,169.977264,390.401367,147.500854,191.574677,394.035858,125.254555,216.978088,397.528046,101.012711,243.442078,399.599640,77.423988,268.565948,403.369324,54.760738,192.412888,401.423065,173.431366,214.138779,408.929108,151.920715,237.208389,414.241486,126.267418,253.975662,416.722198,108.500725,272.858551,420.952515,91.627907,216.731430,416.939819,199.643387,237.181412,422.149414,176.640961,254.063461,428.827515,159.412170,268.611938,433.224518,142.174179,231.441589,424.170593,213.529053,251.307343,432.457855,191.844070
3325,3.680556,52.343586,312.177032,13.108564,120.102577,306.699738,-35.680271,180.528961,299.775818,-75.984062,74.599541,324.288300,39.936737,102.045761,323.753723,16.527067,131.076492,322.788177,-6.185421,163.283005,318.739197,-26.455500,197.982880,319.833466,-52.871284,95.391090,337.656433,63.910217,122.391136,339.358154,42.079285,150.573563,340.968353,18.190723,178.621826,342.357208,-4.843594,214.072205,341.744965,-30.808052,117.995834,352.108795,91.631584,144.140762,355.184845,67.851639,171.332199,357.907318,43.415081,198.527298,360.318573,20.202257,232.474884,361.346985,-6.142441,141.595642,366.727539,118.132141,165.054611,372.427277,95.290756,192.685730,374.914124,70.246704,218.994324,379.121063,45.969467,251.232803,382.163116,18.751225,170.668350,388.153839,147.831146,191.823456,392.634979,125.624138,216.896057,397.371246,101.100662,243.101456,400.468475,77.182098,268.010376,404.965424,54.393963,193.188614,398.271790,174.008789,214.492264,407.236755,152.350739,237.190491,413.828369,126.414688,253.728867,417.050720,108.375130,272.394135,422.082886,91.464417,217.749481,413.419556,200.413803,237.719604,419.978973,177.055923,254.247360,427.794983,159.687790,268.509521,433.107727,142.356491,232.468918,419.986847,214.095062,251.910416,429.981293,192.336456
3326,3.683333,52.421452,312.010712,13.117114,120.105270,306.948761,-35.783997,180.455231,300.345947,-76.187538,74.744934,323.467834,40.132812,102.115074,323.391205,16.627123,131.053131,322.770447,-6.229965,163.334396,318.870239,-26.401075,197.875671,320.430054,-53.059795,95.659439,336.307587,64.240219,122.511124,338.618683,42.248833,150.560043,340.810028,18.206985,178.497040,342.717438,-4.942183,213.917892,342.431000,-30.937641,118.371078,350.239166,92.067520,144.324417,354.045471,68.121323,171.357391,357.524475,43.531193,198.369476,360.654816,20.129669,232.213440,362.263245,-6.363504,142.110443,364.250305,118.647713,165.288620,370.953735,95.627121,192.718170,374.300995,70.400581,218.759567,379.466766,45.924461,250.894455,383.058350,18.598963,171.364960,385.408081,148.268860,192.156403,390.650513,126.163643,216.925888,396.551331,101.415222,242.900986,400.602142,77.208527,267.634125,405.766510,54.340183,193.998962,394.556305,174.713730,214.932373,404.853638,152.977676,237.305161,412.633911,126.825806,253.643753,416.530518,108.532066,272.121368,422.324371,91.641350,218.815552,409.275238,201.348053,238.337509,417.040955,177.695435,254.560822,425.894562,160.243668,268.570801,432.061737,142.877472,233.530823,415.064362,214.802444,252.602371,426.678986,193.065552
3327,3.686111,52.507572,311.816925,13.122547,120.123100,307.158234,-35.876381,180.399475,300.858185,-76.369774,74.896484,322.530334,40.349213,102.204872,322.896973,16.769638,131.059097,322.591980,-6.219002,163.404572,318.839203,-26.295181,197.807709,320.800415,-53.155914,95.938652,334.766205,64.608261,122.657349,337.649719,42.483658,150.596466,340.377533,18.320265,178.444305,342.761292,-4.913962,213.845871,342.764618,-30.923466,118.759094,348.095551,92.564331,144.546021,352.574341,68.482796,171.451370,356.750793,43.781475,198.310196,360.537659,20.230581,232.076416,362.663879,-6.373312,142.635712,361.408661,119.239624,165.573639,369.034668,96.087944,192.833893,373.170685,70.723938,218.652725,379.218292,46.101345,250.718094,383.293854,18.709063,172.029938,382.148834,148.817688,192.558655,388.093323,126.864792,217.064270,395.067200,101.951271,242.849518,399.985168,77.503677,267.454010,405.748383,54.603714,194.815094,390.298950,175.537888,215.439575,401.796722,153.789810,237.544159,410.664856,127.491844,253.721741,415.156281,108.961998,272.048370,421.666565,92.153992,219.897919,404.536438,202.439316,239.007858,413.359589,178.548935,254.985092,423.144287,161.067245,268.783783,430.097076,143.724716,234.589905,409.427002,215.639832,253.354309,422.576294,194.018433
3328,3.688889,52.600510,311.595062,13.124699,120.158653,307.317291,-35.951771,180.368591,301.292755,-76.519371,75.049164,321.478973,40.583164,102.314568,322.267059,16.955437,131.097916,322.242615,-6.147014,163.492538,318.642700,-26.139801,197.784271,320.933655,-53.155380,96.219345,333.038940,65.010384,122.826180,336.448944,42.783379,150.684631,339.661591,18.533705,178.470245,342.475739,-4.752820,213.863190,342.732605,-30.760063,119.146378,345.686584,93.117775,144.798721,350.772308,68.933395,171.612717,355.579834,44.165688,198.354355,359.954529,20.507835,232.072098,362.531372,-6.167013,143.152466,358.215424,119.901741,165.899048,366.674500,96.668205,193.028839,371.520325,71.214188,218.677567,378.364288,46.499706,250.711090,382.852814,19.082817,172.621109,378.345093,149.486221,193.011307,384.976715,127.717438,217.301620,392.923126,102.699730,242.946747,398.611481,78.061821,267.474487,404.900055,55.180576,195.607910,385.520416,176.472061,215.990143,398.085510,154.773926,237.892181,407.933990,128.399857,253.955215,412.930573,109.649475,272.171936,420.110016,92.990967,220.965775,399.230774,203.680466,239.700333,408.960785,179.603256,255.494293,419.567932,162.142700,269.127289,427.232025,144.880264,235.609818,403.095734,216.595444,254.134201,417.700226,195.180481
3329,3.691667,52.698006,311.342072,13.126191,120.213387,307.413025,-36.002678,180.368011,301.628265,-76.624077,75.197495,320.316589,40.832016,102.442604,321.497131,17.184097,131.171432,321.713318,-6.010247,163.596664,318.278259,-25.938126,197.809158,320.821655,-53.056496,96.492058,331.131927,65.442810,123.012894,335.014435,43.146519,150.823837,338.655243,18.847914,178.577209,341.851776,-4.456727,213.972198,342.327301,-30.446394,119.518806,343.020905,93.722992,145.074326,348.641113,69.468903,171.836578,354.008148,44.680424,198.501312,358.898804,20.959135,232.201233,361.856903,-5.746418,143.641190,354.683289,120.627190,166.252136,363.879059,97.360634,193.294632,369.351227,71.864677,218.830261,376.901337,47.112789,250.871063,381.729431,19.713600,173.090637,373.945892,150.289032,193.492844,381.316284,128.709122,217.623444,390.128265,103.647232,243.183929,396.484131,78.870773,267.688446,403.222412,56.058357,196.348953,380.240875,177.505539,216.558289,393.741302,155.914703,238.328796,404.458405,129.532379,254.328842,409.862732,110.572746,272.478973,417.664795,94.134064,221.989838,393.385590,205.062912,240.383896,403.870758,180.841766,256.058838,415.192230,163.450272,269.575256,423.489838,146.321121,236.555832,396.090729,217.656372,254.909164,412.079102,196.534119
3330,3.694444,52.797211,311.053253,13.131567,120.287445,307.432312,-36.021450,180.400940,301.844635,-76.673340,75.335869,319.046204,41.092827,102.586235,320.584167,17.453285,131.279343,320.997589,-5.807621,163.714615,317.744293,-25.694466,197.884384,320.459808,-52.860435,96.747581,329.051819,65.901161,123.211563,333.346039,43.569496,151.010712,337.354736,19.260067,178.763412,340.884949,-4.028456,214.170486,341.546265,-29.986387,119.862251,340.108215,94.373566,145.363281,346.184662,70.082573,172.115005,352.036072,45.318066,198.745499,357.369904,21.576487,232.457932,360.639587,-5.120387,144.082809,350.825775,121.407356,166.619003,360.656677,98.154732,193.619629,366.669037,72.663986,219.100784,374.833130,47.927284,251.187302,379.927429,20.586700,173.403732,368.921478,151.230621,193.980988,377.130035,129.824081,218.012451,386.695709,104.775543,243.545990,393.613831,79.911400,268.079773,400.726318,57.216148,197.011444,374.481445,178.625000,217.118118,388.787354,157.193558,238.830841,400.258667,130.866577,254.822281,405.967285,111.703400,272.949249,414.348541,95.557816,222.943359,387.029846,206.575333,241.029007,398.116394,182.243256,256.648865,410.045410,164.965012,270.100098,418.896973,148.018265,237.395645,388.434021,218.807785,255.646820,405.742920,198.057312
3331,3.697222,52.895081,310.723206,13.146023,120.379478,307.363739,-36.001945,180.467819,301.925598,-76.660355,75.458878,317.671631,41.362019,102.741547,319.527435,17.758499,131.419006,320.092468,-5.541282,163.843521,317.040344,-25.414118,198.009598,319.847351,-52.571541,96.977432,326.806396,66.379883,123.415192,331.446838,44.045879,151.239197,335.761047,19.763254,179.023163,339.575928,-3.475961,214.451767,340.391998,-29.389008,120.163177,336.959808,95.060860,145.655182,343.410461,70.764442,172.437088,349.668945,46.066002,199.076965,355.373474,22.345909,232.830933,358.885559,-4.304911,144.459625,346.658508,122.231041,166.985367,357.019318,99.036057,193.989746,363.484344,73.595390,219.474625,372.170105,48.923252,251.643097,377.457855,21.679611,173.558029,363.308380,152.287933,194.454224,372.438599,131.042526,218.450287,382.642761,106.060844,244.013962,390.017151,81.157288,268.626465,397.430023,58.624763,197.571167,368.265869,179.813660,217.645325,383.249420,158.587646,239.374435,395.358368,132.373795,255.412460,401.263245,113.006119,273.558167,410.184723,97.229378,223.802734,380.196045,208.202789,241.608932,391.726410,183.781570,257.236328,404.157501,166.655762,270.674988,413.482513,149.935837,238.100067,380.151947,220.032791,256.316895,398.724579,199.722763
3332,3.700000,52.988659,310.346954,13.174366,120.486565,307.198792,-35.940815,180.565781,301.860626,-76.583580,75.561684,316.197754,41.635235,102.903740,318.329498,18.093195,131.585709,318.999084,-5.216684,163.980072,316.167419,-25.103247,198.181671,318.987427,-52.197674,97.174179,324.405548,66.871849,123.616051,329.323883,44.566132,151.500946,333.880096,20.346395,179.347443,337.930695,-2.812295,214.806290,338.872437,-28.668381,120.409439,333.589508,95.773697,145.939011,340.330505,71.501091,172.789688,346.917816,46.906704,199.482391,352.921173,23.247725,233.304474,356.607910,-3.322869,144.756363,342.199951,123.083992,167.337296,352.983398,99.986130,194.389206,359.813507,74.636940,219.934052,368.928680,50.074471,252.217773,374.338104,22.962654,173.565552,357.171295,153.424362,194.892975,367.265533,132.340469,218.918427,377.991364,107.473732,244.566452,385.716187,82.574974,269.303101,393.357971,60.247417,198.007172,361.621979,181.050751,218.118301,377.156311,160.069611,239.936462,389.784637,134.019775,256.075287,395.773804,114.438934,274.278442,405.202026,99.108856,224.548172,372.921539,209.926331,242.100281,384.732910,185.425491,257.796356,397.560883,168.484985,271.276001,407.278137,152.030655,238.643738,371.277161,221.313065,256.892517,391.060669,201.497772
3333,3.702778,53.075294,309.920715,13.220344,120.604210,306.933197,-35.838257,180.688400,301.646179,-76.447601,75.640312,314.631042,41.907494,103.067406,316.996063,18.449089,131.773087,317.722961,-4.842267,164.120499,315.127899,-24.768740,198.394531,317.887665,-51.750286,97.331711,321.861481,67.368515,123.806313,326.988373,45.118073,151.785904,331.722992,20.994740,179.724655,335.960693,-2.055046,215.221313,337.001312,-27.843653,120.591179,330.013611,96.498505,146.203934,336.961487,72.276085,173.158554,343.799072,47.818665,199.945969,350.030457,24.257427,233.859207,353.826660,-2.203282,144.961151,337.472046,123.949059,167.661514,348.569946,100.982887,194.801392,355.678558,75.762222,220.459061,365.131592,51.349171,252.887405,370.591919,24.399832,173.435486,350.568573,154.604065,195.280258,361.637756,133.690262,219.398376,372.768250,108.979736,245.180679,380.738708,84.124908,270.081787,388.540894,62.040829,198.302063,354.581848,182.312057,218.518646,370.540710,161.607941,240.495041,383.568848,135.765274,256.786621,389.527130,115.954063,275.081146,399.434753,101.150139,225.164322,365.249268,211.722855,242.483444,377.172363,187.139252,258.307495,390.291473,170.409607,271.882111,400.318909,154.253311,239.005890,361.850372,222.629593,257.351135,382.791901,203.344635
3334,3.705556,53.152821,309.442627,13.286242,120.726738,306.567230,-35.698124,180.826340,301.285980,-76.262947,75.691788,312.979553,42.173344,103.226921,315.536072,18.816673,131.973709,316.273560,-4.428818,164.260788,313.925934,-24.418064,198.639496,316.559723,-51.243958,97.445465,319.188751,67.860329,123.978691,324.455017,45.687717,152.083191,329.305237,21.690739,180.141144,333.682312,-1.225374,215.681549,334.798523,-26.938177,120.701668,326.251160,97.219803,146.439743,333.324219,73.070793,173.529251,340.334259,48.777660,200.450195,346.724121,25.346981,234.472977,350.568665,-0.980017,145.065796,332.500305,124.806931,167.945786,343.804626,102.001709,195.209442,351.106812,76.941414,221.027969,360.807465,52.711266,253.625244,366.250305,25.950026,173.175735,343.556824,155.791702,195.601654,355.586487,135.061478,219.872070,367.005371,110.540565,245.832855,375.118469,85.763123,270.932312,383.016602,63.956604,198.442780,347.182220,183.570435,218.831131,363.439697,163.167755,241.029678,376.747345,137.567261,257.522278,382.557251,117.499420,275.936157,392.923340,103.302284,225.640640,357.227386,213.565323,242.743011,369.085693,188.883255,258.751312,382.389435,172.382507,272.473419,392.645050,156.550186,239.170914,351.923279,223.962570,257.675049,373.963959,205.221634
3335,3.708333,53.219608,308.912994,13.372747,120.848007,306.105225,-35.527107,180.968719,300.789581,-76.044281,75.714211,311.253082,42.427074,103.376709,313.960968,19.185808,132.179504,314.664062,-3.988643,164.396729,312.567474,-24.059116,198.906265,315.018677,-50.695194,97.512543,316.403931,68.337311,124.126793,321.741516,46.260246,152.381500,326.646393,22.415112,180.582031,331.116638,-0.346807,216.170074,332.289001,-25.978100,120.737427,322.323486,97.920906,146.637299,329.443359,73.865486,173.887756,336.549469,49.757992,200.976456,343.029938,26.486256,235.121674,346.866821,0.310049,145.065826,327.313416,125.637085,168.179001,338.717499,103.016640,195.597015,346.130768,78.142830,221.617950,355.990845,54.122047,254.402313,361.351654,27.568794,172.793961,336.191956,156.953400,195.845062,349.147430,136.421951,220.321945,360.739716,112.115471,246.498550,368.895477,87.442963,271.822601,376.830444,65.943176,198.421066,339.464478,184.796936,219.043533,355.895264,164.712280,241.520950,369.362122,139.380463,258.258362,374.904602,119.020660,276.811951,385.714935,105.511490,225.971451,348.908051,215.423218,242.867767,360.518433,190.615448,259.111847,373.899872,174.354279,273.030029,384.303040,158.865936,239.128723,341.561676,225.290359,257.851227,364.627563,207.084442
3336,3.711111,53.274609,308.334259,13.478994,120.962234,305.554382,-35.333485,181.104721,300.170227,-75.808022,75.706657,309.463043,42.663033,103.511353,312.284210,19.546316,132.382187,312.910522,-3.534688,164.523941,311.060547,-23.700068,199.183807,313.281799,-50.121128,97.531593,313.525360,68.789520,124.245209,318.868408,46.820831,152.669479,323.769745,23.147955,181.031647,328.288849,0.556044,216.669266,329.501465,-24.990572,120.697723,318.254181,98.584816,146.788696,325.347076,74.640434,174.220718,332.475128,50.733856,201.505493,338.980347,27.644325,235.780487,342.758972,1.629135,144.960068,321.943115,126.418877,168.351456,333.342865,104.001709,195.948380,340.787720,79.334312,222.205688,350.721466,55.542149,255.188614,355.940796,29.210617,172.297958,328.529663,158.057526,196.000580,342.360718,137.739166,220.731049,354.013763,113.662910,247.152618,362.116364,89.117218,272.719482,370.035004,67.948013,198.234009,331.474091,185.961975,219.146179,347.954010,166.204269,241.950333,361.461243,141.159119,258.971252,366.616913,120.463684,277.676270,377.863892,107.723221,226.155609,340.345459,217.263107,242.850342,351.520569,192.292847,259.375214,364.873352,176.275177,273.531830,375.346069,161.145203,238.874985,330.847626,226.588623,257.870941,354.838196,208.887680
3337,3.713889,53.317310,307.710938,13.602736,121.064636,304.923920,-35.125854,181.224869,299.442810,-75.569809,75.669151,307.622253,42.876034,103.625824,310.520630,19.888510,132.573761,311.031586,-3.079673,164.638031,309.415222,-23.349186,199.460968,311.367798,-49.538456,97.502579,310.572723,69.207550,124.329399,315.858826,47.355309,152.936096,320.701752,23.869869,181.474243,325.227448,1.458730,217.161865,326.466675,-24.002014,120.583832,314.068665,99.195251,146.887238,321.066498,75.376900,174.515610,328.145752,51.680611,202.017776,334.612030,28.790630,236.425003,338.286346,2.940517,144.750381,316.423645,127.132568,168.454849,327.719238,104.932121,196.248505,335.119781,80.484787,222.767868,345.044006,56.933422,255.954269,350.067841,30.831135,171.696335,320.625946,159.075607,196.060394,335.270905,138.981308,221.082947,346.875610,115.142494,247.769531,354.834412,90.740273,273.589478,362.689178,69.919838,197.883789,323.260254,187.036804,219.131851,339.667419,167.607727,242.300186,353.098663,142.858704,259.637360,357.749420,121.777084,278.496765,369.431213,109.884346,226.195480,331.594269,219.049057,242.686966,342.146454,193.873352,259.529266,355.366211,178.096802,273.958710,365.833862,163.334137,238.411011,319.879211,227.830215,257.729645,344.655670,210.586746
3338,3.716667,53.347713,307.049408,13.740603,121.151840,304.223969,-34.912037,181.322006,298.622345,-75.342690,75.602638,305.744537,43.061775,103.715576,308.685852,20.203661,132.746811,309.047485,-2.635278,164.734604,307.643829,-23.014656,199.726791,309.296326,-48.962688,97.426437,307.566864,69.583046,124.375587,312.738159,47.850830,153.171158,317.471283,24.562811,181.894363,321.963196,2.338025,217.631592,323.216522,-23.036850,120.398514,309.794464,99.737534,146.927521,316.635590,76.057877,174.760712,323.599487,52.575550,202.494110,329.964935,29.896145,237.031891,333.492218,4.209950,144.441208,310.791748,127.760452,168.482407,321.889160,105.785149,196.483170,329.173401,81.565468,223.282089,339.007050,58.260448,256.670593,343.786804,32.388973,170.998566,312.537811,159.982773,196.018997,327.926666,140.118378,221.361710,339.378693,116.516876,248.324066,347.109192,92.269997,274.400146,354.857208,71.810432,197.377197,314.875458,187.994659,218.995758,331.091217,168.889175,242.554153,344.334015,144.437500,260.233643,348.365753,122.914795,279.241760,360.484467,111.944725,226.095428,322.707092,220.742874,242.377121,332.454651,195.317398,259.563507,345.440186,179.773819,274.291077,355.832153,165.381760,237.743500,308.767181,228.985992,257.426575,334.144012,212.139389
3339,3.719444,53.366245,306.357391,13.888433,121.222115,303.465057,-34.698311,181.391647,297.722992,-75.135780,75.508888,303.844666,43.217102,103.776611,306.795685,20.484665,132.894836,306.979340,-2.211598,164.809402,305.760651,-22.704353,199.971039,307.087433,-48.407726,97.304970,304.529388,69.909065,124.380898,309.533417,48.296345,153.365616,314.108826,25.210630,182.277420,318.528137,3.172727,218.063461,319.782990,-22.116821,120.145714,305.460754,100.199097,146.905396,312.090057,76.668449,174.945145,318.876923,53.398365,202.916443,325.081024,30.934353,237.579651,328.421448,5.406542,144.039017,305.086548,128.287567,168.428940,315.898621,106.541016,196.639404,322.998260,82.550827,223.727509,332.662201,59.491661,257.311005,337.154297,33.847080,170.214951,304.324219,160.758499,195.873032,320.380615,141.123428,221.552277,331.581207,117.753136,248.792007,339.005676,93.669243,275.120880,346.607330,73.575981,196.724899,306.375488,188.812164,218.735565,322.285187,170.018951,242.697510,335.231995,145.858032,260.737518,338.537750,123.838554,279.881409,351.096161,113.858513,225.859619,313.732697,222.303986,241.923096,322.507935,196.589462,259.469330,335.162445,181.265213,274.510071,345.412079,167.241196,236.884171,297.630066,230.026291,256.964325,323.371552,213.507355
3340,3.722222,53.373692,305.643799,14.041598,121.275345,302.657806,-34.488991,181.432175,296.757416,-74.953735,75.390511,301.938385,43.340183,103.805595,304.865936,20.726683,133.012589,304.848450,-1.817024,164.858353,303.781952,-22.425619,200.184280,304.761353,-47.885635,97.140770,301.482788,70.180298,124.343391,306.272247,48.683018,153.512024,310.645538,25.799358,182.610001,314.954529,3.944225,218.444046,316.197510,-21.260612,119.830482,301.098419,100.569626,146.818222,307.467102,77.196281,175.059189,314.019592,54.131519,203.268402,320.003113,31.881847,238.048996,323.119507,6.503328,143.552094,299.349518,128.702530,168.291122,309.796143,107.183586,196.706177,316.646088,83.419189,224.085556,326.063080,60.599766,257.851746,330.228699,35.173580,169.356598,296.046875,161.386917,195.621170,312.688843,141.973969,221.641220,323.544830,118.823639,249.151138,330.593140,94.907120,275.724030,338.010223,75.178131,195.940567,297.819824,189.470474,218.351196,313.312531,170.972122,242.717529,325.861633,147.088257,261.127686,328.345490,124.520508,280.388947,341.342285,115.585083,225.489288,304.713654,223.689148,241.329742,312.373383,197.659470,259.240143,324.604858,182.535797,274.598633,334.648773,168.870148,235.849213,286.587891,230.922729,256.348389,312.410828,214.657745
3341,3.725000,53.371105,304.918274,14.195371,121.312782,301.812653,-34.286503,181.444336,295.737000,-74.797142,75.250847,300.042023,43.430527,103.800209,302.912170,20.927376,133.096069,302.675964,-1.458426,164.877594,301.725311,-22.184942,200.358276,302.338348,-47.406521,96.937218,298.450317,70.393188,124.262291,302.982269,49.004486,153.604645,307.112610,26.317606,182.880417,311.274048,4.636929,218.761581,312.490173,-20.483624,119.458916,296.739899,100.841209,146.665039,302.804657,77.631950,175.094711,309.068665,54.760818,203.536041,314.774139,32.718609,238.423431,317.631836,7.477713,142.990112,293.624664,128.998047,168.067673,303.631805,107.700836,196.674911,310.169708,84.153061,224.340286,319.264709,61.561733,258.272522,323.069183,36.341999,168.435593,287.771576,161.857101,195.263992,304.910004,142.652786,221.617401,315.333191,119.706673,249.382126,321.943726,95.960144,276.185730,329.137787,76.584518,195.040100,289.271667,189.956390,217.844894,304.239777,171.729446,242.604172,316.294830,148.102448,261.384583,317.876831,124.945801,280.741760,331.300507,117.089813,224.979736,295.684723,224.852646,240.603989,302.122101,198.503998,258.871429,313.843750,183.557510,274.542175,323.619812,170.231155,234.658676,275.755676,231.650406,255.586975,301.338654,215.564423
3342,3.727778,53.359741,304.190857,14.345264,121.336502,300.940308,-34.092136,181.430328,294.672577,-74.664223,75.093887,298.172577,43.488934,103.759712,300.949890,21.086338,133.142639,300.482300,-1.141370,164.863602,299.609161,-21.987604,200.485794,299.838715,-46.978611,96.698608,295.456085,70.546005,124.138206,299.691254,49.257156,153.639420,303.540283,26.756828,183.079407,307.517212,5.238749,219.006012,308.688782,-19.797817,119.038086,292.419403,101.008736,146.446823,298.141022,77.969124,175.045685,304.064606,55.275715,203.708206,309.436554,33.428318,238.689575,312.003113,8.311631,142.363968,287.958588,129.171295,167.759552,297.456390,108.085159,196.540009,303.621948,84.739395,224.478668,312.322571,62.359131,258.557190,315.735107,37.330906,167.465469,279.569031,162.163025,194.804260,297.104645,143.148514,221.472672,307.010925,120.386971,249.468994,313.131653,96.813278,276.486389,320.061584,77.769241,194.041229,280.798218,190.263184,217.221252,295.135803,172.277924,242.350357,306.605347,148.881973,261.490845,307.227844,125.115158,280.921936,321.048218,118.344681,224.318192,286.672516,225.747650,239.754639,291.829132,199.107178,258.360718,302.958771,184.310654,274.329376,312.403748,171.292374,233.335922,265.237549,232.189957,254.690491,290.236084,216.209488
3343,3.730556,53.340954,303.471405,14.487339,121.348740,300.052643,-33.907299,181.392487,293.576355,-74.553505,74.924118,296.347290,43.517387,103.685371,298.995148,21.204166,133.150772,298.287140,-0.870172,164.813202,297.451935,-21.837349,200.561035,297.282440,-46.608662,96.430054,292.525085,70.638817,123.973190,296.426819,49.440186,153.614197,299.957825,27.111265,183.200623,303.712708,5.741449,219.169342,304.818573,-19.211880,118.575981,288.173279,101.071007,146.166595,293.514648,78.204712,174.908783,299.046875,55.669460,203.776993,304.032257,33.998940,238.837280,306.276489,8.991498,141.685760,282.400238,129.224167,167.369919,291.320953,108.333496,196.298950,297.055359,85.169891,224.490799,305.291229,62.978893,258.693695,308.284821,38.123959,166.461807,271.515869,162.303802,194.247055,289.334656,143.455933,221.201904,298.643219,120.856346,249.399384,304.231750,97.459946,276.610809,310.851807,78.713295,192.963058,272.470886,190.391083,216.487366,286.071136,172.611267,241.952347,296.867920,149.415894,261.431335,296.503326,125.047836,280.916534,310.661621,119.328621,223.484985,277.698975,226.329910,238.792343,281.573151,199.461121,257.708130,292.032227,184.784393,273.952301,301.079407,172.029556,231.907257,255.121475,232.529480,253.671677,279.188354,216.584030
3344,3.733333,53.316139,302.769623,14.618458,121.351265,299.162933,-33.734463,181.332214,292.462372,-74.465714,74.746437,294.583588,43.518883,103.580338,297.064575,21.282074,133.120056,296.109131,-0.647717,164.723846,295.271271,-21.736399,200.579575,294.689209,-46.302334,96.137367,289.682922,70.673309,123.770508,293.216644,49.555164,153.528763,296.393097,27.377726,183.240738,299.887329,6.140408,219.245651,300.902008,-18.731785,118.081619,284.040527,101.031837,145.829269,288.963593,78.338875,174.684158,294.054077,55.939133,203.737762,298.602142,34.423271,238.859695,300.493195,9.508316,140.968674,277.000977,129.163467,166.904144,285.276337,108.447418,195.952286,290.521606,85.441460,224.369995,298.223663,63.413879,258.673981,300.774292,38.710670,165.442902,263.695160,162.283875,193.599869,281.662354,143.575790,220.803207,290.295715,121.113937,249.164886,295.317230,97.900055,276.548065,301.575989,79.404831,191.826248,264.364746,190.347382,215.652969,277.117615,172.730042,241.409897,287.157410,149.701065,261.193207,285.816620,124.782677,280.717438,300.214600,120.027939,222.459518,268.789124,226.564117,237.729874,271.435913,199.566437,256.916656,281.148376,184.977463,273.406647,289.726807,172.428665,230.401382,245.476852,232.666214,252.545624,268.284241,216.688705
3345,3.736111,53.286678,302.094452,14.736459,121.345345,298.284943,-33.576908,181.250015,291.344788,-74.403290,74.566010,292.898743,43.497253,103.448982,295.175201,21.322014,133.051086,293.965668,-0.475215,164.593826,293.083862,-21.685867,200.538589,292.078003,-46.064312,95.827049,286.955658,70.653038,123.534386,290.087982,49.605556,153.384689,292.872833,27.555548,183.198746,296.066223,6.434008,219.231094,296.959198,-18.361385,117.565125,280.062561,100.900497,145.441681,284.525513,78.375221,174.375977,289.123840,56.085655,203.588943,293.185638,34.698883,238.752823,294.692078,9.857993,140.227188,271.813751,129.001175,166.369904,279.372864,108.432983,195.503265,284.071106,85.556084,224.112885,291.170715,63.662983,258.493408,293.256134,39.087051,164.430176,256.196381,162.113403,192.872833,274.150360,143.514618,220.277832,282.033569,121.165573,248.761444,286.456390,98.136597,276.291595,292.298096,79.838875,190.653168,256.557739,190.146194,214.730362,268.348053,172.641617,240.726318,277.548584,149.742203,260.766754,275.285583,124.373940,280.320709,289.778809,120.436920,221.229370,259.981537,226.431824,236.582275,261.501953,199.432175,255.992477,270.393433,184.898514,272.691833,278.427887,172.488083,228.849197,236.354462,232.607437,251.329956,257.615570,216.533798
3346,3.738889,53.253876,301.454132,14.840205,121.332062,297.431122,-33.437611,181.146271,290.235596,-74.368767,74.388115,291.309692,43.456966,103.295937,293.343750,21.326653,132.945358,291.872650,-0.352149,164.422455,290.905273,-21.686089,200.436676,289.467041,-45.898426,95.506523,284.369629,70.583763,123.270012,287.067322,49.596317,153.184906,289.422699,27.646673,183.075409,292.273041,6.623119,219.123611,293.008636,-18.102913,117.037895,276.282074,100.690987,145.012115,280.237946,78.321007,173.991776,284.292786,56.113655,203.331497,287.820343,34.827629,238.515350,288.910004,10.041350,139.476929,266.892120,128.753357,165.776810,273.660553,108.300613,194.957703,277.752350,85.520302,223.719635,284.180969,63.730576,258.150757,285.779602,39.255405,163.447647,249.114731,161.808838,192.078583,266.861145,143.284531,219.630600,273.920685,121.022606,248.189484,277.711182,98.173943,275.839233,283.077850,80.016525,189.468338,249.129105,189.807373,213.734589,259.835785,172.359818,239.908447,268.115540,149.551941,260.146393,265.024963,123.881844,279.726471,279.423218,120.557991,219.800446,251.339020,225.938736,235.367310,251.857727,199.075485,254.945343,259.854797,184.565445,271.811096,267.267029,172.219452,227.283829,227.791519,232.370453,250.044739,247.276367,216.138885
3347,3.741667,53.218941,300.855927,14.929518,121.312653,296.611511,-33.318336,181.021912,289.143677,-74.363693,74.218086,289.832703,43.402924,103.125526,291.586334,21.299139,132.805313,289.844879,-0.276511,164.209976,288.749786,-21.736597,200.273804,286.874451,-45.807827,95.184166,281.950958,70.473526,122.983452,284.180206,49.533768,152.933517,286.067230,27.655628,182.872787,288.530457,6.710703,218.922653,289.067719,-17.957251,116.512657,272.741089,100.420410,144.550217,276.137726,78.186722,173.540695,279.596558,56.031166,202.968521,282.541595,34.815163,238.148270,283.181610,10.063635,138.734940,262.287811,128.438736,165.136490,268.188629,108.064796,194.323761,271.611938,85.344803,223.193863,277.301422,63.625866,257.647552,278.390747,39.223743,162.520416,242.549576,161.393204,191.232056,259.856873,142.903046,218.869797,266.018890,120.701180,247.453613,269.138153,98.018738,275.192902,273.969971,79.944016,188.298523,242.156845,189.355042,212.683182,251.654022,171.904556,238.966492,258.931793,149.150253,259.332153,255.137985,123.361946,278.938629,269.213959,120.401543,218.204514,242.955475,225.119598,234.105515,242.590683,198.520981,253.788773,249.619659,184.003510,270.771667,256.330536,171.647400,225.740677,219.822723,231.981308,248.712982,237.361725,215.531906
3348,3.744444,53.183002,300.306305,15.005009,121.288567,295.833832,-33.219513,180.878860,288.075317,-74.388329,74.061081,288.483276,43.340233,102.941818,289.918182,21.243090,132.634293,287.895905,-0.245155,163.957443,286.630585,-21.836014,200.051056,284.317688,-45.794724,94.869057,279.725189,70.332230,122.681602,281.450745,49.425545,152.635666,282.830200,27.589273,182.593826,284.860229,6.701519,218.629089,285.153046,-17.923681,116.003326,269.479401,100.107414,144.066925,272.260590,77.984993,173.032440,275.069550,55.849163,202.505096,277.383087,34.670837,237.654984,277.539185,9.934050,138.019531,258.049530,128.077225,164.462357,263.005402,107.743622,193.611847,265.694885,85.044243,222.542343,270.577759,63.362495,256.988190,271.132263,39.005219,161.673264,236.603683,160.896805,190.350098,253.199066,142.392578,218.006775,258.388000,120.221916,246.562195,260.790009,97.681831,274.358215,265.025177,79.632996,187.172668,235.715363,188.816238,211.596100,243.875153,171.301270,237.914032,250.069107,148.563171,258.330383,245.709579,122.856934,277.964783,259.214264,119.985420,216.501465,234.955872,224.037323,232.820160,233.788223,197.799973,252.540054,239.774124,183.243774,269.585052,245.706024,170.808014,224.257782,212.493698,231.472275,247.361130,227.966080,214.747589
3349,3.747222,53.147133,299.810577,15.067871,121.261116,295.103638,-33.140491,180.719391,287.035217,-74.441521,73.922005,287.275513,43.274002,102.749084,288.353699,21.162842,132.436554,286.038483,-0.254115,163.666519,284.559692,-21.981976,199.770798,281.812988,-45.859509,94.570724,277.716492,70.170868,122.371986,278.902130,49.280422,152.297531,279.734314,27.456451,182.242081,281.283264,6.601997,218.245148,281.280426,-17.999231,115.524567,266.533447,99.770927,143.574219,268.640259,77.729919,172.477234,270.744690,55.581276,201.948181,272.377136,34.407570,237.041290,272.013092,9.665593,137.349930,254.222122,127.689407,163.769562,258.157349,107.357796,192.834320,260.045105,84.637039,221.774551,264.054474,62.958286,256.179810,264.044342,38.617805,160.929810,231.383987,160.357849,189.451279,246.948105,141.780029,217.055756,251.085999,119.609566,245.526749,252.717499,97.180191,273.344055,256.292328,79.102890,186.121445,229.873734,188.219864,210.495178,236.570160,170.580429,236.767807,241.597427,147.821671,257.154053,236.803452,122.392570,276.816101,249.485092,119.334671,214.772324,227.485245,222.774582,231.537079,225.536377,196.949402,251.220078,230.402695,182.322784,268.266876,235.481110,169.746780,222.875565,205.865875,230.879074,246.019043,219.181488,213.825775
3350,3.750000,53.112324,299.373352,15.119714,121.231201,294.424805,-33.079865,180.545883,286.027039,-74.520782,73.805359,286.222351,43.209137,102.552399,286.906677,21.063692,132.217148,284.284271,-0.298809,163.339432,282.548401,-22.171005,199.436554,279.374817,-45.999779,94.298805,275.946991,70.000839,122.062622,276.556030,49.108047,151.926270,276.800873,27.267557,181.821777,277.819366,6.420169,217.774475,277.465942,-18.177921,115.091202,263.935791,99.429298,143.084808,265.308502,77.436783,171.885971,266.653442,55.243408,201.306564,267.554993,34.041492,236.315353,266.632172,9.274917,136.745712,250.846268,127.295929,163.074402,253.687881,106.929329,192.005386,254.705643,84.145027,220.902283,257.775391,62.435085,255.232178,257.165619,38.083984,160.313599,227.008926,159.821320,188.555649,241.162506,141.095825,216.033524,244.169235,118.892670,244.361740,244.970703,96.537567,272.162018,247.821320,78.382523,185.176498,224.695007,187.595825,209.403961,229.807922,169.776443,235.547729,233.584518,146.960876,255.822830,228.463165,121.978317,275.507111,240.086517,118.481476,213.104782,220.688095,221.418304,230.284576,217.918381,196.010330,249.853058,221.588074,181.282074,266.837524,225.742615,168.516266,221.635712,200.008545,230.238571,244.719833,211.095871,212.809616
3351,3.752778,53.079514,298.998169,15.162360,121.199409,293.799591,-33.035763,180.360611,285.054047,-74.622406,73.715111,285.334747,43.150120,102.357567,285.589844,20.951712,131.981583,282.644012,-0.374149,162.979080,280.607086,-22.398495,199.053116,277.015839,-46.209621,94.062607,274.436401,69.833214,121.761810,274.432281,48.918579,151.529861,274.049774,27.034153,181.338150,274.486908,6.165711,217.222260,273.726257,-18.450354,114.717598,261.714874,99.099586,142.611740,262.294647,77.121597,171.270279,262.825745,54.853195,200.590805,262.946869,33.591389,235.487579,261.424652,8.782010,136.226120,247.957870,126.916397,162.394058,249.636841,106.480614,191.140976,249.718491,83.592773,219.939606,251.783905,61.818512,254.158051,250.534409,37.430439,159.844543,223.554092,159.325592,187.684982,235.898087,140.372742,214.959290,237.692703,118.103081,243.084671,237.599716,95.783943,270.826965,239.663498,77.508476,184.369125,220.235321,186.973572,208.347824,223.654129,168.926300,234.276627,226.096161,146.019409,254.362488,220.717346,121.612022,274.055756,231.079285,117.464859,211.578629,214.689529,220.045670,229.093384,211.013275,195.026215,248.466476,213.410950,180.167267,265.321930,216.575363,167.173538,220.579712,194.989243,229.586929,243.499023,203.791702,211.743866
3352,3.755556,53.049519,298.687836,15.197623,121.166176,293.228973,-33.006187,180.166016,284.119324,-74.741837,73.654549,284.621765,43.100830,102.170509,284.414551,20.833117,131.735352,281.127350,-0.474613,162.589066,278.745667,-22.658871,198.626373,274.747162,-46.479458,93.870750,273.201294,69.677933,121.477921,272.548584,48.722225,151.116974,271.499512,26.768583,180.797775,271.302917,5.850013,216.595444,270.079315,-18.803940,114.417023,259.894226,98.796684,142.167999,259.625366,76.800438,170.642532,259.290070,54.429344,199.813126,258.582062,33.078125,234.570770,256.418762,8.209722,135.809235,245.587021,126.568481,161.746017,246.039886,106.033455,190.258743,245.124252,83.006836,218.902924,246.123184,61.137264,252.973114,244.189362,36.687450,159.533936,220.991562,158.889954,186.862610,231.207153,139.644241,213.854828,231.709885,117.275154,241.716339,230.655136,94.954414,269.357697,231.871353,76.522224,183.729126,216.543015,186.380585,207.353607,218.170212,168.067886,232.980347,219.196152,145.038589,252.804153,213.587036,121.286751,272.483643,222.526550,116.330330,210.259323,209.587891,218.718140,227.996140,204.894928,194.041306,247.091202,205.949570,179.026718,263.749847,208.061859,165.777878,219.746765,190.869034,228.957916,242.393600,197.345245,210.673569
3353,3.758333,53.023052,298.444427,15.227149,121.131844,292.713531,-32.989201,179.964691,283.225830,-74.874008,73.626175,284.090271,43.064362,101.996651,283.390472,20.713717,131.483902,279.743195,-0.594453,162.173798,276.973846,-22.945803,198.163345,272.578827,-46.796535,93.730728,272.254517,69.543312,121.218994,270.920258,48.528702,150.696732,269.167206,26.483591,180.208527,268.283752,5.486045,215.902863,266.544647,-19.223438,114.201057,258.492249,98.532661,141.766129,257.324249,76.488762,170.015701,256.073059,53.991058,198.987396,254.489090,32.524109,233.580139,251.643723,7.583172,135.510864,243.757339,126.266838,161.147568,242.928452,105.608299,189.377762,240.961594,82.414742,217.811203,240.836151,60.422325,251.696320,238.169968,35.888119,159.389343,219.254044,158.523468,186.112442,227.137451,138.942764,212.744339,226.272568,116.444817,240.281143,224.188141,94.087799,267.777527,224.499069,75.468651,183.282959,213.657532,185.840866,206.448853,213.412155,167.238251,231.687851,212.946518,144.061508,251.183746,207.093491,120.998016,270.817413,214.495071,115.128960,209.197784,205.456009,217.482132,227.026306,199.630707,193.098679,245.761383,199.279465,177.909897,262.155975,200.281952,164.388794,219.171677,187.699890,228.381302,241.440460,191.825745,209.642731
3354,3.761111,53.000664,298.269257,15.252335,121.096634,292.253265,-32.982998,179.759598,282.376709,-75.013641,73.631599,283.744629,43.042870,101.840775,282.525452,20.598646,131.232513,278.499390,-0.727901,161.738510,275.301605,-23.252153,197.672073,270.520447,-47.145794,93.648422,271.605225,69.435509,120.992516,269.559784,48.346809,150.278625,267.068909,26.191908,179.579590,265.445526,5.087964,215.155487,263.143982,-19.691465,114.078896,257.521637,98.316315,141.417831,255.411301,76.200760,169.403427,253.199875,53.557407,198.129196,250.696121,31.952639,232.533417,247.130173,6.929094,135.343658,242.485336,126.022446,160.615509,240.329514,105.223763,188.518387,237.266830,81.843903,216.686066,235.965012,59.705803,250.350082,232.517059,35.067348,159.418640,218.294327,158.233688,185.458191,223.731140,138.298279,211.654358,221.430435,115.648315,238.807434,218.250458,93.224998,266.115021,217.603348,74.395050,183.052002,211.607849,185.373718,205.660919,209.429779,166.472122,230.431137,207.407333,143.131699,249.541245,201.264587,120.749428,269.089447,207.055496,113.915565,208.431183,202.343735,216.370636,226.216873,195.279800,192.238037,244.514175,193.472351,176.865402,260.580048,193.313370,163.064270,218.882370,185.522125,227.881287,240.674927,187.294022,208.692108
3355,3.763889,52.982761,298.162750,15.274321,121.060715,291.848053,-32.985920,179.554077,281.575317,-75.155464,73.671417,283.586548,43.037449,101.706970,281.825531,20.492243,130.986328,277.402954,-0.869209,161.289291,273.739197,-23.569887,197.161453,268.582001,-47.510963,93.627693,271.258270,69.358322,120.805023,268.476929,48.184120,149.872360,265.219666,25.905910,178.921371,262.804840,4.670657,214.366455,259.901520,-20.188992,114.056801,256.988953,98.152878,141.133453,253.902649,75.948647,168.819733,250.693649,53.146679,197.255890,247.231201,31.387217,231.450928,242.910919,6.274987,135.316147,241.779907,125.842155,160.165710,238.265457,104.896194,187.702011,234.073395,81.320381,215.552063,231.551056,59.019573,248.960754,227.273331,34.260632,159.627457,218.077057,158.025421,184.922180,221.023727,137.736801,210.613800,217.230789,114.920792,237.327942,212.894608,92.407410,264.404449,211.243637,73.349541,183.050735,210.411331,184.992767,205.016357,206.266098,165.800491,229.245316,202.636444,142.291229,247.920395,196.138153,120.555000,267.339203,200.282150,112.746361,207.982895,200.279709,215.404755,225.598801,191.891434,191.493546,243.389206,188.594543,175.938599,259.066956,187.231628,161.859116,218.897659,184.362137,227.475555,240.128799,183.800400,207.856979
3356,3.766667,52.969555,298.124695,15.293990,121.024254,291.497742,-32.996487,179.351746,280.825439,-75.294289,73.745193,283.615234,43.048100,101.598595,281.294922,20.397974,130.750168,276.460175,-1.012651,160.832962,272.297363,-23.890148,196.641281,266.774475,-47.875656,93.670181,271.214172,69.313110,120.661896,267.678406,48.046673,149.487717,263.633392,25.637245,178.245941,260.379364,4.249389,213.551193,256.844238,-20.695894,114.137665,256.894470,98.044060,140.921661,252.809769,75.742012,168.278946,248.575653,52.775589,196.386810,244.122742,30.850775,230.355789,239.021118,5.648069,135.432175,241.642120,125.728561,159.812683,236.753586,104.639214,186.950562,231.411392,80.867508,214.436508,227.634232,58.393837,247.558670,222.483643,33.502602,160.017212,218.572784,157.900040,184.524826,219.042816,137.279022,209.653763,213.718063,114.294510,235.880310,208.174179,91.675217,262.686676,205.482895,72.379189,183.285248,210.073074,184.705673,204.540039,203.956253,165.249176,228.168289,198.688293,141.578430,246.368790,191.761658,120.437592,265.613739,194.252609,111.676323,207.862534,199.273254,214.595306,225.199326,189.503021,190.891998,242.427444,184.704773,175.168793,257.666779,182.109085,160.822769,219.225220,184.231232,227.175003,239.828735,181.383102,207.165253
3357,3.769444,52.961014,298.153900,15.311991,120.987312,291.201996,-33.013351,179.156448,280.131165,-75.425194,73.851433,283.827209,43.073723,101.518150,280.936005,20.318367,130.528641,275.676666,-1.152690,160.377213,270.987793,-24.203621,196.122330,265.110992,-48.224335,93.775162,271.469330,69.298904,120.567200,267.168060,47.938808,149.134445,262.323334,25.396381,177.567245,258.188873,3.839567,212.727554,254.002991,-21.191620,114.320763,257.232330,97.988197,140.788910,252.139267,75.587288,167.795471,246.864883,52.458485,195.543381,241.399750,30.364828,229.273636,235.498245,5.073902,135.690643,242.065475,125.680359,159.569000,235.805832,104.462814,186.286209,229.306839,80.504700,213.369492,224.253250,57.855709,246.178436,218.195160,32.825275,160.583862,219.753616,157.855164,184.283508,217.807495,136.939346,208.807083,210.932739,113.796928,234.507507,204.143951,91.065567,261.009583,200.387726,71.528175,183.752472,210.586105,184.514679,204.253922,202.525650,164.837006,227.239731,195.611832,141.025299,244.937698,188.188446,120.424545,263.967926,189.045944,110.756439,208.065674,199.316223,213.944641,225.040131,188.138596,190.451477,241.669403,181.851456,174.586700,256.433136,178.012238,159.996460,219.859985,185.125443,226.984161,239.794708,180.067093,206.636719
3358,3.772222,52.956844,298.248291,15.328781,120.949898,290.960632,-33.035206,178.972015,279.497284,-75.543594,73.987663,284.216949,43.112274,101.467033,280.749390,20.254948,130.326157,275.057556,-1.284187,159.930862,269.823486,-24.500975,195.616592,263.607330,-48.542908,93.939552,272.016083,69.312668,120.523598,266.946777,47.863079,148.822021,261.301636,25.192184,176.901489,256.255920,3.456532,211.916168,251.412994,-21.655880,114.601692,257.991028,97.980759,140.739044,251.892746,75.487549,167.383286,245.577881,52.206680,194.748932,239.091965,29.948694,228.232483,232.381485,4.574894,136.085464,243.036606,125.692947,159.444626,235.428177,104.372787,185.730576,227.781143,80.246407,212.383667,221.445419,57.428127,244.858917,214.457275,32.256493,161.317200,221.591034,157.885223,184.211548,217.327499,136.725418,208.106964,208.909668,113.448975,233.257050,200.858276,90.610565,259.427826,196.027206,70.835793,184.439926,211.932556,184.417358,204.174942,201.988327,164.574783,226.498795,193.447617,140.655182,243.680527,185.472504,120.542343,262.462982,184.739471,110.030640,208.574615,200.385559,213.448669,225.135025,187.807617,190.181015,241.152008,180.069870,174.212357,255.420120,174.997604,159.410309,220.783417,187.026596,226.902222,240.037827,179.862595,206.282700
3359,3.775000,52.956512,298.405121,15.344684,120.912071,290.773621,-33.060719,178.802307,278.929352,-75.645287,74.150513,284.777008,43.160995,101.445557,280.734039,20.208265,130.146912,274.607849,-1.402487,159.504120,268.819458,-24.773067,195.137604,262.282532,-48.819046,94.158043,272.843506,69.349831,120.532196,267.013062,47.820362,148.559433,260.579559,25.031641,176.267365,254.606491,3.115385,211.140610,249.114197,-22.069315,114.972450,259.154297,98.015076,140.773117,252.067245,75.442795,167.055511,244.728577,52.028172,194.028610,237.229736,29.618948,227.262680,229.711578,4.169721,136.605545,244.536423,125.759232,159.446075,235.620529,104.370483,185.303604,226.850830,80.101509,211.513794,219.246902,57.129250,243.643188,211.321884,31.819548,162.200439,224.054642,157.982040,184.316635,217.603073,136.638107,207.584671,207.675858,113.263763,232.178558,198.367813,90.334969,258.000580,192.469452,70.334152,185.326233,214.085434,184.407852,204.313324,202.346176,164.465225,225.980927,192.225037,140.481232,242.649399,183.662277,120.811806,261.162506,181.403442,109.532600,209.359665,202.446075,213.098709,225.487839,188.504822,190.081528,240.904663,179.379440,174.054413,254.677505,173.107330,159.081161,221.964096,189.904449,226.924271,240.557983,180.763809,206.106506
3360,3.777778,52.959263,298.620911,15.359921,120.874146,290.641174,-33.088497,178.650970,278.433563,-75.726501,74.335823,285.498810,43.216694,101.452965,280.887726,20.178074,129.995056,274.332581,-1.503353,159.108978,267.992706,-25.010811,194.700699,261.158783,-49.042198,94.423309,273.938171,69.404854,120.592659,267.363586,47.810234,148.354858,260.166962,24.919870,175.686111,253.269348,2.830738,210.427490,247.149918,-22.413874,115.421593,260.702301,98.083359,140.889496,252.656158,75.450760,166.823746,244.328201,51.927795,193.408554,235.843323,29.389137,226.397278,227.531403,3.874332,137.235107,246.541229,125.870613,159.575424,236.376694,104.453171,185.021988,226.527023,80.073486,210.794891,217.691559,56.972183,242.577881,208.842758,31.533922,163.210648,227.112106,158.135849,184.599823,218.625275,136.672592,207.266113,207.248322,113.245979,231.318985,196.715057,90.254158,256.787262,189.776779,70.046165,186.382477,217.010513,184.477966,204.671021,203.589401,164.504135,225.713928,191.960266,140.506302,241.889938,182.795151,121.244789,260.126434,179.095093,109.283203,210.381165,205.453430,212.883179,226.091171,190.210999,190.147171,240.945557,179.782806,174.110916,254.245163,172.366074,159.012344,223.360214,193.719452,227.042664,241.341934,182.749268,206.104324
3361,3.780556,52.964130,298.891846,15.374597,120.836716,290.563934,-33.116955,178.521408,278.016968,-75.784042,74.538681,286.372742,43.275997,101.487648,281.207428,20.163565,129.874908,274.237305,-1.582813,158.758972,267.361786,-25.205076,194.322205,260.259674,-49.203682,94.726295,275.284882,69.472023,120.703285,267.993866,47.831379,148.215363,260.072327,24.860378,175.180588,252.274597,2.616107,209.805450,245.564301,-22.673111,115.934578,262.613190,98.177650,141.084152,253.650635,75.508003,166.697479,244.385330,51.907764,192.914322,234.961182,29.269451,225.671555,225.885239,3.703109,137.954132,249.024109,126.017944,159.829422,237.684952,104.614853,184.897949,226.815536,80.161186,210.259064,216.808548,56.964767,241.710114,207.072235,31.415325,164.319565,230.729462,158.336441,185.054810,220.376862,136.819794,207.168686,207.632935,113.392517,230.717087,195.930344,90.373367,255.842056,188.000870,69.984718,187.573471,220.668350,184.618118,205.240219,205.697418,164.681946,225.714432,192.655350,140.723999,241.435577,182.893539,121.843307,259.403534,177.853607,109.289574,211.592041,209.356796,212.788864,226.926361,192.895111,190.367111,241.278961,181.266357,174.371338,254.147980,172.779358,159.195160,224.922714,198.425507,227.248245,242.364090,185.784210,206.266861
3362,3.783333,52.970020,299.213806,15.388700,120.800697,290.543213,-33.144104,178.417130,277.687500,-75.814896,74.753456,287.388763,43.335526,101.547295,281.690002,20.163601,129.791260,274.328033,-1.637106,158.468109,266.945526,-25.346992,194.017746,259.607635,-49.296555,95.056732,276.867615,69.546013,120.861092,268.899078,47.881832,148.146744,260.302612,24.855318,174.773392,251.650925,2.482895,209.302612,244.398270,-22.832962,116.494263,264.863892,98.290527,141.350952,255.040558,75.610703,166.683456,244.905746,51.968197,192.568298,234.607513,29.266319,225.119537,224.814758,3.668208,138.739105,251.956070,126.192451,160.199478,239.529327,104.847565,184.938110,227.716827,80.359985,209.931625,216.619354,57.109322,241.082291,206.055878,31.474411,165.494888,234.871643,158.574219,185.667648,222.833588,137.068222,207.298599,208.824402,113.694038,230.398987,196.029892,90.688736,255.208221,187.178909,70.152969,188.859528,225.015793,184.818222,206.002563,208.640381,164.985550,225.985001,194.298431,141.121017,241.303070,183.963379,122.601051,259.025909,177.698135,109.546783,212.939880,214.101028,212.801880,227.964462,196.516708,190.727081,241.893753,183.801773,174.818878,254.392059,174.333633,159.611832,226.598114,203.971939,227.530991,243.588913,189.823914,206.580780
3363,3.786111,52.975819,299.582794,15.402136,120.767242,290.580902,-33.167728,178.342010,277.453918,-75.815994,74.973892,288.536621,43.392117,101.629105,282.332642,20.176977,129.749054,274.611389,-1.662867,158.249527,266.761383,-25.428741,193.800888,259.221893,-49.315659,95.403427,278.670227,69.622261,121.061607,270.074005,47.959099,148.153107,260.863159,24.905630,174.483505,251.422440,2.439264,208.942581,243.684875,-22.883219,117.081345,267.431152,98.415512,141.681931,256.815369,75.754982,166.784744,245.891922,52.107342,192.386887,234.799835,29.382030,224.768478,224.353088,3.777377,139.563919,255.307190,126.386375,160.672256,241.891113,105.142410,185.142731,229.226044,80.662727,209.828125,217.135818,57.402832,240.725723,205.826614,31.715042,166.701675,239.502975,158.840790,186.416748,225.965454,137.405319,207.650162,210.807465,114.136856,230.375748,197.015656,91.189476,254.912827,187.330948,70.545090,190.197495,230.007278,185.068527,206.929443,212.380692,165.399948,226.513077,196.864792,141.679245,241.490875,185.994614,123.505608,259.006256,178.628647,110.040520,214.369171,219.628143,212.908157,229.167648,201.027924,191.210785,242.764023,187.348541,175.432999,254.963486,176.998047,160.238770,228.330566,210.304916,227.880478,244.972992,194.816299,207.029846
3364,3.788889,52.980461,299.994995,15.414763,120.737732,290.679504,-33.185726,178.299515,277.324005,-75.784645,75.193184,289.805969,43.442963,101.730522,283.133820,20.202728,129.752747,275.094055,-1.657560,158.113602,266.824127,-25.444639,193.680939,259.116394,-49.258297,95.754326,280.676636,69.696930,121.299263,271.513336,48.060375,148.236481,261.757660,25.010887,174.323578,251.606339,2.489193,208.740646,243.446075,-22.819033,117.675217,270.291656,98.547035,142.067307,258.963837,75.936539,166.999969,247.342468,52.321346,192.378174,235.547318,29.614389,224.634323,224.520691,4.032105,140.400543,259.046783,126.593124,161.230621,244.749710,105.489868,185.505234,231.332748,81.059937,209.952469,218.359131,57.836975,240.655640,206.400940,32.133068,167.903519,244.587112,159.128876,187.273956,229.737885,137.817978,208.206787,213.558304,114.704147,230.643204,198.876480,91.859375,254.963867,188.458984,71.146919,191.542557,235.595062,185.359756,207.984100,216.874344,165.909058,227.272690,200.319168,142.377335,241.980728,188.963318,124.539803,259.337921,180.628143,110.749176,215.823532,225.878082,213.093872,230.490845,206.374664,191.800873,243.851669,191.856171,176.190750,255.831085,180.727509,161.048660,230.063660,217.367538,228.286041,246.466721,200.702637,207.596283
3365,3.791667,52.983002,300.446960,15.426350,120.713608,290.841675,-33.196434,178.291840,277.303101,-75.719299,75.404343,291.186676,43.485603,101.849670,284.092926,20.240086,129.805206,275.782043,-1.620147,158.066666,267.144257,-25.392164,193.662018,259.298584,-49.125019,96.096909,282.870697,69.766670,121.567894,273.211334,48.182568,148.396454,262.987427,25.168688,174.299072,252.212433,2.631889,208.702469,243.692123,-22.641693,118.255135,273.421448,98.680084,142.495956,261.473328,76.149940,167.323120,249.251404,52.603687,192.541611,236.850586,29.956278,224.720184,225.324265,4.426765,141.220322,263.142944,126.806793,161.854874,248.082275,105.879311,186.012299,234.020676,81.539406,210.296951,220.279633,58.397949,240.870132,207.778397,32.715820,169.063980,250.086182,159.431961,188.206970,234.111984,138.292160,208.943665,217.045746,115.376045,231.183563,201.589279,92.676956,255.350586,190.547806,71.936363,192.849899,241.728668,185.682693,209.124908,222.071655,166.495300,228.228455,204.617584,143.190887,242.741760,192.834366,125.681892,259.997742,183.664841,111.644508,217.247879,232.788025,213.344864,231.884293,212.496674,192.478790,245.110367,197.266006,177.066956,256.951691,185.466202,162.010834,231.741837,225.098969,228.736465,248.016144,207.417023,208.261169
3366,3.794444,52.982624,300.935211,15.436441,120.695953,291.069305,-33.198818,178.319641,277.393921,-75.619987,75.600601,292.668243,43.517773,101.985100,285.208923,20.287903,129.906906,276.678833,-1.551813,158.110504,267.727203,-25.272701,193.743134,259.770020,-48.919838,96.418930,285.235565,69.828125,121.860977,275.160431,48.321777,148.629761,264.550171,25.373777,174.408829,253.243057,2.861421,208.824951,244.422928,-22.358686,118.801575,276.795258,98.809570,142.955643,264.328491,76.387810,167.744064,251.607300,52.944489,192.868866,238.701859,30.395256,225.017990,226.758026,4.948355,141.995560,267.561340,127.021164,162.524139,251.862579,106.298203,186.645264,237.267014,82.085358,210.844360,222.877380,59.066265,241.352829,209.943481,33.442146,170.148300,255.959534,159.743271,189.182190,239.044540,138.811951,209.830902,221.231705,116.129082,231.968781,205.120422,93.614929,256.047058,193.567032,72.883522,194.077057,248.353683,186.027222,210.308792,227.917435,167.138855,229.340073,209.708969,144.091919,243.735474,197.563431,126.905022,260.950378,187.694412,112.691658,218.590485,240.291153,213.646027,233.297058,219.327667,193.224152,246.490051,203.512375,178.033493,258.276123,191.150101,163.090607,233.312332,233.432922,229.219254,249.565948,214.886200,209.004074
3367,3.797222,52.978653,301.455994,15.444200,120.685326,291.362976,-33.192661,178.382202,277.596588,-75.488411,75.775986,294.239197,43.537148,102.134880,286.477905,20.343956,130.055405,277.783661,-1.456386,158.242691,268.572632,-25.091721,193.919296,260.526733,-48.650082,96.709435,287.752716,69.877296,122.171074,277.349335,48.472542,148.929962,266.437866,25.617462,174.646011,254.692856,3.166618,209.098373,245.629669,-21.983332,119.297371,280.385590,98.929558,143.433380,267.509094,76.640312,168.249130,254.391937,53.330090,193.345673,241.084915,30.913492,225.511444,228.805664,5.576754,142.701584,272.264679,127.228828,163.217361,256.059540,106.731491,187.381866,241.041840,82.678047,211.571304,226.123154,59.817005,242.078079,212.869308,34.283249,171.125336,262.162689,160.054565,190.167267,244.487656,139.358810,210.836365,226.071457,116.935844,232.964584,209.427139,94.640305,257.017700,197.474167,73.951271,195.185852,255.411209,186.381531,211.494476,234.351288,167.816956,230.566299,215.535782,145.048660,244.920044,203.098297,128.177017,262.153351,192.662064,113.849464,219.805054,248.315598,213.980637,234.680618,226.795685,194.013840,247.940842,210.523453,179.058624,259.753540,197.708435,164.248962,234.727463,242.296951,229.720047,251.063324,223.030121,209.802231
3368,3.800000,52.970562,302.004944,15.448263,120.681602,291.720978,-33.178619,178.477432,277.909058,-75.327843,75.925690,295.886932,43.541328,102.295860,287.891785,20.404654,130.245331,279.090332,-1.340267,158.456970,269.674103,-24.858398,194.182114,261.559784,-48.326389,96.959587,290.401886,69.909042,122.489548,279.761261,48.627426,149.287354,268.635376,25.887705,174.998947,256.548401,3.531435,209.507812,247.295624,-21.534367,119.728622,284.162354,99.032875,143.915573,270.988953,76.895264,168.821564,257.579529,53.743282,193.953033,243.974960,31.488277,226.178360,231.441452,6.285564,143.318161,277.212494,127.420456,163.914368,260.636230,107.161758,188.197937,245.307785,83.294083,212.450684,229.979660,60.620522,243.015182,216.520172,35.204063,171.969666,268.647217,160.355225,191.132996,250.388657,139.911346,211.927658,231.513687,117.765381,234.133759,214.458511,95.715279,258.222290,202.217880,75.096451,196.144562,262.838013,186.731445,212.644897,241.308105,168.503525,231.867218,222.034332,146.025894,246.252960,209.379379,129.460922,263.560974,198.504257,115.071480,220.852737,256.784882,214.329788,235.991806,234.823929,194.821594,249.415924,218.222031,180.107208,261.334503,205.064362,165.442932,235.947021,251.613022,230.221817,252.461319,231.763367,210.629776
3369,3.802778,52.958130,302.576721,15.446600,120.684105,292.139526,-33.158195,178.601974,278.326477,-75.143059,76.046158,297.597717,43.527836,102.463501,289.438080,20.465158,130.469070,280.587006,-1.211999,158.743790,271.019135,-24.584915,194.519974,262.854553,-47.962433,97.163147,293.161072,69.917244,122.806908,282.374573,48.777245,149.689438,271.120483,26.169861,175.451965,258.788605,3.935956,210.033676,249.396164,-21.035183,120.085213,288.093384,99.111229,144.388718,274.735870,77.138779,169.442551,261.137177,54.164127,194.668396,247.339050,32.093204,226.992126,234.631088,7.043581,143.830566,282.361969,127.584892,164.596313,265.550354,107.569817,189.068634,250.020660,83.907463,213.453003,234.402390,61.443550,244.130127,220.852463,36.164925,172.663055,275.361633,160.631897,192.054214,256.690613,140.446014,213.073029,237.500839,118.584435,235.438034,220.156265,96.798729,259.618835,207.740005,76.271744,196.929718,270.568024,187.060104,213.728958,248.719299,169.169907,233.205536,229.135452,146.985947,247.692123,216.340256,130.716339,265.126282,205.149658,116.307678,221.704330,265.619415,214.672043,237.194870,243.332230,195.617996,250.873444,226.526382,181.141281,262.972504,213.135971,166.626740,236.941025,261.299255,230.704193,253.721237,240.996994,211.457581
3370,3.805556,52.941616,303.165619,15.436408,120.691658,292.613068,-33.133614,178.751221,278.841187,-74.940125,76.135078,299.356873,43.494247,102.632256,291.100800,20.519709,130.717331,282.256439,-1.081675,159.090714,272.589386,-24.285631,194.918594,264.391022,-47.574131,97.316452,296.007263,69.895325,123.113686,285.163696,48.911739,150.122009,273.865479,26.447718,175.986267,261.385559,4.357821,210.652771,251.899506,-20.512383,120.360954,292.145508,99.155571,144.840012,278.713409,77.356094,170.092361,265.026215,54.571117,195.466568,251.137131,32.699741,227.922653,238.332275,7.816832,144.229874,287.669281,127.709671,165.246353,270.755096,107.935677,189.969254,255.130524,84.490997,214.547043,239.340134,62.250954,245.385590,225.813705,37.123566,173.195114,282.252991,160.868713,192.910156,263.333282,140.937943,214.241943,243.969910,119.358871,236.838776,226.455627,97.848198,261.163666,213.975189,77.427925,197.527298,278.534332,187.347900,214.722198,256.514130,169.785660,234.546967,236.765228,147.890228,249.196609,223.908371,131.901382,266.802246,212.519867,117.506546,222.341873,274.738953,214.983002,238.262833,252.239105,196.370865,252.277557,235.351715,182.121353,264.625092,221.837173,167.753418,237.691498,271.272705,231.142746,254.814362,250.641190,212.253082
3371,3.808333,52.921753,303.765717,15.414472,120.702698,293.134583,-33.107674,178.919800,279.442993,-74.725983,76.191200,301.149384,43.438412,102.796104,292.861542,20.562077,130.979904,284.076935,-0.960169,159.483276,274.361298,-23.976070,195.362183,266.144897,-47.178295,97.418159,298.917206,69.836838,123.401138,288.100555,49.020374,150.570007,276.838074,26.704618,176.580963,264.305542,4.773756,211.339783,254.768280,-19.993820,120.553398,296.285614,99.156570,145.258270,282.882690,77.532272,170.751328,269.203827,54.942444,196.320679,255.322906,33.278908,228.937668,242.495956,8.570817,144.512680,293.091003,127.781776,165.850174,276.201202,108.239525,190.876038,260.583344,85.017876,215.700516,244.735733,63.007698,246.741760,231.342834,38.037453,173.563278,289.268982,161.047989,193.684372,270.254547,141.362259,215.405334,250.853561,120.055313,238.297363,233.286285,98.822014,262.811035,220.849976,78.516319,197.933060,286.671448,187.572998,215.606781,264.621185,170.320038,235.860275,244.846283,148.700989,250.727081,232.006302,132.974960,268.542664,220.530655,118.617599,222.759293,284.065186,215.235489,239.178009,261.464020,197.046005,253.598663,244.611938,183.007706,266.253723,231.078827,168.776932,238.193390,281.452301,231.509308,255.722794,260.608032,212.980576
3372,3.811111,52.899403,304.371765,15.377932,120.715431,293.696167,-33.083595,179.102097,280.119751,-74.507973,76.214363,302.960327,43.358532,102.948997,294.699951,20.586107,131.246353,286.022949,-0.858223,159.905975,276.306885,-23.671780,195.834808,268.089111,-46.791321,97.468918,301.867950,69.735870,123.661629,291.155121,49.093079,151.018204,280.002319,26.924555,177.214157,267.509888,5.160892,212.069107,257.961609,-19.506735,120.663490,300.481537,99.105156,145.634262,287.203644,77.652924,171.400711,273.623871,55.257240,197.203522,259.844940,33.802917,230.004410,247.067856,9.272473,144.680695,298.585236,127.788307,166.396088,281.838013,108.462616,191.766663,266.321808,85.462906,216.881119,250.527176,63.680687,248.157761,237.371536,38.866119,173.772400,296.359406,161.150833,194.364792,277.392181,141.694794,216.536407,258.081757,120.642578,239.776093,240.573578,99.681244,264.514557,228.283844,79.491096,198.151871,294.917053,187.712265,216.371292,272.970184,170.743256,237.117737,253.299622,149.382797,252.246613,240.553177,133.898743,270.303162,229.093796,119.593597,222.961777,293.524048,215.400589,239.931870,270.929413,197.608643,254.813797,254.221924,183.762039,267.824097,240.770447,169.654160,238.453873,291.761169,231.773193,256.439697,270.814362,213.602127
3373,3.813889,52.875046,304.979126,15.324834,120.727943,294.289154,-33.064938,179.292847,280.858398,-74.293327,76.205421,304.775543,43.253025,103.085304,296.594208,20.586275,131.506592,288.066315,-0.785530,160.343292,278.395111,-23.387165,196.321442,270.194977,-46.428360,97.471146,304.837372,69.587364,123.888664,294.295776,49.120819,151.451996,283.319305,27.093174,177.864029,270.956177,5.497829,212.816376,261.437103,-19.076437,120.695221,304.702728,98.992989,145.960785,291.635406,77.704933,172.023193,278.237671,55.496708,198.088501,264.647461,34.246559,231.090958,251.989990,9.891499,144.739990,304.112305,127.717003,166.874969,287.614227,108.588249,192.620743,272.286591,85.803642,218.057816,256.649017,64.240265,249.593460,243.826340,39.573055,173.833527,303.477600,161.158234,194.943542,284.685242,141.913086,217.611282,265.583099,121.092934,241.239304,248.240036,100.391273,266.229431,236.191940,80.311150,198.196381,303.213257,187.742645,217.010376,281.493317,171.027924,238.295700,262.046326,149.904022,253.721481,249.466476,134.638687,272.042084,238.118713,120.392525,222.964005,303.047241,215.449387,240.524246,280.562317,198.025192,255.906525,264.099396,184.348816,269.306854,250.822159,170.346405,238.490356,302.128357,231.903198,256.968018,281.183411,214.079712
3374,3.816667,52.848579,305.583801,15.254217,120.738380,294.904633,-33.055397,179.487396,281.645477,-74.088852,76.166153,306.581940,43.120617,103.200050,298.521637,20.558161,131.751389,290.177338,-0.749983,160.780701,280.593048,-23.134537,196.808258,272.432617,-46.102871,97.428513,307.804138,69.387611,124.076859,297.489929,49.096195,151.858170,286.748199,27.198586,178.509872,274.599274,5.765614,213.559402,265.151947,-18.725342,120.654968,308.920074,98.813217,146.232544,296.136780,77.677414,172.603455,282.994659,55.645138,198.950943,269.672089,34.588326,232.167236,257.201630,10.401227,144.700104,309.635162,127.557205,167.280273,293.478577,108.602745,193.420197,278.417358,86.021210,219.202042,263.033936,64.661301,251.010956,250.630646,40.127213,173.762344,310.580353,161.052582,195.416824,292.075256,141.997345,218.609482,273.286652,121.383003,242.654785,256.207214,100.922974,267.914459,244.488113,80.941589,198.084854,311.506775,187.643005,217.523865,290.126251,171.150146,239.375107,271.009277,150.237762,255.122009,258.664062,135.166107,273.721741,247.514343,120.978989,222.787460,312.572266,215.355133,240.961746,290.295288,198.264984,256.866638,274.166504,184.736664,270.678345,261.146851,170.820541,238.327545,312.489258,231.870102,257.318542,291.645660,214.377686
3375,3.819444,52.819298,306.182343,15.166086,120.745354,295.534241,-33.058407,179.681992,282.467621,-73.900665,76.099022,308.367523,42.960697,103.289322,300.459747,20.498775,131.972885,292.326416,-0.757134,161.205200,282.867065,-22.923527,197.282532,274.770996,-45.826408,97.345375,310.747589,69.134979,124.222137,300.704895,49.013962,152.225586,290.247955,27.231859,179.132675,278.392517,5.948688,214.278732,269.062988,-18.472120,120.550636,313.105743,98.561325,146.446014,300.666687,77.562492,173.128540,287.843933,55.690716,199.768906,274.859406,34.811291,233.205658,262.640656,10.779581,144.572708,315.118805,127.300827,167.607788,299.380676,108.496529,194.149765,284.654419,86.101143,220.288589,269.614410,64.924110,252.375656,257.706329,40.504070,173.577087,317.627533,160.819336,195.784164,299.506714,141.931656,219.514450,281.123718,121.494682,243.994431,264.397675,101.253548,269.533081,253.086502,81.354843,197.838760,319.748535,187.396057,217.915741,298.808807,171.090561,240.341537,280.114716,150.362930,256.423340,268.066101,135.458527,275.309052,257.191345,121.325172,222.457489,322.042114,215.095581,241.255783,300.066895,198.302139,257.689148,284.350891,184.899765,271.920227,271.662048,171.049911,237.994141,322.784943,231.649414,257.507233,302.138641,214.465286
3376,3.822222,52.786034,306.771362,15.061503,120.748077,296.170685,-33.076599,179.873505,283.311768,-73.734024,76.006912,310.121277,42.773594,103.350479,302.387604,20.406645,132.165009,294.485687,-0.809926,161.605957,285.184448,-22.760830,197.732605,277.178314,-45.608150,97.226067,313.647583,68.830643,124.321983,303.909363,48.871048,152.545624,293.779358,27.187197,179.715637,282.289307,6.035664,214.957520,273.126648,-18.330929,120.390732,317.233215,98.235558,146.599380,305.185547,77.356018,173.588272,292.736267,55.626057,200.523544,280.151031,34.903824,234.182007,268.244812,11.010263,144.370407,320.530212,126.943260,167.855545,305.272186,108.264900,194.797287,290.940369,86.034004,221.295868,276.324432,65.015152,253.657166,264.975159,40.686520,173.296631,324.581604,160.448776,196.047653,306.927795,141.705139,220.313507,289.029541,121.415863,245.234528,272.736877,101.367249,271.053162,261.902466,81.531677,197.480209,327.892303,186.990326,218.192673,307.484924,170.835449,241.184814,289.293884,150.264801,257.605225,277.596619,135.500549,276.775879,267.064026,121.411530,222.000412,331.403656,214.655365,241.420135,309.820862,198.117371,258.373077,294.585938,184.819122,273.019531,282.291138,171.015182,237.519516,332.960327,231.223999,257.552216,312.605957,214.319031
3377,3.825000,52.747589,307.347229,14.942475,120.746208,296.807831,-33.111374,180.059372,284.165588,-73.593140,75.892944,311.832825,42.560776,103.382286,304.286896,20.281694,132.323730,296.630463,-0.908733,161.974426,287.514740,-22.650187,198.148560,279.623962,-45.454357,97.074715,316.484711,68.478477,124.375633,307.075073,48.666393,152.812302,297.306885,27.061922,180.244766,286.244934,6.019829,215.581512,277.299469,-18.310909,120.183662,321.277344,97.837143,146.692276,309.656494,77.057739,173.975296,297.625977,55.448273,201.199615,285.491669,34.859848,235.075699,273.953247,11.083529,144.105530,325.837494,126.484184,168.023575,311.108337,107.908043,195.353775,297.222046,85.815788,222.206009,283.101166,64.927528,254.829498,272.360413,40.665344,172.938904,331.406464,159.937363,196.210938,314.290619,141.312759,220.997696,296.944550,121.140800,246.355591,281.154816,101.255753,272.447021,270.853729,81.461838,197.030060,335.893433,186.421570,218.362396,316.102325,170.378082,241.898178,298.483704,149.935684,258.651733,287.184845,135.284637,278.098877,277.051880,121.227425,221.440842,340.606049,214.027878,241.468704,319.504517,197.699738,258.919708,304.810394,184.483902,273.967072,292.964081,170.705109,236.931015,342.962433,230.586212,257.471283,322.994659,213.924774
3378,3.827778,52.703289,307.906403,14.811513,120.739609,297.440948,-33.162964,180.237061,285.018524,-73.481133,75.760414,313.492401,42.324883,103.384956,306.142792,20.124926,132.446899,298.740265,-1.051592,162.304565,289.831360,-22.592674,198.522858,282.081055,-45.368275,96.895439,319.241150,68.084190,124.384056,310.177856,48.400883,153.022141,300.799835,26.856384,180.709229,290.217926,5.899309,216.138916,281.539398,-18.416025,119.937447,325.214325,97.370293,146.725708,314.046722,76.671028,174.284988,302.472443,55.158699,201.785660,290.830811,34.678589,235.870316,279.708282,10.996089,143.789307,331.009766,125.927986,168.113556,316.849579,107.430214,195.813171,303.451721,85.447845,223.004929,289.886627,64.660957,255.871475,279.789185,40.439117,172.519791,338.066620,159.288681,196.278488,321.551239,140.755753,221.561142,304.815582,120.670120,247.342087,289.587555,100.917984,273.691376,279.862091,81.144150,196.506592,343.707336,185.693863,218.432404,324.611816,169.719635,242.477448,307.627014,149.375061,259.550690,296.765930,134.811127,279.259064,287.079956,120.771378,220.800201,349.598755,213.216446,241.413879,329.066925,197.047867,259.331390,314.967468,183.892120,274.756561,303.616791,170.116928,236.252274,352.738068,229.739380,257.279877,333.252899,213.279160
3379,3.830556,52.653198,308.445557,14.671246,120.728264,298.066467,-33.230785,180.403854,285.862762,-73.399971,75.612701,315.090424,42.069637,103.359909,307.943695,19.938116,132.533966,300.798920,-1.234700,162.592590,292.112488,-22.587389,198.850449,284.528870,-45.350708,96.692543,321.900330,67.654510,124.349632,313.197693,48.077503,153.173798,304.232544,26.573759,181.101379,294.171295,5.676819,216.620758,285.807129,-18.645077,119.659508,329.021088,96.842232,146.701935,318.328003,76.202126,174.515259,307.240845,54.762386,202.273865,296.124359,34.363941,236.553680,285.457520,10.750200,143.431702,336.016632,125.283806,168.128693,322.461700,106.839027,196.172211,309.588043,84.936440,223.682068,296.628937,64.221268,256.767059,287.195190,40.013378,172.052795,344.526093,158.513504,196.255051,328.669342,140.041565,222.000534,312.595917,120.010445,248.182114,297.977722,100.359795,274.767609,288.855133,80.585587,195.925049,351.288574,184.819626,218.409149,332.966370,168.869461,242.920258,316.672089,148.589554,260.292938,306.281006,134.087997,280.241302,297.079376,120.050697,220.096191,358.330048,212.234360,241.265823,338.457306,196.170486,259.610413,325.003387,183.050781,275.383453,314.190094,169.256668,235.502869,362.231934,228.698013,256.990234,343.328125,212.389709
3380,3.833333,52.598019,308.961731,14.524330,120.712196,298.681671,-33.313713,180.557129,286.694000,-73.350662,75.453308,316.617737,41.799568,103.309464,309.680786,19.723803,132.585678,302.794769,-1.453357,162.836929,294.341400,-22.632145,199.128433,286.953522,-45.400723,96.470612,324.447052,67.197243,124.275826,316.118256,47.701237,153.267654,307.584015,26.219727,181.416641,298.073120,5.358818,217.020813,290.065918,-18.992147,119.356689,332.674957,96.263062,146.624191,322.476288,75.659523,174.666199,311.902283,54.267292,202.659912,301.335297,33.923599,237.117859,291.155731,10.352413,143.041626,340.827942,124.565201,168.073303,327.915344,106.144966,196.430130,315.595795,84.291962,224.230423,303.283081,63.619255,257.505463,294.521027,39.399357,171.549530,350.748169,157.629150,196.145645,335.607483,139.183289,222.314514,320.244354,119.173782,248.867340,306.274506,99.593040,275.661926,297.767761,79.799866,195.298218,358.590607,183.818878,218.298096,341.119873,167.844711,243.225739,325.571503,147.592422,260.872040,315.676849,133.129776,281.034424,306.987427,119.080101,219.343430,366.746002,211.104187,241.032700,347.624054,195.085846,259.759155,334.866089,181.975220,275.844635,324.628510,168.138412,234.699005,371.385986,227.486984,256.612061,353.165802,211.274399
3381,3.836111,52.538864,309.452118,14.373452,120.691513,299.284149,-33.410252,180.694809,287.511108,-73.333504,75.285950,318.065552,41.519703,103.236420,311.347015,19.485315,132.603851,304.720306,-1.702876,163.037918,296.505981,-22.723810,199.355759,289.346680,-45.516323,96.234497,326.866730,66.721123,124.166855,318.925995,47.278770,153.305359,310.837250,25.801977,181.653259,301.896667,4.954333,217.335373,294.281158,-19.447485,119.035461,336.153229,95.645515,146.496735,326.470886,75.053680,174.739716,316.433075,53.683495,202.942566,306.433746,33.367954,237.558685,296.766083,9.812449,142.627380,345.413574,123.789276,167.952713,333.184601,105.360916,196.588287,321.445160,83.528145,224.646301,309.811188,62.869308,258.080719,301.719788,38.612400,171.020462,356.695190,156.658066,195.955612,342.329651,138.198868,222.503555,327.723938,118.176666,249.392700,314.433411,98.634216,276.365295,306.543671,78.805649,194.637711,365.565277,182.717972,218.104477,349.026794,166.669083,243.394455,334.281036,146.402878,261.284149,324.905243,131.956192,281.631226,316.747894,117.879913,218.555054,374.790588,209.856018,240.721863,356.514435,193.819977,259.780579,344.504517,180.687714,276.138702,334.879333,166.783203,233.855194,380.139343,226.139664,256.153839,362.709381,209.960052
3382,3.838889,52.477127,309.914124,14.221291,120.666344,299.871979,-33.518780,180.815735,288.315125,-73.347931,75.114548,319.425354,41.235329,103.143921,312.936584,19.226652,132.591202,306.571320,-1.978755,163.197372,298.597534,-22.858215,199.532745,291.703217,-45.694836,95.989326,329.144989,66.235710,124.027473,321.609039,46.818268,153.289551,313.978210,25.329586,181.811691,305.619965,4.473869,217.563095,298.421021,-19.998638,118.702217,339.433075,95.004463,146.324783,330.292938,74.396805,174.739380,320.813446,53.022427,203.123230,311.396393,32.708935,237.875168,302.259674,9.142311,142.197449,349.743469,122.975456,167.773361,338.245300,104.501823,196.649994,327.110291,82.661171,224.929153,316.181702,61.987976,258.490936,308.754517,37.670208,170.476196,362.328735,155.626358,195.691315,348.800507,137.110107,222.570175,335.000366,117.039200,249.756607,322.415588,97.502815,276.873535,315.136658,77.624115,193.955429,372.163574,181.547699,217.834442,356.641388,165.371048,243.428879,342.758087,145.044983,261.528534,333.922424,130.590775,282.028778,326.311432,116.473915,217.744476,382.406250,208.525436,240.341156,365.074707,192.404556,259.679291,353.868378,179.215714,276.266571,344.892120,165.217377,232.986176,388.429321,224.695251,255.624329,371.900238,208.480362
3383,3.841667,52.414402,310.345154,14.070482,120.636894,300.443665,-33.637749,180.919449,289.107819,-73.392113,74.943275,320.688995,40.951984,103.035408,314.444244,18.952261,132.550934,308.344727,-2.276395,163.318115,300.609192,-23.029945,199.660675,294.019318,-45.933010,95.740479,331.267548,65.751099,123.862877,324.156403,46.329090,153.223907,316.995026,24.812380,181.894302,309.225159,3.928474,217.704788,302.457916,-20.631914,118.363945,342.491760,94.355972,146.114700,333.924744,73.702492,174.670120,325.026398,52.296463,203.205215,316.205231,31.959276,238.068848,307.614594,8.355382,141.761246,353.787811,122.144318,167.542786,343.073669,103.584389,196.620468,332.567902,81.708794,225.081314,322.368713,60.992748,258.738129,315.597229,36.591389,169.928558,367.610016,154.562073,195.360611,354.984558,135.941574,222.519089,342.040619,115.784081,249.960800,330.187012,96.220192,277.186462,323.510651,76.276939,193.264999,378.336365,180.340988,217.496002,363.918030,163.982071,243.334030,350.961151,143.546265,261.607605,342.687683,129.059769,282.228210,335.635620,114.887337,216.927216,389.535339,207.150833,239.900269,373.250397,190.875061,259.462433,362.907867,177.590363,276.232391,354.617950,163.471344,232.108887,396.192841,223.195923,255.034149,380.678589,206.873505
3384,3.844444,52.352421,310.742767,13.923590,120.603539,300.997803,-33.765545,181.005600,289.890106,-73.462715,74.776413,321.848328,40.675583,102.914658,315.864777,18.667067,132.486649,310.037506,-2.590991,163.403458,302.534821,-23.232359,199.741318,296.290833,-46.226917,95.493889,333.220093,65.277718,123.678673,326.557068,45.821377,153.113098,319.877106,24.260365,181.905106,312.698334,3.328909,217.763214,306.370422,-21.333973,118.028702,345.307068,93.716415,145.874100,337.348602,72.985176,174.538330,329.056488,51.518570,203.193420,320.845886,31.132120,238.143524,312.814362,7.465493,141.329575,357.517365,121.316864,167.269821,347.645172,102.627037,196.506943,337.795959,80.689552,225.107773,328.350372,59.901276,258.827087,322.226868,35.394665,169.391312,372.501160,153.493576,194.973526,360.846161,134.719437,222.357590,348.812103,114.435928,250.010406,337.717041,94.808784,277.307739,331.638580,74.785378,192.582672,384.035553,179.131271,217.099808,370.811218,162.535370,243.117722,358.848938,141.936752,261.527374,351.162323,127.391396,282.234619,344.684113,113.145866,216.122055,396.121124,205.771179,239.411667,380.987000,189.269104,259.140259,371.573334,175.845459,276.043793,364.008636,161.578735,231.243622,403.368134,221.684082,254.396820,388.984497,205.180038
3385,3.847222,52.293015,311.104675,13.783004,120.566772,301.532745,-33.900105,181.073975,290.661194,-73.555122,74.618309,322.895386,40.412350,102.785820,317.192200,18.376579,132.402100,311.645782,-2.917644,163.457123,304.368073,-23.457769,199.776749,298.513367,-46.571926,95.256180,334.988464,64.826073,123.481049,328.799561,45.305763,152.962860,322.614624,23.683191,181.849457,316.028778,2.685089,217.742554,310.143829,-22.092924,117.705833,347.858032,93.101730,145.611755,340.546661,72.259842,174.351746,332.888855,50.702137,203.094116,325.305908,30.240788,238.104874,317.846497,6.486402,140.914734,360.903809,120.513931,166.964691,351.934479,101.649445,196.318527,342.772858,79.622414,225.015793,334.107391,58.731163,258.765442,328.626831,34.098553,168.880676,376.966309,152.448059,194.542572,366.349731,133.470581,222.095688,355.281891,113.020752,249.913834,344.977356,93.291565,277.244568,339.499420,73.170486,191.927551,389.215240,177.951065,216.659332,377.276093,161.064636,242.791122,366.379944,140.248215,261.297272,359.308502,125.615585,282.056549,353.424713,111.275673,215.351395,402.109283,204.424103,238.891129,388.230835,187.624908,258.726257,379.814972,174.016724,275.712250,373.015930,159.575699,230.414734,409.896271,220.200272,253.729553,396.759186,203.440994
3386,3.850000,52.238079,311.428864,13.650832,120.527306,302.046082,-34.038689,181.124634,291.419342,-73.664497,74.473442,323.822296,40.168606,102.653313,318.420013,18.086842,132.301193,313.164642,-3.251400,163.483200,306.102142,-23.697756,199.769333,300.681671,-46.962780,95.034569,336.559143,64.406380,123.276825,330.871918,44.793201,152.779861,325.198029,23.089949,181.733704,319.208282,2.006176,217.648087,313.768890,-22.898417,117.405739,350.125000,92.527077,145.337372,343.500641,71.541641,174.119339,336.508331,49.861267,202.914810,329.573608,29.298817,237.960312,322.700836,5.431794,140.530319,363.920349,119.755630,166.638962,355.915680,100.672104,196.065964,347.476593,78.526817,224.814529,339.621918,57.500156,258.562927,334.783020,32.721371,168.414932,380.972504,151.450317,194.082687,371.459869,132.222397,221.745972,361.416534,111.565506,249.682327,351.940552,91.692123,277.007080,347.075287,71.453545,191.321198,393.832581,176.830963,216.191055,383.269226,159.603226,242.368546,373.512451,138.513718,260.930237,367.088684,123.763649,281.705933,361.827240,109.304199,214.640640,407.449127,203.144592,238.357635,394.930267,185.980057,258.237305,387.582947,172.141327,275.252869,381.591309,157.500473,229.650192,415.722565,218.781738,253.053192,403.946014,201.696869
3387,3.852778,52.189548,311.713684,13.528946,120.486092,302.535400,-34.178249,181.158112,292.163025,-73.787102,74.346275,324.621948,39.950459,102.521736,319.541504,17.804190,132.187912,314.588531,-3.587196,163.486160,307.729919,-23.943605,199.721909,302.790131,-47.393688,94.836548,337.919586,64.028229,123.073273,332.761902,44.294777,152.571457,327.617981,22.489510,181.564911,322.229767,1.301309,217.486084,317.239563,-23.740812,117.139206,352.090271,92.006393,145.061340,346.192291,70.845749,173.850769,339.899109,49.011200,202.664261,333.637054,28.320322,237.718491,327.367981,4.315670,140.190567,366.542450,119.060677,166.305298,359.562469,99.716042,195.761505,351.884583,77.422813,224.514862,344.876251,56.226555,258.231323,340.682220,31.281565,168.013916,384.490570,150.522079,193.610703,376.141663,131.002640,221.323395,367.182434,110.097801,249.329712,358.578888,90.035362,276.608154,354.348938,69.656845,190.786560,397.849121,175.798737,215.713715,388.749115,158.183487,241.867386,380.204834,136.767059,260.442261,374.464996,121.868469,281.197876,369.861572,107.261124,214.017166,412.094757,201.964279,237.832825,401.036621,184.370834,257.692932,394.827820,170.257645,274.684326,389.685883,155.393158,228.980316,420.797638,217.461639,252.391541,410.491669,199.986725
3388,3.855556,52.149269,311.957825,13.419100,120.444267,302.998962,-34.316093,181.175369,292.891815,-73.920738,74.241005,325.288055,39.763527,102.395668,320.550171,17.534946,132.066269,315.911591,-3.919837,163.470901,309.244263,-24.186649,199.637833,304.832123,-47.858238,94.669403,339.058929,63.700176,122.877823,334.457672,43.821510,152.345306,329.864960,21.891195,181.350555,325.085968,0.580458,217.263687,320.550690,-24.610010,116.916611,353.738586,91.551971,144.794144,348.604126,70.187057,173.556259,343.044830,48.168198,202.352249,337.483673,27.320436,237.389206,331.838531,3.152980,139.909500,368.748688,118.445663,165.976974,362.849030,98.802437,195.418365,355.973846,76.330925,224.128922,349.852081,54.929886,257.784180,346.310883,29.798542,167.697388,387.495972,149.681793,193.144547,380.361420,129.839035,220.844711,372.545807,108.645905,248.871780,364.863129,88.348595,276.063324,361.300873,67.805107,190.346634,401.231140,174.878860,215.247498,393.676910,156.836670,241.307312,386.416016,135.042740,259.852051,381.399109,119.964775,280.550140,377.495697,105.179359,213.508408,416.006256,200.910782,237.339783,406.504700,182.831985,257.114746,401.501038,168.405197,274.028229,397.250671,153.295776,228.435577,425.078339,216.268906,251.770203,416.346527,198.348221
3389,3.858333,52.118877,312.160553,13.322807,120.403053,303.436310,-34.450134,181.177536,293.606018,-74.064278,74.161156,325.815735,39.612534,102.279381,321.440277,17.285061,131.939987,317.128723,-4.244171,163.442383,310.638275,-24.418449,199.521103,306.800110,-48.349140,94.539673,339.968353,63.429581,122.697609,335.948151,43.383923,152.108994,331.929413,21.305027,181.098404,327.768555,-0.145044,216.989059,323.696136,-25.494396,116.747253,355.057831,91.174164,144.545898,350.719757,69.579895,173.246277,345.929199,47.348896,201.989365,341.099823,26.315622,236.983246,336.101624,1.960480,139.699860,370.521515,117.924721,165.667084,365.750885,97.951958,195.050385,359.721619,75.271912,223.669861,354.529999,53.631386,257.236572,351.653931,28.293825,167.483353,389.969116,148.944611,192.702194,384.087585,128.758728,220.327942,377.473053,107.238983,248.325806,370.761932,86.662323,275.390594,367.907257,65.927193,190.022583,403.951141,174.091949,214.812729,398.016785,155.592484,240.709595,392.105499,133.376266,259.180634,387.851532,118.089470,279.783386,384.694550,103.096069,213.139755,419.150879,200.007401,236.901550,411.293182,181.396606,256.525452,407.555359,166.624496,273.308319,404.236908,151.252609,228.044205,428.528839,215.227875,251.214981,421.464508,196.818039
3390,3.861111,52.099648,312.321533,13.241061,120.363571,303.847839,-34.578785,181.165817,294.306152,-74.216988,74.109238,326.201538,39.501030,102.176620,322.207336,17.059830,131.812531,318.235748,-4.555508,163.405762,311.905762,-24.631054,199.376328,308.685425,-48.858143,94.452721,340.641205,63.222328,122.538986,337.224030,42.991543,151.869827,333.802185,20.741518,180.816437,330.268127,-0.862515,216.671432,326.667816,-26.380220,116.638618,356.039307,90.881058,144.325897,352.525085,69.037521,172.931396,348.536682,46.569756,201.586731,344.470734,25.323746,236.512573,340.143860,0.757581,139.572006,371.848053,117.509163,165.387848,368.245941,97.183922,194.671417,363.105896,74.266418,223.151764,358.889587,52.354057,256.604980,356.693298,26.792177,167.386276,391.896423,148.322327,192.300583,387.292084,127.787155,219.791626,381.931122,105.907288,247.710510,376.241486,85.010429,274.610809,374.137878,64.057419,189.831955,405.988617,173.453903,214.428574,401.737061,154.478470,240.096085,397.233398,131.804276,258.450775,393.781677,116.281593,278.920837,391.418243,101.053329,212.932129,421.503906,199.272659,236.539520,415.364899,180.096207,255.947952,412.945038,164.956848,272.549622,410.595612,149.310089,227.829666,431.122467,214.357788,250.750214,425.803131,195.432175
3391,3.863889,52.092400,312.441010,13.174227,120.326698,304.234314,-34.700874,181.141312,294.992645,-74.378105,74.086525,326.443604,39.431194,102.090363,322.848114,16.863651,131.686920,319.229767,-4.850007,163.365967,313.041870,-24.817469,199.208664,310.478546,-49.376221,94.412430,341.073364,63.082657,122.407120,338.278229,42.652439,151.634537,335.474823,20.211231,180.513062,332.574280,-1.558462,216.321243,329.455170,-27.251400,116.595848,356.678162,90.678268,144.141953,354.008820,68.571503,172.621948,350.852509,45.846931,201.156097,347.580383,24.363937,235.990692,343.947906,-0.433210,139.533142,372.720337,117.207039,165.149948,370.316010,96.515297,194.295013,366.105743,73.334625,222.589569,362.908875,51.122444,255.907623,361.406708,25.322079,167.415771,393.270721,147.822983,191.954758,389.951111,126.947075,219.254318,385.887848,104.681458,247.046021,381.265747,83.429535,273.747833,379.955536,62.235733,189.786789,407.331360,172.975601,214.112000,404.810699,153.519440,239.488831,401.760529,130.363861,257.687103,399.147186,114.581932,277.988892,397.621033,99.098106,212.899948,423.050232,198.719910,236.272171,418.687073,178.960281,255.404587,417.625732,163.443390,271.778595,416.277466,147.516190,227.808243,432.842865,213.672134,250.397827,429.324158,194.225296
3392,3.866667,52.097469,312.519409,13.122120,120.293030,304.596436,-34.815598,181.105164,295.665527,-74.546555,74.093094,326.541779,39.403847,102.022644,323.360931,16.699860,131.565826,320.108276,-5.124688,163.327713,314.043213,-24.972315,199.023880,312.169250,-49.893753,94.420876,341.263306,63.012825,122.305809,339.106232,42.372963,151.409302,336.939728,19.724365,180.197174,334.676117,-2.219247,215.950058,332.044647,-28.089695,116.621361,356.973328,90.568588,144.000092,355.163116,68.190948,172.327682,352.863312,45.195896,200.709778,350.411377,23.456190,235.432922,347.492126,-1.586526,139.586838,373.135681,117.022682,164.962067,371.947479,95.959900,193.933929,368.701691,72.495872,221.999405,366.564026,49.962318,255.164886,365.767090,23.915272,167.575851,394.091461,147.450668,191.677399,392.045715,126.257675,218.734482,389.312714,103.591217,246.354095,385.796722,81.957527,272.828796,385.316010,60.506393,189.892685,407.975983,172.662781,213.877029,407.215637,152.736847,238.910004,405.648773,129.091156,256.916107,403.903748,113.031960,277.017853,403.250702,97.280823,213.049515,423.785095,198.356949,236.114288,421.232788,178.015076,254.917175,421.555359,162.123444,271.023254,421.232117,145.919174,227.987457,433.684906,213.178329,250.176071,431.995636,193.228622
3393,3.869444,52.114788,312.557404,13.084086,120.263039,304.934357,-34.922348,181.058701,296.324036,-74.720703,74.128090,326.497284,39.418610,101.974709,323.745331,16.570704,131.451553,320.868958,-5.377009,163.295288,314.908203,-25.092215,198.828323,313.746460,-50.400528,94.478310,341.212067,63.012989,122.237434,339.705780,42.157623,151.199768,338.190002,19.290455,179.878296,336.562225,-2.831624,215.570602,334.419464,-28.875137,116.714836,356.927734,90.551865,143.904343,355.983490,67.902138,172.057693,354.556885,44.630688,200.261002,352.944733,22.620680,234.856735,350.750183,-2.675106,139.732803,373.096741,116.956802,164.831024,373.131500,95.528008,193.600235,370.875671,71.768013,221.398819,369.828644,48.900093,254.399658,369.742310,22.605526,167.864563,394.364166,147.205643,191.478958,393.561676,125.733879,218.250458,392.177155,102.663818,245.658295,389.794678,80.631638,271.884521,390.168915,58.915573,190.148178,407.928040,172.516357,213.734680,408.934692,152.148102,238.382004,408.861847,128.019150,256.166260,408.005585,111.672005,276.042236,408.249573,95.652443,213.378326,423.714417,198.186050,236.076675,422.981720,177.282166,254.507095,424.694885,161.032440,270.313629,425.409302,144.564774,228.365143,433.654938,212.877884,250.098648,433.794220,192.467285
3394,3.872222,52.143959,312.556030,13.059002,120.237190,305.247742,-35.020546,181.003647,296.966370,-74.898170,74.189926,326.312469,39.474010,101.947113,324.001862,16.477520,131.346207,321.509033,-5.604301,163.272385,315.636475,-25.175564,198.628937,315.197845,-50.885757,94.583267,340.923126,63.081196,122.203102,340.076416,42.008930,151.011307,339.219086,18.918081,179.566406,338.220551,-3.383074,215.196518,336.559021,-29.586781,116.873428,356.547729,90.625290,143.856964,356.468292,67.708679,171.820496,355.922150,44.163322,199.824005,355.159637,21.877020,234.281631,353.691742,-3.671240,139.967163,372.610779,117.006645,164.761795,373.863007,95.226303,193.305450,372.610382,71.166809,220.807251,372.673462,47.961857,253.637726,373.295319,21.426840,168.274048,394.099579,147.084778,191.367859,394.488647,125.386177,217.820435,394.455078,101.922432,244.984436,393.218842,79.486595,270.949677,394.459412,57.508404,190.545166,407.201111,172.533127,213.693283,409.955414,151.765778,237.927200,411.366547,127.175705,255.467712,411.406952,110.538536,275.100342,412.557709,94.260803,213.875198,422.853973,198.204636,236.165955,423.920746,176.777390,254.195007,427.009949,160.199631,269.681000,428.761627,143.492996,228.929535,432.769745,212.767029,250.173569,434.706360,191.958817
3395,3.875000,52.184406,312.516510,13.045241,120.216194,305.535675,-35.109631,180.942352,297.589386,-75.075813,74.276375,325.990784,39.567554,101.939957,324.131317,16.421032,131.252075,322.024872,-5.803323,163.262131,316.228302,-25.221918,198.433090,316.509644,-51.338173,94.732697,340.402161,63.213699,122.202835,340.218933,41.927551,150.849060,340.020386,18.614725,179.272079,339.638489,-3.861798,214.842178,338.439545,-30.203739,117.092186,355.842438,90.784096,143.858902,356.617615,67.611946,171.624268,356.948425,43.803711,199.414246,357.033356,21.243744,233.729019,356.282898,-4.548124,140.282700,371.689270,117.166634,164.757767,374.139771,95.058273,193.060852,373.889191,70.705490,220.246384,375.066376,47.172363,252.907639,376.384399,20.411654,168.790680,393.311462,147.082718,191.350494,394.819977,125.220551,217.462189,396.123016,101.385109,244.360245,396.028320,78.552963,270.062103,398.130493,56.326042,191.069397,405.815063,172.706924,213.758255,410.269714,151.597290,237.567032,413.134399,126.581802,254.851074,414.065216,109.661224,274.232697,416.116760,93.146675,214.521118,421.227448,198.406464,236.384308,424.044159,176.510376,253.999557,428.472839,159.646027,269.155914,431.248047,142.734879,229.660034,431.054932,212.837997,250.402145,434.728790,191.712631
3396,3.877778,52.235516,312.440643,13.040594,120.201149,305.796448,-35.189064,180.878052,298.188354,-75.249893,74.384598,325.536499,39.695911,101.953209,324.134521,16.401762,131.171722,322.411926,-5.970001,163.267029,316.684082,-25.231525,198.248581,317.666626,-51.746246,94.922142,339.656311,63.405426,122.235886,340.134308,41.912968,150.718262,340.586273,18.386915,179.006378,340.802734,-4.256524,214.521957,340.035461,-30.706579,117.364334,354.822540,91.022530,143.910065,356.432281,67.611923,171.476913,357.624634,43.559872,199.048264,358.541290,20.738081,233.221817,358.487061,-5.280738,140.669250,370.346039,117.429604,164.820648,373.961395,95.024719,192.877319,374.695831,70.394745,219.739883,376.973267,46.554234,252.240158,378.964539,19.589481,169.395523,392.014191,147.193100,191.430511,394.552338,125.238869,217.191986,397.160828,101.064354,243.813873,398.184021,77.855652,269.260956,401.126587,55.403286,191.701523,403.793671,173.030060,213.931686,409.874023,151.644760,237.320190,414.143250,126.250717,254.345001,415.943787,109.061005,273.478546,418.874847,92.341049,215.290451,418.863892,198.783096,236.728394,423.353851,176.484634,253.935638,429.064697,159.383408,268.765137,432.836975,142.311096,230.528625,428.542084,213.080246,250.777756,433.867828,191.730270
3397,3.880556,52.296722,312.330505,13.042119,120.193787,306.027802,-35.258381,180.815109,298.756775,-75.415993,74.511345,324.954224,39.855427,101.986923,324.011566,16.420486,131.108337,322.664062,-6.099274,163.288879,317.003937,-25.205133,198.083252,318.652679,-52.098587,95.145798,338.693817,63.650688,122.301109,339.823090,41.964443,150.624313,340.907684,18.240719,178.780853,341.698578,-4.556445,214.249649,341.322449,-31.079235,117.681450,353.499603,91.334663,144.009384,355.913391,67.707901,171.385803,357.939117,43.438335,198.742966,359.657898,20.375685,232.783569,360.266602,-5.846426,141.113876,368.596039,117.788231,164.949997,373.329224,95.124458,192.764725,375.015228,70.242966,219.311966,378.359833,46.127144,251.666718,380.989624,18.985924,170.064590,390.219757,147.410065,191.607620,393.686554,125.439224,217.023010,397.552429,100.967392,243.371689,399.651001,77.413193,268.583862,403.396667,54.767071,192.418198,401.162323,173.494522,214.210800,408.770447,151.905319,237.200180,414.378723,126.188141,253.973724,417.013916,108.749840,272.872711,420.789520,91.864288,216.152863,415.794647,199.325394,237.188721,421.859283,176.698181,254.011536,428.776642,159.414627,268.528778,433.508118,142.232071,231.501984,425.265808,213.481766,251.285736,432.138092,192.006531
3398,3.883333,52.367573,312.188782,13.046140,120.196533,306.226440,-35.317070,180.759140,299.285950,-75.568794,74.652969,324.248596,40.042667,102.041313,323.761353,16.478451,131.065872,322.773407,-6.185125,163.328690,317.187347,-25.143908,197.944901,319.451263,-52.384407,95.396523,337.523224,63.943775,122.396980,339.284821,42.081573,150.572601,340.974335,18.182064,178.607330,342.310364,-4.751050,214.038239,342.279938,-31.310688,118.033562,351.884888,91.715088,144.154541,355.061707,67.898865,171.357285,357.880524,43.444431,198.514359,360.358246,20.170069,232.436859,361.585205,-6.225777,141.601303,366.454407,118.235580,165.142868,372.245667,95.354927,192.730728,374.834290,70.256287,218.984924,379.194489,45.906715,251.216583,382.416443,18.621567,170.769302,387.934479,147.730087,191.876541,392.227509,125.816811,216.963776,397.286896,101.096809,243.055847,400.399902,77.237694,268.063690,404.897583,54.436066,193.193207,397.946320,174.092346,214.586975,406.967224,152.371857,237.213379,413.834503,126.393364,253.754593,417.255707,108.731750,272.442322,421.829590,91.726852,217.075180,412.050568,200.024033,237.748856,419.576782,177.145004,254.226807,427.610596,159.735229,268.457275,433.252808,142.499237,232.543762,421.260620,214.029831,251.904999,429.559906,192.531723
3399,3.886111,52.447609,312.017761,13.048888,120.212395,306.387451,-35.363907,180.716827,299.763947,-75.701523,74.805496,323.423767,40.254673,102.116638,323.381653,16.577204,131.048767,322.730377,-6.220975,163.386765,317.233124,-25.049374,197.840744,320.046417,-52.594025,95.666008,336.152863,64.279396,122.521423,338.518127,42.264347,150.567932,340.775269,18.216591,178.497208,342.621460,-4.829959,213.899628,342.891602,-31.394497,118.409218,349.988983,92.159218,144.341812,353.877869,68.183571,171.395660,357.438538,43.582180,198.375748,360.620392,20.131773,232.201019,362.411499,-6.403703,142.114471,363.935638,118.765282,165.393417,370.714081,95.712746,192.779572,374.143036,70.438347,218.776184,379.451569,45.903458,250.913437,383.209290,18.510778,171.476639,385.155029,148.153488,192.226700,390.183777,126.364662,217.016571,396.358612,101.451096,242.881958,400.408844,77.335136,267.725250,405.596375,54.420830,193.998505,394.169556,174.815811,215.045212,404.478088,153.034470,237.357986,412.512085,126.860741,253.696442,416.658020,109.004082,272.204529,421.975616,91.930702,218.023026,407.660522,200.869690,238.385834,416.528229,177.816376,254.570724,425.578369,160.335510,268.549011,432.073608,143.106140,233.616577,416.558655,214.711319,252.609665,426.157410,193.293777
3400,3.888889,52.536098,311.818634,13.047894,120.244354,306.503510,-35.395885,180.695114,300.175323,-75.805145,74.964493,322.483429,40.488911,102.212814,322.869354,16.718149,131.061279,322.524780,-6.200395,163.462616,317.139496,-24.923397,197.777344,320.423553,-52.719456,95.945168,334.590271,64.653038,122.671577,337.521027,42.512806,150.613724,340.300354,18.349007,178.459885,342.615997,-4.783717,213.843781,343.144562,-31.326889,118.795769,347.821228,92.663109,144.565720,352.362579,68.560349,171.502274,356.604889,43.853737,198.336258,360.427155,20.267527,232.089951,362.721375,-6.370314,142.635025,361.053436,119.371254,165.693039,368.738312,96.193840,192.911057,372.935364,70.789757,218.696045,379.113312,46.122120,250.772476,383.342621,18.660835,172.149017,381.864716,148.685776,192.642624,387.567047,127.074181,217.177078,394.767792,102.024826,242.857162,399.664673,77.705498,267.582764,405.472473,54.723904,194.805161,389.853882,175.657272,215.565079,401.320648,153.881454,237.624374,410.419861,127.580750,253.798843,415.218079,109.558289,272.165558,421.219696,92.470482,218.962006,402.650665,201.852676,239.071533,412.738953,178.701324,255.023117,422.699615,161.202164,268.790771,429.983002,144.039658,234.683289,411.188568,215.513077,253.369720,421.956940,194.279190
3401,3.891667,52.631599,311.590210,13.043299,120.294724,306.564575,-35.407688,180.700180,300.501282,-75.868629,75.125023,321.430695,40.743118,102.329063,322.220490,16.902000,131.106705,322.146667,-6.118002,163.555099,316.904236,-24.768173,197.759949,320.570312,-52.754959,96.224609,332.842041,65.060822,122.843620,336.291382,42.826500,150.711304,339.540771,18.582167,178.501373,342.280853,-4.605613,213.877106,343.029510,-31.106386,119.179611,345.390167,93.222832,144.819260,350.516876,69.026459,171.675125,355.373901,44.258617,198.399704,359.767090,20.579468,232.110703,362.499115,-6.121659,143.143845,357.820770,120.047295,166.030655,366.323212,96.792908,193.120300,371.209442,71.307541,218.746902,378.170227,46.561306,250.799240,382.802185,19.071533,172.744034,378.030334,149.338226,193.105087,384.391357,127.934990,217.434738,392.520020,102.808456,242.979477,398.163849,78.342598,267.638489,404.517975,55.339642,195.584290,385.019196,176.608627,216.122513,397.514771,154.899384,237.996323,407.571686,128.539917,254.052490,412.940918,110.379959,272.320740,419.564758,93.334106,219.858368,397.045349,202.962234,239.774994,408.236023,179.786316,255.557068,418.999451,162.318573,269.160675,427.000763,145.281219,235.707993,405.175934,216.421616,254.152603,416.986145,195.472626
3402,3.894444,52.731796,311.329102,13.038118,120.364532,306.558929,-35.392399,180.736481,300.722290,-75.880707,75.281799,320.268524,41.014996,102.463562,321.431183,17.128048,131.186493,321.587463,-5.970445,163.662430,316.524902,-24.586231,197.792221,320.477570,-52.697594,96.494904,330.914551,65.498817,123.032692,334.827637,43.203590,150.859512,338.490479,18.916138,178.623444,341.607086,-4.293374,214.001373,342.541382,-30.735004,119.546677,342.704346,93.833603,145.094009,348.342896,69.577332,171.908737,353.742981,44.792725,198.564590,358.635010,21.064384,232.263153,361.737366,-5.660441,143.621872,354.250885,120.786079,166.393280,363.475006,97.502274,193.398331,368.967560,71.984413,218.923782,376.620728,47.213207,250.990005,381.584320,19.734785,173.213577,373.598114,150.128510,193.592606,380.673035,128.934052,217.774399,389.625458,103.787910,243.238754,395.911926,79.233582,267.883728,402.736359,56.253998,196.307907,379.684631,177.659973,216.691925,393.082184,156.072174,238.453003,403.985626,129.720154,254.440964,409.838043,111.448524,272.656006,417.022736,94.502495,220.680069,390.868530,204.185516,240.464767,403.047272,181.054031,256.142303,414.505737,163.664001,269.632538,423.151459,146.806793,236.656693,398.544891,217.422241,254.925400,411.273773,196.855515
3403,3.897222,52.833801,311.030182,13.037342,120.453377,306.475220,-35.343201,180.806122,300.820618,-75.832291,75.429443,319.000244,41.301762,102.613312,320.499023,17.393572,131.299835,320.841431,-5.757247,163.782288,315.999054,-24.380451,197.875824,320.140015,-52.547714,96.746994,328.814606,65.962318,123.232750,333.130341,43.639938,151.054535,337.146851,19.347303,178.823669,340.590790,-3.850022,214.213806,341.679871,-30.219114,119.882980,339.773315,94.488808,145.380402,345.845245,70.205658,172.194534,351.713562,45.447388,198.824402,357.031647,21.713160,232.540726,360.436401,-4.996498,144.050735,350.358185,121.578308,166.766830,360.202637,98.310814,193.732971,366.216461,72.808014,219.215759,374.470215,48.063339,251.333298,379.694183,20.634415,173.523087,368.536835,151.062836,194.083237,376.430573,130.054718,218.178467,386.098419,104.944016,243.618759,392.921783,80.358192,268.301605,400.140320,57.444473,196.950058,373.870972,178.797943,217.248062,388.046448,157.380096,238.971161,399.683044,131.097870,254.943344,405.926636,112.736877,273.150513,413.612976,95.949142,221.397476,384.145874,205.506592,241.111221,397.201080,182.482422,256.748505,409.248047,165.212402,270.179108,418.462860,148.585968,237.497986,391.320526,218.498016,255.656479,404.850372,198.404648
3404,3.900000,52.934532,310.687744,13.046599,120.559357,306.303772,-35.255028,180.908249,300.782898,-75.718513,75.562805,317.630035,41.599876,102.774162,319.424011,17.693716,131.443726,319.906403,-5.481255,163.911835,315.324677,-24.154093,198.009949,319.556549,-52.309338,96.972626,326.550385,66.445328,123.436821,331.203156,44.128448,151.289917,335.511993,19.867840,179.095840,339.233276,-3.284104,214.507782,340.449127,-29.569689,120.175262,336.608490,95.179436,145.667938,343.032257,70.900681,172.521210,349.292114,46.208935,199.168610,354.963867,22.510630,232.931580,358.603546,-4.146925,144.413620,346.159119,122.412003,167.136978,356.518799,99.203278,194.109940,362.967865,73.760574,219.607712,371.730316,49.090591,251.812195,377.144196,21.746458,173.671280,362.883545,152.117004,194.556091,371.685242,131.276123,218.628403,381.957214,106.252083,244.099579,389.212250,81.688774,268.869934,396.749725,58.880341,197.487427,367.602661,180.004486,217.767395,382.433746,158.799179,239.527054,394.688507,132.643646,255.536316,401.228760,114.211136,273.779266,409.360413,97.640068,221.984268,376.906189,206.905807,241.687714,390.727509,184.044083,257.347046,403.257721,166.931854,270.774414,412.965515,150.581345,238.203735,383.531128,219.629425,256.316681,397.749542,200.091461
3405,3.902778,53.030968,310.296692,13.071079,120.678986,306.038422,-35.125813,181.038849,300.601715,-75.540077,75.677299,316.163086,41.905006,102.941078,318.209320,18.021786,131.613098,318.784393,-5.148576,164.047836,314.500427,-23.910810,198.190872,318.730865,-51.990456,97.164627,324.132111,66.940323,123.637306,329.054016,44.659012,151.557007,333.593140,20.465813,179.430496,337.541534,-2.609399,214.873352,338.858490,-28.802452,120.411667,333.223602,95.893906,145.945755,339.916870,71.648178,172.875641,346.490723,47.059174,199.583374,352.444550,23.435989,233.419510,356.253021,-3.135688,144.696091,341.672791,123.272255,167.489609,352.440521,100.160423,194.513443,359.239227,74.819168,220.081573,368.418884,50.267754,252.405762,373.952881,23.039898,173.671509,356.704681,153.252182,194.992340,366.461426,132.573273,219.105637,377.224762,107.682007,244.659103,384.808014,83.190834,269.563293,392.590546,60.523441,197.900040,360.908417,181.257233,218.229034,376.273468,160.301071,240.097549,389.030151,134.322464,256.195709,395.771484,115.830963,274.514893,404.295471,99.534264,222.418121,369.182831,208.359818,242.171509,383.659424,185.706329,257.912537,396.568481,168.784317,271.394531,406.692780,152.748932,238.749695,375.208984,220.795105,256.880127,390.008972,201.882034
3406,3.905556,53.120411,309.853394,13.114810,120.807358,305.677094,-34.957172,181.190613,300.276642,-75.304008,75.769127,314.606293,42.212223,103.108498,316.861328,18.369781,131.801361,317.481537,-4.768137,164.186722,313.526001,-23.654684,198.411896,317.671173,-51.602997,97.317169,321.572388,67.438484,123.826653,326.694611,45.219036,151.845688,331.402405,21.125834,179.815689,335.527924,-1.844158,215.297562,336.922943,-27.937622,120.582619,329.635101,96.618286,146.203201,336.516571,72.431114,173.243912,343.326721,47.976391,200.052460,349.492432,24.463806,233.984802,353.405945,-1.992607,144.886932,336.921326,124.141495,167.811386,347.989471,101.159744,194.926941,355.053528,75.956657,220.617203,364.559631,51.562500,253.089905,370.145325,24.477716,173.533997,350.059784,154.431000,195.375610,360.787140,133.917801,219.591690,371.928986,109.199043,245.273773,379.740265,84.824226,270.353699,387.694977,62.329350,198.171799,353.821350,182.530396,218.615295,369.599060,161.853409,240.660904,382.740540,136.094604,256.897156,389.587097,117.550667,275.328308,398.454315,101.584717,222.681458,361.014404,209.841751,242.544067,376.033569,187.432007,258.423462,389.217316,170.726227,272.017212,399.681976,155.039520,239.116257,366.390686,221.973404,257.325165,381.670959,203.737595
3407,3.908333,53.200607,309.356506,13.180250,120.938515,305.222412,-34.754490,181.353561,299.813995,-75.023224,75.835464,312.967804,42.516174,103.270668,315.389221,18.728901,132.001038,316.007996,-4.350985,164.324646,312.402527,-23.390236,198.664001,316.390167,-51.162155,97.425903,318.886017,67.930138,123.997963,324.140076,45.794361,152.144989,328.956055,21.830051,180.237656,333.209930,-1.010020,215.765091,334.663177,-26.999056,120.681679,325.862152,97.336906,146.430450,332.852692,73.230560,173.611969,339.822418,48.936401,200.557999,346.131409,25.565361,234.605148,350.089874,-0.751884,144.978531,331.930420,125.000122,168.090210,343.191742,102.176643,195.333984,350.438965,77.142929,221.193008,360.182159,52.938713,253.837799,365.753815,26.018339,173.267410,343.006226,155.617371,195.691879,354.694794,135.278702,220.068298,366.102844,110.764938,245.918945,374.047089,86.544655,271.210999,382.102386,64.248886,198.290924,346.378754,183.795685,218.911682,362.448212,163.420746,241.196686,375.857208,137.916718,257.616150,382.713745,119.320671,276.189087,391.879395,103.739876,222.762115,352.444916,211.321426,242.791168,367.891052,189.180389,258.861938,381.245300,172.709595,272.621246,391.975220,157.400101,239.288849,357.116791,223.143799,257.634735,372.782410,205.615677
3408,3.911111,53.269836,308.806976,13.268133,121.066139,304.680969,-34.526176,181.516418,299.225708,-74.715149,75.874405,311.257568,42.811268,103.421967,313.804443,19.089930,132.204071,314.377258,-3.909478,164.457535,311.132782,-23.122431,198.936661,314.903748,-50.685074,97.488098,316.089813,68.405327,124.145332,321.408447,46.370182,152.443649,326.274170,22.559254,180.681458,330.609344,-0.130771,216.259048,332.104584,-26.012846,120.705719,321.926392,98.032974,146.618790,328.950226,74.026779,173.966141,336.004608,49.913723,201.081116,342.390259,26.710150,235.256607,346.338196,0.549686,144.966934,326.728882,125.827477,168.315567,338.077850,103.185455,195.718521,345.428436,78.346367,221.786392,355.321869,54.358032,254.620468,360.817596,27.617521,172.879791,335.600342,156.777008,195.929260,348.221161,136.623718,220.517670,359.784668,112.339432,246.569290,367.773102,88.305420,272.103027,375.859650,66.230148,198.250488,338.622314,185.023041,219.106674,354.863342,164.965988,241.685669,368.423370,139.743561,258.328339,375.195587,121.089409,277.065643,384.619995,105.945587,222.653671,343.523346,212.765976,242.902649,359.277435,190.908676,259.213196,372.698120,174.684113,273.186127,383.619995,159.775513,239.258224,347.432617,224.287247,257.796356,363.395172,207.471405
3409,3.913889,53.326942,308.208282,13.377526,121.184189,304.062561,-34.282677,181.667862,298.527679,-74.399544,75.884880,309.486938,43.091831,103.557014,312.120239,19.443544,132.402298,312.605957,-3.456461,164.581223,309.721680,-22.856670,199.218765,313.230286,-50.189518,97.502548,313.202301,68.854263,124.263802,318.520416,46.931805,152.730499,323.380157,23.293850,181.131531,327.751953,0.768957,216.761902,329.275879,-25.005699,120.654388,317.851593,98.689491,146.760788,324.837402,74.800308,174.293365,331.904541,50.882824,201.602615,338.302277,27.867308,235.914642,342.188904,1.874662,144.851471,321.348480,126.602814,168.478333,332.682648,104.160622,196.065125,340.059631,79.535240,222.374344,350.019379,55.781628,255.408142,355.382019,29.230507,172.379166,327.898071,157.878098,196.078018,341.407471,137.920441,220.922607,353.018097,113.881790,247.199387,360.968811,90.059357,272.996887,369.020355,68.220711,198.048386,330.597778,186.182053,219.191483,346.891449,166.451920,242.109634,360.488007,141.529770,259.009369,367.083557,122.805466,277.925659,376.731995,108.147453,222.355392,334.302704,214.140961,242.872238,350.242645,192.573563,259.464722,363.626617,176.599274,273.691589,374.669495,162.110199,239.020096,337.389435,225.385712,257.802032,353.565277,209.259354
3410,3.916667,53.371304,307.565948,13.506022,121.287506,303.379272,-34.035275,181.797638,297.738068,-74.096481,75.866547,307.668427,43.352364,103.670815,310.351074,19.780611,132.587906,310.713043,-3.004408,164.691452,308.176239,-22.598713,199.499100,311.389740,-49.692814,97.469315,310.243408,69.267662,124.349144,315.499237,47.465279,152.994644,320.300598,24.014843,181.572311,324.666687,1.664885,217.256332,326.207886,-24.003414,120.529350,313.663452,99.290215,146.850174,320.545532,75.532669,174.581299,327.557587,51.819260,202.103455,333.904602,29.006842,236.555130,337.683472,3.186728,144.634445,315.823547,127.306488,168.570694,327.044983,105.077812,196.358826,334.374817,80.679092,222.934052,344.320099,57.172054,256.171356,349.497284,30.814146,171.774033,319.955780,158.892151,196.130707,334.299133,139.137543,221.266754,345.852142,115.352486,247.784332,353.689819,91.760696,273.859711,361.643921,70.169830,197.687256,322.354523,187.243561,219.159729,338.583954,167.842789,242.451447,352.105591,143.231491,259.635284,358.435211,124.419868,278.737183,368.277802,110.292877,221.872009,324.838989,215.411819,242.697128,340.840729,194.133041,259.605774,354.086853,178.406464,274.117798,365.182556,164.349792,238.574951,327.046051,226.421432,257.647919,343.352783,210.935242
3411,3.919444,53.402821,306.887360,13.650019,121.372223,302.644409,-33.794884,181.897537,296.875793,-73.824112,75.819817,305.815613,43.587711,103.758781,308.512268,20.092690,132.753708,308.719177,-2.564634,164.783920,306.506012,-22.354612,199.766785,309.403168,-49.211185,97.389549,307.234100,69.637238,124.397644,312.370483,47.958019,153.226059,317.064331,24.704611,181.988708,321.384613,2.534006,217.725967,322.932434,-23.029743,120.333740,309.389374,99.820503,146.881622,316.108521,76.207016,174.818329,323.002472,52.700581,202.565323,329.237396,30.100594,237.155167,332.865662,4.452039,144.320496,310.190796,127.920967,168.586136,321.207703,105.914825,196.585495,328.420380,81.749939,223.443649,338.273163,58.494740,256.881989,343.216736,32.328743,171.073547,311.830811,159.794632,196.082153,326.945587,140.246048,221.534653,338.340759,116.714859,248.300354,345.996338,93.366852,274.660065,353.794373,72.030113,197.174057,313.945374,188.181122,219.007431,329.996185,169.105499,242.695282,343.335876,144.807800,260.182983,349.314880,125.888153,279.469391,359.325317,112.332657,221.212967,315.190887,216.545044,242.377686,331.129669,195.547958,259.627350,344.139923,180.060547,274.445465,355.222748,166.442139,237.927872,316.469574,227.376633,257.333954,332.821625,212.457474
3412,3.922222,53.421837,306.181274,13.805063,121.436134,301.871765,-33.570839,181.962112,295.959076,-73.596634,75.745911,303.943024,43.793232,103.816803,306.619568,20.372919,132.893555,306.645721,-2.146815,164.854401,304.722961,-22.130516,200.011551,307.292053,-48.759274,97.265236,304.196259,69.956223,124.406090,309.161194,48.399269,153.415985,313.701752,25.347332,182.366440,317.938080,3.355242,218.155746,319.481384,-22.105717,120.071823,305.058655,100.267883,146.851044,311.562256,76.808678,174.993820,318.279510,53.507023,202.971252,324.342773,31.122990,237.693695,327.780548,5.640139,143.916275,304.489349,128.431778,168.519836,315.216705,106.652397,196.732391,322.245728,82.723137,223.882950,331.930542,59.719025,257.514130,336.595825,33.739483,170.287231,303.582672,160.565674,195.929077,319.400024,141.220688,221.712112,330.541992,117.936531,248.725311,337.952057,94.839722,275.368378,345.539398,73.758797,196.519272,305.426758,188.972214,218.732986,321.187378,170.210938,242.827026,334.243073,146.222137,260.630829,339.792969,127.172142,280.093628,349.947021,114.222137,220.391678,305.419403,217.509567,241.916901,321.171631,196.783600,259.521912,333.852356,181.521515,274.656982,344.857391,168.337601,237.088348,305.735321,228.233810,256.863373,322.039764,213.788864
3413,3.925000,53.429096,305.457489,13.966221,121.478828,301.074646,-33.369896,181.989044,295.004211,-73.422653,75.646889,302.066193,43.965069,103.841385,304.688477,20.616713,133.002640,304.514099,-1.758950,164.898773,302.841309,-21.932404,200.224060,305.077789,-48.349854,97.099159,301.152374,70.219627,124.372009,305.899078,48.780373,153.557205,310.243652,25.929281,182.692444,314.359619,4.110020,218.532150,315.885620,-21.249176,119.748894,300.702057,100.622269,146.755966,306.944031,77.325584,175.098618,313.429535,54.221954,203.306122,319.263855,32.051624,238.151993,322.473694,6.724628,143.429932,298.760681,128.828201,168.368774,309.119934,107.274971,196.788925,315.902161,83.577812,224.234085,325.345703,60.818516,258.044556,329.690765,35.017403,169.425018,295.273651,161.190506,195.669891,311.719208,142.041092,221.786621,322.516998,118.990517,249.039429,329.623108,96.146690,275.958252,336.948975,75.318642,195.736221,296.858673,189.599411,218.336975,312.220215,171.135056,242.834427,324.895477,147.443817,260.959198,329.945251,128.241486,280.584412,340.218475,115.922096,219.424774,295.588745,218.278183,241.319916,311.033142,197.811111,259.283600,323.295380,182.755829,274.736816,334.156189,169.989822,236.070038,294.926208,228.976257,256.242096,311.079102,214.897858
3414,3.927778,53.425652,304.726227,14.128449,121.501564,300.265259,-33.195797,181.978989,294.024902,-73.304710,75.525581,300.201172,44.100521,103.830315,302.734467,20.821514,133.077484,302.345581,-1.407560,164.913010,300.877045,-21.765703,200.396103,302.781555,-47.993565,96.894821,298.125702,70.424332,124.293953,302.611847,49.095036,153.644226,306.720764,26.439280,182.955292,310.680847,4.782916,218.843460,312.174377,-20.474442,119.371147,296.352081,100.876167,146.595764,302.291962,77.748657,175.125229,308.492950,54.832115,203.557266,314.043549,32.867668,238.514267,316.990234,7.683622,142.870895,293.048706,129.103775,168.131912,302.966644,107.771210,196.747253,309.442200,84.297165,224.481903,318.572937,61.771107,258.453735,322.557739,36.139717,168.497971,286.970428,161.659164,195.304977,303.962128,142.692078,221.748032,314.328705,119.855888,249.225922,321.076935,97.261261,276.406799,328.094086,76.678520,194.840302,288.305267,190.051163,217.822052,303.160492,171.859695,242.707672,315.364166,148.448700,261.151154,319.851990,129.075134,280.920380,330.216339,117.399368,218.331360,285.767212,218.830002,240.593643,300.785065,198.608627,258.908264,312.544800,183.737518,274.671936,323.190552,171.357178,234.890656,284.131409,229.589096,255.478210,300.016052,215.759979
3415,3.930556,53.412800,303.997620,14.286968,121.506859,299.454407,-33.049404,181.934799,293.032166,-73.239891,75.385445,298.364502,44.198292,103.783363,300.773224,20.986052,133.115967,300.160553,-1.097874,164.893402,298.847382,-21.634863,200.520767,300.423615,-47.698807,96.656403,295.140350,70.568993,124.171890,299.327209,49.339626,153.673203,303.162537,26.869020,183.146179,306.931854,5.362313,219.079895,308.374359,-19.792381,118.945694,292.042938,101.025177,146.371857,297.644287,78.072075,175.068253,303.509399,55.327873,203.714813,308.724365,33.556133,238.767822,311.374023,8.499833,142.249680,287.399902,129.256775,167.810547,296.806976,108.134277,196.602493,302.918304,84.868752,224.614182,311.666565,62.559418,258.725677,315.252625,37.089272,167.519379,278.745117,161.965866,194.837265,296.188965,143.163452,221.589066,306.041016,120.518288,249.271423,312.381104,98.163628,276.695160,319.045441,77.814011,193.848633,279.834839,190.322647,217.193039,294.076477,172.373291,242.440079,305.721344,149.219162,261.192230,309.598328,129.663681,281.084503,320.016907,118.627396,217.132446,276.029327,219.153152,239.746552,290.502563,199.162201,258.393646,301.680084,184.449173,274.451752,312.033417,172.405212,233.571747,273.445190,230.060120,254.582016,288.931335,216.359024
3416,3.933333,53.391998,303.281525,14.437578,121.497864,298.651428,-32.929485,181.860443,292.034454,-73.221756,75.230515,296.572815,44.258591,103.702530,298.821136,21.109970,133.116867,297.978516,-0.833779,164.836685,296.769928,-21.543238,200.592545,298.023193,-47.471889,96.388725,292.221069,70.653900,124.007553,296.072906,49.513393,153.642303,299.597290,27.213001,183.259277,303.140900,5.840712,219.233948,304.509796,-19.210945,118.480560,287.811096,101.069008,146.087463,293.039124,78.293587,174.924820,298.517639,55.703365,203.771896,303.347504,34.106323,238.903290,305.666962,9.160406,141.577927,281.863220,129.290237,167.408356,290.691498,108.361992,196.352722,296.382599,85.284943,224.621658,304.679810,63.171371,258.848663,307.830841,37.853645,166.505569,270.676239,162.109177,194.272339,288.460236,143.450317,221.305252,297.718262,120.970505,249.166092,303.602417,98.841217,276.808746,309.872101,78.708023,192.779633,271.520111,190.416138,216.456924,285.038483,172.671143,242.028748,296.039001,149.743729,261.070557,299.274597,130.011932,281.064514,309.694824,119.586548,215.850449,266.456543,219.246811,238.788727,280.264740,199.466263,257.739807,290.783752,184.882477,274.068604,300.760437,173.109573,232.138641,262.965088,230.381058,253.566055,277.910126,216.687836
3417,3.936111,53.364792,302.587097,14.576925,121.477600,297.864166,-32.833866,181.759628,291.038239,-73.242958,75.065269,294.842773,44.283062,103.591606,296.894958,21.193960,133.079834,295.817352,-0.617663,164.740448,294.662079,-21.493303,200.607391,295.597839,-47.317158,96.097298,289.393250,70.681007,123.804321,292.876678,49.618309,153.551575,296.052094,27.468332,183.291702,299.334259,6.214411,219.300262,300.602356,-18.735710,117.984840,283.695587,101.012650,145.747574,288.514252,78.414482,174.695435,293.555450,55.956520,203.724518,297.952698,34.512192,238.914383,299.908722,9.656994,140.868439,276.490021,129.212250,166.931458,284.671173,108.456795,195.998947,289.886017,85.543243,224.498199,297.664368,63.600525,258.814972,300.347076,38.424553,165.475952,262.848999,162.092987,193.618317,280.837006,143.553452,220.895279,289.424866,121.212502,248.903702,294.806335,99.288902,276.737061,300.640442,79.350990,191.653229,263.437531,190.341003,215.623032,276.118256,172.755508,241.474609,286.388428,150.017441,260.776733,288.975647,130.139191,280.852875,299.322144,120.264236,214.509232,257.136841,219.121704,237.732224,270.154327,199.523788,256.949585,279.940338,185.038452,273.518036,289.450745,173.458725,230.620148,252.790268,230.548538,252.445251,267.041626,216.748779
3418,3.938889,53.332718,301.922455,14.702662,121.448677,297.099152,-32.760433,181.635223,290.048615,-73.297356,74.894485,293.190765,44.274685,103.455177,295.011627,21.239815,133.005325,293.693451,-0.450345,164.603226,292.540619,-21.486853,200.562759,293.163086,-47.236893,95.788544,286.682678,70.654182,123.566856,289.765930,49.658531,153.402786,292.552979,27.634798,183.242798,295.536621,6.482887,219.275406,296.671356,-18.370287,117.468765,279.737885,100.866562,145.358902,284.107086,78.439278,174.384552,288.659637,56.089062,203.571274,292.577972,34.772156,238.797455,294.136932,9.986207,140.135162,271.333466,129.035599,166.388016,278.796631,108.425652,195.544815,283.478058,85.646202,224.240860,290.669922,63.846031,258.620575,292.854614,38.797817,164.452896,255.354584,161.927124,192.885773,273.380707,143.479446,220.360962,281.224457,121.250809,248.481705,286.056183,99.508377,276.473816,291.413605,79.740501,190.491211,255.665985,190.113052,214.703217,267.388794,172.635391,240.782074,276.840851,150.043167,260.304718,278.796875,130.074615,280.446503,288.968079,120.655220,213.134445,248.162735,218.799026,236.591461,260.256989,199.346100,256.029083,269.235870,184.927261,272.799469,278.187347,173.455154,229.048492,243.019882,230.565094,251.236740,256.418579,216.554016
3419,3.941667,53.297249,301.294830,14.813488,121.413300,296.361633,-32.707294,181.489502,289.069672,-73.380562,74.723152,291.632751,44.237556,103.297890,293.187622,21.250166,132.894836,291.621796,-0.331115,164.424561,290.421234,-21.525036,200.457504,290.732239,-47.231033,95.469955,284.115479,70.579552,123.300797,286.766785,49.639721,153.199020,289.125153,27.714916,183.113541,291.771301,6.648346,219.157654,292.734680,-18.116800,116.943832,275.980713,100.645798,144.929794,279.854218,78.375290,173.999863,283.866241,56.106277,203.312897,287.259247,34.888493,238.551224,288.387238,10.149634,139.393433,266.446747,128.776611,165.788254,273.118378,108.279915,194.996277,277.206177,85.600777,223.850037,283.744080,63.912338,258.264832,285.403961,38.973789,163.460983,248.289139,161.628036,192.087753,266.153015,143.240555,219.707520,273.179474,121.097328,247.901230,277.412750,99.507240,276.016846,282.251251,79.880470,189.317780,248.284714,189.753464,213.711884,258.923615,172.326233,239.958588,267.468964,149.833435,259.652557,268.828857,129.850769,279.846191,278.699402,120.762032,211.753860,239.628265,218.308182,235.383575,250.660416,198.952484,254.988068,258.757233,184.567505,271.916534,267.056915,173.115311,227.459045,233.751190,230.439819,249.960342,246.136322,216.125168
3420,3.944444,53.259708,300.710602,14.909073,121.373718,295.655914,-32.672600,181.324829,288.104706,-73.489304,74.556343,290.183990,44.176674,103.124008,291.438751,21.228188,132.750809,289.616425,-0.257892,164.204880,288.318695,-21.608194,200.291702,288.316071,-47.296818,95.149933,281.717834,70.465462,123.012680,283.904144,49.568752,152.944382,285.793030,27.713772,182.906204,288.060760,6.715410,218.946716,288.808990,-17.976131,116.422684,272.466125,100.368134,144.470016,275.791321,78.232506,173.550629,279.210419,56.016605,202.952103,282.030609,34.867020,238.176727,282.693115,10.153162,138.660080,261.881500,128.453979,165.144073,267.686432,108.035065,194.361740,271.116272,85.418068,223.329575,276.932800,63.808693,257.750122,278.042053,38.957798,162.525711,241.752609,161.219116,191.239655,259.215515,142.854370,218.943588,265.350677,120.768707,247.167084,268.933990,99.298370,275.367859,273.208954,79.780533,188.159622,241.371201,189.287338,212.666183,250.796555,171.849487,239.014618,258.346497,149.410202,258.823029,259.153290,129.498230,279.056519,268.580353,120.595093,210.397766,231.625977,217.684219,234.128601,241.453522,198.369568,253.840210,248.591141,183.984909,270.877197,256.148804,172.468506,225.889999,225.078140,230.188690,248.638855,236.291046,215.492172
3421,3.947222,53.221298,300.175293,14.989958,121.332344,294.985779,-32.654381,181.143906,287.156525,-73.620758,74.399078,288.858978,44.097668,102.937622,289.780212,21.177574,132.576736,287.690430,-0.227505,163.945358,286.246582,-21.735666,200.066681,285.922180,-47.427925,94.837578,279.515167,70.322037,122.709747,281.201813,49.453671,152.644104,282.580322,27.638683,182.623962,284.426666,6.690654,218.643585,284.910187,-17.947544,115.919037,269.233978,100.052376,143.990524,271.953094,78.023460,173.046646,274.726227,55.831287,202.493576,276.924805,34.717129,237.677292,277.085876,10.006377,137.953323,257.686401,128.087753,164.469055,262.549408,107.709885,193.651718,265.252899,85.113167,222.686447,270.280884,63.548832,257.081329,270.812042,38.760422,161.672287,235.848312,160.731323,190.358795,252.629333,142.343475,218.080856,257.797119,120.286041,246.287415,260.675079,98.899673,274.532318,264.338654,79.455917,187.045776,234.999023,188.742340,211.585693,243.080688,171.231934,237.963852,249.546844,148.802124,257.823944,249.840820,129.042786,278.085510,258.672729,120.172340,209.099091,224.244019,216.965103,232.849518,232.724762,197.630356,252.602936,238.823532,183.211090,269.693695,245.553833,171.554916,224.381897,217.089905,229.834198,247.298599,226.978027,214.691330
3422,3.950000,53.183140,299.693878,15.057413,121.291252,294.354645,-32.650597,180.949554,286.227570,-73.772041,74.256210,287.671112,44.006535,102.743073,288.226349,21.102762,132.377045,285.856171,-0.236031,163.647751,284.217438,-21.905640,199.784866,283.554688,-47.613979,94.542389,277.531616,70.160454,122.399834,278.682617,49.303551,152.304367,279.509674,27.498795,182.270584,280.889679,6.581792,218.250656,281.053558,-18.027954,115.447243,266.320801,99.717216,143.503265,268.372925,77.762657,172.498260,270.446533,55.564049,201.944046,271.973541,34.451679,237.058685,271.595184,9.722481,137.292542,253.906494,127.698761,163.778214,257.753357,107.325035,192.878723,259.659760,84.704880,221.930298,263.832306,63.150814,256.265839,263.754181,38.397564,160.924759,230.683792,160.203705,189.464172,246.454544,141.735016,217.133896,250.576401,119.674477,245.273422,252.688889,98.334045,273.518982,255.689438,78.927711,186.007111,229.236572,188.147598,210.492249,235.847687,170.504898,236.823227,241.141373,148.042480,256.668304,240.951141,128.505051,276.944519,249.036636,119.519073,207.893112,217.564056,216.189438,231.572479,224.560638,196.772858,251.297409,229.539307,182.283386,268.383057,235.362793,170.423523,222.977005,209.869812,229.404190,245.969513,218.289383,213.763458
3423,3.952778,53.146286,299.270569,15.113198,121.251572,293.765594,-32.659107,180.744308,285.320587,-73.939796,74.132301,286.632568,43.909344,102.545441,286.790894,21.009129,132.156845,284.125122,-0.279054,163.314316,282.243134,-22.115047,199.449738,281.216156,-47.841457,94.274010,275.789307,69.992203,122.091171,276.367950,49.128204,151.932358,276.602448,27.304678,181.850601,277.468811,6.396959,217.771713,277.254913,-18.211243,115.021820,263.759338,99.380508,143.020844,265.082397,77.465851,171.916443,266.402893,55.230694,201.312210,267.207581,34.086674,236.329071,266.249664,9.318274,136.697464,250.582428,127.307686,163.087784,253.340897,106.901978,192.057114,254.379776,84.215263,221.073181,257.630493,62.636799,255.313904,256.907440,37.890213,160.306885,226.378235,159.682220,188.576370,240.749466,141.059692,216.119720,243.744568,118.962761,244.139130,245.026993,97.629257,272.339752,247.309250,78.223007,185.075424,224.146179,187.532791,209.409744,229.166595,169.703064,235.612869,233.199219,147.168152,255.374374,232.535004,127.902046,275.648224,239.731842,118.667618,206.816681,211.660187,215.394791,230.326523,217.044220,195.838623,249.948334,220.822006,181.244171,266.966644,225.665268,169.129486,221.718170,203.494125,228.930054,244.684845,210.312500,212.752075
3424,3.955556,53.111721,298.908844,15.159273,121.213531,293.221008,-32.677727,180.530533,284.438599,-74.120094,74.031502,285.754059,43.811985,102.350510,285.486572,20.902788,131.921692,282.507874,-0.351742,162.947968,280.334839,-22.359602,199.065872,278.910461,-48.095730,94.041740,274.307892,69.828217,121.792221,274.277588,48.937805,151.536148,273.878601,27.067982,181.369492,274.181305,6.144983,217.212097,273.530945,-18.487848,114.656860,261.578033,99.058708,142.556198,262.110992,77.149307,171.312958,262.625305,54.848576,200.608582,262.656830,33.640774,235.499069,261.077362,8.813901,136.187561,247.750046,126.934082,162.414780,249.350998,106.462456,191.203018,249.454910,83.669060,220.129425,251.718613,62.032570,254.238403,250.310394,37.264057,159.838699,223.007080,159.205841,187.717529,235.569962,140.350464,215.057877,237.356430,118.182701,242.901505,237.740356,96.817535,271.010071,239.246353,77.374641,184.282288,219.783173,186.926712,208.364044,223.102814,168.863327,234.355988,225.787201,146.219116,253.965561,224.637527,127.249878,274.214691,230.819260,117.657112,205.906738,206.597855,214.616257,229.143341,210.253998,194.871231,248.583862,212.753326,180.139816,265.470459,216.548462,167.731827,220.647644,198.030945,228.444138,243.480286,203.128937,211.701859
3425,3.958333,53.080311,298.611481,15.197561,121.176926,292.722565,-32.704395,180.310608,283.585144,-74.308609,73.957405,285.044495,43.719875,102.164185,284.324738,20.789999,131.677261,281.014099,-0.448835,162.552399,278.503204,-22.633993,198.639038,276.645325,-48.363121,93.854240,273.103760,69.678291,121.511467,272.429077,48.742462,151.124481,271.356750,26.801092,180.833969,271.043610,5.836176,216.579025,269.899841,-18.844961,114.365494,259.800354,98.766136,142.122299,259.485565,76.829277,170.700333,259.142303,54.436115,199.845444,258.350494,33.134747,234.581696,256.106842,8.232357,135.780991,245.439209,126.595276,161.776642,245.818741,106.027702,190.334167,244.925873,83.092827,219.115646,246.139648,61.366859,253.055328,244.002075,36.548794,159.531403,220.539932,158.793594,186.910995,230.968277,139.640549,213.970276,231.465347,117.368500,241.580582,230.880035,95.934959,269.549011,231.550644,76.420578,183.657501,216.195007,186.355942,207.382492,217.717056,168.023132,233.078812,218.969986,145.237457,252.470139,217.301971,126.566978,272.665833,222.362579,116.533012,205.198471,202.432831,213.885193,228.056458,204.262878,193.914474,247.235657,205.412308,179.019165,263.925079,208.096527,166.291092,219.804901,193.538818,227.977631,242.392914,196.813950,210.657440
3426,3.961111,53.052818,298.380585,15.229815,121.141426,292.271698,-32.737213,180.087082,282.764038,-74.500778,73.912941,284.511017,43.637707,101.991913,283.315063,20.676611,131.429169,279.652740,-0.564809,162.132156,276.758972,-22.932127,198.176117,274.433350,-48.632236,93.718964,272.189636,69.550438,121.257095,270.837616,48.551750,150.706604,269.054260,26.516727,180.251923,268.071503,5.482596,215.881683,266.381683,-19.267021,114.159203,258.444305,98.514305,141.731720,257.230011,76.521210,170.091751,255.980820,54.012241,199.036774,254.317139,32.590897,233.592422,251.367599,7.598887,135.493668,243.673157,126.305473,161.190720,242.775085,105.617683,189.469849,240.831406,82.513977,218.050827,240.936157,60.670433,251.783997,238.022446,35.777298,159.392319,218.906143,158.453735,186.180634,226.991974,138.961868,212.881134,226.122986,116.555695,240.199844,224.497437,95.020515,267.980225,224.274536,75.402969,183.227448,213.419861,185.843475,206.492996,213.064484,167.218887,231.810577,212.810181,144.266510,250.921188,210.573273,125.876633,271.028412,214.429367,115.346230,204.723114,199.209702,213.227859,227.100113,199.136688,193.010361,245.938583,198.874374,177.931732,262.365692,200.390610,164.867584,219.224686,190.065079,227.558304,241.459869,191.435669,209.661865
3427,3.963889,53.029873,298.217438,15.257566,121.106598,291.869690,-32.774406,179.862778,281.979553,-74.691978,73.900253,284.158630,43.569210,101.838455,282.465485,20.567780,131.182983,278.431946,-0.694064,161.692657,275.112823,-23.247112,197.685196,272.292023,-48.894291,93.641731,271.574219,69.450577,121.036606,269.515656,48.374279,150.292099,266.987427,26.227562,179.632538,265.281158,5.097709,215.131531,262.998840,-19.736235,114.047089,257.522095,98.311508,141.396179,255.364594,76.239136,169.500992,253.165924,53.595776,198.198181,250.585083,32.032364,232.549255,246.890823,6.940388,135.338150,242.467743,126.075058,160.673706,240.246582,105.250618,188.630432,237.207977,81.959709,216.956421,236.149872,59.974918,250.447159,232.412872,34.984539,159.428986,218.055786,158.192780,185.549713,223.682846,138.343430,211.816925,221.378906,115.780045,238.786453,218.644485,94.114983,266.332336,217.473465,74.367050,183.013214,211.485336,185.407425,205.723068,209.193848,166.484207,230.583542,207.368301,143.349518,249.356339,204.500641,125.208542,269.335083,207.091095,114.151321,204.505676,196.960342,212.664368,226.307465,194.932495,192.196777,244.730240,193.210205,176.925476,260.832184,193.508957,163.519547,218.934601,187.643967,227.208908,240.716537,187.053253,208.754501
3428,3.966667,53.011929,298.122589,15.282075,121.071968,291.517731,-32.814323,179.640961,281.236237,-74.877632,73.920570,283.990021,43.516964,101.707916,281.782166,20.467833,130.943909,277.358978,-0.830873,161.240204,273.575867,-23.571125,197.175507,270.242676,-49.142441,93.626282,271.261932,69.382195,120.856514,268.472900,48.217361,149.890717,265.171417,25.945850,178.986252,262.689270,4.695867,214.342148,259.776428,-20.233082,114.035248,257.039673,98.162491,141.125992,253.905411,75.995010,168.942108,250.720947,53.204662,197.347015,247.182571,31.482388,231.472961,242.710236,6.284684,135.322754,241.831024,125.910210,160.241364,238.255081,104.942482,187.837082,234.089050,81.455635,215.856445,231.821106,59.311447,249.071457,227.216644,34.206303,159.646515,217.951096,158.014481,185.040176,221.075806,137.810165,210.806244,217.280167,115.075974,237.371674,213.373688,93.259430,264.639801,211.206467,73.359451,183.028885,210.407196,185.060196,205.099106,206.146774,165.848801,229.432785,202.702209,142.527832,247.817642,199.138580,124.598083,267.625366,200.422836,113.004120,204.562790,195.702759,212.208115,225.709106,191.696609,191.505539,243.649948,188.484131,176.044342,259.369110,187.526962,162.301605,218.952621,186.294830,226.945816,240.194443,183.715012,207.968597
3429,3.969444,52.999222,298.095673,15.304301,121.037132,291.216705,-32.855640,179.425125,280.538971,-75.053322,73.974144,284.005585,43.482246,101.603577,281.269257,20.380188,130.716644,276.440491,-0.969415,160.781845,272.159668,-23.895452,196.657257,268.308624,-49.370789,93.674088,271.252838,69.346344,120.722046,267.715881,48.086723,149.512253,263.620392,25.683062,178.325027,260.313538,4.291882,213.529419,256.742371,-20.736887,114.126373,256.996613,98.068459,140.929672,252.863968,75.798058,168.429214,248.666946,52.855167,196.502502,244.138046,30.963556,230.387207,238.862091,5.659555,135.451035,241.763062,125.812798,159.907944,236.817307,104.706444,187.111313,231.504486,81.024452,214.777313,227.988403,58.709190,247.687637,222.479355,33.477650,160.045746,218.560501,157.919037,184.671722,219.197433,137.381561,209.879715,213.870682,114.474907,235.991272,208.738159,92.493568,262.943695,205.536743,72.426498,183.280075,210.188690,184.808258,204.645721,203.956741,165.336929,228.395798,198.865662,141.838730,246.351288,194.545563,124.083450,265.946320,194.502441,111.959259,204.900864,195.440613,211.865845,225.331360,189.463226,190.960785,242.737518,184.751953,175.325516,258.025421,182.515762,161.262283,219.285065,186.021423,226.778610,239.919479,181.456802,207.329895
3430,3.972222,52.991718,298.135529,15.324926,121.001869,290.967133,-32.897442,179.218933,279.893066,-75.214813,74.060173,284.203217,43.464993,101.527832,280.929077,20.307295,130.505554,275.682404,-1.104061,160.325607,270.876617,-24.210842,196.141724,266.513947,-49.573257,93.784172,271.542786,69.341728,120.637039,267.247986,47.986328,149.166321,262.347534,25.449448,177.662552,258.173676,3.900721,212.711761,253.928421,-21.226429,114.319481,257.386353,98.027283,140.813461,252.246536,75.654327,167.976120,247.022461,52.561062,195.685760,241.480255,30.496943,229.318405,235.385376,5.091423,135.721466,242.256317,125.780807,159.685516,235.944427,104.551910,186.474442,229.479691,80.684662,213.747559,224.688583,58.194042,246.330383,218.248779,32.831188,160.621964,219.854340,157.903076,184.460831,218.065262,137.070709,209.069321,211.189941,114.003334,234.685806,204.791367,91.853874,261.292267,200.531876,71.612389,183.763031,210.821075,184.652618,204.384247,202.647446,164.965958,227.511353,195.906097,141.312775,245.007004,190.780991,123.701393,264.352417,189.408951,111.067406,205.514877,196.163651,211.638428,225.194504,188.253113,190.578171,242.031189,182.058395,174.797104,256.852814,178.539337,160.441223,219.924988,186.812119,226.710571,239.910339,180.300720,206.855850
3431,3.975000,52.989117,298.240021,15.344412,120.966133,290.769287,-32.939091,179.026184,279.304199,-75.358200,74.176720,284.578491,43.463837,101.481949,280.762146,20.250578,130.314926,275.089905,-1.229666,159.880646,269.740448,-24.507925,195.641418,264.882935,-49.743027,93.953201,272.123596,69.365028,120.603722,267.069611,47.918327,148.862228,261.364807,25.253595,177.014587,256.291809,3.537222,211.910431,251.370941,-21.680611,114.609848,258.196625,98.034012,140.780930,252.054276,75.566490,167.595932,245.803192,52.332993,194.919617,239.238251,30.101292,228.295395,232.320816,4.603832,136.127411,243.296448,125.808968,159.583527,235.641678,104.484009,185.946960,228.035019,80.449585,212.797913,221.957062,57.787708,245.038391,214.574707,32.295486,161.364212,221.802383,157.960068,184.419662,217.687256,136.883957,208.407074,209.271133,113.681129,233.500153,201.585632,91.371613,259.740631,196.262283,70.957153,184.464508,212.284760,184.589828,204.330872,202.231293,164.745209,226.817017,193.861633,140.971649,243.836014,187.900421,123.482971,262.903778,185.218857,110.372131,206.388138,197.848953,211.522018,225.310791,188.073074,190.364960,241.564743,180.434494,174.476532,255.902405,175.650421,159.866333,220.852036,188.641479,226.740021,240.176453,180.253601,206.555542
3432,3.977778,52.990841,298.406403,15.363062,120.930161,290.623260,-32.980049,178.850693,278.778717,-75.479858,74.320824,285.124969,43.476345,101.466019,280.767090,20.210474,130.148849,274.667755,-1.341671,159.457733,268.766724,-24.777372,195.170486,263.440369,-49.872505,94.175598,272.983917,69.411423,120.622658,267.178467,47.883148,148.608627,260.682922,25.102171,176.399139,254.692825,3.215842,211.149704,249.110580,-22.079109,114.989120,259.410400,98.081589,140.832672,252.283371,75.534111,167.300461,245.021683,52.178242,194.228348,237.441162,29.792475,227.349075,229.710342,4.216507,136.657318,244.863373,125.889687,159.607666,235.908051,104.503403,185.547470,227.185379,80.327049,211.961014,219.828293,57.507458,243.854202,211.508636,31.894531,162.255051,224.372742,158.081070,184.554733,218.061752,136.821335,207.922501,208.139114,113.520393,232.481384,199.169540,91.070915,258.347809,192.796860,70.493752,185.362564,214.550964,184.613083,204.494476,202.708298,164.676270,226.345932,192.758392,140.826660,242.887283,185.950516,123.450119,261.661926,182.000488,109.906410,207.493103,200.462997,211.509293,225.682495,188.915375,190.320496,241.364044,179.895569,174.370132,255.220139,173.886383,159.552185,222.033676,191.472687,226.861679,240.715912,181.306091,206.430191
3433,3.980556,52.996071,298.631042,15.381055,120.894333,290.528992,-33.019646,178.696060,278.323273,-75.576607,74.488510,285.834412,43.499363,101.479042,280.941315,20.186623,130.011292,274.420685,-1.436019,159.069382,267.972687,-25.009790,194.744934,262.211853,-49.953960,94.443810,274.109802,69.475143,120.692787,267.570190,47.879871,148.413300,260.311005,24.999989,175.836609,253.404144,2.950479,210.456680,247.190918,-22.403145,115.445465,261.007324,98.161858,140.966278,252.926025,75.554436,167.099457,244.687195,52.100864,193.637054,236.117844,29.583286,226.512161,227.596527,3.945522,137.294876,246.932602,126.014053,159.758911,236.736008,104.606697,185.291580,226.940125,80.319717,211.270126,218.335205,57.365955,242.823166,209.102768,31.647795,163.271042,227.531662,158.255783,184.865814,219.177811,136.877396,207.639557,207.808701,113.525116,231.674896,197.584274,90.967079,257.171967,190.197189,70.245239,186.427658,217.583801,184.713104,204.875000,204.066254,164.753906,226.123001,192.608826,140.878952,242.202896,184.965073,123.613754,260.683411,179.807968,109.689827,208.793182,203.964111,211.590530,226.300705,190.758545,190.437637,241.443954,180.440506,174.474075,254.841751,173.266800,159.499878,223.427704,195.260437,227.067978,241.514160,183.433502,206.474411
3434,3.983333,53.003765,298.910034,15.398462,120.859283,290.486755,-33.056862,178.565491,277.945007,-75.645798,74.674919,286.697357,43.529400,101.519203,281.281342,20.178131,129.906357,274.353424,-1.508939,158.729538,267.376801,-25.195814,194.381165,261.222321,-49.980591,94.748604,275.485779,69.550293,120.811676,268.239288,47.906727,148.282944,260.256805,24.950314,175.349304,252.454727,2.754115,209.859772,245.655426,-22.636427,115.963951,262.964539,98.266495,141.176620,253.971725,75.623459,167.000259,244.805862,52.102306,193.170135,235.295395,29.483240,225.818329,226.021469,3.803882,138.019653,249.476318,126.172585,160.032654,238.112167,104.787323,185.190414,227.303085,80.425957,210.756088,217.506699,57.370823,241.990509,207.406921,31.569946,164.383621,231.243881,158.473633,185.345016,221.016098,137.042694,207.573441,208.283539,113.691734,231.118759,196.859680,91.065544,256.264771,188.512726,70.223526,187.624374,221.341980,184.879318,205.462357,206.281601,164.967468,226.161819,193.411041,141.120743,241.813416,184.962448,123.973877,260.013550,178.676865,109.727730,210.244812,208.304611,211.754623,227.145630,193.569153,190.704224,241.806335,182.052612,174.776382,254.788544,173.792618,159.698914,224.985245,199.953339,227.349594,242.544922,186.598358,206.677673
3435,3.986111,53.012768,299.239105,15.415251,120.825912,290.497528,-33.090309,178.462036,277.651733,-75.685143,74.874413,287.703644,43.562943,101.584015,281.783783,20.183813,129.838333,274.471466,-1.556863,158.452271,266.997498,-25.326653,194.094070,260.493744,-49.947327,95.079552,277.095367,69.631287,120.975800,269.180084,47.961472,148.222931,260.526367,24.955050,174.959518,251.872894,2.637819,209.385834,244.543167,-22.766335,116.527016,265.258301,98.387711,141.456436,255.408829,75.736794,167.007584,245.380920,52.182003,192.848801,234.996796,29.498114,225.299271,225.023514,3.801286,138.807816,252.464645,126.356201,160.418915,240.018631,105.036690,185.249603,228.272644,80.640633,210.443542,217.364227,57.524200,241.396225,206.463516,31.669796,165.560364,235.473236,158.724564,185.976868,223.550446,137.305283,207.728592,209.556381,114.010490,230.838776,197.011612,91.362244,255.666489,187.777832,70.429977,188.912903,225.780701,185.100662,206.236725,209.321472,165.302887,226.462540,195.149734,141.537613,241.734055,185.944595,124.521446,259.681244,178.622879,110.013206,211.799286,213.432495,211.989746,228.187729,197.304565,191.104691,242.439087,184.701508,175.259140,255.064636,175.446777,160.129944,226.653290,205.495895,227.696243,243.772278,190.753723,207.025696
3436,3.988889,53.021896,299.614136,15.431323,120.795425,290.563141,-33.118324,178.388870,277.451630,-75.692398,75.080711,288.842651,43.596638,101.670624,282.445740,20.202394,129.811462,274.780914,-1.576679,158.250061,266.851440,-25.395121,193.895416,260.043335,-49.850872,95.425446,278.922028,69.713303,121.180565,270.386963,48.041470,148.236969,261.124176,25.014799,174.686066,251.682816,2.609327,209.056091,243.884293,-22.785057,117.115166,267.864410,98.518669,141.796997,257.225281,75.889938,167.123230,246.412979,52.337658,192.688370,235.238358,29.629478,224.979752,224.632309,3.942822,139.633026,255.866592,126.556633,160.903244,242.434860,105.345306,185.468307,229.841965,80.955925,210.347717,217.919601,57.822689,241.068985,206.302124,31.949020,166.766373,240.183197,158.999710,186.738754,226.749649,137.652161,208.098053,211.610275,114.467140,230.845535,198.041046,91.845474,255.401489,188.009811,70.856743,190.250290,230.852707,185.366577,207.169342,213.145706,165.744293,227.011475,197.797684,142.110626,241.962769,187.897690,125.240829,259.696655,179.642685,110.529945,213.404602,219.292847,212.284119,229.389267,201.915115,191.621643,243.316772,188.345291,175.900940,255.655853,178.195984,160.768021,228.376587,211.829865,228.097336,245.153091,195.845856,207.501419
3437,3.991667,53.030006,300.031281,15.446554,120.769142,290.686096,-33.139286,178.348679,277.351990,-75.665718,75.286926,290.103790,43.627415,101.776367,283.265442,20.232769,129.829376,275.287842,-1.566256,158.132050,266.951935,-25.396753,193.792740,259.882538,-49.689865,95.774345,280.949310,69.792206,121.420448,271.854279,48.143738,148.326691,262.052887,25.128672,174.541092,251.901566,2.672033,208.883209,243.697708,-22.690287,117.707886,270.758881,98.653633,142.188446,259.408997,76.078110,167.345428,247.899612,52.564945,192.696136,236.028275,29.874399,224.873398,224.864990,4.227610,140.467438,259.650452,126.766800,161.468170,245.338898,105.703117,185.839066,231.998978,81.361610,210.472534,219.173737,58.257542,241.021591,206.936096,32.401390,167.965454,245.336594,159.291473,187.602600,230.578430,138.069824,208.664764,214.420074,115.044197,231.134216,199.935516,92.497635,255.475403,189.208130,71.487785,191.592087,236.508957,185.667221,208.224243,217.708405,166.274826,227.782639,201.317871,142.817902,242.481461,190.794266,126.111481,260.051239,181.716339,111.254601,215.007690,225.828491,212.626297,230.705978,207.345459,192.236725,244.402405,192.932785,176.678070,256.531799,181.993530,161.584656,230.099091,218.894516,228.542358,246.638672,201.815079,208.086273
3438,3.994444,53.036057,300.486969,15.460735,120.748222,290.869019,-33.151985,178.342865,277.357513,-75.604340,75.486023,291.476410,43.652466,101.899277,284.241852,20.273962,129.894165,275.997375,-1.525040,158.102921,267.307892,-25.330591,193.788666,260.016541,-49.465416,96.113968,283.160889,69.864342,121.689415,273.575836,48.264950,148.491333,263.312897,25.293739,174.529343,252.538269,2.824575,208.870483,243.990845,-22.485451,118.284828,273.917358,98.787560,142.619965,261.947021,76.295525,167.668488,249.834473,52.856922,192.870880,237.366165,30.225161,224.981369,225.725494,4.648139,141.282669,263.783325,126.980423,162.094284,248.707275,106.099121,186.348358,234.726379,81.844933,210.810593,221.116425,58.814674,241.250092,208.362106,33.012611,169.121429,250.894852,159.592926,188.536667,234.997833,138.543884,209.404083,217.953644,115.721344,231.686539,202.670593,93.295807,255.875763,191.355316,72.299522,192.894043,242.697891,185.993118,209.360855,222.958725,166.876373,228.741272,205.665329,143.634766,243.259705,194.595718,127.108437,260.720947,184.809952,112.157860,216.556778,232.979553,213.004807,232.089386,213.534775,192.930786,245.650986,198.404968,177.564941,257.650391,186.782166,162.548553,231.765808,226.625748,229.020355,248.176559,208.595276,208.760620
3439,3.997222,53.039097,300.977844,15.473425,120.733528,291.113708,-33.155910,178.371414,277.470367,-75.508949,75.671242,292.949432,43.669094,102.037682,285.373260,20.324612,130.005692,276.912048,-1.454616,158.162964,267.923126,-25.199455,193.881302,260.444794,-49.181458,96.432358,285.539795,69.926071,121.981026,275.543762,48.401016,148.727280,264.900848,25.504278,174.648895,253.594376,3.060632,209.013290,244.761536,-22.179543,118.826981,277.314575,98.915413,143.079803,264.823608,76.534630,168.082932,252.206207,53.203461,193.203979,239.243439,30.669008,225.294312,227.206100,5.190151,142.051544,268.230499,127.191216,162.761383,252.513535,106.520607,186.977737,238.000916,82.389954,211.345200,223.727219,59.474590,241.737259,210.562683,33.760647,170.199829,256.816589,159.896942,189.508286,239.964844,139.058228,210.286728,222.172287,116.474968,232.474289,206.211670,94.211807,256.575867,194.419403,73.261208,194.114365,249.364746,186.334122,210.537201,228.840790,167.528946,229.848083,210.788315,144.533478,244.259567,199.254562,128.202133,261.670563,188.878021,113.204605,218.003479,240.682327,213.407318,233.489731,220.416504,193.683319,247.013901,204.696091,178.533478,258.963165,192.496628,163.624969,233.324646,234.954880,229.519165,249.712997,216.113129,209.503876
3440,4.000000,53.038242,301.500214,15.483727,120.725464,291.420349,-33.151279,178.433212,277.690704,-75.381615,75.836571,294.511200,43.674606,102.189415,286.655212,20.382368,130.161194,278.030365,-1.358984,158.308716,268.796204,-25.009756,194.065369,261.162048,-48.844753,96.718918,288.067657,69.973213,122.288002,277.746399,48.546432,149.027847,266.807953,25.751320,174.892303,255.063705,3.368894,209.301193,245.999893,-21.786682,119.317757,280.923187,99.031380,143.555374,268.018280,76.785583,168.575836,254.997009,53.590996,193.680954,241.643188,31.188091,225.795380,229.289474,5.832982,142.749924,272.954376,127.391975,163.449295,256.726562,106.952675,187.705521,241.792648,82.977158,212.053619,226.976700,60.212574,242.457596,213.509903,34.616600,171.170059,263.057098,160.195007,190.486038,245.432083,139.594177,211.281250,227.030884,117.277969,233.463638,210.515457,95.212448,257.540344,198.357361,74.335449,195.215820,256.450775,186.678421,211.712769,235.293823,168.209976,231.062683,216.628922,145.482895,245.439804,204.715530,129.358276,262.858307,193.865051,114.354271,219.305130,248.868439,213.819656,234.859360,227.918503,194.471756,248.442566,211.734161,179.552780,260.419922,199.065186,164.775436,234.728958,243.807999,230.024567,251.196289,224.288620,210.293671
3441,4.002778,53.032703,302.049683,15.490093,120.723816,291.787354,-33.138985,178.526123,278.016602,-75.225677,75.977142,296.148895,43.666328,102.351120,288.079285,20.443611,130.355362,279.345764,-1.244479,158.533386,269.920349,-24.771095,194.332581,262.158478,-48.464951,96.965149,290.724396,70.000717,122.601959,280.167267,48.693928,149.383286,269.018555,26.022793,175.247513,256.932556,3.733464,209.719284,247.689026,-21.325592,119.743843,284.713501,99.128464,144.033401,271.504700,77.036423,169.131363,258.181793,54.002781,194.282715,244.540512,31.759993,226.462646,231.950012,6.550361,143.358276,277.914856,127.573761,164.138336,261.309723,107.378288,188.508209,246.064560,83.583771,212.909531,230.827637,60.999378,243.381348,217.168259,35.545959,172.007538,269.568268,160.476517,191.441513,251.347900,140.130402,212.355942,232.477783,118.100082,234.618256,215.530899,96.260254,258.730072,203.118195,75.479439,196.167831,263.893616,187.012039,212.851089,242.252686,168.894272,232.345886,223.123428,146.448914,246.758575,210.916550,130.538300,264.239655,199.707352,115.561676,220.426666,257.465240,214.225220,236.155640,235.964066,195.270859,249.891129,219.441666,180.588959,261.971985,206.410599,165.957932,235.939896,253.106384,230.519577,252.580170,233.036377,211.105011
3442,4.005556,53.021885,302.621216,15.490186,120.727730,292.211212,-33.120483,178.646881,278.443695,-75.045837,76.089363,297.848907,43.641624,102.518219,289.632904,20.503553,130.580734,280.846252,-1.119434,158.827209,271.282990,-24.495726,194.671783,263.419159,-48.054497,97.165062,293.488220,70.002762,122.913719,282.784912,48.834679,149.781372,271.510437,26.304131,175.698761,259.179871,4.134801,210.248749,249.805054,-20.819008,120.095619,288.653687,99.198502,144.500549,275.250946,77.273659,169.731659,261.728516,54.419655,194.986832,247.902878,32.358822,227.270355,235.154205,7.311705,143.862610,283.069916,127.725945,164.810043,266.220764,107.778946,189.361786,250.772919,84.184570,213.884277,235.235764,61.802452,244.475861,221.495026,36.510067,172.694870,276.299591,160.728439,192.350204,257.656738,140.643417,213.479599,238.455261,118.908905,235.900848,221.200119,97.314827,260.104126,208.644241,76.646652,196.948013,271.628357,187.318481,213.921494,249.649048,169.554321,233.660950,230.202789,147.395248,248.174774,217.789215,131.700821,265.769653,206.334015,116.778542,221.342529,266.397308,214.604614,237.343338,244.473328,196.052444,251.318329,227.736740,181.605804,263.573792,214.451035,167.128021,236.928818,262.768433,230.983841,253.826462,242.267883,211.909973
3443,4.008333,53.005646,303.209259,15.480945,120.735870,292.686707,-33.097778,178.791199,278.964905,-74.848015,76.170876,299.596832,43.597958,102.685188,291.300171,20.556555,130.828262,282.515015,-0.993632,159.177917,272.866180,-24.197906,195.069077,264.923798,-47.628071,97.315125,296.336487,69.973267,123.214149,285.574097,48.958900,150.208221,274.256073,26.579260,176.227249,261.777893,4.551057,210.867310,252.317108,-20.292622,120.367218,292.710907,99.232574,144.944260,279.221100,77.483017,170.357941,265.599640,54.821011,195.768707,251.691101,32.956707,228.189651,238.861038,8.083901,144.254578,288.376587,127.836647,165.447830,271.413483,108.135490,190.242371,255.868530,84.753227,214.947556,240.150345,62.587685,245.705338,226.439362,37.467819,173.222458,283.199738,160.935638,193.191895,264.299957,141.108582,214.622177,244.900543,119.671303,237.273819,227.459198,98.334488,261.619995,214.870850,77.788956,197.543274,279.589569,187.578720,214.899872,257.412659,170.160995,234.974060,237.793610,148.284866,249.648529,225.259781,132.803497,267.403381,213.667786,117.955223,222.037933,275.588379,214.935455,238.395935,253.365540,196.785690,252.688736,236.534821,182.565628,265.183746,223.100784,168.240280,237.679031,272.711884,231.393311,254.907043,251.894150,212.677444
3444,4.011111,52.984467,303.808197,15.459099,120.746590,293.207428,-33.073406,178.953964,279.570526,-74.639030,76.220451,301.377930,43.533077,102.846115,293.062744,20.596546,131.088013,284.330872,-0.877545,159.571259,274.646851,-23.892933,195.508987,266.647858,-47.201397,97.414062,299.246033,69.906265,123.494774,288.507080,49.056572,150.649216,277.223633,26.831758,176.812195,264.693420,4.959495,211.550537,255.188644,-19.773365,120.556396,296.852417,99.221558,145.353668,283.376831,77.650078,170.991455,269.753265,55.185902,196.602509,255.860092,33.525311,229.189636,243.022812,8.833309,144.531219,293.792328,127.893372,166.037552,276.839081,108.428955,191.127075,261.298035,85.263733,216.068085,245.514923,63.321194,247.031464,231.941833,38.377747,173.588120,290.217743,161.081451,193.950729,271.216766,141.501251,215.755508,251.747162,120.354904,238.699829,234.238998,99.278374,263.233521,221.725937,78.858849,197.949951,287.713074,187.771790,215.768814,265.473053,170.684891,236.254669,245.819504,149.081512,251.141785,233.250366,133.805023,269.096802,221.626205,119.042961,222.509155,284.964172,215.192841,239.296295,262.561310,197.437729,253.973450,245.750702,183.430511,266.764435,232.271530,169.250183,238.186234,282.856506,231.720856,255.804810,261.828888,213.373032
3445,4.013889,52.959209,304.412933,15.421926,120.758156,293.765808,-33.050430,179.129868,280.248901,-74.426140,76.237907,303.177490,43.445061,102.995140,294.900208,20.617517,131.349884,286.268982,-0.781468,159.992126,276.597687,-23.596052,195.975708,268.563690,-46.789959,97.462578,302.194275,69.796333,123.748108,291.554077,49.118034,151.089661,280.377899,27.045992,177.432068,267.888306,5.337715,212.273621,258.379395,-19.287634,120.664261,301.046387,99.156662,145.720032,287.678772,77.760857,171.614304,274.144226,55.494164,197.462143,260.359497,34.037323,230.238770,247.586456,9.527595,144.694443,299.275848,127.883720,166.567810,282.447723,108.641335,191.994492,267.005280,85.691666,217.214584,251.268326,63.970909,248.414856,237.935898,39.200218,173.796692,297.304810,161.148270,194.615219,278.346039,141.797745,216.853867,258.926422,120.929413,240.142700,241.466400,100.108353,264.899963,229.130753,79.811592,198.172974,295.937714,187.875702,216.517517,273.761230,171.097504,237.476181,254.203018,149.751038,252.619141,241.680649,134.666794,270.807556,230.123108,119.996002,222.762878,294.453857,215.350586,240.036560,271.984589,197.975067,255.150589,255.300735,184.163620,268.283142,241.874298,170.115906,238.457642,293.126099,231.937531,256.513519,271.990845,213.960190
3446,4.016667,52.930706,305.018860,15.367722,120.768799,294.353455,-33.032310,179.313934,280.987305,-74.216530,76.224068,304.981415,43.332237,103.126907,296.790802,20.614061,131.604187,288.301605,-0.714731,160.425491,278.688171,-23.321346,196.454086,270.642090,-46.408131,97.463036,305.159058,69.638847,123.967705,294.683807,49.134613,151.515381,283.680786,27.208006,178.065964,271.321106,5.664670,213.012848,261.847290,-18.859943,120.694824,305.262115,99.029953,146.036530,292.086609,77.802696,172.209915,278.724640,55.727493,198.322372,265.134827,34.467922,231.306091,252.494934,10.137000,144.750305,304.787933,127.796036,167.029953,288.189178,108.756523,192.824997,272.932190,86.015251,218.356964,257.345917,64.507904,249.817017,244.349930,39.899403,173.858963,304.414795,161.118500,195.178299,285.627380,141.976532,217.894669,266.368866,121.367706,241.568619,249.065720,100.790520,266.576019,237.002335,80.607056,198.224518,304.206207,187.869110,217.141220,282.211090,171.372406,238.616577,262.867401,150.262726,254.048981,250.469620,135.354416,272.496155,239.070038,120.773521,222.814255,303.991730,215.382904,240.617126,281.564209,198.365250,256.205170,265.104736,184.730469,269.712708,251.821579,170.799423,238.509827,303.450134,232.014526,257.036377,282.305328,214.402313
3447,4.019444,52.899334,305.621887,15.295809,120.776886,294.961914,-33.022621,179.501862,281.772491,-74.016953,76.180641,306.776733,43.193256,103.236786,298.712158,20.581921,131.842224,290.399658,-0.685025,160.857239,280.886108,-23.080832,196.930191,272.852661,-46.068741,97.418961,308.118988,69.430481,124.148247,297.864044,49.099297,151.913483,287.092468,27.306257,178.694214,274.947784,5.921600,213.746429,265.549438,-18.511999,120.654327,309.470398,98.835136,146.298203,296.559631,77.765190,172.763611,283.444885,55.870487,199.159683,270.128876,34.795979,232.362198,257.688324,10.635212,144.708160,310.291443,127.620262,167.417953,294.013153,108.761383,193.601288,279.019928,86.216141,219.467636,263.681396,64.907547,251.201538,251.109207,40.444771,173.790176,311.504761,160.975952,195.636841,293.002625,142.019196,218.858871,274.005707,121.646889,242.947083,256.960480,101.296288,268.221741,245.255875,81.211075,198.121994,312.465515,187.732803,217.640442,290.760376,171.486435,239.658630,271.738251,150.590302,255.403900,259.537292,135.838547,274.126709,248.378159,121.341118,222.684555,313.517273,215.266510,241.044952,291.234772,198.578842,257.128662,275.087494,185.100342,271.032166,262.029633,171.267685,238.366165,313.763824,231.925476,257.384094,292.704559,214.665344
3448,4.022222,52.864841,306.218445,15.206458,120.781219,295.583221,-33.024651,179.690231,282.591400,-73.833488,76.110039,308.551331,43.027405,103.321136,300.642242,20.518278,132.056610,292.534149,-0.697812,161.274887,283.158783,-22.883909,197.391266,275.163696,-45.782639,97.334541,311.053345,69.169899,124.285797,301.062500,49.007294,152.273087,290.572937,27.332083,179.298721,278.722900,6.092972,214.455078,269.442841,-18.261909,120.550385,313.643158,98.568298,146.501801,301.057495,77.640953,173.263046,288.255066,55.911449,199.952957,275.283325,35.004967,233.380066,263.105347,11.000380,144.579315,315.751312,127.348991,167.728348,299.870331,108.646858,194.308701,285.210297,86.280273,220.522156,270.208618,65.150467,252.535110,258.137573,40.812126,173.608017,318.534454,160.707565,195.990936,300.416382,141.911499,219.731247,281.770630,121.749199,244.251556,265.075287,101.603287,269.801331,253.806717,81.596733,197.885757,320.666229,187.451553,218.019791,299.351105,171.420914,240.589752,280.744812,150.712875,256.661469,268.806366,136.096054,275.667633,257.960236,121.671898,222.398422,322.974548,214.982666,241.331619,300.936615,198.591248,257.917877,285.179565,185.247879,272.226074,272.419861,171.493744,238.053696,324.007782,231.648758,257.572144,303.127380,214.719986
3449,4.025000,52.826405,306.805054,15.100934,120.781227,296.210541,-33.040897,179.876328,283.431122,-73.671249,76.015091,310.294189,42.834900,103.377518,302.560791,20.421852,132.241669,294.677948,-0.755967,161.667831,285.474335,-22.737070,197.826172,277.543427,-45.558243,97.214012,313.941986,68.858536,124.378105,304.248566,48.855942,152.585785,294.083893,27.279932,179.863373,282.601227,6.167378,215.122040,273.484100,-18.123463,120.391144,317.753845,98.228439,146.645767,305.541443,77.426193,173.698486,293.106873,55.842930,200.684067,280.541016,35.083546,234.335846,268.684784,11.216359,144.376068,321.134216,126.978249,167.959854,305.713531,108.408669,194.935638,291.447418,86.198463,221.499496,276.863129,65.223373,253.788025,265.358795,40.984447,173.330795,325.465912,160.305176,196.243042,307.816803,141.644196,220.500366,289.601044,121.662773,245.459427,273.337616,101.696045,271.283325,262.571442,81.745308,197.536789,328.761688,187.015839,218.286346,307.929413,171.162796,241.401260,289.821075,150.615768,257.803497,278.203522,136.110886,277.092010,267.732605,121.747238,221.981079,332.311127,214.519257,241.490936,310.614899,198.384415,258.573242,295.317017,185.154465,273.283569,282.919586,171.457962,237.600067,334.126434,231.170029,257.618286,313.518097,214.544022
3450,4.027778,52.783051,307.377960,14.981414,120.776756,296.838196,-33.072647,180.057846,284.279694,-73.534233,75.898926,311.994873,42.617016,103.404854,304.450043,20.292723,132.393646,296.807190,-0.859791,162.028000,287.803558,-22.643896,198.225693,279.961548,-45.401077,97.061539,316.765747,68.500351,124.424759,307.394714,48.644398,152.845703,297.590546,27.147341,180.374832,286.539154,6.138181,215.733017,277.630463,-18.105560,120.184723,321.777130,97.817566,146.730072,309.975647,77.120926,174.062958,297.955597,55.661942,201.338226,285.847778,35.025829,235.209412,274.367126,11.273519,144.110413,326.408386,126.508430,168.113144,311.499207,108.047203,195.473434,297.679321,85.966858,222.382248,283.583893,65.119461,254.934631,272.698059,40.952473,172.975876,332.262329,159.766800,196.397003,315.155975,141.213608,221.158157,297.439545,121.382034,246.552124,281.679291,101.566414,272.640625,271.469482,81.646957,197.095016,336.707001,186.423126,218.448151,316.445099,170.706039,242.087448,298.906281,150.291214,258.815552,287.660217,135.874847,278.377289,277.616455,121.557312,221.456299,341.476440,213.872421,241.536636,320.218201,197.948547,259.096954,305.440826,184.809586,274.196899,293.461578,171.149170,237.031219,344.066345,230.484100,257.539886,323.824585,214.124313
3451,4.030556,52.734264,307.933563,14.850579,120.767807,297.461823,-33.120056,180.232513,285.127106,-73.425240,75.764748,313.643616,42.376205,103.403473,306.295593,20.132032,132.510605,298.902039,-1.007265,162.349594,290.121063,-22.605433,198.582932,282.391907,-45.313793,96.881302,319.507019,68.101059,124.426941,310.477173,48.373653,153.049500,301.062744,26.934799,180.822571,290.496063,6.003690,216.276428,281.840729,-18.211924,119.938850,325.688995,97.340637,146.755966,314.328308,76.728661,174.352066,302.761444,55.369766,201.904251,291.154419,34.831078,235.984573,280.096252,11.168661,143.793472,331.543213,125.944611,168.190460,317.188873,107.566635,195.916321,303.859497,85.586823,223.156555,290.314484,64.838394,255.953766,280.084198,40.714684,172.558792,338.887390,159.097351,196.457321,322.389862,140.622101,221.699326,305.234375,120.907707,247.514648,290.037689,101.213493,273.850433,280.424408,81.300797,196.578171,344.457672,185.678589,218.512726,324.850677,170.052399,242.644714,307.944702,149.738708,259.686279,297.113342,135.387787,279.505035,287.538696,121.100990,220.844910,350.420380,213.047363,241.480972,329.696350,197.283157,259.491669,315.495361,184.211594,274.960083,303.983368,170.565109,236.369797,353.774139,229.596115,257.352203,333.995819,213.458115
3452,4.033333,52.680218,308.468445,14.711232,120.754456,298.077850,-33.182533,180.397629,285.966064,-73.346008,75.615929,315.230713,42.116043,103.374893,308.086151,19.941702,132.592117,300.946686,-1.194589,162.629105,292.406250,-22.620920,198.893234,284.814453,-45.296722,96.677711,322.149475,67.667427,124.387192,313.476074,48.046783,153.195816,304.475128,26.645542,181.199142,294.435242,5.766794,216.743576,286.076691,-18.441160,119.660782,329.466278,96.805542,146.725891,318.571960,76.255798,174.563797,307.490570,54.971386,202.374603,296.417816,34.503105,236.649429,285.821198,10.904125,143.435150,336.508575,125.296455,168.195404,322.749451,106.974342,196.261230,309.947388,85.064568,223.812195,297.004517,64.385735,256.829376,287.452423,40.276455,172.092941,345.304504,158.308441,196.428650,329.477783,139.877930,222.120682,312.939606,120.246483,248.335419,298.356171,100.643295,274.894409,289.365814,80.714027,196.001343,351.969025,184.795135,218.486511,333.100708,169.211304,243.070862,316.885529,148.964890,260.406616,306.505005,134.657242,280.460571,297.432220,120.385185,220.164551,359.091858,212.058640,241.334000,338.999359,196.397476,259.759674,325.427490,183.367966,275.568359,314.426300,169.712280,235.634827,363.194672,228.521759,257.067505,343.980103,212.553513
3453,4.036111,52.621639,308.979523,14.566201,120.736809,298.683563,-33.258934,180.550400,286.792603,-73.297485,75.455956,316.747101,41.841038,103.321480,309.812927,19.724409,132.638992,302.929718,-1.417109,162.865067,294.643585,-22.688467,199.153946,287.215881,-45.348549,96.455444,324.678040,67.207291,124.309036,316.375092,47.668808,153.285080,307.807037,26.285276,181.500046,298.325012,5.434068,217.128662,290.302612,-18.787249,119.357391,333.086548,96.222725,146.643295,322.683167,75.710991,174.698273,312.114746,54.474651,202.745117,301.601562,34.049454,237.196075,291.497925,10.486483,143.044388,341.274658,124.577751,168.132507,328.152161,106.280655,196.507446,315.908661,84.410400,224.342346,303.609863,63.771965,257.550507,294.746552,39.648697,171.589890,351.476685,157.417755,196.315826,336.381592,138.995010,222.420868,320.514343,119.410446,249.006042,306.584198,99.867783,275.759033,298.230804,79.900406,195.377350,359.195251,183.792938,218.375000,341.150726,168.199356,243.364960,325.681671,147.983047,260.969879,315.782532,133.697525,281.232849,307.236023,119.423668,219.430176,367.438049,210.929367,241.103867,348.076141,195.309784,259.902954,335.185394,182.294357,276.018219,324.735138,168.605103,234.842361,372.270477,227.286545,256.695526,353.723602,211.428665
3454,4.038889,52.559635,309.463806,14.418318,120.714966,299.276367,-33.347702,180.688461,287.605652,-73.280029,75.288544,318.183807,41.556328,103.246117,311.468781,19.483633,132.653107,304.843750,-1.670206,163.057892,296.821716,-22.805294,199.364044,289.588409,-45.466923,96.219437,327.078186,66.729446,124.196732,319.160675,47.246368,153.318954,311.041534,25.861715,181.723404,302.138611,5.014608,217.428329,294.484863,-19.240372,119.035408,336.527679,95.604744,146.512512,326.641693,75.104599,174.757507,316.610718,53.889359,203.014603,306.675934,33.480450,237.620407,297.090302,9.925440,142.629715,345.811737,123.805489,168.007202,333.371246,105.498459,196.656281,321.713745,83.637970,224.743362,310.092926,63.011295,258.111084,301.920044,38.846321,171.060379,357.366241,156.447861,196.124023,343.064423,137.992111,222.600235,327.921417,118.416275,249.521362,314.677032,98.903511,276.435425,306.965332,78.878197,194.718033,366.089600,182.697937,218.183456,348.956757,167.039185,243.527481,334.288849,146.812286,261.371796,324.898041,132.527985,281.814606,316.895599,118.235497,218.655518,375.404602,209.689697,240.797836,356.874634,194.045990,259.924103,344.718079,181.013336,276.307678,334.857300,167.264725,234.006943,380.941498,225.923874,256.244751,363.170563,210.110458
3455,4.041667,52.495556,309.918488,14.270374,120.689064,299.854034,-33.447094,180.810379,288.406219,-73.293243,75.117638,319.532379,41.267391,103.151970,313.047760,19.223509,132.637054,306.684296,-1.949455,163.209457,298.932587,-22.967611,199.523773,291.927094,-45.648872,95.974854,329.335754,66.243439,124.055077,321.821075,46.787525,153.300079,314.164612,25.383959,181.869598,305.854004,4.518975,217.641418,298.592102,-19.788033,118.701698,339.767731,94.965904,146.338806,330.429108,74.448471,174.745148,320.959076,53.226452,203.184174,311.617340,32.808147,237.921371,302.569733,9.233037,142.199936,350.090271,122.998756,167.825775,338.382355,104.642685,196.710922,327.336823,82.763428,225.014648,316.421936,62.120319,258.509125,308.935791,37.886913,170.515305,362.935333,155.424622,195.859451,349.489899,136.891968,222.661041,335.126038,117.284218,249.879471,322.595398,97.770050,276.919342,315.524963,77.668022,194.035522,372.604553,181.540146,217.918137,356.474792,165.757919,243.560684,342.664612,145.476456,261.611053,333.808075,131.171768,282.202362,326.363159,116.843163,217.854675,382.936005,208.374466,240.423721,365.341949,192.637451,259.827362,353.975281,179.552475,276.437134,344.742584,165.717499,233.143524,389.146393,224.472519,255.723862,372.263306,208.632324
3456,4.044444,52.430927,310.340790,14.125104,120.659355,300.414734,-33.555420,180.915451,289.196045,-73.335442,74.947441,320.784546,40.979961,103.042534,314.544495,18.948584,132.593964,308.448090,-2.250324,163.322479,300.969757,-23.170418,199.634232,294.227966,-45.890919,95.727142,331.436401,65.759315,123.889244,324.345245,46.301510,153.232056,317.164398,24.861845,181.940918,309.453247,3.958276,217.768860,302.597198,-20.416481,118.363724,342.784882,94.321739,146.128494,334.027893,73.755699,174.666275,325.142944,52.497688,203.256958,316.407227,32.045525,238.100403,307.914276,8.422845,141.764694,354.080994,122.177917,167.595642,343.161316,103.730125,196.676392,332.754272,81.804565,225.158295,322.570374,61.116695,258.746216,315.764740,36.789524,169.966797,368.146423,154.375641,195.529846,355.621460,135.720062,222.607758,342.094788,116.037132,250.081894,330.304718,96.488831,277.210571,323.874573,76.291435,193.343689,378.692810,180.351288,217.587006,363.660522,164.385757,243.469193,350.767456,144.002823,261.689484,342.472534,129.654312,282.396790,335.597046,115.271042,217.043869,389.976654,207.021057,239.991119,373.424866,191.119171,259.619415,362.907532,177.942978,276.410156,354.342773,163.993591,232.269226,396.823547,222.973770,255.143433,380.943176,207.032196
3457,4.047222,52.367428,310.727966,13.985172,120.626175,300.956696,-33.670925,181.003204,289.975830,-73.403313,74.782204,321.932190,40.700092,102.921539,315.953613,18.663795,132.527252,310.131683,-2.568038,163.400299,302.927429,-23.407484,199.696945,296.486603,-46.188931,95.482231,333.365967,65.287415,123.704803,326.722198,45.798298,153.119522,320.030151,24.305397,181.941208,312.922119,3.343334,217.813461,306.478851,-21.112188,118.029877,345.557739,93.688248,145.889008,337.420288,73.040466,174.527298,329.146790,51.715687,203.237610,321.030579,31.206003,238.161240,313.107147,7.509082,141.334976,357.755127,121.363914,167.325348,347.683319,102.779259,196.559631,337.943817,80.780067,225.179001,328.515625,60.018311,258.826782,322.384460,35.573639,169.428955,372.962982,153.328598,195.145096,361.422394,134.503555,222.447403,348.794861,114.699577,250.133453,337.773956,95.082375,277.312927,331.986176,74.770325,192.658981,384.308167,179.163300,217.200439,370.469788,162.954651,243.260406,358.556763,142.420776,261.612457,350.853943,128.002930,282.402466,344.560822,113.544624,216.242386,396.471863,205.667206,239.512329,381.069885,189.528137,259.309875,371.465546,176.218414,276.233673,363.610687,162.126160,231.404617,403.912628,221.468872,254.516785,389.151245,205.350220
3458,4.050000,52.306816,311.077362,13.853101,120.590050,301.477783,-33.791393,181.073349,290.744507,-73.492264,74.626266,322.967194,40.434071,102.792969,317.269226,18.374599,132.440491,311.730804,-2.897634,163.446579,304.799683,-23.671526,199.713760,298.698029,-46.538036,95.246643,335.110565,64.838120,123.507797,328.940643,45.288315,152.968124,322.751831,23.724316,181.875748,316.249786,2.684153,217.779526,310.222168,-21.862844,117.709663,348.065765,93.081039,145.628906,340.588043,72.317619,174.335724,332.955383,50.894054,203.132172,325.474396,30.303253,238.109467,318.135193,6.506033,140.923035,361.084808,120.577621,167.024826,351.922913,101.809807,196.369461,342.883423,79.709045,225.083755,334.237671,58.843037,258.758057,328.777161,34.258499,168.918182,377.350494,152.309937,194.717438,366.856384,133.270264,222.189651,355.193634,113.297256,250.042206,344.974426,93.573662,277.233673,339.836487,73.127045,192.000626,389.406372,178.007248,216.771530,376.858765,161.497375,242.944855,365.992096,140.761108,261.388672,358.916321,126.246361,282.227631,353.221313,111.690536,215.473068,402.368866,204.349350,239.002792,388.224426,187.902008,258.911774,379.600433,174.414032,275.918427,372.499359,160.150665,230.574142,410.356171,219.997025,253.860825,396.829468,203.627151
3459,4.052778,52.250954,311.386658,13.731184,120.551743,301.975220,-33.913948,181.125885,291.500061,-73.597420,74.484039,323.881805,40.188225,102.661095,318.484833,18.086927,132.337540,313.240234,-3.233975,163.465317,306.580078,-23.954536,199.686874,300.856476,-46.932732,95.027473,336.656860,64.421547,123.304779,330.988586,44.782272,152.784470,325.319763,23.127720,181.750839,319.427612,1.990028,217.672516,313.817261,-22.657501,117.413391,350.289856,92.514870,145.357544,343.512543,71.602325,174.100052,336.553009,50.047356,202.948013,329.726318,29.351261,237.952393,322.987488,5.427966,140.542313,364.043793,119.838898,166.705246,355.854340,100.842186,196.116318,347.550842,78.611015,224.881516,339.717834,57.608852,258.549469,334.927734,32.862968,168.452896,381.277252,151.343521,194.261429,371.888153,132.047745,221.846695,361.258606,111.856529,249.819092,351.878632,91.986137,276.983215,347.403900,71.384773,191.390305,393.945984,176.912277,216.316101,382.784760,160.046677,242.536118,373.033478,139.055603,261.030212,366.624054,124.414909,281.884003,361.546997,109.736908,214.761780,407.618469,203.101303,238.481110,394.837555,186.277802,258.441132,387.263489,172.566284,275.478729,380.961670,158.104691,229.805939,416.101013,218.593842,253.195999,403.921661,201.902939
3460,4.055556,52.201736,311.653931,13.621556,120.512215,302.446289,-34.035446,181.161224,292.240662,-73.714966,74.359955,324.668823,39.968609,102.530373,319.593811,17.806980,132.222336,314.654114,-3.571771,163.460968,308.261993,-24.248152,199.618912,302.955597,-47.367012,94.832092,337.992767,64.047134,123.102783,332.854156,44.291042,152.575790,327.724365,22.524508,181.573502,322.447968,1.270273,217.498825,317.257324,-23.485929,117.151649,352.212799,92.003281,145.084991,346.175568,70.909645,173.829666,339.923523,49.191025,202.693878,333.773926,28.364550,237.698669,327.654053,4.289452,140.206955,366.608246,119.165855,166.378937,359.451904,99.897141,195.812012,351.923767,77.506004,224.582901,344.937958,56.334152,258.212646,340.822113,31.405964,168.052948,384.715576,150.449936,193.793549,376.484406,130.862671,221.433014,366.957306,110.404205,249.477585,358.458984,90.344299,276.574890,354.666565,69.568207,190.851151,397.889252,175.904938,215.852158,388.206604,158.634644,242.050598,379.641022,137.336731,260.552094,373.941284,122.540543,281.386322,369.506622,107.713860,214.136215,412.175934,201.953430,237.968445,400.861145,184.691284,257.916840,394.406586,170.712479,274.932220,388.950592,156.027435,229.130569,421.099213,217.290604,252.545624,410.374725,200.216034
3461,4.058333,52.160999,311.877716,13.526318,120.472656,302.888947,-34.153145,181.180298,292.965546,-73.842522,74.258133,325.322113,39.780720,102.405243,320.589783,17.540939,132.098892,315.966644,-3.905652,163.438278,309.838776,-24.543898,199.513123,304.988403,-47.834370,94.667664,339.107605,63.723282,122.909019,334.525635,43.825310,152.349716,329.955963,21.923975,181.351212,325.303040,0.535030,217.265839,320.536194,-24.337524,116.934624,353.819672,91.558174,144.821472,348.559692,70.254318,173.534531,343.050507,48.341198,202.379517,337.604156,27.358534,237.358109,332.124573,3.105982,139.930908,368.757385,118.574211,166.058685,362.690552,98.995346,195.469376,355.979523,76.414452,224.199875,349.879547,55.038300,257.760895,346.445953,29.907351,167.738052,387.642303,149.646133,193.331451,380.614258,129.740479,220.964828,372.257477,108.967613,249.033081,364.686798,88.674744,276.024750,361.600433,67.704567,190.406342,401.202820,175.008698,215.399002,393.085449,157.292313,241.507034,385.775574,135.637497,259.971649,380.831512,120.657028,280.751862,377.067932,105.654228,213.624237,416.002441,200.932114,237.487427,406.250458,183.176483,257.359863,400.982788,168.890930,274.299347,396.419403,153.959549,228.579010,425.308990,216.114136,251.934799,416.139221,198.603363
3462,4.061111,52.130337,312.056915,13.447416,120.434288,303.302643,-34.264923,181.184235,293.674622,-73.978592,74.182114,325.836823,39.629108,102.289909,321.467224,17.294615,131.971069,317.172668,-4.230428,163.402237,311.303955,-24.833302,199.373459,306.947113,-48.327541,94.540710,339.992767,63.457088,122.730431,335.992401,43.395237,152.113754,332.004883,21.336082,181.091843,327.984161,-0.204235,216.981903,323.647034,-25.200365,116.771477,355.098633,91.189453,144.576859,350.648865,69.650436,173.224930,345.917694,47.514450,202.015549,341.203094,26.349842,236.941635,336.387390,1.894833,139.726959,370.474548,118.076988,165.757187,365.546509,98.156822,195.101669,359.695679,75.357109,223.745499,354.523254,53.742203,257.209229,351.783478,28.389202,167.526321,390.039215,148.945862,192.892899,384.249603,128.705246,220.459595,377.126953,107.574837,248.502487,370.531525,87.006821,275.351379,368.178070,65.824532,190.077316,403.859039,174.243347,214.976028,397.385345,156.049454,240.925552,391.398438,133.991821,259.308136,387.257263,118.800369,280.000458,384.196167,103.594421,213.251617,419.066040,200.059464,237.060791,410.964539,181.765701,256.792084,406.946686,167.140472,273.602509,403.321686,151.943054,228.180161,428.695740,215.086441,251.388992,421.169403,197.100586
3463,4.063889,52.110962,312.190948,13.386356,120.398346,303.687744,-34.368961,181.174255,294.368195,-74.122009,74.134399,326.209686,39.517120,102.188057,322.221710,17.073202,131.842300,318.268341,-4.541490,163.357925,312.651398,-25.107975,199.204529,308.823120,-48.838417,94.456627,340.641876,63.254154,122.573288,337.245331,43.009979,151.875259,333.861816,20.771330,180.803528,330.481384,-0.934714,216.656387,326.581421,-26.060696,116.669655,356.041077,90.904716,144.360291,352.429199,69.111008,172.911118,348.509247,46.727501,201.613281,344.555481,25.356461,236.461472,340.428070,0.675908,139.605560,371.747467,117.684334,165.486267,367.998657,97.400162,194.722275,363.050262,74.354683,223.233749,358.848511,52.468529,256.574310,356.815826,26.876831,167.432312,391.893463,148.359756,192.494720,387.365326,127.779427,219.935211,381.533905,106.255043,247.904053,375.960632,85.372978,274.575470,374.367981,63.963013,189.881973,405.836975,173.624481,214.601562,401.073853,154.934219,240.326874,396.471375,132.434830,258.582367,393.179810,117.009056,279.154388,390.852600,101.575127,213.039795,421.342590,199.352936,236.709641,414.966980,180.489288,256.235596,412.254517,165.500320,272.865692,409.610687,150.021851,227.958221,431.233521,214.224518,250.932510,425.423767,195.742249
3464,4.066667,52.103634,312.279541,13.344066,120.365860,304.045135,-34.463501,181.151474,295.046509,-74.271530,74.116318,326.439117,39.446693,102.102623,322.850250,16.881029,131.715652,319.250732,-4.835148,163.310257,313.875854,-25.359953,199.011673,310.607056,-49.358238,94.419350,341.050964,63.118435,122.442680,338.277649,42.677322,151.641083,335.518188,20.240391,180.494858,332.784058,-1.642745,216.299805,329.329102,-26.902842,116.634308,356.642120,90.709122,144.179474,353.889557,68.647369,172.603134,350.810028,45.996998,201.184540,347.644897,24.397614,235.931442,344.228333,-0.527849,139.573975,372.568695,117.403183,165.256119,370.029510,96.741631,194.344376,366.022614,73.427231,222.679474,362.833282,51.241627,255.874451,361.519714,25.399179,167.465790,393.198029,147.895020,192.151901,389.940125,126.983315,219.409592,385.447052,105.038010,247.257233,380.939056,83.808411,273.720276,380.134094,62.158985,189.832809,407.123505,173.162918,214.291779,404.122955,153.972168,239.731827,400.956512,131.002319,257.816772,398.558563,115.323624,278.238861,396.993500,99.641312,213.003738,422.817169,198.824936,236.452240,418.226074,179.375305,255.711700,416.864197,164.009476,272.114044,415.238556,148.241638,227.930344,432.906464,213.539810,250.587112,428.865601,194.561111
3465,4.069444,52.108646,312.322754,13.320940,120.337646,304.375458,-34.546829,181.117172,295.709381,-74.425499,74.127968,326.525055,39.418442,102.035683,323.351227,16.721443,131.593765,320.117737,-5.108585,163.263977,314.972961,-25.582106,198.800919,312.289032,-49.877701,94.431053,341.218475,63.051998,122.342400,339.084717,42.403461,151.417587,336.966156,19.753691,180.174942,334.880798,-2.314440,215.923767,331.877197,-27.709490,116.667816,356.900726,90.605118,144.040497,355.021881,68.268623,172.310532,352.806000,45.338955,200.741898,350.453491,23.493343,235.367249,347.765259,-1.690698,139.635666,372.936157,117.236969,165.075089,371.626007,96.194519,193.980560,368.593445,72.593651,222.098618,366.453461,50.087231,255.130325,365.866943,23.988258,167.631027,393.952057,147.555191,191.877029,391.956848,126.334221,218.900391,388.836426,103.952904,246.583130,385.429810,82.349915,272.811768,385.435211,60.454411,189.935837,407.714417,172.864487,214.060349,406.509949,153.185028,239.161453,404.816315,129.729584,257.035767,403.351196,113.785423,277.282440,402.569550,97.841095,213.150436,423.484955,198.482452,236.302948,420.715942,178.448593,255.241074,420.735565,162.705307,271.374268,420.156128,146.648834,228.104919,433.709717,213.037872,250.370895,431.464478,193.586380
3466,4.072222,52.125874,312.320862,13.316901,120.314339,304.678802,-34.617317,181.072800,296.355896,-74.581673,74.168442,326.468964,39.431786,101.988487,323.724182,16.596781,131.478958,320.867096,-5.359374,163.223465,315.938995,-25.768387,198.579193,313.857971,-50.386906,94.491974,341.145508,63.054943,122.274887,339.664185,42.192932,151.210526,338.198578,19.320999,179.853455,336.759766,-2.936198,215.541046,334.209808,-28.462288,116.769707,356.819794,90.592354,143.947464,355.821411,67.981209,172.042343,354.484283,44.767921,200.298676,352.961884,22.663807,234.786621,351.011627,-2.785089,139.790207,372.852966,117.185638,164.949570,372.779541,95.768784,193.642883,370.744629,71.871262,221.508469,369.682617,49.031670,254.365021,369.824249,22.677786,167.926331,394.160645,147.340088,191.680237,393.402496,125.845848,218.425217,391.673615,103.026703,245.904648,389.393677,81.034073,271.879486,390.224884,58.892361,190.190094,407.614441,172.730103,213.918182,408.217499,152.589630,238.637085,408.014465,128.649384,256.266083,407.513519,112.434776,276.317902,407.525970,96.223450,213.478226,423.351288,198.327103,236.271912,422.417358,177.729431,254.843735,423.831207,161.621628,270.674896,424.313293,145.288055,228.480835,433.649628,212.718475,250.297485,433.198029,192.841522
3467,4.075000,52.154881,312.274414,13.331387,120.296509,304.954437,-34.673565,181.020233,296.984222,-74.737228,74.236061,326.273499,39.485058,101.961632,323.969452,16.508514,131.373459,321.495850,-5.584849,163.192627,316.770203,-25.913816,198.354248,315.301483,-50.875267,94.600555,340.835510,63.125423,122.241318,340.015289,42.048443,151.025314,339.208740,18.951023,179.540512,338.408569,-3.495033,215.165314,336.307831,-29.142775,116.936935,356.405762,90.667938,143.902786,356.285919,67.788910,171.807053,355.833130,44.296333,199.869125,355.149078,21.928457,234.209244,353.936432,-3.783268,140.033401,372.326965,117.245949,164.884186,373.485046,95.471008,193.342926,372.458771,71.275429,220.928085,372.491608,48.100697,253.604263,373.354187,21.501354,168.344116,393.834229,147.246307,191.569489,394.267670,125.527832,218.001556,393.932220,102.282639,245.246918,392.790344,79.895180,270.956848,394.451477,57.514931,190.587891,406.836700,172.756439,213.873535,409.232971,152.197769,238.180481,410.516754,127.789902,255.536591,411.000946,111.308556,275.382294,411.803925,94.834984,213.976776,422.431244,198.355759,236.365189,423.318146,177.232544,254.539246,426.117249,160.786743,270.045990,427.661682,144.198807,229.047287,432.743439,212.576157,250.374908,434.053345,192.342819
3468,4.077778,52.195030,312.184357,13.363289,120.284889,305.201141,-34.714500,180.962051,297.591064,-74.888870,74.328537,325.942200,39.575645,101.955269,324.087830,16.457449,131.279510,322.000397,-5.781660,163.174820,317.462463,-26.014383,198.134735,316.605225,-51.331520,94.753586,340.294159,63.259789,122.241737,340.138519,41.970837,150.866974,339.989960,18.651194,179.246750,339.814209,-3.978611,214.810898,338.149841,-29.733679,117.164276,355.667755,90.827103,143.907410,356.415253,67.693237,171.612701,356.841400,43.934238,199.468552,356.992584,21.305431,233.656494,356.505615,-4.658872,140.357788,371.369904,117.412361,164.882156,373.740021,95.304680,193.091965,373.719025,70.819168,220.378616,374.848755,47.318439,252.876404,376.415192,20.490723,168.870956,392.986389,147.268051,191.550644,394.546204,125.385735,217.646698,395.587921,101.739029,244.637024,395.578918,78.963440,270.080933,398.060059,56.361000,191.115326,405.400970,172.936996,213.932037,409.547760,152.016235,237.812897,412.293060,127.172943,254.877029,413.771149,110.437637,274.515503,415.344482,93.716324,214.627670,420.747925,198.561737,236.584396,423.412903,176.966766,254.345657,427.565521,160.221420,269.517517,430.157898,143.412598,229.784515,431.017395,212.601425,250.604691,434.026886,192.098831
3469,4.080556,52.245613,312.052002,13.410851,120.280617,305.417114,-34.739376,180.901794,298.171692,-75.032913,74.443153,325.479401,39.700272,101.969337,324.080017,16.444033,131.199661,322.375763,-5.945643,163.172852,318.011444,-26.067017,197.929947,317.753235,-51.743973,94.946350,339.528748,63.453003,122.275383,340.034882,41.959595,150.740540,340.534790,18.427816,178.983154,340.963043,-4.375150,214.492081,339.713837,-30.220257,117.444756,354.616638,91.063972,143.961166,356.210144,67.694084,171.466873,357.498077,43.689434,199.113144,358.468353,20.811270,233.150970,358.683258,-5.387800,140.752960,369.995728,117.678162,164.945190,373.543854,95.270676,192.900909,374.508942,70.512894,219.883194,376.720367,46.706799,252.211960,378.962738,19.674633,169.487915,391.631805,147.398575,191.627029,394.234802,125.421364,217.376678,396.619476,101.408691,244.102844,397.719940,78.263626,269.290863,400.995392,55.463993,191.753113,403.331299,173.263763,214.096069,409.157501,152.046997,237.553452,413.318695,126.812889,254.315887,415.787445,109.844925,273.757599,418.093323,92.899147,215.405579,418.330231,198.936371,236.926498,422.702728,176.935181,254.277878,428.155029,159.937897,269.116547,431.766998,142.951035,230.664886,428.504303,212.782440,250.980408,433.124481,192.110840
3470,4.083333,52.305950,311.879395,13.471478,120.285362,305.599854,-34.747734,180.844086,298.719666,-75.165138,74.576843,324.889771,39.855312,102.003777,323.946411,16.468721,131.136978,322.616119,-6.071846,163.188889,318.412598,-26.069683,197.749405,318.728394,-52.100853,95.172867,338.547638,63.699284,122.340965,339.705139,42.013718,150.651108,340.834747,18.286518,178.761063,341.840271,-4.673327,214.222534,340.978912,-30.590643,117.769890,353.264008,91.372459,144.062866,355.671753,67.790398,171.376541,357.792084,43.567886,198.819412,359.551788,20.460720,232.715942,360.432556,-5.948503,141.205948,368.219360,118.036583,165.073044,372.897461,95.367844,192.779678,374.813171,70.364586,219.465698,378.072296,46.284824,251.642288,380.951355,19.078011,170.170731,389.783264,147.631546,191.798370,393.333496,125.633194,217.204758,397.009552,101.299149,243.670746,399.177490,77.814232,268.624603,403.206116,54.850147,192.477722,400.653656,173.728424,214.363495,408.063080,152.287491,237.416733,413.576233,126.716789,253.877365,417.021332,109.544762,273.144470,420.005157,92.404900,216.279816,415.209473,199.470490,237.382797,421.195312,177.135895,254.345062,427.873840,159.940292,268.864044,432.464661,142.825806,231.654816,425.239868,213.106552,251.487701,431.359436,192.374054
3471,4.086111,52.375420,311.669037,13.541682,120.301491,305.746094,-34.739326,180.794830,299.226227,-75.280663,74.726227,324.178070,40.037182,102.058640,323.686462,16.532251,131.095184,322.713867,-6.154593,163.224289,318.661560,-26.021578,197.602295,319.513306,-52.390835,95.425888,337.359619,63.992737,122.436790,339.149384,42.132423,150.603760,340.880219,18.232653,178.591980,342.430115,-4.862268,214.015015,341.925323,-30.834761,118.129745,351.621124,91.747009,144.210052,354.801361,67.980728,171.347534,357.712738,43.574215,198.602814,360.219208,20.266317,232.373795,361.718323,-6.322526,141.701492,366.055695,118.481354,165.263000,371.802795,95.593613,192.736053,374.618347,70.380020,219.148148,378.873138,46.067722,251.196655,382.338440,18.720999,170.890121,387.448029,147.962921,192.059769,391.845703,126.017090,217.139786,396.745636,101.413399,243.362915,399.921448,77.627342,268.115326,404.648468,54.537796,193.262253,397.393585,174.323273,214.726486,406.271149,152.731384,237.410614,413.056152,126.885368,253.578903,417.453552,109.543877,272.704590,421.046021,92.245277,217.216339,411.416809,200.155334,237.938110,418.904205,177.563568,254.548065,426.719971,160.225906,268.771576,432.238068,143.039551,232.717072,421.259338,213.561386,252.105743,428.750580,192.879761
3472,4.088889,52.453350,311.423645,13.617643,120.331848,305.851288,-34.713562,180.760986,299.679840,-75.373474,74.887497,323.348633,40.242558,102.133995,323.298523,16.635698,131.078461,322.660034,-6.187738,163.279633,318.754181,-25.923248,197.496872,320.091064,-52.603630,95.697067,335.973145,64.327866,122.560638,338.366791,42.315331,150.602982,340.661133,18.271322,178.486740,342.716614,-4.931959,213.881134,342.534668,-30.943213,118.512970,349.698334,92.183037,144.398834,353.599884,68.263435,171.383698,357.250427,43.711777,198.476120,360.449860,20.237667,232.143585,362.510101,-6.495502,142.222351,363.519135,119.006805,165.509583,370.262695,95.944664,192.774551,373.914032,70.562508,218.947708,379.097260,46.065781,250.898636,383.088562,18.617781,171.612000,384.623810,148.393158,192.401184,389.778198,126.567047,217.184799,395.820435,101.750526,243.194839,399.929565,77.708847,267.787994,405.289368,54.537342,194.077774,393.575256,175.041138,215.171097,403.793610,153.369690,237.534927,411.756622,127.314301,253.429108,417.074493,109.842552,272.456238,421.193817,92.423431,218.179459,406.981018,200.982864,238.570435,415.848358,178.210541,254.878021,424.701202,160.787125,268.839417,431.085785,143.587250,233.812775,416.595154,214.135376,252.808838,425.320038,193.617294
3473,4.091667,52.538757,311.145142,13.696368,120.379250,305.908844,-34.668667,180.749664,300.065796,-75.435997,75.056404,322.405396,40.468517,102.229660,322.779633,16.780237,131.090942,322.444824,-6.165204,163.354599,318.686584,-25.776636,197.439865,320.446655,-52.730583,95.977325,334.395874,64.699982,122.709541,337.355591,42.562267,150.651962,340.167725,18.406828,178.454147,342.685150,-4.874276,213.830399,342.790802,-30.907791,118.906914,347.504944,92.676712,144.623734,352.068115,68.636505,171.486008,356.397278,43.982201,198.447861,360.227600,20.380676,232.038895,362.784698,-6.458077,142.749908,360.623047,119.607658,165.804581,368.280243,96.417023,192.895309,372.693512,70.912453,218.874298,378.727081,46.283672,250.763260,383.176727,18.775686,172.297455,381.294525,148.928406,192.807739,387.140472,127.275421,217.336456,394.232117,102.305862,243.173340,399.188995,78.058540,267.656525,405.108337,54.851231,194.894333,389.220917,175.874832,215.677902,400.645935,154.191422,237.781601,409.683044,127.995071,253.427094,415.883759,110.435326,272.406219,420.438629,92.935112,219.133270,401.927979,201.945206,239.252182,412.050232,179.067352,255.316437,421.833588,161.612518,269.056244,429.016266,144.457397,234.903244,411.275635,214.817612,253.567123,421.092224,194.574631
3474,4.094444,52.630138,310.834106,13.776431,120.445816,305.910309,-34.601463,180.767136,300.366699,-75.459412,75.228111,321.351776,40.712452,102.344864,322.125885,16.966564,131.135834,322.058441,-6.081796,163.448120,318.455475,-25.584993,197.435913,320.567474,-52.765312,96.257256,332.634583,65.105141,122.879669,336.113617,42.872765,150.751938,339.391479,18.641834,178.499664,342.324127,-4.684146,213.868698,342.681915,-30.723251,119.297882,345.049316,93.224289,144.877792,350.206787,69.097145,171.652115,355.147766,44.384651,198.521378,359.541870,20.696867,232.066345,362.526978,-6.206639,143.264771,357.380188,120.278496,166.137360,365.859161,97.005623,193.093887,370.954102,71.426781,218.929871,377.753448,46.720039,250.795670,382.589020,19.194721,172.902390,377.427582,149.580963,193.260651,383.944580,128.132645,217.585373,391.984131,103.070602,243.296021,397.696808,78.669983,267.722412,404.097961,55.473698,195.681900,384.351257,176.816208,216.223755,396.846191,155.183701,238.135818,406.846588,128.914948,253.562576,413.889648,111.310799,272.550140,418.781769,93.769089,220.042664,396.281433,203.033417,239.952530,407.534821,180.121857,255.837708,418.138580,162.687134,269.402191,426.045593,145.633041,235.950989,405.325439,215.597275,254.348007,416.093292,195.737961
3475,4.097222,52.725487,310.490082,13.857749,120.532440,305.846405,-34.508324,180.817596,300.564636,-75.435272,75.397415,320.191010,40.971813,102.477859,321.333160,17.194086,131.214645,321.492310,-5.934147,163.558334,318.058441,-25.352776,197.487259,320.444489,-52.704288,96.527405,330.695465,65.539490,123.066132,334.639130,43.245174,150.901794,338.325928,18.976442,178.624756,341.625641,-4.360464,213.997391,342.201172,-30.388866,119.671501,342.339966,93.821198,145.152725,348.017578,69.640900,171.876389,353.499207,44.914902,198.694901,358.387390,21.182770,232.225388,361.730133,-5.743993,143.747253,353.803223,121.012878,166.495331,363.004608,97.703224,193.361679,368.697174,72.098251,219.109085,376.174744,47.367249,250.991669,381.321869,19.867205,173.376968,372.970306,150.369415,193.738770,380.204895,129.126434,217.917267,389.084991,104.031250,243.552536,395.458893,79.530258,267.975800,402.262695,56.390629,196.411728,378.986267,177.855194,216.783676,392.414581,156.331055,238.577774,403.263062,130.056412,253.817825,411.108185,112.451309,272.873901,416.234222,94.906891,220.874329,390.064880,204.236130,240.640228,402.328278,181.358109,256.412659,413.641510,163.991699,269.852570,422.195190,147.091568,236.920822,398.767334,216.462738,255.118637,410.350677,197.090103
3476,4.100000,52.822422,310.111877,13.940958,120.638412,305.708588,-34.386482,180.902374,300.643799,-75.357635,75.559029,318.926483,41.243732,102.625694,320.398651,17.460268,131.326782,320.740387,-5.721552,163.682693,317.493835,-25.085468,197.593567,320.072510,-52.547348,96.778694,328.585449,65.998543,123.262901,332.932159,43.675701,151.097809,336.968079,19.407301,178.826874,340.586029,-3.906739,214.213455,341.347015,-29.909023,120.013206,339.386200,94.461266,145.438980,345.504578,70.260727,172.150009,351.452667,45.564396,198.961899,356.764557,21.829391,232.509247,360.394379,-5.079881,144.178406,349.905914,121.802383,166.864502,359.724731,98.499207,193.686935,365.928558,72.914810,219.400894,373.996094,48.211178,251.339584,379.380432,20.777544,173.685486,367.891907,151.300873,194.220139,375.938751,130.240967,218.314941,385.547791,105.169083,243.926926,392.488068,80.619781,268.398682,399.615723,57.579659,197.057236,373.147064,178.978668,217.332458,387.373810,157.614563,239.084717,398.952515,131.396317,254.169815,407.561829,113.832535,273.356323,412.814484,96.322487,221.597794,383.303253,205.538589,241.285690,396.458130,182.755356,257.011230,408.369965,165.501480,270.380524,417.490845,148.803864,237.780563,391.623810,217.400970,255.847610,403.893707,198.608902
3477,4.102778,52.918369,309.698334,14.026902,120.761398,305.490448,-34.235096,181.019684,300.592438,-75.224648,75.707863,317.562439,41.524727,102.784317,319.321960,17.760468,131.469315,319.800201,-5.446457,163.818176,316.761261,-24.789408,197.751968,319.450439,-52.298115,97.002831,326.312622,66.476540,123.462914,330.996216,44.157677,151.333633,335.319580,19.926987,179.099808,339.206696,-3.331492,214.510147,340.122620,-29.293314,120.308952,336.199097,95.135979,145.726135,342.675964,70.946251,172.461472,349.014313,46.319725,199.311874,354.679688,22.621992,232.905930,358.526947,-4.231142,144.540939,345.704163,122.635727,167.230377,356.031677,99.378769,194.055435,362.659332,73.859161,219.790237,371.228577,49.231201,251.822205,376.776703,21.902464,173.827347,362.228546,152.352188,194.683685,371.166870,131.456207,218.759857,381.390350,106.459824,244.399918,388.802338,81.912025,268.968170,396.176910,59.010666,197.594849,366.857422,180.169754,217.846100,381.750122,159.011032,239.632751,393.939117,132.905655,254.592484,403.278931,115.423317,273.971893,408.547119,97.982391,222.186218,376.025085,206.921936,241.862305,389.954010,184.287231,257.605133,402.354523,167.185165,270.959473,411.962097,150.733536,238.501724,383.919220,218.397751,256.505829,396.755249,200.266647
3478,4.105556,53.010735,309.248444,14.116295,120.897362,305.188446,-34.055973,181.164307,300.404419,-75.039558,75.839401,316.104187,41.810638,102.948746,318.105865,18.088160,131.637299,318.673279,-5.114509,163.961182,315.861572,-24.471584,197.957077,318.581696,-51.964317,97.192680,323.887207,66.966270,123.658516,328.838684,44.681404,151.600708,333.387238,20.523981,179.434250,337.494202,-2.648210,214.877350,338.536560,-28.556547,120.546265,332.792297,95.834282,146.003250,339.544312,71.683708,172.797379,346.195831,47.163033,199.731140,352.144928,23.540388,233.399200,356.141602,-3.221390,144.820374,341.216736,123.498520,167.578552,351.942291,100.323128,194.451355,358.906342,74.908936,220.259201,367.889282,50.400555,252.418488,373.528931,23.211567,173.817230,356.045166,153.485413,195.110123,365.913727,132.747910,219.233002,376.635712,107.873749,244.950195,384.425049,83.373711,269.658752,391.970947,60.646473,198.004501,360.145172,181.407471,218.302917,375.573547,160.492874,240.197968,388.251617,134.549774,255.058228,398.293762,117.186165,274.692902,403.462036,99.846275,222.617157,368.263641,208.363190,242.346878,382.849609,185.921982,258.168823,395.629517,169.004776,271.564453,405.642822,152.836990,239.060211,375.680389,219.438492,257.067169,388.973083,202.030106
3479,4.108333,53.097126,308.762085,14.209498,121.040810,304.802856,-33.853867,181.327835,300.080017,-74.811256,75.949913,314.558411,42.096733,103.113541,316.756256,18.435349,131.824326,317.365509,-4.734231,164.107819,314.797333,-24.139433,198.201126,317.474060,-51.557678,97.342453,321.321564,67.459198,123.842102,326.471069,45.234642,151.888947,331.182678,21.183237,179.818329,335.460510,-1.874798,215.302063,336.603180,-27.718452,120.715332,329.182220,96.542885,146.259720,336.127014,72.456444,173.143677,343.014099,48.072948,200.203659,349.178223,24.559771,233.969360,353.258911,-2.080135,145.005829,336.465912,124.373482,167.895264,347.478271,101.310143,194.858109,354.692322,76.037384,220.787827,364.001343,51.687206,253.104095,369.662018,24.668247,173.666321,349.400299,154.663879,195.482391,360.208191,134.088028,219.715256,371.312134,109.376274,245.554977,379.385071,84.965530,270.443024,387.028412,62.443676,198.269974,353.043152,182.666992,218.684097,368.878937,162.028214,240.757309,381.924164,136.289062,255.539001,392.646698,119.078270,275.490295,397.594666,101.867844,222.873215,360.057892,209.835220,242.719833,375.183594,187.623108,258.679779,388.234314,170.916458,272.171875,398.572235,155.064575,239.436661,366.937683,220.509064,257.509583,380.590637,203.861038
3480,4.111111,53.175449,308.240051,14.306436,121.185135,304.337555,-33.636261,181.499268,299.625946,-74.553642,76.036568,312.933411,42.377846,103.273071,315.281708,18.793058,132.022934,315.886475,-4.316397,164.253860,313.572754,-23.800615,198.474289,316.139526,-51.093174,97.447861,318.630493,67.945915,124.006744,323.908264,45.803486,152.187469,328.721985,21.887154,180.238419,333.122711,-1.032618,215.768967,334.342682,-26.802706,120.809654,325.388611,97.246727,146.485779,332.445374,73.245834,173.486374,339.490906,49.025661,200.711731,345.802826,25.651951,234.594070,349.906036,-0.841405,145.089981,331.477661,125.241219,168.167999,342.666046,102.315338,195.258865,350.045441,77.214661,221.354584,359.593903,53.055157,253.851898,365.208099,26.231033,173.384018,342.350891,155.851822,195.785675,354.083557,135.445786,220.187607,365.453583,110.929092,246.190460,373.717590,86.643547,271.291412,381.386932,64.353813,198.379639,345.588837,183.920532,218.973969,361.705780,163.581863,241.288879,374.996277,138.080231,256.006744,386.384125,121.052856,276.333801,390.987183,103.996063,222.942566,351.452667,211.307312,242.965378,367.000122,189.350555,259.118317,380.213623,172.872253,272.758850,390.795349,157.362656,239.616821,357.726074,221.595596,257.815216,371.657166,205.717346
3481,4.113889,53.244045,307.684418,14.406544,121.323425,303.799622,-33.412479,181.666473,299.053833,-74.283821,76.097435,311.238983,42.648563,103.421791,313.693481,19.151918,132.225113,314.249573,-3.873276,164.394958,312.194061,-23.462833,198.765610,314.593414,-50.587814,97.506142,315.830719,68.416626,124.146561,321.168243,46.373222,152.485031,326.025024,22.616570,180.679657,330.502319,-0.145302,216.261261,331.780060,-25.835503,120.825981,321.433716,97.929558,146.672760,328.524719,74.032318,173.812073,335.652710,49.995972,201.236725,342.046875,26.786821,235.249405,346.115997,0.457992,145.069031,326.281403,126.081215,168.385773,337.537018,103.313042,195.637344,344.999451,78.409088,221.937103,354.702057,54.466022,254.632919,360.206299,27.855387,172.979065,334.953339,157.015060,196.007660,347.577942,136.788696,220.631638,359.099579,112.491547,246.832062,367.464386,88.361130,272.172394,375.091949,66.325256,198.326706,337.824677,185.138519,219.160065,354.098633,165.116730,241.772171,367.513489,139.877640,256.433838,379.558350,123.060860,277.192139,383.688843,106.176865,222.819290,342.498260,212.746033,243.071899,358.348419,191.061935,259.467133,371.617706,174.822159,273.302765,382.363403,159.675415,239.591415,348.086945,222.683685,257.970764,362.227234,207.554382
3482,4.116667,53.301685,307.098419,14.508823,121.449196,303.198456,-33.192474,181.817688,298.378693,-74.019814,76.131432,309.486084,42.903553,103.554329,312.004730,19.502666,132.422775,312.471375,-3.417816,164.526672,310.669495,-23.133615,199.063705,312.853577,-50.059319,97.516090,312.940765,68.861641,124.256638,318.271881,46.929104,152.770386,323.115570,23.351719,181.126633,327.625061,0.762537,216.761703,328.944122,-24.843952,120.764122,317.341827,98.574402,146.813278,324.393921,74.796440,174.108215,331.530701,50.958431,201.759628,337.943390,27.933727,235.910736,341.926788,1.780399,144.942398,320.909515,126.872734,168.539215,332.126892,104.277664,195.977722,339.593292,79.588692,222.512573,349.366516,55.880779,255.417496,354.702240,29.495808,172.460236,327.264038,158.121475,196.138489,340.733734,138.083893,221.029724,352.295258,114.022285,247.454788,360.674164,90.071159,273.053497,368.196259,68.305420,198.109360,329.797516,186.290970,219.233215,346.106445,166.595261,242.188156,359.526825,141.635193,256.793671,372.227234,125.052971,278.033264,375.756073,108.355423,222.503174,333.249390,214.116547,243.031967,349.282074,192.714066,259.711517,362.501892,176.715881,273.781952,373.333435,161.946655,239.356049,338.070099,223.757248,257.967468,352.360199,209.326691
3483,4.119444,53.347591,306.486298,14.611899,121.557091,302.544708,-32.985641,181.942856,297.617004,-73.778168,76.138107,307.686798,43.137821,103.665634,310.230225,19.836372,132.608017,310.571167,-2.962774,164.644531,309.009644,-22.820122,199.357239,310.939606,-49.525009,97.477821,309.980804,69.271706,124.332924,315.242798,47.457043,153.032593,320.020599,24.073212,181.563889,324.519836,1.666528,217.253220,325.866089,-23.854525,120.626289,313.138916,99.164391,146.901093,320.085266,75.519630,174.363190,327.160431,51.888500,202.261459,333.529358,29.062714,236.553879,337.380127,3.089122,144.712570,315.397064,127.595886,168.620468,326.475616,105.184753,196.264938,333.870941,80.722458,223.058334,343.633240,57.261547,256.176331,348.746796,31.107944,171.836838,319.340057,159.141891,196.170898,333.597687,139.299408,221.365265,345.091278,115.481140,248.033676,353.401978,91.728027,273.902405,360.759247,70.242996,197.730545,321.558044,187.348785,219.187241,337.782288,167.981064,242.519394,351.092804,143.307968,257.061218,364.453247,126.981575,278.825287,367.252228,110.478271,221.999405,323.764099,215.384018,242.842377,339.858307,194.264679,259.839386,352.926025,178.504715,274.175751,363.767792,164.121292,238.910904,327.734680,224.798279,257.800995,342.119415,210.989746
3484,4.122222,53.381443,305.853333,14.714124,121.643318,301.849609,-32.799786,182.034424,296.785248,-73.572105,76.117561,305.853973,43.346977,103.751060,308.385712,20.144756,132.773590,308.569885,-2.519860,164.744125,307.227234,-22.528997,199.635300,308.872131,-49.001022,97.392609,306.972015,69.638512,124.372009,312.107117,47.944363,153.261505,316.769684,24.762877,181.976379,321.218048,2.543479,217.719711,322.578705,-22.891811,120.416412,308.852692,99.683998,146.931046,315.633545,76.184868,174.566620,322.581146,52.763500,202.723831,328.845184,30.145609,237.155777,332.520447,4.349890,144.384537,309.781281,128.232559,168.623337,320.626831,106.011978,196.485092,327.880463,81.781723,223.552536,337.552155,58.573257,256.881378,342.395111,32.650429,171.118790,311.239532,160.050766,196.100006,326.220062,140.405396,221.622681,337.543213,116.831039,248.544449,345.708649,93.289391,274.687836,352.846008,72.089775,197.197632,313.160461,188.285339,219.018936,329.182800,169.240250,242.750198,342.273224,144.854050,257.213959,356.302124,128.802521,279.537506,358.246735,112.495102,221.318054,314.103088,216.514908,242.503723,330.137604,195.674057,259.841461,342.954102,180.143097,274.465027,353.733551,166.146637,238.260818,317.149506,225.786987,257.471008,331.571686,212.501663
3485,4.125000,53.403336,305.205505,14.813695,121.705849,301.124207,-32.640411,182.087891,295.898895,-73.410255,76.070358,304.001160,43.527470,103.806503,306.487366,20.421062,132.913300,306.489471,-2.099157,164.821243,305.337128,-22.266190,199.887543,306.672577,-48.501850,97.262703,303.936554,69.955215,124.371170,308.892487,48.380360,153.448196,313.394043,25.404404,182.349976,317.752472,3.371984,218.146362,319.114929,-21.977758,120.139542,304.512970,100.120102,146.899170,311.075623,76.777267,174.709686,317.834351,53.563507,203.129333,323.933289,31.156898,237.695099,327.393982,5.531981,143.965469,304.101593,128.767319,168.543365,314.627075,106.739861,196.625839,321.673035,82.741135,223.975082,331.176178,59.784744,257.506714,335.705292,34.086353,170.316666,303.022308,160.826965,195.923157,318.654602,141.375641,221.787872,329.710724,118.039467,248.964478,337.659180,94.717415,275.380371,344.525848,73.802101,196.521744,304.661774,189.077515,218.727478,320.368011,170.342972,242.866684,333.134338,146.236374,257.233246,347.840240,130.476822,280.141205,348.813873,114.360023,220.473251,304.329559,217.478210,242.019760,320.183594,196.906754,259.710907,332.654144,181.590286,274.632538,343.301056,167.973312,237.414978,306.392395,226.702499,256.980957,320.786896,213.824768
3486,4.127778,53.413742,304.549347,14.908779,121.744492,300.379089,-32.510353,182.101913,294.971802,-73.296112,75.997566,302.142426,43.676781,103.828514,304.551239,20.660738,133.022186,304.351929,-1.709002,164.871780,303.356079,-22.036867,200.104553,304.362579,-48.039948,97.091171,300.897095,70.216789,124.328606,305.627319,48.756584,153.585388,309.925232,25.983843,182.671783,314.156403,4.132988,218.519943,315.507263,-21.131104,119.801682,300.151520,100.462502,146.802933,306.449524,77.284737,174.785355,312.962128,54.271782,203.462326,318.837189,32.074253,238.152802,322.047485,6.609063,143.464157,298.399353,129.187958,168.378021,308.524963,107.352570,196.677246,315.301544,83.579491,224.308167,324.560181,60.869225,258.029297,328.737244,35.384296,169.441513,294.750488,161.454239,195.639648,310.957916,142.188675,221.848618,321.656311,119.079323,249.273499,329.321411,95.979820,275.953583,335.870972,75.342018,195.716980,296.122253,189.706894,218.314209,311.401154,171.264587,242.857224,323.745911,147.423737,257.105743,339.131622,131.971848,280.611023,339.030945,116.032700,219.482559,294.509186,218.246918,241.396835,310.063141,197.933151,259.443054,322.097961,182.811859,274.663574,332.542969,169.556107,236.386871,295.549103,227.523926,256.337494,309.838043,214.927078
3487,4.130556,53.413471,303.891815,14.997639,121.760757,299.623871,-32.409729,182.077896,294.015625,-73.228226,75.900757,300.292267,43.793518,103.814957,302.593292,20.861179,133.096680,302.178925,-1.356175,164.891830,301.302002,-21.845322,200.278000,301.963684,-47.625526,96.881844,297.877167,70.420036,124.243568,302.339996,49.067108,153.667618,306.394318,26.490028,182.930725,310.462311,4.810585,218.828964,311.786530,-20.366943,119.409729,295.801941,100.704330,146.641617,301.793640,77.698395,174.788239,308.006195,54.875031,203.709549,313.600525,32.878838,238.512802,316.527405,7.559594,142.890762,292.717834,129.486008,168.126877,302.370209,107.838417,196.631927,308.819336,84.280304,224.536896,317.759766,61.804379,258.429626,321.551300,36.518723,168.505081,286.489746,161.921204,195.250839,303.188538,142.828415,221.795273,313.444153,119.929604,249.454437,320.764465,97.050674,276.384583,326.954712,76.678215,194.799683,287.605164,190.160828,217.782272,302.348328,171.986664,242.713013,314.179871,148.391556,256.825684,330.233704,133.262482,280.925537,328.976349,117.479141,218.366058,284.711517,218.800232,240.643250,299.846710,198.730682,259.035217,311.360962,183.781219,274.546417,321.532990,170.855362,235.194122,284.711884,228.231598,255.549728,298.801819,215.783737
3488,4.133333,53.403629,303.239929,15.078748,121.757370,298.867249,-32.336590,182.019272,293.040192,-73.201683,75.782127,298.465668,43.877235,103.765648,300.629700,21.021008,133.134521,299.991364,-1.046037,164.877731,299.193420,-21.694954,200.401001,299.496948,-47.266609,96.639297,294.900940,70.563522,124.116737,299.058807,49.308811,153.691284,302.831360,26.914705,183.118225,306.700989,5.392871,219.063812,307.980743,-19.696505,118.971428,291.499634,100.842651,146.416397,297.146484,78.012779,174.714722,303.007446,55.363552,203.860565,308.266235,33.555504,238.762253,310.878845,8.366692,142.256485,287.101990,129.656860,167.791687,296.213196,108.190346,196.485214,302.279877,84.832329,224.649582,310.830414,62.572792,258.692169,314.207306,37.469692,167.520233,278.310211,162.221298,194.760071,295.406403,143.284790,221.620987,305.139008,120.575928,249.493790,312.057343,97.910881,276.654480,317.849701,77.786606,193.787918,279.177338,190.433060,217.136703,293.278015,172.497543,242.428345,304.509155,149.122467,256.396637,321.193085,134.332474,281.068146,318.727692,118.672417,217.145721,275.011169,219.126266,239.768845,289.608276,199.284805,258.486572,300.521729,184.480576,274.272705,310.346100,171.838913,233.858414,273.977936,228.808411,254.629013,287.758392,216.378296
3489,4.136111,53.385536,302.600830,15.150897,121.737808,298.117188,-32.287857,181.930298,292.054138,-73.210480,75.644676,296.678162,43.928196,103.682411,298.677155,21.139811,133.134521,297.809021,-0.782453,164.826279,297.048401,-21.588264,200.468369,296.982330,-46.969227,96.368675,291.993225,70.647530,123.950310,295.811768,49.481361,153.654861,299.265137,27.252380,183.228683,302.901093,5.872323,219.216995,304.114563,-19.127581,118.495369,287.282013,100.879242,146.130432,292.546417,78.225922,174.563446,298.005768,55.731426,203.908203,302.876343,34.093311,238.891815,305.145081,9.017953,141.573486,281.598663,129.700378,167.376434,290.104645,108.406143,196.235077,295.736053,85.229706,224.637848,303.826416,63.162655,258.805847,306.763672,38.222771,166.501526,270.287354,162.353134,194.172867,287.672394,143.553787,221.321930,296.805542,121.010765,249.381790,303.268311,98.548347,276.748627,308.626587,78.650650,192.701263,270.909119,190.524506,216.384613,284.260406,172.792496,242.000534,294.807373,149.606949,255.832428,312.042297,135.175354,281.026947,308.360809,119.593048,215.844864,265.488983,219.224030,238.785034,279.425201,199.589493,257.798431,289.661316,184.901443,273.837524,299.059235,172.485016,232.405380,263.447510,229.241364,253.588852,276.791779,216.703552
3490,4.138889,53.360676,301.981262,15.213279,121.705681,297.380859,-32.260235,181.815155,291.065186,-73.249306,75.492188,294.945770,43.947327,103.568825,296.752533,21.218323,133.096420,295.649963,-0.567696,164.735062,294.884094,-21.526907,200.476410,294.438446,-46.737591,96.075668,289.179352,70.673935,123.747658,292.626587,49.586845,153.558746,295.723053,27.500378,183.259354,299.089294,6.245480,219.283051,300.209625,-18.665394,117.991043,283.188568,100.820816,145.788696,288.031128,78.339310,174.335617,293.039551,55.976597,203.848633,297.471832,34.486256,238.895294,299.366913,9.505646,140.854965,276.257050,129.621964,166.887344,284.095306,108.488365,195.882034,289.239258,85.471481,224.496521,296.800049,63.568211,258.763336,299.275787,38.769447,165.466354,262.503540,162.320831,193.496948,280.047607,143.637436,220.897308,288.507935,121.233635,249.112503,294.463806,98.958191,276.656555,299.353302,79.261520,191.560715,262.874756,190.443787,215.535538,275.366913,172.873856,241.430145,285.148224,149.843414,255.155594,302.799652,135.790588,280.794556,297.949554,120.229439,214.487976,256.231018,219.103973,237.704971,269.378021,199.647247,256.974640,278.862701,185.044937,273.239075,287.752258,172.784546,230.864517,253.222321,229.522614,252.445099,265.989258,216.761642
3491,4.141667,53.330605,301.387909,15.265525,121.664352,296.664520,-32.250717,181.677429,290.080017,-73.314484,75.328987,293.285187,43.936794,103.429428,294.872742,21.258503,133.020844,293.530731,-0.402483,164.602661,292.716431,-21.511858,200.423096,291.882355,-46.574108,95.766609,286.484924,70.646599,123.513145,289.529999,49.629124,153.404968,292.231049,27.658987,183.209625,295.290344,6.512272,219.258438,296.285248,-18.313251,117.468925,279.260437,100.678520,145.397888,283.637878,78.357895,174.034912,288.146118,56.100868,203.681061,292.091583,34.733246,238.769363,293.582672,9.827006,140.115067,271.128845,129.433517,166.332703,278.235474,108.444023,195.429367,282.838623,85.560822,224.223404,289.801392,63.789757,258.561035,291.795349,39.107502,164.436020,255.048340,162.134888,192.742401,272.593231,143.543457,220.349442,280.309814,121.251106,248.683716,285.708405,99.142693,276.372223,290.094147,79.617744,190.388840,255.151443,190.207169,214.601562,266.669617,172.750610,240.721008,275.605438,149.838257,254.391434,293.475677,136.174530,280.367645,287.565491,120.578224,213.101044,247.327179,218.786926,236.544006,259.549896,199.469009,256.022034,268.210571,184.921600,272.478821,276.508209,172.742188,229.268860,243.403503,229.650909,251.215988,255.440765,216.564377
3492,4.144444,53.296860,300.826904,15.307705,121.616730,295.973083,-32.256813,181.520233,289.103882,-73.403679,75.159721,291.713776,43.900620,103.269104,293.054108,21.263268,132.909454,291.466339,-0.286036,164.428635,290.560150,-21.543470,200.307663,289.329376,-46.479454,95.448776,283.935730,70.571709,123.252075,286.547852,49.613506,153.196762,288.814240,27.731352,183.080521,291.527496,6.675399,219.141357,292.359039,-18.072794,116.940453,275.538788,100.466805,144.966248,279.403320,78.289864,173.666763,283.361237,56.109753,203.407059,286.772400,34.837303,238.513168,287.828003,9.984054,139.369064,266.267120,129.152771,165.722610,272.574738,108.284470,194.882889,276.580841,85.504738,223.818954,282.878571,63.832970,258.198303,284.370117,39.240849,163.435394,248.017853,161.812622,191.921768,265.370239,143.284973,219.683701,272.273956,121.076256,248.096909,277.064117,99.110603,275.893646,280.909790,79.724480,189.210281,247.817993,189.837128,213.597504,258.241211,172.438095,239.880310,266.252502,149.605728,253.561707,284.084167,136.315765,279.746643,277.277863,120.644089,211.712006,238.868652,218.301926,235.319946,250.026108,199.073776,254.950851,257.790253,184.550583,271.561523,265.412903,172.376099,227.654984,234.090057,229.632339,249.922165,245.238480,216.132751
3493,4.147222,53.260868,300.304138,15.340295,121.565308,295.310913,-32.276432,181.346420,288.140900,-73.515259,74.989220,290.249146,43.844490,103.092636,291.312408,21.236177,132.764893,289.470490,-0.216141,164.213425,288.428680,-21.621361,200.130676,286.793396,-46.452705,95.130394,281.557434,70.457672,122.970558,283.704498,49.546631,152.938431,285.496735,27.723066,182.874207,287.822754,6.739857,218.931442,288.447174,-17.944084,116.418030,272.064026,100.202057,144.503510,275.363251,78.145905,173.237808,278.719421,56.012070,203.030136,281.548645,34.804893,238.128174,282.135803,9.982934,138.633698,261.724457,128.801376,165.068954,267.162384,108.025383,194.250809,270.510986,85.314270,223.286652,276.078033,63.708229,257.677307,277.044128,39.178890,162.491394,241.512955,161.378632,191.049713,258.439301,142.880447,218.908493,264.461365,120.727303,247.357086,268.590363,98.876190,275.222931,271.857025,79.592743,188.051743,240.952026,189.360321,212.540787,250.154114,171.957611,238.918533,257.162079,149.167419,252.680923,274.653748,136.201019,278.935669,267.152802,120.439369,210.351089,230.944992,217.683578,234.053101,240.893066,198.487930,253.774918,247.686813,183.957962,270.495392,254.554092,171.716553,226.062332,225.377136,229.480606,248.586975,235.475372,215.496094
3494,4.150000,53.223900,299.825012,15.364168,121.512329,294.681885,-32.307678,181.158615,287.193817,-73.647675,74.822495,288.907959,43.774567,102.904739,289.662689,21.181395,132.590775,287.556030,-0.189383,163.958176,286.334320,-21.744307,199.893860,284.287140,-46.491505,94.820412,279.375031,70.314659,122.675522,281.023438,49.436417,152.635208,282.301666,27.641773,182.593643,284.197327,6.712484,218.629562,284.564789,-17.925568,115.914902,268.874207,99.901497,144.020706,271.551849,77.938438,172.755692,274.253815,55.819508,202.555695,276.452972,34.645912,237.618195,276.536621,9.833457,137.927063,257.550507,128.402481,164.385193,262.046570,107.686119,193.543579,264.672974,85.004478,222.633072,269.444733,63.430214,257.002869,269.857849,38.935863,161.630798,235.638107,160.865295,190.142807,251.860443,142.353180,218.035187,256.931213,120.226578,246.472641,260.343506,98.458687,274.365845,262.989014,79.239342,186.942001,234.627411,188.805527,211.451019,242.480148,171.335754,237.849472,248.405182,148.550949,251.756485,265.235504,135.825806,277.942413,257.253510,119.983734,209.051025,223.641724,216.969482,232.766479,232.237228,197.744415,252.511658,237.984329,183.175659,269.292297,244.020401,170.804077,224.532776,217.354767,229.216873,247.236847,226.243958,214.690155
3495,4.152778,53.187119,299.394470,15.380584,121.459526,294.089478,-32.348637,180.959290,286.264984,-73.798889,74.664627,287.705078,43.696632,102.710365,288.119446,21.103817,132.391495,285.734650,-0.201548,163.664612,284.288300,-21.910156,199.600204,281.822876,-46.592106,94.528214,277.412048,70.153831,122.374489,278.527039,49.291889,152.293320,279.251038,27.496790,182.242477,280.671295,6.601252,218.237885,280.726776,-18.013659,115.444954,266.004456,99.582527,143.529922,268.001648,77.681259,172.229233,269.996307,55.546227,201.990997,271.516754,34.373638,236.989380,271.058990,9.549012,137.268234,253.791122,127.979370,163.686310,257.273315,107.288330,192.773697,259.109894,84.594154,221.867599,263.022461,63.017735,256.182312,262.849548,38.530457,160.878754,230.501648,160.313049,189.219391,245.692764,141.730759,217.078110,249.740845,119.600166,245.455048,252.377533,97.882233,273.331451,254.356003,78.687126,185.911270,228.912292,188.202316,210.349808,235.289551,170.603714,236.690231,240.050934,147.788727,250.790176,255.905121,135.201462,276.777985,247.640381,119.303902,207.846756,217.038528,216.197830,231.485840,224.143341,196.881104,251.181931,228.765503,182.240829,267.968018,233.899994,169.687088,223.109711,210.106506,228.868362,245.901627,217.634460,213.755203
3496,4.155556,53.151566,299.016754,15.391072,121.407860,293.536621,-32.397202,180.750549,285.356995,-73.965942,74.520744,286.653503,43.615963,102.514824,286.696106,21.009027,132.172089,284.017212,-0.247979,163.334991,282.301208,-22.115692,199.253891,279.412689,-46.749321,94.263191,275.690369,69.986633,122.075439,276.236389,49.122826,151.919998,276.365509,27.298750,181.825027,277.263062,6.414589,217.759903,276.948212,-18.202091,115.022255,263.486389,99.262161,143.043869,264.743347,77.389450,171.668381,265.977570,55.208393,201.345016,266.770325,34.004322,236.250183,265.730621,9.146528,136.676697,250.487381,127.554390,162.988327,252.885345,106.854500,191.955490,253.864105,84.105392,221.002060,256.854218,62.493435,255.225662,256.056366,37.985638,160.259781,226.223206,159.769455,188.299408,239.993896,141.044113,216.054214,242.946106,118.877609,244.318741,244.744659,97.175629,272.132141,246.006317,77.964737,184.990631,223.868393,187.580109,209.260574,228.650040,169.796249,235.461105,232.166199,146.917236,249.780838,246.759842,134.356964,275.456909,238.372482,118.433319,206.774719,211.207932,215.405731,230.240021,216.693069,195.939362,249.810181,220.111725,181.195435,266.542572,224.279617,168.419403,221.836624,203.708542,228.466263,244.614319,209.733093,212.734436
3497,4.158333,53.118179,298.695526,15.397238,121.357559,293.025452,-32.451176,180.534393,284.472809,-74.145157,74.395821,285.764374,43.537540,102.323524,285.404877,20.902950,131.937988,282.413788,-0.323682,162.972229,280.383148,-22.356560,198.860367,277.068939,-46.956470,94.034424,274.229248,69.823944,121.786591,274.170685,48.939362,151.523209,273.664398,27.059267,181.346558,273.989410,6.161535,217.200974,273.244934,-18.481503,114.660606,261.347534,98.956337,142.575623,261.805511,77.078850,171.084290,262.226807,54.823616,200.628387,262.242981,33.556667,235.411346,260.578827,8.646164,136.171509,247.674942,127.148094,162.308060,248.921539,106.407028,191.105042,248.977020,83.562912,220.050629,250.982346,61.883320,254.145859,249.515747,37.328331,159.794159,222.878357,159.274536,187.404633,234.819244,140.326263,214.983078,236.601288,118.091400,243.081146,237.495773,96.371643,270.783691,237.987503,77.105728,184.210892,219.550415,186.967316,208.208588,222.625931,168.950302,234.185394,224.815903,145.975922,248.727402,237.912170,133.337051,273.997284,229.508987,117.411583,205.871353,206.214401,214.627991,229.060349,209.964020,194.962631,248.424225,212.102829,180.085281,265.040436,215.243698,167.058075,220.755844,198.228485,228.043045,243.410400,202.621063,211.672394
3498,4.161111,53.087780,298.433838,15.400576,121.308487,292.557556,-32.508530,180.312851,283.615936,-74.332375,74.294495,285.046967,43.465996,102.141693,284.256561,20.791412,131.694641,280.933655,-0.423295,162.579926,278.543854,-22.627420,198.426147,274.804260,-47.205379,93.850319,273.044800,69.675438,121.516228,272.347260,48.751541,151.111542,271.165649,26.790617,180.813522,270.866089,5.852439,216.568314,269.634369,-18.839481,114.372864,259.610779,98.679062,142.138153,259.214264,76.765289,170.489014,258.771912,54.410397,199.853500,257.963043,33.051369,234.485992,255.631393,8.070807,135.770447,245.383499,126.778305,161.662766,245.416733,105.967430,190.240128,244.488419,82.993172,219.029922,245.448746,61.216064,252.958954,243.265640,36.588829,159.492310,220.436417,158.846985,186.558380,230.220764,139.610718,213.886749,230.758850,117.276062,241.762939,230.681137,95.506310,269.305908,230.347870,76.148048,183.601135,216.005157,186.390152,207.220734,217.277176,168.103561,232.889557,218.062988,145.006287,247.632217,229.481842,132.198059,272.421265,221.111252,116.283951,205.171478,202.113159,213.895782,227.979980,204.028488,193.994629,247.055496,204.816620,178.958786,263.490631,206.874130,165.661316,219.906616,193.724152,227.630173,242.326843,196.373550,210.613922
3499,4.163889,53.061047,298.233978,15.402351,121.260376,292.134338,-32.567577,180.088226,282.790344,-74.523224,74.220848,284.508392,43.405365,101.974182,283.260223,20.679842,131.447601,279.585419,-0.541246,162.162582,276.793365,-22.922098,197.958710,272.631683,-47.486420,93.718117,272.149536,69.549026,121.272293,270.780853,48.568832,150.694138,268.886139,26.505381,180.233688,267.908722,5.499257,215.871063,266.135925,-19.260967,114.170250,258.293640,98.441635,141.744064,256.992706,76.463943,169.895599,255.639130,53.987579,199.034348,253.958282,32.510540,233.489670,250.917191,7.445511,135.489014,243.636063,126.459496,161.069565,242.401474,105.555611,189.379929,240.436234,82.423370,217.958923,240.294739,60.522160,251.684280,237.345215,35.800003,159.360580,218.826401,158.494263,185.784607,226.245804,138.929626,212.789642,225.469147,116.467194,240.388046,224.350937,94.618240,267.722809,223.137802,75.133644,183.187027,213.270401,185.871338,206.324463,212.658432,167.292603,231.602982,211.968521,144.050934,246.504044,221.587799,131.002701,270.755768,213.244049,115.100563,204.705856,198.948502,213.235352,227.032455,198.952148,193.077316,245.738678,198.328262,177.865219,261.927216,199.250214,164.286926,219.323181,190.242096,227.255814,241.400681,191.058945,209.602478
3500,4.166667,53.038517,298.097717,15.403570,121.212959,291.756897,-32.627026,179.863174,282.000397,-74.713181,74.178230,284.153564,43.358810,101.825371,282.423492,20.573080,131.202209,278.377075,-0.671940,161.725571,275.142059,-23.233566,197.466354,270.564484,-47.788635,93.643494,271.551880,69.450462,121.062157,269.483704,48.399719,150.280441,266.841949,26.216074,179.616028,265.133270,5.115304,215.120544,262.771820,-19.728678,114.061676,257.407928,98.252182,141.404999,255.160599,76.188622,169.317749,252.852982,53.573738,198.186630,250.256454,31.957064,232.440475,246.467133,6.796932,135.339539,242.448288,126.202103,160.545181,239.901962,105.189430,188.544769,236.856033,81.880173,216.859161,235.560791,59.832809,250.344788,231.795227,34.996368,159.405624,217.997986,158.222336,185.107025,222.935974,138.312119,211.718277,220.780365,115.700165,238.983978,218.555649,93.747467,266.063416,216.410599,74.107475,182.988998,211.373383,185.428757,205.547012,208.818390,166.551376,230.358078,206.591782,143.152451,245.360184,214.341583,129.814743,269.033722,205.976105,113.914955,204.498947,196.752274,212.666885,226.250351,194.792450,192.248840,244.511414,192.708939,176.852768,260.389313,192.448944,162.990952,219.032532,187.815735,226.943237,240.667175,186.737015,208.678116
